Date,Adj Close,Close,High,Low,Open,Volume
2015-01-02,2927.0,2927.0,2944.0,2896.0,2917.0,11227
2015-01-05,2944.0,2944.0,2954.0,2909.0,2933.0,10058
2015-01-06,2902.0,2902.0,2942.0,2888.0,2930.0,11870
2015-01-07,2912.0,2912.0,2923.0,2899.0,2911.0,7640
2015-01-08,2986.0,2986.0,3016.0,2911.0,2918.0,24195
2015-01-09,2968.0,2968.0,3003.0,2956.0,2998.0,15657
2015-01-12,2994.0,2994.0,3002.0,2933.0,2952.0,8528
2015-01-13,2991.0,2991.0,3015.0,2974.0,2988.0,10476
2015-01-14,2992.0,2992.0,2998.0,2957.0,2984.0,10155
2015-01-15,2977.0,2977.0,3003.0,2955.0,2960.0,9567
2015-01-16,2942.0,2942.0,2977.0,2936.0,2974.0,0
2015-01-20,2925.0,2925.0,2959.0,2919.0,2954.0,11401
2015-01-21,2852.0,2852.0,2921.0,2840.0,2919.0,26817
2015-01-22,2801.0,2801.0,2849.0,2795.0,2849.0,24094
2015-01-23,2755.0,2755.0,2801.0,2754.0,2785.0,22641
2015-01-26,2737.0,2737.0,2769.0,2731.0,2749.0,14986
2015-01-27,2743.0,2743.0,2754.0,2728.0,2743.0,18601
2015-01-28,2715.0,2715.0,2752.0,2712.0,2739.0,18026
2015-01-29,2686.0,2686.0,2714.0,2683.0,2710.0,19639
2015-01-30,2693.0,2693.0,2717.0,2682.0,2686.0,17536
2015-02-02,2672.0,2672.0,2694.0,2669.0,2682.0,16538
2015-02-03,2691.0,2691.0,2732.0,2673.0,2675.0,24127
2015-02-04,2724.0,2724.0,2778.0,2705.0,2706.0,24628
2015-02-05,2743.0,2743.0,2756.0,2715.0,2725.0,18901
2015-02-06,2775.0,2775.0,2786.0,2742.0,2753.0,19374
2015-02-09,2867.0,2867.0,2872.0,2780.0,2785.0,17756
2015-02-10,2863.0,2863.0,2872.0,2825.0,2864.0,13143
2015-02-11,2879.0,2879.0,2884.0,2843.0,2860.0,10027
2015-02-12,2955.0,2955.0,2962.0,2878.0,2885.0,9680
2015-02-13,2969.0,2969.0,2979.0,2919.0,2955.0,953
2015-02-17,2990.0,2990.0,2991.0,2950.0,2962.0,117
2015-02-18,3027.0,3027.0,3028.0,2975.0,2990.0,110
2015-02-19,3025.0,3025.0,3014.0,3000.0,3006.0,20
2015-02-20,3027.0,3027.0,3016.0,2987.0,2989.0,25
2015-02-23,3054.0,3054.0,3058.0,3004.0,3005.0,75
2015-02-24,3082.0,3082.0,3085.0,3040.0,3040.0,318
2015-02-25,3024.0,3024.0,3037.0,3024.0,3024.0,32
2015-02-26,3051.0,3051.0,3008.0,3007.0,3008.0,267
2015-02-27,3102.0,3102.0,3100.0,3077.0,3077.0,78
2015-03-02,3086.0,3086.0,3102.0,3060.0,3102.0,44
2015-03-03,3100.0,3100.0,3116.0,3063.0,3083.0,12
2015-03-04,3087.0,3087.0,3088.0,3060.0,3061.0,19
2015-03-05,3075.0,3075.0,3064.0,3064.0,3064.0,7
2015-03-06,3023.0,3023.0,3015.0,3015.0,3015.0,1
2015-03-09,3000.0,3000.0,3005.0,2995.0,3005.0,10
2015-03-10,2979.0,2979.0,2998.0,2995.0,2997.0,6
2015-03-11,2940.0,2940.0,2978.0,2935.0,2978.0,21
2015-03-12,2922.0,2922.0,2922.0,2922.0,2922.0,11
2015-03-13,2902.0,2902.0,2941.0,2913.0,2941.0,10
2015-03-16,2869.0,2869.0,2869.0,2869.0,2869.0,15392
2015-03-17,2788.0,2788.0,2797.0,2726.0,2781.0,25319
2015-03-18,2758.0,2758.0,2785.0,2727.0,2769.0,18996
2015-03-19,2715.0,2715.0,2790.0,2705.0,2764.0,20113
2015-03-20,2790.0,2790.0,2795.0,2697.0,2711.0,21908
2015-03-23,2757.0,2757.0,2778.0,2748.0,2763.0,13345
2015-03-24,2783.0,2783.0,2791.0,2714.0,2749.0,20001
2015-03-25,2786.0,2786.0,2820.0,2763.0,2769.0,18479
2015-03-26,2760.0,2760.0,2802.0,2751.0,2784.0,13350
2015-03-27,2744.0,2744.0,2757.0,2723.0,2746.0,15975
2015-03-30,2695.0,2695.0,2769.0,2680.0,2724.0,19358
2015-03-31,2699.0,2699.0,2714.0,2679.0,2679.0,22556
2015-04-01,2748.0,2748.0,2758.0,2687.0,2687.0,26809
2015-04-02,2768.0,2768.0,2788.0,2747.0,2750.0,23058
2015-04-06,2800.0,2800.0,2808.0,2752.0,2773.0,10035
2015-04-07,2785.0,2785.0,2806.0,2782.0,2793.0,15325
2015-04-08,2807.0,2807.0,2838.0,2786.0,2795.0,25271
2015-04-09,2792.0,2792.0,2801.0,2768.0,2780.0,17656
2015-04-10,2781.0,2781.0,2812.0,2772.0,2791.0,19512
2015-04-13,2799.0,2799.0,2808.0,2778.0,2784.0,12673
2015-04-14,2848.0,2848.0,2854.0,2797.0,2798.0,13409
2015-04-15,2817.0,2817.0,2848.0,2801.0,2843.0,13216
2015-04-16,2870.0,2870.0,2885.0,2844.0,2844.0,6389
2015-04-17,2839.0,2839.0,2884.0,2837.0,2863.0,743
2015-04-20,2779.0,2779.0,2814.0,2775.0,2814.0,595
2015-04-21,2773.0,2773.0,2782.0,2759.0,2782.0,28
2015-04-22,2772.0,2772.0,2820.0,2758.0,2800.0,182
2015-04-23,2806.0,2806.0,2812.0,2779.0,2782.0,12
2015-04-24,2889.0,2889.0,2875.0,2860.0,2875.0,12
2015-04-27,2918.0,2918.0,2896.0,2879.0,2879.0,12
2015-04-28,2924.0,2924.0,2967.0,2946.0,2946.0,17
2015-04-29,2948.0,2948.0,2915.0,2915.0,2915.0,4
2015-04-30,2943.0,2943.0,2950.0,2948.0,2949.0,4
2015-05-01,2877.0,2877.0,2877.0,2877.0,2877.0,4
2015-05-04,2875.0,2875.0,2875.0,2875.0,2875.0,4
2015-05-05,2936.0,2936.0,2936.0,2936.0,2936.0,4
2015-05-06,2889.0,2889.0,2889.0,2889.0,2889.0,1
2015-05-07,2899.0,2899.0,2899.0,2899.0,2899.0,1
2015-05-08,2922.0,2922.0,2997.0,2925.0,2997.0,3
2015-05-11,2951.0,2951.0,2955.0,2955.0,2955.0,4
2015-05-12,2982.0,2982.0,2982.0,2982.0,2982.0,4
2015-05-13,3001.0,3001.0,3001.0,3001.0,3001.0,13591
2015-05-14,3088.0,3088.0,3098.0,3059.0,3070.0,13909
2015-05-15,3133.0,3133.0,3138.0,3073.0,3088.0,13580
2015-05-18,3140.0,3140.0,3149.0,3113.0,3127.0,14582
2015-05-19,3145.0,3145.0,3152.0,3115.0,3130.0,10583
2015-05-20,3125.0,3125.0,3143.0,3108.0,3134.0,13177
2015-05-21,3163.0,3163.0,3181.0,3141.0,3143.0,16738
2015-05-22,3153.0,3153.0,3172.0,3131.0,3164.0,11439
2015-05-26,3150.0,3150.0,3153.0,3120.0,3124.0,12245
2015-05-27,3134.0,3134.0,3155.0,3113.0,3150.0,16589
2015-05-28,3118.0,3118.0,3138.0,3091.0,3130.0,17491
2015-05-29,3085.0,3085.0,3130.0,3081.0,3115.0,20395
2015-06-01,3053.0,3053.0,3090.0,3050.0,3090.0,18181
2015-06-02,3112.0,3112.0,3126.0,3066.0,3066.0,25092
2015-06-03,3125.0,3125.0,3139.0,3103.0,3111.0,17549
2015-06-04,3115.0,3115.0,3143.0,3100.0,3135.0,19446
2015-06-05,3116.0,3116.0,3119.0,3064.0,3107.0,22882
2015-06-08,3117.0,3117.0,3125.0,3091.0,3093.0,21783
2015-06-09,3107.0,3107.0,3114.0,3085.0,3114.0,21741
2015-06-10,3128.0,3128.0,3157.0,3104.0,3104.0,17331
2015-06-11,3094.0,3094.0,3138.0,3089.0,3120.0,11311
2015-06-12,3140.0,3140.0,3149.0,3085.0,3089.0,9933
2015-06-15,3207.0,3207.0,3215.0,3154.0,3155.0,9772
2015-06-16,3234.0,3234.0,3248.0,3211.0,3211.0,3126
2015-06-17,3228.0,3228.0,3242.0,3219.0,3235.0,182
2015-06-18,3300.0,3300.0,3298.0,3240.0,3240.0,181
2015-06-19,3270.0,3270.0,3304.0,3258.0,3304.0,18
2015-06-22,3290.0,3290.0,3256.0,3256.0,3256.0,1
2015-06-23,3262.0,3262.0,3283.0,3270.0,3283.0,56
2015-06-24,3291.0,3291.0,3291.0,3291.0,3291.0,8
2015-06-25,3274.0,3274.0,3321.0,3275.0,3321.0,13
2015-06-26,3328.0,3328.0,3336.0,3297.0,3297.0,470
2015-06-29,3336.0,3336.0,3335.0,3326.0,3326.0,13
2015-06-30,3275.0,3275.0,3344.0,3274.0,3344.0,15
2015-07-01,3282.0,3282.0,3282.0,3282.0,3282.0,15
2015-07-02,3294.0,3294.0,3294.0,3294.0,3294.0,15
2015-07-06,3285.0,3285.0,3294.0,3285.0,3294.0,6
2015-07-07,3257.0,3257.0,3248.0,3248.0,3248.0,1
2015-07-08,3254.0,3254.0,3254.0,3254.0,3254.0,1
2015-07-09,3286.0,3286.0,3286.0,3286.0,3286.0,1
2015-07-10,3302.0,3302.0,3325.0,3325.0,3325.0,1
2015-07-13,3309.0,3309.0,3309.0,3309.0,3309.0,150
2015-07-14,3377.0,3377.0,3380.0,3318.0,3320.0,68
2015-07-15,3356.0,3356.0,3389.0,3350.0,3389.0,58
2015-07-16,3358.0,3358.0,3358.0,3358.0,3358.0,7474
2015-07-17,3346.0,3346.0,3359.0,3328.0,3337.0,9825
2015-07-20,3353.0,3353.0,3360.0,3318.0,3344.0,8813
2015-07-21,3336.0,3336.0,3367.0,3333.0,3345.0,8436
2015-07-22,3277.0,3277.0,3352.0,3235.0,3350.0,26624
2015-07-23,3241.0,3241.0,3273.0,3240.0,3265.0,14169
2015-07-24,3181.0,3181.0,3261.0,3175.0,3247.0,22852
2015-07-27,3193.0,3193.0,3217.0,3164.0,3180.0,16575
2015-07-28,3204.0,3204.0,3208.0,3174.0,3185.0,13026
2015-07-29,3217.0,3217.0,3226.0,3200.0,3204.0,11810
2015-07-30,3221.0,3221.0,3231.0,3205.0,3205.0,13303
2015-07-31,3209.0,3209.0,3240.0,3199.0,3221.0,17838
2015-08-03,3166.0,3166.0,3206.0,3161.0,3203.0,18351
2015-08-04,3165.0,3165.0,3188.0,3155.0,3164.0,27203
2015-08-05,3120.0,3120.0,3175.0,3093.0,3159.0,28503
2015-08-06,3057.0,3057.0,3117.0,3054.0,3109.0,27512
2015-08-07,3107.0,3107.0,3113.0,3027.0,3055.0,31045
2015-08-10,3095.0,3095.0,3103.0,3071.0,3095.0,17815
2015-08-11,3082.0,3082.0,3151.0,3027.0,3094.0,19134
2015-08-12,3035.0,3035.0,3087.0,3019.0,3076.0,17793
2015-08-13,3042.0,3042.0,3061.0,3000.0,3016.0,10767
2015-08-14,3039.0,3039.0,3057.0,3029.0,3044.0,5316
2015-08-17,3032.0,3032.0,3068.0,3021.0,3036.0,5957
2015-08-18,3085.0,3085.0,3098.0,3048.0,3048.0,341
2015-08-19,3120.0,3120.0,3135.0,3081.0,3096.0,86
2015-08-20,3142.0,3142.0,3140.0,3094.0,3098.0,52
2015-08-21,3077.0,3077.0,3126.0,3078.0,3126.0,53
2015-08-24,3087.0,3087.0,3102.0,3010.0,3039.0,36
2015-08-25,3113.0,3113.0,3121.0,3090.0,3114.0,38
2015-08-26,3097.0,3097.0,3106.0,3087.0,3100.0,44
2015-08-27,3112.0,3112.0,3108.0,3095.0,3101.0,16
2015-08-28,3115.0,3115.0,3143.0,3079.0,3140.0,23
2015-08-31,3102.0,3102.0,3117.0,3117.0,3117.0,1
2015-09-01,3145.0,3145.0,3145.0,3145.0,3145.0,8
2015-09-02,3117.0,3117.0,3130.0,3103.0,3130.0,8
2015-09-03,3114.0,3114.0,3114.0,3114.0,3114.0,8
2015-09-04,3168.0,3168.0,3168.0,3168.0,3168.0,10
2015-09-08,3224.0,3224.0,3226.0,3211.0,3211.0,4
2015-09-09,3274.0,3274.0,3274.0,3274.0,3274.0,4
2015-09-10,3276.0,3276.0,3251.0,3246.0,3251.0,11
2015-09-11,3248.0,3248.0,3285.0,3248.0,3285.0,16
2015-09-14,3280.0,3280.0,3282.0,3276.0,3282.0,7
2015-09-15,3218.0,3218.0,3218.0,3218.0,3218.0,17976
2015-09-16,3267.0,3267.0,3285.0,3248.0,3250.0,17553
2015-09-17,3282.0,3282.0,3288.0,3249.0,3263.0,12931
2015-09-18,3311.0,3311.0,3341.0,3292.0,3292.0,15510
2015-09-21,3311.0,3311.0,3325.0,3300.0,3317.0,8277
2015-09-22,3312.0,3312.0,3328.0,3279.0,3311.0,15782
2015-09-23,3315.0,3315.0,3322.0,3285.0,3312.0,15276
2015-09-24,3293.0,3293.0,3314.0,3271.0,3314.0,21490
2015-09-25,3276.0,3276.0,3308.0,3257.0,3304.0,16033
2015-09-28,3242.0,3242.0,3284.0,3224.0,3280.0,19087
2015-09-29,3182.0,3182.0,3250.0,3171.0,3243.0,24035
2015-09-30,3114.0,3114.0,3191.0,3109.0,3169.0,25792
2015-10-01,3105.0,3105.0,3157.0,3094.0,3120.0,19853
2015-10-02,3095.0,3095.0,3122.0,3087.0,3105.0,19206
2015-10-05,3092.0,3092.0,3105.0,3069.0,3095.0,15539
2015-10-06,3092.0,3092.0,3094.0,3071.0,3078.0,22600
2015-10-07,3079.0,3079.0,3145.0,3052.0,3087.0,19006
2015-10-08,3060.0,3060.0,3077.0,3035.0,3063.0,19006
2015-10-09,3049.0,3049.0,3089.0,3046.0,3055.0,19064
2015-10-12,3074.0,3074.0,3099.0,3026.0,3059.0,22315
2015-10-13,3125.0,3125.0,3143.0,3060.0,3074.0,15098
2015-10-14,3109.0,3109.0,3148.0,3096.0,3126.0,14659
2015-10-15,3104.0,3104.0,3118.0,3075.0,3111.0,14659
2015-10-16,3119.0,3119.0,3127.0,3088.0,3094.0,19818
2015-10-19,3169.0,3169.0,3172.0,3110.0,3110.0,19863
2015-10-20,3202.0,3202.0,3227.0,3167.0,3172.0,25768
2015-10-21,3146.0,3146.0,3226.0,3127.0,3212.0,17330
2015-10-22,3140.0,3140.0,3185.0,3118.0,3139.0,17330
2015-10-23,3125.0,3125.0,3161.0,3105.0,3137.0,14296
2015-10-26,3174.0,3174.0,3182.0,3121.0,3145.0,17266
2015-10-27,3197.0,3197.0,3199.0,3163.0,3180.0,20718
2015-10-28,3219.0,3219.0,3233.0,3185.0,3185.0,16992
2015-10-29,3215.0,3215.0,3244.0,3168.0,3202.0,16992
2015-10-30,3259.0,3259.0,3262.0,3214.0,3214.0,22664
2015-11-02,3295.0,3295.0,3299.0,3245.0,3252.0,23374
2015-11-03,3297.0,3297.0,3300.0,3276.0,3290.0,25008
2015-11-04,3235.0,3235.0,3274.0,3218.0,3267.0,18131
2015-11-05,3263.0,3263.0,3272.0,3222.0,3223.0,18131
2015-11-06,3237.0,3237.0,3265.0,3204.0,3265.0,19710
2015-11-09,3209.0,3209.0,3235.0,3187.0,3228.0,16236
2015-11-10,3268.0,3268.0,3282.0,3208.0,3209.0,10975
2015-11-11,3307.0,3307.0,3309.0,3257.0,3257.0,13519
2015-11-12,3309.0,3309.0,3312.0,3282.0,3310.0,13519
2015-11-13,3346.0,3346.0,3368.0,3305.0,3312.0,318
2015-11-16,3369.0,3369.0,3380.0,3346.0,3346.0,153
2015-11-17,3354.0,3354.0,3395.0,3340.0,3395.0,46
2015-11-18,3329.0,3329.0,3370.0,3322.0,3337.0,20
2015-11-19,3366.0,3366.0,3380.0,3353.0,3353.0,20
2015-11-20,3366.0,3366.0,3406.0,3346.0,3400.0,65
2015-11-23,3304.0,3304.0,3369.0,3302.0,3369.0,13
2015-11-24,3329.0,3329.0,3332.0,3319.0,3319.0,13
2015-11-25,3301.0,3301.0,3320.0,3301.0,3320.0,2
2015-11-27,3308.0,3308.0,3308.0,3308.0,3308.0,15
2015-11-30,3327.0,3327.0,3354.0,3330.0,3353.0,5
2015-12-01,3328.0,3328.0,3350.0,3318.0,3327.0,31
2015-12-02,3312.0,3312.0,3338.0,3301.0,3338.0,31
2015-12-03,3365.0,3365.0,3365.0,3365.0,3365.0,31
2015-12-04,3369.0,3369.0,3393.0,3375.0,3375.0,38
2015-12-07,3410.0,3410.0,3422.0,3402.0,3422.0,8
2015-12-08,3309.0,3309.0,3347.0,3327.0,3347.0,3
2015-12-09,3369.0,3369.0,3356.0,3345.0,3345.0,3
2015-12-10,3344.0,3344.0,3373.0,3354.0,3371.0,3
2015-12-11,3348.0,3348.0,3350.0,3349.0,3349.0,27
2015-12-14,3369.0,3369.0,3375.0,3336.0,3336.0,27
2015-12-15,3328.0,3328.0,3328.0,3328.0,3328.0,16113
2015-12-16,3291.0,3291.0,3343.0,3286.0,3343.0,20329
2015-12-17,3253.0,3253.0,3299.0,3228.0,3297.0,20329
2015-12-18,3252.0,3252.0,3271.0,3229.0,3267.0,15883
2015-12-21,3239.0,3239.0,3257.0,3205.0,3246.0,13227
2015-12-22,3197.0,3197.0,3239.0,3176.0,3229.0,27433
2015-12-23,3260.0,3260.0,3262.0,3178.0,3189.0,27433
2015-12-24,3210.0,3210.0,3269.0,3208.0,3251.0,5743
2015-12-28,3194.0,3194.0,3222.0,3190.0,3211.0,10106
2015-12-29,3211.0,3211.0,3225.0,3186.0,3211.0,8558
2015-12-30,3229.0,3229.0,3233.0,3200.0,3200.0,8558
2015-12-31,3211.0,3211.0,3235.0,3188.0,3229.0,26057
2016-01-04,3124.0,3124.0,3219.0,3119.0,3214.0,27506
2016-01-05,3059.0,3059.0,3138.0,3047.0,3132.0,29169
2016-01-06,2981.0,2981.0,3052.0,2970.0,3033.0,35663
2016-01-07,2963.0,2963.0,2987.0,2898.0,2951.0,35663
2016-01-08,3017.0,3017.0,3025.0,2975.0,2985.0,29011
2016-01-11,2902.0,2902.0,3004.0,2882.0,3000.0,21041
2016-01-12,2860.0,2860.0,2892.0,2852.0,2875.0,20467
2016-01-13,2892.0,2892.0,2902.0,2865.0,2865.0,16052
2016-01-14,2857.0,2857.0,2894.0,2844.0,2889.0,16052
2016-01-15,2905.0,2905.0,2919.0,2872.0,2876.0,24391
2016-01-19,2934.0,2934.0,2954.0,2903.0,2916.0,42212
2016-01-20,2810.0,2810.0,2914.0,2787.0,2913.0,29027
2016-01-21,2855.0,2855.0,2868.0,2755.0,2799.0,29027
2016-01-22,2872.0,2872.0,2908.0,2851.0,2883.0,18008
2016-01-25,2819.0,2819.0,2877.0,2811.0,2847.0,23454
2016-01-26,2829.0,2829.0,2851.0,2785.0,2790.0,16981
2016-01-27,2764.0,2764.0,2838.0,2743.0,2829.0,23996
2016-01-28,2791.0,2791.0,2823.0,2731.0,2739.0,23996
2016-01-29,2761.0,2761.0,2830.0,2754.0,2806.0,33989
2016-02-01,2868.0,2868.0,2875.0,2744.0,2765.0,26887
2016-02-02,2761.0,2761.0,2858.0,2753.0,2852.0,25224
2016-02-03,2837.0,2837.0,2854.0,2738.0,2775.0,21398
2016-02-04,2764.0,2764.0,2878.0,2757.0,2870.0,21398
2016-02-05,2772.0,2772.0,2823.0,2753.0,2766.0,25406
2016-02-08,2858.0,2858.0,2867.0,2761.0,2797.0,21065
2016-02-09,2837.0,2837.0,2850.0,2780.0,2840.0,15122
2016-02-10,2825.0,2825.0,2862.0,2796.0,2814.0,10788
2016-02-11,2766.0,2766.0,2818.0,2761.0,2810.0,10788
2016-02-12,2827.0,2827.0,2835.0,2765.0,2770.0,562
2016-02-16,2793.0,2793.0,2825.0,2789.0,2818.0,346
2016-02-17,2878.0,2878.0,2912.0,2775.0,2797.0,48
2016-02-18,2886.0,2886.0,2900.0,2868.0,2878.0,48
2016-02-19,2836.0,2836.0,2892.0,2823.0,2876.0,7
2016-02-22,2855.0,2855.0,2846.0,2800.0,2800.0,1
2016-02-23,2872.0,2872.0,2868.0,2868.0,2868.0,58
2016-02-24,2925.0,2925.0,2937.0,2866.0,2866.0,8
2016-02-25,2939.0,2939.0,2963.0,2915.0,2915.0,8
2016-02-26,2882.0,2882.0,2958.0,2875.0,2951.0,56
2016-02-29,2949.0,2949.0,2949.0,2949.0,2949.0,56
2016-03-01,2923.0,2923.0,2923.0,2923.0,2923.0,0
2016-03-02,2940.0,2940.0,2940.0,2940.0,2940.0,9
2016-03-03,2942.0,2942.0,2942.0,2942.0,2942.0,6
2016-03-04,3001.0,3001.0,3001.0,3001.0,3001.0,105
2016-03-07,2994.0,2994.0,2994.0,2994.0,2994.0,4
2016-03-08,2954.0,2954.0,2954.0,2954.0,2954.0,4
2016-03-09,3006.0,3006.0,3006.0,3006.0,3006.0,4
2016-03-10,3031.0,3031.0,3031.0,3031.0,3031.0,4
2016-03-11,3031.0,3031.0,3031.0,3031.0,3031.0,4
2016-03-14,3043.0,3043.0,3043.0,3043.0,3043.0,4
2016-03-15,2999.0,2999.0,3063.0,3005.0,3043.0,9923
2016-03-16,3040.0,3040.0,3052.0,3016.0,3050.0,10535
2016-03-17,3116.0,3116.0,3125.0,3055.0,3075.0,20725
2016-03-18,3118.0,3118.0,3148.0,3104.0,3115.0,12852
2016-03-21,3072.0,3072.0,3125.0,3059.0,3114.0,13026
2016-03-22,3035.0,3035.0,3068.0,3025.0,3056.0,13260
2016-03-23,2963.0,2963.0,3039.0,2936.0,3038.0,23313
2016-03-24,2962.0,2962.0,2972.0,2926.0,2957.0,12626
2016-03-28,2970.0,2970.0,3001.0,2946.0,2946.0,7405
2016-03-29,2970.0,2970.0,2992.0,2952.0,2960.0,10669
2016-03-30,2974.0,2974.0,3021.0,2959.0,2985.0,17389
2016-03-31,2950.0,2950.0,2979.0,2910.0,2959.0,26279
2016-04-01,2881.0,2881.0,2958.0,2880.0,2941.0,38332
2016-04-04,2871.0,2871.0,2917.0,2854.0,2865.0,24148
2016-04-05,2882.0,2882.0,2891.0,2841.0,2850.0,23830
2016-04-06,2900.0,2900.0,2907.0,2856.0,2883.0,13820
2016-04-07,2850.0,2850.0,2907.0,2843.0,2907.0,24260
2016-04-08,2872.0,2872.0,2880.0,2848.0,2858.0,17798
2016-04-11,2906.0,2906.0,2921.0,2871.0,2871.0,14536
2016-04-12,2932.0,2932.0,2936.0,2896.0,2925.0,15597
2016-04-13,2918.0,2918.0,2925.0,2882.0,2896.0,11359
2016-04-14,2953.0,2953.0,2958.0,2910.0,2910.0,5471
2016-04-15,2941.0,2941.0,2996.0,2923.0,2944.0,3915
2016-04-18,2995.0,2995.0,3010.0,2909.0,2964.0,53
2016-04-19,3043.0,3043.0,3060.0,3001.0,3001.0,22
2016-04-20,3060.0,3060.0,3060.0,3060.0,3060.0,6
2016-04-21,3061.0,3061.0,3085.0,3083.0,3083.0,3
2016-04-22,3137.0,3137.0,3132.0,3114.0,3114.0,50
2016-04-25,3113.0,3113.0,3159.0,3106.0,3159.0,27
2016-04-26,3181.0,3181.0,3197.0,3158.0,3158.0,9
2016-04-27,3170.0,3170.0,3190.0,3183.0,3184.0,6
2016-04-28,3157.0,3157.0,3170.0,3170.0,3170.0,5
2016-04-29,3207.0,3207.0,3189.0,3189.0,3189.0,7
2016-05-02,3189.0,3189.0,3224.0,3224.0,3224.0,1
2016-05-03,3178.0,3178.0,3196.0,3153.0,3195.0,17
2016-05-04,3159.0,3159.0,3158.0,3158.0,3158.0,1
2016-05-05,3131.0,3131.0,3131.0,3131.0,3131.0,1
2016-05-06,3047.0,3047.0,3047.0,3047.0,3047.0,7
2016-05-09,3059.0,3059.0,3077.0,3077.0,3077.0,1
2016-05-10,3081.0,3081.0,3105.0,3105.0,3105.0,1
2016-05-11,3045.0,3045.0,3099.0,3033.0,3033.0,8
2016-05-12,3018.0,3018.0,3088.0,3082.0,3082.0,5
2016-05-13,2961.0,2961.0,2961.0,2961.0,2961.0,19503
2016-05-16,2927.0,2927.0,2990.0,2906.0,2958.0,24551
2016-05-17,2899.0,2899.0,2933.0,2890.0,2920.0,18425
2016-05-18,2931.0,2931.0,2942.0,2890.0,2901.0,20915
2016-05-19,2893.0,2893.0,2940.0,2884.0,2921.0,20201
2016-05-20,2912.0,2912.0,2926.0,2894.0,2910.0,17297
2016-05-23,2959.0,2959.0,2982.0,2909.0,2912.0,23462
2016-05-24,2953.0,2953.0,3018.0,2932.0,2998.0,25035
2016-05-25,2924.0,2924.0,2968.0,2917.0,2958.0,14472
2016-05-26,2916.0,2916.0,2944.0,2891.0,2901.0,25162
2016-05-27,3005.0,3005.0,3008.0,2939.0,2955.0,0
2016-05-31,3059.0,3059.0,3078.0,3019.0,3019.0,25443
2016-06-01,3046.0,3046.0,3063.0,2997.0,3037.0,22811
2016-06-02,3057.0,3057.0,3077.0,3023.0,3029.0,16152
2016-06-03,3031.0,3031.0,3067.0,2992.0,3053.0,22440
2016-06-06,3063.0,3063.0,3095.0,3004.0,3030.0,18325
2016-06-07,3088.0,3088.0,3105.0,3057.0,3075.0,15759
2016-06-08,3113.0,3113.0,3128.0,3084.0,3089.0,12272
2016-06-09,3116.0,3116.0,3123.0,3093.0,3103.0,10192
2016-06-10,3135.0,3135.0,3138.0,3086.0,3116.0,10945
2016-06-13,3147.0,3147.0,3167.0,3101.0,3114.0,7735
2016-06-14,3145.0,3145.0,3154.0,3126.0,3136.0,3297
2016-06-15,3160.0,3160.0,3174.0,3150.0,3150.0,3907
2016-06-16,3059.0,3059.0,3163.0,2982.0,3163.0,4746
2016-06-17,3106.0,3106.0,3125.0,3069.0,3069.0,254
2016-06-20,3170.0,3170.0,3171.0,3150.0,3158.0,223
2016-06-21,3195.0,3195.0,3173.0,3166.0,3170.0,93
2016-06-22,3205.0,3205.0,3208.0,3192.0,3192.0,128
2016-06-23,3235.0,3235.0,3237.0,3228.0,3237.0,8
2016-06-24,3070.0,3070.0,3152.0,3059.0,3152.0,87
2016-06-27,3034.0,3034.0,3056.0,3040.0,3048.0,32
2016-06-28,3050.0,3050.0,3066.0,3040.0,3066.0,11
2016-06-29,3078.0,3078.0,3062.0,3055.0,3055.0,24
2016-06-30,3004.0,3004.0,3028.0,3028.0,3028.0,1
2016-07-01,3034.0,3034.0,3040.0,3040.0,3040.0,0
2016-07-05,3104.0,3104.0,3104.0,3104.0,3104.0,4
2016-07-06,3119.0,3119.0,3109.0,3104.0,3104.0,2
2016-07-07,3149.0,3149.0,3148.0,3148.0,3148.0,3
2016-07-08,3136.0,3136.0,3159.0,3151.0,3151.0,15
2016-07-11,3138.0,3138.0,3136.0,3136.0,3136.0,1
2016-07-12,3153.0,3153.0,3155.0,3155.0,3155.0,1
2016-07-13,3182.0,3182.0,3182.0,3182.0,3182.0,1
2016-07-14,3197.0,3197.0,3197.0,3197.0,3197.0,15558
2016-07-15,3065.0,3065.0,3166.0,3056.0,3157.0,23019
2016-07-18,3085.0,3085.0,3099.0,3061.0,3081.0,13253
2016-07-19,2998.0,2998.0,3068.0,2990.0,3067.0,23551
2016-07-20,2969.0,2969.0,3017.0,2950.0,3000.0,23171
2016-07-21,2902.0,2902.0,2972.0,2896.0,2958.0,27739
2016-07-22,2886.0,2886.0,2948.0,2849.0,2875.0,33999
2016-07-25,2854.0,2854.0,2914.0,2850.0,2885.0,22497
2016-07-26,2851.0,2851.0,2888.0,2841.0,2861.0,18795
2016-07-27,2857.0,2857.0,2879.0,2840.0,2840.0,17341
2016-07-28,2850.0,2850.0,2891.0,2846.0,2883.0,19354
2016-07-29,2835.0,2835.0,2869.0,2815.0,2853.0,22550
2016-08-01,2926.0,2926.0,2952.0,2818.0,2822.0,33920
2016-08-02,2896.0,2896.0,2963.0,2879.0,2921.0,37109
2016-08-03,2993.0,2993.0,2999.0,2874.0,2885.0,39017
2016-08-04,2991.0,2991.0,3001.0,2945.0,2992.0,27144
2016-08-05,3021.0,3021.0,3041.0,2997.0,3005.0,29728
2016-08-08,3031.0,3031.0,3054.0,3010.0,3012.0,23438
2016-08-09,2976.0,2976.0,3063.0,2961.0,3026.0,25411
2016-08-10,3020.0,3020.0,3045.0,2947.0,2980.0,13748
2016-08-11,3002.0,3002.0,3015.0,2991.0,3014.0,8146
2016-08-12,2993.0,2993.0,3022.0,2969.0,3002.0,6185
2016-08-15,3030.0,3030.0,3039.0,3003.0,3003.0,5623
2016-08-16,3041.0,3041.0,3063.0,3020.0,3046.0,5476
2016-08-17,3055.0,3055.0,3080.0,3024.0,3052.0,3100
2016-08-18,3109.0,3109.0,3118.0,3060.0,3060.0,129
2016-08-19,3095.0,3095.0,3116.0,3089.0,3116.0,67
2016-08-22,2983.0,2983.0,3071.0,2986.0,3071.0,92
2016-08-23,3039.0,3039.0,3011.0,3004.0,3011.0,45
2016-08-24,3015.0,3015.0,3063.0,3022.0,3063.0,398
2016-08-25,3025.0,3025.0,3058.0,3025.0,3029.0,42
2016-08-26,3012.0,3012.0,3012.0,3012.0,3012.0,42
2016-08-29,2945.0,2945.0,2958.0,2930.0,2958.0,3
2016-08-30,2913.0,2913.0,2930.0,2918.0,2930.0,30
2016-08-31,2921.0,2921.0,2921.0,2921.0,2921.0,30
2016-09-01,2920.0,2920.0,2920.0,2920.0,2920.0,0
2016-09-02,2923.0,2923.0,2918.0,2917.0,2917.0,0
2016-09-06,2948.0,2948.0,2932.0,2931.0,2931.0,24
2016-09-07,2934.0,2934.0,2960.0,2950.0,2960.0,49
2016-09-08,2898.0,2898.0,2898.0,2898.0,2898.0,1
2016-09-09,2794.0,2794.0,2810.0,2778.0,2810.0,6
2016-09-12,2830.0,2830.0,2816.0,2797.0,2810.0,21
2016-09-13,2822.0,2822.0,2823.0,2813.0,2822.0,11
2016-09-14,2849.0,2849.0,2851.0,2851.0,2851.0,1
2016-09-15,2872.0,2872.0,2872.0,2872.0,2872.0,15538
2016-09-16,2803.0,2803.0,2848.0,2793.0,2833.0,11915
2016-09-19,2872.0,2872.0,2888.0,2816.0,2817.0,21156
2016-09-20,2866.0,2866.0,2882.0,2834.0,2869.0,15576
2016-09-21,2877.0,2877.0,2888.0,2852.0,2853.0,12438
2016-09-22,2920.0,2920.0,2934.0,2880.0,2882.0,19450
2016-09-23,2852.0,2852.0,2924.0,2811.0,2915.0,25830
2016-09-26,2845.0,2845.0,2848.0,2810.0,2844.0,12770
2016-09-27,2868.0,2868.0,2876.0,2831.0,2845.0,14769
2016-09-28,2825.0,2825.0,2868.0,2800.0,2862.0,15869
2016-09-29,2728.0,2728.0,2824.0,2711.0,2817.0,35337
2016-09-30,2761.0,2761.0,2781.0,2708.0,2723.0,25524
2016-10-03,2793.0,2793.0,2799.0,2738.0,2759.0,22281
2016-10-04,2815.0,2815.0,2823.0,2766.0,2771.0,20827
2016-10-05,2836.0,2836.0,2848.0,2790.0,2813.0,17252
2016-10-06,2787.0,2787.0,2832.0,2760.0,2829.0,20428
2016-10-07,2785.0,2785.0,2804.0,2755.0,2773.0,17914
2016-10-11,2665.0,2665.0,2677.0,2625.0,2671.0,19587
2016-10-12,2643.0,2643.0,2688.0,2625.0,2679.0,14505
2016-10-13,2696.0,2696.0,2707.0,2637.0,2643.0,27280
2016-10-14,2718.0,2718.0,2738.0,2693.0,2700.0,30057
2016-10-17,2690.0,2690.0,2710.0,2651.0,2703.0,14522
2016-10-18,2698.0,2698.0,2730.0,2677.0,2690.0,17506
2016-10-19,2724.0,2724.0,2727.0,2688.0,2696.0,16163
2016-10-20,2717.0,2717.0,2748.0,2674.0,2734.0,22559
2016-10-21,2725.0,2725.0,2731.0,2679.0,2711.0,16215
2016-10-24,2705.0,2705.0,2724.0,2679.0,2716.0,10660
2016-10-25,2735.0,2735.0,2753.0,2692.0,2715.0,22220
2016-10-26,2769.0,2769.0,2770.0,2731.0,2749.0,21589
2016-10-27,2732.0,2732.0,2773.0,2715.0,2773.0,18049
2016-10-28,2756.0,2756.0,2766.0,2679.0,2729.0,19808
2016-10-31,2735.0,2735.0,2770.0,2692.0,2758.0,16888
2016-11-01,2696.0,2696.0,2734.0,2682.0,2720.0,19752
2016-11-02,2709.0,2709.0,2718.0,2665.0,2700.0,19089
2016-11-03,2705.0,2705.0,2769.0,2685.0,2720.0,22790
2016-11-04,2581.0,2581.0,2719.0,2577.0,2708.0,29794
2016-11-07,2491.0,2491.0,2581.0,2477.0,2577.0,26136
2016-11-08,2501.0,2501.0,2537.0,2480.0,2493.0,23261
2016-11-09,2474.0,2474.0,2499.0,2451.0,2499.0,11193
2016-11-10,2450.0,2450.0,2484.0,2436.0,2472.0,9877
2016-11-14,2392.0,2392.0,2470.0,2387.0,2453.0,5332
2016-11-15,2378.0,2378.0,2390.0,2361.0,2381.0,1997
2016-11-16,2412.0,2412.0,2428.0,2384.0,2384.0,180
2016-11-17,2426.0,2426.0,2430.0,2380.0,2400.0,32
2016-11-18,2432.0,2432.0,2447.0,2406.0,2425.0,45
2016-11-21,2438.0,2438.0,2455.0,2427.0,2454.0,68
2016-11-22,2439.0,2439.0,2452.0,2430.0,2436.0,54
2016-11-23,2438.0,2438.0,2438.0,2438.0,2438.0,54
2016-11-25,2419.0,2419.0,2412.0,2412.0,2412.0,6
2016-11-28,2403.0,2403.0,2414.0,2414.0,2414.0,4
2016-11-29,2405.0,2405.0,2426.0,2426.0,2426.0,2
2016-11-30,2387.0,2387.0,2407.0,2407.0,2407.0,1
2016-12-01,2397.0,2397.0,2433.0,2397.0,2430.0,8
2016-12-02,2388.0,2388.0,2368.0,2343.0,2365.0,24
2016-12-05,2356.0,2356.0,2356.0,2356.0,2356.0,24
2016-12-06,2347.0,2347.0,2322.0,2322.0,2322.0,3
2016-12-07,2283.0,2283.0,2283.0,2283.0,2283.0,3
2016-12-08,2262.0,2262.0,2262.0,2262.0,2262.0,3
2016-12-09,2163.0,2163.0,2213.0,2213.0,2213.0,24
2016-12-12,2233.0,2233.0,2236.0,2236.0,2236.0,3
2016-12-13,2282.0,2282.0,2289.0,2280.0,2289.0,3
2016-12-14,2308.0,2308.0,2308.0,2308.0,2308.0,18300
2016-12-15,2242.0,2242.0,2306.0,2223.0,2300.0,17837
2016-12-16,2238.0,2238.0,2272.0,2175.0,2229.0,19770
2016-12-19,2303.0,2303.0,2308.0,2246.0,2271.0,13882
2016-12-20,2256.0,2256.0,2293.0,2248.0,2291.0,11204
2016-12-21,2279.0,2279.0,2287.0,2252.0,2256.0,10019
2016-12-22,2189.0,2189.0,2283.0,2183.0,2278.0,14864
2016-12-23,2264.0,2264.0,2267.0,2181.0,2189.0,11352
2016-12-27,2237.0,2237.0,2272.0,2206.0,2264.0,7204
2016-12-28,2205.0,2205.0,2239.0,2182.0,2237.0,10880
2016-12-29,2165.0,2165.0,2208.0,2142.0,2205.0,11424
2016-12-30,2126.0,2126.0,2194.0,2121.0,2151.0,18213
2017-01-03,2166.0,2166.0,2179.0,2119.0,2135.0,17528
2017-01-04,2237.0,2237.0,2246.0,2166.0,2175.0,22660
2017-01-05,2262.0,2262.0,2267.0,2210.0,2237.0,18004
2017-01-06,2261.0,2261.0,2291.0,2245.0,2263.0,15684
2017-01-09,2184.0,2184.0,2216.0,2141.0,2215.0,20633
2017-01-10,2207.0,2207.0,2214.0,2161.0,2180.0,13935
2017-01-11,2127.0,2127.0,2202.0,2106.0,2202.0,25122
2017-01-12,2230.0,2230.0,2233.0,2151.0,2161.0,27340
2017-01-13,2213.0,2213.0,2230.0,2190.0,2219.0,0
2017-01-17,2235.0,2235.0,2252.0,2164.0,2186.0,26682
2017-01-18,2233.0,2233.0,2258.0,2210.0,2239.0,19073
2017-01-19,2164.0,2164.0,2249.0,2144.0,2237.0,23314
2017-01-20,2140.0,2140.0,2166.0,2123.0,2153.0,18131
2017-01-23,2165.0,2165.0,2182.0,2142.0,2160.0,16489
2017-01-24,2201.0,2201.0,2207.0,2147.0,2166.0,18219
2017-01-25,2192.0,2192.0,2220.0,2166.0,2218.0,17339
2017-01-26,2132.0,2132.0,2187.0,2124.0,2184.0,19925
2017-01-27,2095.0,2095.0,2121.0,2076.0,2108.0,25755
2017-01-30,2078.0,2078.0,2109.0,2074.0,2098.0,28830
2017-01-31,2103.0,2103.0,2150.0,2072.0,2072.0,29053
2017-02-01,2109.0,2109.0,2150.0,2095.0,2098.0,21968
2017-02-02,2084.0,2084.0,2109.0,2073.0,2107.0,20675
2017-02-03,2072.0,2072.0,2086.0,2052.0,2074.0,25938
2017-02-06,2047.0,2047.0,2091.0,2041.0,2071.0,21513
2017-02-07,2005.0,2005.0,2051.0,2000.0,2037.0,38504
2017-02-08,1993.0,1993.0,2016.0,1982.0,1994.0,23647
2017-02-09,1974.0,1974.0,2018.0,1969.0,1993.0,19225
2017-02-10,1939.0,1939.0,1979.0,1928.0,1971.0,15114
2017-02-13,1889.0,1889.0,1935.0,1881.0,1918.0,17379
2017-02-14,1929.0,1929.0,1969.0,1889.0,1889.0,2192
2017-02-15,2022.0,2022.0,2022.0,1926.0,1938.0,84
2017-02-16,2072.0,2072.0,2089.0,2029.0,2029.0,38
2017-02-17,2034.0,2034.0,2090.0,2028.0,2090.0,0
2017-02-21,2030.0,2030.0,2030.0,2030.0,2030.0,13
2017-02-22,2028.0,2028.0,2033.0,2033.0,2033.0,28
2017-02-23,2067.0,2067.0,2077.0,2043.0,2057.0,65
2017-02-24,2028.0,2028.0,1995.0,1995.0,1995.0,2
2017-02-27,2016.0,2016.0,2015.0,2014.0,2014.0,4
2017-02-28,1943.0,1943.0,2016.0,2016.0,2016.0,1
2017-03-01,1931.0,1931.0,1931.0,1931.0,1931.0,1
2017-03-02,1962.0,1962.0,1962.0,1962.0,1962.0,1
2017-03-03,1989.0,1989.0,1959.0,1959.0,1959.0,1
2017-03-06,1968.0,1968.0,1989.0,1989.0,1989.0,2
2017-03-07,1950.0,1950.0,1950.0,1950.0,1950.0,2
2017-03-08,1945.0,1945.0,1945.0,1945.0,1945.0,2
2017-03-09,1931.0,1931.0,1931.0,1931.0,1931.0,2
2017-03-10,1967.0,1967.0,1967.0,1967.0,1967.0,0
2017-03-13,2050.0,2050.0,2050.0,2050.0,2050.0,0
2017-03-14,2091.0,2091.0,2091.0,2091.0,2091.0,0
2017-03-15,2048.0,2048.0,2048.0,2048.0,2048.0,0
2017-03-16,2027.0,2027.0,2027.0,2027.0,2027.0,15036
2017-03-17,2013.0,2013.0,2046.0,2006.0,2034.0,13000
2017-03-20,2116.0,2116.0,2124.0,2013.0,2024.0,25780
2017-03-21,2154.0,2154.0,2187.0,2121.0,2153.0,32971
2017-03-22,2165.0,2165.0,2169.0,2120.0,2157.0,20514
2017-03-23,2176.0,2176.0,2183.0,2141.0,2174.0,16490
2017-03-24,2131.0,2131.0,2173.0,2126.0,2162.0,14270
2017-03-27,2150.0,2150.0,2180.0,2128.0,2151.0,18955
2017-03-28,2129.0,2129.0,2164.0,2111.0,2161.0,15536
2017-03-29,2086.0,2086.0,2119.0,2082.0,2110.0,20810
2017-03-30,2096.0,2096.0,2118.0,2055.0,2079.0,17899
2017-03-31,2095.0,2095.0,2107.0,2078.0,2089.0,18424
2017-04-03,2107.0,2107.0,2111.0,2060.0,2092.0,21781
2017-04-04,2110.0,2110.0,2122.0,2081.0,2097.0,28370
2017-04-05,2111.0,2111.0,2128.0,2091.0,2109.0,26070
2017-04-06,2087.0,2087.0,2115.0,2072.0,2106.0,25403
2017-04-07,2006.0,2006.0,2062.0,1989.0,2061.0,44127
2017-04-10,1955.0,1955.0,1990.0,1943.0,1984.0,29436
2017-04-11,1972.0,1972.0,1980.0,1934.0,1943.0,19420
2017-04-12,1941.0,1941.0,1963.0,1924.0,1955.0,19082
2017-04-13,1879.0,1879.0,1940.0,1874.0,1927.0,12712
2017-04-17,1911.0,1911.0,1938.0,1904.0,1904.0,147
2017-04-18,1928.0,1928.0,1951.0,1887.0,1910.0,94
2017-04-19,1894.0,1894.0,1916.0,1830.0,1916.0,72
2017-04-20,1812.0,1812.0,1850.0,1805.0,1850.0,5
2017-04-21,1859.0,1859.0,1830.0,1815.0,1830.0,5
2017-04-24,1825.0,1825.0,1825.0,1825.0,1825.0,5
2017-04-25,1871.0,1871.0,1866.0,1836.0,1836.0,6
2017-04-26,1883.0,1883.0,1883.0,1883.0,1883.0,3
2017-04-27,1876.0,1876.0,1876.0,1876.0,1876.0,3
2017-04-28,1844.0,1844.0,1844.0,1844.0,1844.0,3
2017-05-01,1812.0,1812.0,1812.0,1812.0,1812.0,11
2017-05-02,1805.0,1805.0,1805.0,1805.0,1805.0,11
2017-05-03,1780.0,1780.0,1780.0,1780.0,1780.0,11
2017-05-04,1839.0,1839.0,1839.0,1839.0,1839.0,11
2017-05-05,1866.0,1866.0,1866.0,1866.0,1866.0,11
2017-05-08,1955.0,1955.0,1955.0,1955.0,1955.0,11
2017-05-09,1990.0,1990.0,1990.0,1990.0,1990.0,4
2017-05-10,1984.0,1984.0,1984.0,1984.0,1984.0,4
2017-05-11,1982.0,1982.0,1985.0,1985.0,1985.0,2
2017-05-12,2045.0,2045.0,2045.0,2045.0,2045.0,2
2017-05-15,2070.0,2070.0,2070.0,2070.0,2070.0,27712
2017-05-16,2034.0,2034.0,2055.0,1975.0,2047.0,27127
2017-05-17,2054.0,2054.0,2062.0,2004.0,2036.0,19859
2017-05-18,2084.0,2084.0,2088.0,2050.0,2067.0,20684
2017-05-19,2028.0,2028.0,2084.0,2018.0,2080.0,23004
2017-05-22,2035.0,2035.0,2058.0,2014.0,2034.0,21736
2017-05-23,2021.0,2021.0,2055.0,1994.0,2034.0,22201
2017-05-24,1894.0,1894.0,1998.0,1882.0,1996.0,33842
2017-05-25,1877.0,1877.0,1927.0,1867.0,1900.0,23573
2017-05-26,1911.0,1911.0,1917.0,1881.0,1884.0,0
2017-05-30,2037.0,2037.0,2041.0,1920.0,1922.0,37393
2017-05-31,2048.0,2048.0,2060.0,2026.0,2040.0,39595
2017-06-01,2024.0,2024.0,2038.0,1971.0,2031.0,29307
2017-06-02,2001.0,2001.0,2033.0,1992.0,2025.0,23492
2017-06-05,1988.0,1988.0,2005.0,1927.0,2003.0,29773
2017-06-06,1975.0,1975.0,1999.0,1950.0,1991.0,29761
2017-06-07,1963.0,1963.0,1985.0,1947.0,1964.0,34659
2017-06-08,1963.0,1963.0,2053.0,1955.0,1959.0,39978
2017-06-09,2020.0,2020.0,2028.0,1940.0,1970.0,32110
2017-06-12,2059.0,2059.0,2072.0,2010.0,2030.0,20238
2017-06-13,2022.0,2022.0,2083.0,2006.0,2070.0,22765
2017-06-14,2040.0,2040.0,2043.0,2001.0,2017.0,9519
2017-06-15,2026.0,2026.0,2050.0,2022.0,2044.0,10642
2017-06-16,1975.0,1975.0,2040.0,1971.0,2030.0,6056
2017-06-19,1898.0,1898.0,1987.0,1880.0,1975.0,431
2017-06-20,1878.0,1878.0,1906.0,1878.0,1899.0,21
2017-06-21,1813.0,1813.0,1813.0,1813.0,1813.0,21
2017-06-22,1793.0,1793.0,1793.0,1769.0,1793.0,11
2017-06-23,1843.0,1843.0,1843.0,1843.0,1843.0,11
2017-06-26,1809.0,1809.0,1809.0,1809.0,1809.0,11
2017-06-27,1827.0,1827.0,1827.0,1827.0,1827.0,11
2017-06-28,1835.0,1835.0,1814.0,1814.0,1814.0,2
2017-06-29,1822.0,1822.0,1836.0,1836.0,1836.0,1
2017-06-30,1903.0,1903.0,1903.0,1903.0,1903.0,11
2017-07-03,1921.0,1921.0,1943.0,1929.0,1943.0,0
2017-07-05,1910.0,1910.0,1910.0,1910.0,1910.0,0
2017-07-06,1890.0,1890.0,1911.0,1911.0,1911.0,3
2017-07-07,1835.0,1835.0,1871.0,1867.0,1871.0,4
2017-07-10,1801.0,1801.0,1801.0,1801.0,1801.0,2
2017-07-11,1780.0,1780.0,1780.0,1780.0,1780.0,2
2017-07-12,1782.0,1782.0,1782.0,1782.0,1782.0,2
2017-07-13,1833.0,1833.0,1843.0,1843.0,1843.0,5
2017-07-14,1876.0,1876.0,1876.0,1876.0,1876.0,18436
2017-07-17,1910.0,1910.0,1918.0,1886.0,1914.0,17551
2017-07-18,1911.0,1911.0,1944.0,1889.0,1907.0,19596
2017-07-19,1944.0,1944.0,1953.0,1899.0,1899.0,20002
2017-07-20,1956.0,1956.0,1973.0,1933.0,1946.0,22861
2017-07-21,1968.0,1968.0,1977.0,1938.0,1952.0,24772
2017-07-24,1968.0,1968.0,1987.0,1953.0,1969.0,21787
2017-07-25,1926.0,1926.0,1967.0,1917.0,1960.0,24898
2017-07-26,1912.0,1912.0,1940.0,1900.0,1916.0,19273
2017-07-27,2013.0,2013.0,2019.0,1920.0,1921.0,37005
2017-07-28,2060.0,2060.0,2068.0,2007.0,2013.0,31494
2017-07-31,2060.0,2060.0,2082.0,2038.0,2061.0,28753
2017-08-01,2023.0,2023.0,2090.0,1995.0,2081.0,35496
2017-08-02,2055.0,2055.0,2069.0,1997.0,2007.0,23696
2017-08-03,2061.0,2061.0,2084.0,2034.0,2070.0,30024
2017-08-04,1994.0,1994.0,2073.0,1982.0,2060.0,36243
2017-08-07,2029.0,2029.0,2043.0,2000.0,2013.0,38736
2017-08-08,2018.0,2018.0,2065.0,2010.0,2023.0,27197
2017-08-09,2002.0,2002.0,2021.0,1971.0,2011.0,28051
2017-08-10,1967.0,1967.0,2016.0,1944.0,2004.0,21819
2017-08-11,1990.0,1990.0,1998.0,1947.0,1958.0,17873
2017-08-14,1923.0,1923.0,1980.0,1915.0,1975.0,9755
2017-08-15,1865.0,1865.0,1916.0,1849.0,1913.0,4984
2017-08-16,1844.0,1844.0,1875.0,1829.0,1859.0,6368
2017-08-17,1904.0,1904.0,1923.0,1847.0,1855.0,3656
2017-08-18,1922.0,1922.0,1931.0,1898.0,1919.0,446
2017-08-21,1930.0,1930.0,1942.0,1890.0,1908.0,34
2017-08-22,1923.0,1923.0,1920.0,1919.0,1920.0,5
2017-08-23,1908.0,1908.0,1909.0,1901.0,1909.0,5
2017-08-24,1924.0,1924.0,1937.0,1937.0,1937.0,2
2017-08-25,1962.0,1962.0,1962.0,1962.0,1962.0,8
2017-08-28,2015.0,2015.0,2015.0,2015.0,2015.0,2
2017-08-29,1977.0,1977.0,2027.0,1994.0,2027.0,2
2017-08-30,1949.0,1949.0,1948.0,1913.0,1948.0,5
2017-08-31,1966.0,1966.0,1949.0,1949.0,1949.0,55
2017-09-01,1987.0,1987.0,1970.0,1970.0,1970.0,4
2017-09-05,1974.0,1974.0,1974.0,1974.0,1974.0,0
2017-09-06,1954.0,1954.0,1940.0,1940.0,1940.0,1
2017-09-07,1945.0,1945.0,1945.0,1945.0,1945.0,0
2017-09-08,1972.0,1972.0,1960.0,1960.0,1960.0,1
2017-09-11,1973.0,1973.0,1973.0,1973.0,1973.0,0
2017-09-12,1999.0,1999.0,1975.0,1975.0,1975.0,20
2017-09-13,2038.0,2038.0,2038.0,2038.0,2038.0,53
2017-09-14,2021.0,2021.0,2021.0,2021.0,2021.0,26101
2017-09-15,2009.0,2009.0,2017.0,1956.0,1959.0,25875
2017-09-18,1975.0,1975.0,2022.0,1958.0,2000.0,20771
2017-09-19,1965.0,1965.0,1996.0,1944.0,1965.0,19698
2017-09-20,1998.0,1998.0,2008.0,1964.0,1966.0,18482
2017-09-21,2021.0,2021.0,2028.0,1983.0,1995.0,19361
2017-09-22,1983.0,1983.0,2047.0,1970.0,2026.0,24750
2017-09-25,1972.0,1972.0,2017.0,1960.0,1976.0,21975
2017-09-26,1971.0,1971.0,1992.0,1961.0,1971.0,13872
2017-09-27,2015.0,2015.0,2021.0,1971.0,1974.0,21592
2017-09-28,1980.0,1980.0,2031.0,1974.0,2013.0,23229
2017-09-29,2043.0,2043.0,2057.0,1968.0,1976.0,26899
2017-10-02,2037.0,2037.0,2053.0,1984.0,2044.0,32632
2017-10-03,2082.0,2082.0,2088.0,2022.0,2043.0,32884
2017-10-04,2078.0,2078.0,2102.0,2063.0,2091.0,32809
2017-10-05,2084.0,2084.0,2092.0,2055.0,2084.0,21381
2017-10-06,2085.0,2085.0,2093.0,2060.0,2090.0,20958
2017-10-09,2008.0,2008.0,2099.0,1999.0,2091.0,35316
2017-10-10,2045.0,2045.0,2062.0,2016.0,2021.0,25353
2017-10-11,2097.0,2097.0,2117.0,2046.0,2057.0,29019
2017-10-12,2090.0,2090.0,2121.0,2077.0,2120.0,23900
2017-10-13,2087.0,2087.0,2116.0,2065.0,2113.0,19495
2017-10-16,2044.0,2044.0,2092.0,2037.0,2087.0,24834
2017-10-17,2064.0,2064.0,2074.0,2028.0,2043.0,21098
2017-10-18,2067.0,2067.0,2087.0,2057.0,2066.0,19642
2017-10-19,2145.0,2145.0,2152.0,2059.0,2061.0,36489
2017-10-20,2138.0,2138.0,2160.0,2122.0,2155.0,29412
2017-10-23,2124.0,2124.0,2147.0,2105.0,2134.0,22656
2017-10-24,2084.0,2084.0,2128.0,2077.0,2120.0,26698
2017-10-25,2079.0,2079.0,2112.0,2064.0,2083.0,22889
2017-10-26,2127.0,2127.0,2134.0,2078.0,2084.0,28085
2017-10-27,2115.0,2115.0,2125.0,2092.0,2125.0,24024
2017-10-30,2118.0,2118.0,2121.0,2074.0,2119.0,23757
2017-10-31,2094.0,2094.0,2120.0,2090.0,2118.0,19913
2017-11-01,2123.0,2123.0,2142.0,2086.0,2089.0,32492
2017-11-02,2052.0,2052.0,2127.0,2048.0,2127.0,45041
2017-11-03,2061.0,2061.0,2065.0,2035.0,2060.0,31657
2017-11-06,2117.0,2117.0,2123.0,2052.0,2059.0,27937
2017-11-07,2163.0,2163.0,2185.0,2104.0,2121.0,32218
2017-11-08,2216.0,2216.0,2228.0,2164.0,2179.0,23428
2017-11-09,2198.0,2198.0,2223.0,2179.0,2219.0,12320
2017-11-10,2223.0,2223.0,2236.0,2187.0,2193.0,10634
2017-11-13,2208.0,2208.0,2229.0,2184.0,2211.0,11971
2017-11-14,2149.0,2149.0,2201.0,2147.0,2195.0,7648
2017-11-15,2133.0,2133.0,2162.0,2082.0,2143.0,2196
2017-11-16,2131.0,2131.0,2158.0,2106.0,2158.0,482
2017-11-17,2126.0,2126.0,2140.0,2115.0,2115.0,7
2017-11-20,2084.0,2084.0,2105.0,2066.0,2105.0,37
2017-11-21,2102.0,2102.0,2102.0,2102.0,2102.0,7
2017-11-22,2119.0,2119.0,2119.0,2119.0,2119.0,5
2017-11-24,2109.0,2109.0,2119.0,2119.0,2119.0,12
2017-11-27,2065.0,2065.0,2065.0,2065.0,2065.0,1
2017-11-28,2047.0,2047.0,2056.0,2042.0,2056.0,12
2017-11-29,2096.0,2096.0,2113.0,2017.0,2017.0,105
2017-11-30,2048.0,2048.0,2077.0,2050.0,2077.0,3
2017-12-01,2040.0,2040.0,2040.0,2040.0,2040.0,0
2017-12-04,2002.0,2002.0,2002.0,2002.0,2002.0,0
2017-12-05,1929.0,1929.0,1960.0,1920.0,1960.0,7
2017-12-06,1911.0,1911.0,1917.0,1859.0,1911.0,72
2017-12-07,1885.0,1885.0,1863.0,1863.0,1863.0,1
2017-12-08,1892.0,1892.0,1884.0,1856.0,1856.0,3
2017-12-11,1917.0,1917.0,1917.0,1917.0,1917.0,0
2017-12-12,1872.0,1872.0,1872.0,1872.0,1872.0,0
2017-12-13,1893.0,1893.0,1800.0,1800.0,1800.0,21940
2017-12-14,1893.0,1893.0,1908.0,1876.0,1885.0,16440
2017-12-15,1877.0,1877.0,1903.0,1871.0,1886.0,14274
2017-12-18,1922.0,1922.0,1937.0,1881.0,1895.0,21672
2017-12-19,1912.0,1912.0,1928.0,1894.0,1915.0,18510
2017-12-20,1931.0,1931.0,1933.0,1895.0,1910.0,16074
2017-12-21,1907.0,1907.0,1919.0,1863.0,1919.0,22348
2017-12-22,1809.0,1809.0,1894.0,1804.0,1886.0,23423
2017-12-26,1856.0,1856.0,1868.0,1807.0,1807.0,15558
2017-12-27,1866.0,1866.0,1892.0,1841.0,1867.0,21680
2017-12-28,1911.0,1911.0,1927.0,1876.0,1876.0,21249
2017-12-29,1892.0,1892.0,1918.0,1877.0,1900.0,16724
2018-01-02,1936.0,1936.0,1947.0,1862.0,1900.0,26852
2018-01-03,1907.0,1907.0,1943.0,1888.0,1942.0,21847
2018-01-04,1905.0,1905.0,1910.0,1836.0,1882.0,30322
2018-01-05,1895.0,1895.0,1904.0,1866.0,1887.0,14402
2018-01-08,1914.0,1914.0,1917.0,1870.0,1885.0,21988
2018-01-09,1899.0,1899.0,1940.0,1891.0,1909.0,20729
2018-01-10,1941.0,1941.0,1956.0,1900.0,1906.0,21757
2018-01-11,1928.0,1928.0,1960.0,1914.0,1950.0,19113
2018-01-12,1914.0,1914.0,1944.0,1894.0,1926.0,19823
2018-01-16,1932.0,1932.0,1951.0,1901.0,1947.0,25335
2018-01-17,1985.0,1985.0,1999.0,1925.0,1929.0,32631
2018-01-18,1984.0,1984.0,2011.0,1972.0,1996.0,27063
2018-01-19,1931.0,1931.0,1970.0,1916.0,1970.0,26447
2018-01-22,1938.0,1938.0,1975.0,1921.0,1939.0,19359
2018-01-23,1929.0,1929.0,1970.0,1923.0,1949.0,16983
2018-01-24,1955.0,1955.0,1964.0,1908.0,1939.0,22769
2018-01-25,1960.0,1960.0,1991.0,1944.0,1953.0,18916
2018-01-26,1986.0,1986.0,1998.0,1950.0,1957.0,20215
2018-01-29,1946.0,1946.0,2004.0,1934.0,1982.0,32145
2018-01-30,1970.0,1970.0,1988.0,1943.0,1944.0,24277
2018-01-31,1996.0,1996.0,2012.0,1974.0,1978.0,30072
2018-02-01,2017.0,2017.0,2037.0,1986.0,1997.0,30063
2018-02-02,2059.0,2059.0,2063.0,2015.0,2030.0,32758
2018-02-05,2045.0,2045.0,2067.0,2034.0,2051.0,33513
2018-02-06,2041.0,2041.0,2058.0,2012.0,2043.0,28714
2018-02-07,2013.0,2013.0,2065.0,1988.0,2049.0,34502
2018-02-08,2034.0,2034.0,2046.0,1997.0,1998.0,25219
2018-02-09,2031.0,2031.0,2039.0,1991.0,2034.0,23696
2018-02-12,1970.0,1970.0,2040.0,1953.0,2029.0,14110
2018-02-13,1999.0,1999.0,2012.0,1966.0,1975.0,10541
2018-02-14,2055.0,2055.0,2098.0,2000.0,2009.0,167
2018-02-15,2137.0,2137.0,2139.0,2077.0,2098.0,122
2018-02-16,2138.0,2138.0,2151.0,2117.0,2141.0,0
2018-02-20,2146.0,2146.0,2132.0,2119.0,2119.0,53
2018-02-21,2172.0,2172.0,2154.0,2140.0,2140.0,9
2018-02-22,2156.0,2156.0,2169.0,2149.0,2149.0,208
2018-02-23,2204.0,2204.0,2204.0,2204.0,2204.0,0
2018-02-26,2224.0,2224.0,2228.0,2203.0,2204.0,9
2018-02-27,2239.0,2239.0,2242.0,2214.0,2214.0,114
2018-02-28,2240.0,2240.0,2210.0,2209.0,2209.0,27
2018-03-01,2270.0,2270.0,2250.0,2245.0,2246.0,5
2018-03-02,2320.0,2320.0,2320.0,2320.0,2320.0,6
2018-03-05,2459.0,2459.0,2438.0,2434.0,2434.0,61
2018-03-06,2454.0,2454.0,2452.0,2451.0,2452.0,45
2018-03-07,2456.0,2456.0,2455.0,2444.0,2444.0,25
2018-03-08,2506.0,2506.0,2529.0,2491.0,2529.0,53
2018-03-09,2478.0,2478.0,2478.0,2478.0,2478.0,0
2018-03-12,2565.0,2565.0,2565.0,2565.0,2565.0,150
2018-03-13,2551.0,2551.0,2587.0,2583.0,2583.0,3
2018-03-14,2575.0,2575.0,2575.0,2575.0,2575.0,20178
2018-03-15,2536.0,2536.0,2571.0,2509.0,2557.0,17741
2018-03-16,2522.0,2522.0,2546.0,2514.0,2536.0,15505
2018-03-19,2445.0,2445.0,2568.0,2439.0,2535.0,25324
2018-03-20,2480.0,2480.0,2516.0,2430.0,2433.0,22350
2018-03-21,2524.0,2524.0,2541.0,2472.0,2500.0,18012
2018-03-22,2535.0,2535.0,2567.0,2506.0,2550.0,16097
2018-03-23,2615.0,2615.0,2636.0,2511.0,2533.0,25707
2018-03-26,2629.0,2629.0,2643.0,2597.0,2612.0,15971
2018-03-27,2554.0,2554.0,2623.0,2534.0,2623.0,20383
2018-03-28,2597.0,2597.0,2603.0,2490.0,2570.0,27281
2018-03-29,2556.0,2556.0,2607.0,2545.0,2581.0,24325
2018-04-02,2635.0,2635.0,2647.0,2546.0,2592.0,19762
2018-04-03,2498.0,2498.0,2606.0,2477.0,2600.0,35684
2018-04-04,2475.0,2475.0,2517.0,2440.0,2471.0,33791
2018-04-05,2508.0,2508.0,2534.0,2433.0,2477.0,36863
2018-04-06,2453.0,2453.0,2516.0,2440.0,2508.0,37642
2018-04-09,2502.0,2502.0,2522.0,2417.0,2455.0,28873
2018-04-10,2489.0,2489.0,2505.0,2450.0,2504.0,23951
2018-04-11,2547.0,2547.0,2560.0,2466.0,2498.0,18429
2018-04-12,2542.0,2542.0,2564.0,2525.0,2535.0,14870
2018-04-13,2564.0,2564.0,2582.0,2536.0,2546.0,10216
2018-04-16,2702.0,2702.0,2712.0,2552.0,2571.0,2581
2018-04-17,2728.0,2728.0,2750.0,2664.0,2692.0,485
2018-04-18,2824.0,2824.0,2825.0,2736.0,2736.0,12
2018-04-19,2831.0,2831.0,2854.0,2797.0,2797.0,36
2018-04-20,2749.0,2749.0,2805.0,2741.0,2805.0,11
2018-04-23,2746.0,2746.0,2746.0,2746.0,2746.0,0
2018-04-24,2835.0,2835.0,2835.0,2835.0,2835.0,2
2018-04-25,2856.0,2856.0,2875.0,2875.0,2875.0,1
2018-04-26,2822.0,2822.0,2811.0,2805.0,2805.0,2
2018-04-27,2851.0,2851.0,2851.0,2851.0,2851.0,0
2018-04-30,2845.0,2845.0,2845.0,2845.0,2845.0,0
2018-05-01,2914.0,2914.0,2914.0,2914.0,2914.0,4
2018-05-02,2835.0,2835.0,2880.0,2839.0,2855.0,3
2018-05-03,2863.0,2863.0,2822.0,2821.0,2821.0,8
2018-05-04,2799.0,2799.0,2799.0,2799.0,2799.0,0
2018-05-07,2870.0,2870.0,2870.0,2870.0,2870.0,0
2018-05-08,2794.0,2794.0,2794.0,2794.0,2794.0,0
2018-05-09,2774.0,2774.0,2769.0,2750.0,2768.0,8
2018-05-10,2758.0,2758.0,2758.0,2758.0,2758.0,0
2018-05-11,2801.0,2801.0,2825.0,2780.0,2780.0,6
2018-05-14,2775.0,2775.0,2782.0,2775.0,2775.0,31
2018-05-15,2670.0,2670.0,2670.0,2670.0,2670.0,21802
2018-05-16,2730.0,2730.0,2740.0,2629.0,2650.0,24203
2018-05-17,2639.0,2639.0,2767.0,2626.0,2725.0,22150
2018-05-18,2678.0,2678.0,2730.0,2615.0,2615.0,24684
2018-05-21,2615.0,2615.0,2692.0,2609.0,2656.0,19946
2018-05-22,2589.0,2589.0,2669.0,2575.0,2611.0,28787
2018-05-23,2618.0,2618.0,2635.0,2585.0,2608.0,20797
2018-05-24,2603.0,2603.0,2642.0,2597.0,2627.0,15836
2018-05-25,2556.0,2556.0,2631.0,2553.0,2604.0,23857
2018-05-29,2497.0,2497.0,2589.0,2488.0,2545.0,28103
2018-05-30,2529.0,2529.0,2541.0,2494.0,2498.0,26540
2018-05-31,2454.0,2454.0,2533.0,2444.0,2529.0,41448
2018-06-01,2458.0,2458.0,2470.0,2413.0,2450.0,36079
2018-06-04,2351.0,2351.0,2457.0,2326.0,2450.0,31749
2018-06-05,2289.0,2289.0,2366.0,2278.0,2328.0,29706
2018-06-06,2296.0,2296.0,2332.0,2258.0,2290.0,32342
2018-06-07,2274.0,2274.0,2318.0,2253.0,2304.0,30853
2018-06-08,2393.0,2393.0,2399.0,2262.0,2275.0,25266
2018-06-11,2372.0,2372.0,2378.0,2308.0,2360.0,17676
2018-06-12,2413.0,2413.0,2420.0,2347.0,2373.0,14774
2018-06-13,2380.0,2380.0,2447.0,2359.0,2395.0,10844
2018-06-14,2450.0,2450.0,2470.0,2377.0,2377.0,8085
2018-06-15,2552.0,2552.0,2557.0,2415.0,2445.0,1617
2018-06-18,2509.0,2509.0,2544.0,2449.0,2544.0,409
2018-06-19,2468.0,2468.0,2505.0,2433.0,2478.0,6
2018-06-20,2568.0,2568.0,2568.0,2568.0,2568.0,2
2018-06-21,2509.0,2509.0,2517.0,2501.0,2514.0,40
2018-06-22,2484.0,2484.0,2512.0,2443.0,2512.0,30
2018-06-25,2433.0,2433.0,2489.0,2389.0,2389.0,209
2018-06-26,2431.0,2431.0,2385.0,2385.0,2385.0,4
2018-06-27,2339.0,2339.0,2339.0,2339.0,2339.0,2
2018-06-28,2418.0,2418.0,2418.0,2418.0,2418.0,0
2018-06-29,2476.0,2476.0,2476.0,2476.0,2476.0,0
2018-07-02,2465.0,2465.0,2465.0,2465.0,2465.0,0
2018-07-03,2418.0,2418.0,2418.0,2418.0,2418.0,0
2018-07-05,2446.0,2446.0,2446.0,2446.0,2446.0,0
2018-07-06,2459.0,2459.0,2459.0,2459.0,2459.0,15
2018-07-09,2443.0,2443.0,2443.0,2443.0,2443.0,31
2018-07-10,2501.0,2501.0,2468.0,2468.0,2468.0,1
2018-07-11,2484.0,2484.0,2484.0,2484.0,2484.0,0
2018-07-12,2489.0,2489.0,2489.0,2489.0,2489.0,0
2018-07-13,2517.0,2517.0,2491.0,2489.0,2489.0,10
2018-07-16,2410.0,2410.0,2410.0,2410.0,2410.0,39256
2018-07-17,2395.0,2395.0,2430.0,2360.0,2389.0,21835
2018-07-18,2337.0,2337.0,2402.0,2321.0,2397.0,19502
2018-07-19,2292.0,2292.0,2359.0,2288.0,2325.0,26154
2018-07-20,2322.0,2322.0,2337.0,2280.0,2306.0,22930
2018-07-23,2299.0,2299.0,2335.0,2276.0,2330.0,24398
2018-07-24,2257.0,2257.0,2302.0,2246.0,2291.0,17781
2018-07-25,2245.0,2245.0,2271.0,2233.0,2243.0,17556
2018-07-26,2315.0,2315.0,2348.0,2243.0,2243.0,20996
2018-07-27,2233.0,2233.0,2333.0,2212.0,2323.0,25049
2018-07-30,2239.0,2239.0,2280.0,2222.0,2222.0,16904
2018-07-31,2170.0,2170.0,2257.0,2152.0,2240.0,24635
2018-08-01,2070.0,2070.0,2166.0,2063.0,2156.0,36110
2018-08-02,2072.0,2072.0,2107.0,2053.0,2054.0,26369
2018-08-03,2046.0,2046.0,2089.0,2039.0,2069.0,24374
2018-08-06,2122.0,2122.0,2127.0,2035.0,2036.0,24817
2018-08-07,2103.0,2103.0,2119.0,2082.0,2115.0,31658
2018-08-08,2111.0,2111.0,2150.0,2085.0,2098.0,20586
2018-08-09,2081.0,2081.0,2123.0,2067.0,2105.0,12696
2018-08-10,2086.0,2086.0,2100.0,2066.0,2075.0,12175
2018-08-13,2121.0,2121.0,2129.0,2077.0,2080.0,10433
2018-08-14,2108.0,2108.0,2116.0,2092.0,2116.0,8031
2018-08-15,2083.0,2083.0,2139.0,2075.0,2110.0,6688
2018-08-16,2104.0,2104.0,2135.0,2087.0,2087.0,5846
2018-08-17,2115.0,2115.0,2120.0,2076.0,2100.0,4304
2018-08-20,2198.0,2198.0,2241.0,2095.0,2119.0,120
2018-08-21,2269.0,2269.0,2219.0,2218.0,2219.0,104
2018-08-22,2310.0,2310.0,2348.0,2297.0,2300.0,36
2018-08-23,2349.0,2349.0,2305.0,2300.0,2300.0,7
2018-08-24,2374.0,2374.0,2374.0,2374.0,2374.0,0
2018-08-27,2321.0,2321.0,2391.0,2280.0,2391.0,2
2018-08-28,2295.0,2295.0,2352.0,2326.0,2351.0,5
2018-08-29,2336.0,2336.0,2337.0,2326.0,2326.0,2
2018-08-30,2262.0,2262.0,2295.0,2295.0,2295.0,1
2018-08-31,2323.0,2323.0,2323.0,2323.0,2323.0,0
2018-09-04,2335.0,2335.0,2290.0,2290.0,2290.0,25
2018-09-05,2314.0,2314.0,2314.0,2314.0,2314.0,0
2018-09-06,2310.0,2310.0,2300.0,2300.0,2300.0,37
2018-09-07,2288.0,2288.0,2288.0,2288.0,2288.0,300
2018-09-10,2329.0,2329.0,2329.0,2329.0,2329.0,0
2018-09-11,2283.0,2283.0,2340.0,2340.0,2340.0,15
2018-09-12,2355.0,2355.0,2376.0,2375.0,2376.0,46
2018-09-13,2314.0,2314.0,2314.0,2314.0,2314.0,17215
2018-09-14,2219.0,2219.0,2327.0,2205.0,2319.0,28599
2018-09-17,2236.0,2236.0,2298.0,2219.0,2223.0,23911
2018-09-18,2242.0,2242.0,2281.0,2224.0,2238.0,15668
2018-09-19,2195.0,2195.0,2276.0,2186.0,2254.0,16527
2018-09-20,2201.0,2201.0,2234.0,2187.0,2194.0,17907
2018-09-21,2167.0,2167.0,2215.0,2155.0,2202.0,18646
2018-09-24,2235.0,2235.0,2258.0,2156.0,2160.0,26404
2018-09-25,2195.0,2195.0,2252.0,2189.0,2218.0,18159
2018-09-26,2151.0,2151.0,2212.0,2147.0,2193.0,20504
2018-09-27,2114.0,2114.0,2176.0,2111.0,2161.0,19639
2018-09-28,2057.0,2057.0,2136.0,2053.0,2115.0,29092
2018-10-01,1990.0,1990.0,2082.0,1982.0,2053.0,33483
2018-10-02,2086.0,2086.0,2097.0,2002.0,2004.0,34818
2018-10-03,2019.0,2019.0,2096.0,2014.0,2090.0,20658
2018-10-04,2010.0,2010.0,2056.0,2003.0,2012.0,19682
2018-10-05,2024.0,2024.0,2065.0,2008.0,2008.0,18216
2018-10-08,2086.0,2086.0,2105.0,2031.0,2041.0,22072
2018-10-09,2119.0,2119.0,2128.0,2075.0,2094.0,20432
2018-10-10,2088.0,2088.0,2131.0,2074.0,2116.0,15682
2018-10-11,2097.0,2097.0,2120.0,2063.0,2080.0,19218
2018-10-12,2160.0,2160.0,2164.0,2110.0,2110.0,16701
2018-10-15,2141.0,2141.0,2178.0,2083.0,2171.0,20064
2018-10-16,2194.0,2194.0,2222.0,2122.0,2131.0,23931
2018-10-17,2226.0,2226.0,2232.0,2182.0,2211.0,18800
2018-10-18,2145.0,2145.0,2216.0,2137.0,2213.0,25072
2018-10-19,2162.0,2162.0,2183.0,2113.0,2151.0,18249
2018-10-22,2220.0,2220.0,2226.0,2142.0,2173.0,19054
2018-10-23,2187.0,2187.0,2208.0,2153.0,2206.0,19349
2018-10-24,2137.0,2137.0,2228.0,2133.0,2190.0,21251
2018-10-25,2209.0,2209.0,2216.0,2144.0,2147.0,26109
2018-10-26,2251.0,2251.0,2281.0,2207.0,2215.0,24453
2018-10-29,2195.0,2195.0,2272.0,2180.0,2251.0,28281
2018-10-30,2215.0,2215.0,2228.0,2169.0,2199.0,16979
2018-10-31,2234.0,2234.0,2244.0,2190.0,2220.0,21946
2018-11-01,2264.0,2264.0,2292.0,2225.0,2235.0,29440
2018-11-02,2267.0,2267.0,2274.0,2228.0,2263.0,29777
2018-11-05,2312.0,2312.0,2323.0,2248.0,2265.0,21152
2018-11-06,2379.0,2379.0,2383.0,2310.0,2313.0,31768
2018-11-07,2383.0,2383.0,2396.0,2349.0,2390.0,21792
2018-11-08,2265.0,2265.0,2378.0,2256.0,2363.0,20162
2018-11-09,2250.0,2250.0,2288.0,2233.0,2273.0,16510
2018-11-12,2209.0,2209.0,2265.0,2199.0,2229.0,14206
2018-11-13,2211.0,2211.0,2228.0,2177.0,2214.0,12349
2018-11-14,2158.0,2158.0,2212.0,2136.0,2209.0,10442
2018-11-15,2166.0,2166.0,2221.0,2145.0,2151.0,8572
2018-11-16,2193.0,2193.0,2223.0,2172.0,2172.0,95
2018-11-19,2155.0,2155.0,2190.0,2170.0,2170.0,27
2018-11-20,2144.0,2144.0,2162.0,2128.0,2128.0,164
2018-11-21,2084.0,2084.0,2084.0,2084.0,2084.0,56
2018-11-23,2061.0,2061.0,2089.0,2083.0,2089.0,3
2018-11-26,2057.0,2057.0,2083.0,2083.0,2083.0,5
2018-11-27,2086.0,2086.0,2086.0,2086.0,2086.0,0
2018-11-28,2062.0,2062.0,2062.0,2062.0,2062.0,0
2018-11-29,2106.0,2106.0,2106.0,2106.0,2106.0,0
2018-11-30,2144.0,2144.0,2144.0,2144.0,2144.0,0
2018-12-03,2144.0,2144.0,2144.0,2144.0,2144.0,0
2018-12-04,2105.0,2105.0,2105.0,2105.0,2105.0,0
2018-12-06,2078.0,2078.0,2120.0,2120.0,2120.0,1
2018-12-07,2175.0,2175.0,2135.0,2135.0,2135.0,3
2018-12-10,2156.0,2156.0,2156.0,2156.0,2156.0,0
2018-12-11,2066.0,2066.0,2066.0,2066.0,2066.0,0
2018-12-12,2112.0,2112.0,2112.0,2112.0,2112.0,0
2018-12-13,2200.0,2200.0,2200.0,2200.0,2200.0,17342
2018-12-14,2237.0,2237.0,2279.0,2216.0,2238.0,17329
2018-12-17,2230.0,2230.0,2263.0,2204.0,2227.0,14100
2018-12-18,2271.0,2271.0,2312.0,2227.0,2230.0,14264
2018-12-19,2317.0,2317.0,2319.0,2242.0,2290.0,16227
2018-12-20,2271.0,2271.0,2317.0,2251.0,2317.0,16125
2018-12-21,2271.0,2271.0,2290.0,2221.0,2280.0,14365
2018-12-24,2315.0,2315.0,2345.0,2256.0,2276.0,10659
2018-12-26,2429.0,2429.0,2436.0,2309.0,2316.0,18444
2018-12-27,2373.0,2373.0,2401.0,2347.0,2385.0,23293
2018-12-28,2408.0,2408.0,2412.0,2342.0,2369.0,15364
2018-12-31,2416.0,2416.0,2439.0,2381.0,2410.0,14095
2019-01-02,2394.0,2394.0,2424.0,2367.0,2419.0,22875
2019-01-03,2400.0,2400.0,2423.0,2379.0,2396.0,21118
2019-01-04,2361.0,2361.0,2402.0,2314.0,2399.0,22432
2019-01-07,2410.0,2410.0,2413.0,2356.0,2362.0,16914
2019-01-08,2382.0,2382.0,2399.0,2355.0,2389.0,19167
2019-01-09,2351.0,2351.0,2387.0,2346.0,2379.0,15548
2019-01-10,2369.0,2369.0,2390.0,2327.0,2331.0,22114
2019-01-11,2356.0,2356.0,2396.0,2350.0,2372.0,15930
2019-01-14,2341.0,2341.0,2385.0,2333.0,2358.0,14234
2019-01-15,2274.0,2274.0,2362.0,2259.0,2344.0,29905
2019-01-16,2322.0,2322.0,2343.0,2282.0,2293.0,21298
2019-01-17,2335.0,2335.0,2368.0,2308.0,2322.0,16570
2019-01-18,2307.0,2307.0,2355.0,2297.0,2348.0,12436
2019-01-22,2246.0,2246.0,2303.0,2226.0,2294.0,29231
2019-01-23,2245.0,2245.0,2265.0,2227.0,2249.0,18944
2019-01-24,2256.0,2256.0,2277.0,2236.0,2244.0,17278
2019-01-25,2225.0,2225.0,2265.0,2218.0,2256.0,18908
2019-01-28,2250.0,2250.0,2304.0,2224.0,2227.0,23225
2019-01-29,2215.0,2215.0,2284.0,2206.0,2252.0,21665
2019-01-30,2176.0,2176.0,2231.0,2163.0,2217.0,27183
2019-01-31,2168.0,2168.0,2192.0,2161.0,2183.0,18152
2019-02-01,2168.0,2168.0,2202.0,2165.0,2173.0,20272
2019-02-04,2228.0,2228.0,2247.0,2169.0,2172.0,30213
2019-02-05,2219.0,2219.0,2237.0,2193.0,2220.0,22557
2019-02-06,2257.0,2257.0,2277.0,2233.0,2248.0,22339
2019-02-07,2221.0,2221.0,2269.0,2188.0,2267.0,24142
2019-02-08,2196.0,2196.0,2242.0,2190.0,2225.0,14098
2019-02-11,2224.0,2224.0,2237.0,2189.0,2189.0,15994
2019-02-12,2227.0,2227.0,2247.0,2217.0,2224.0,13647
2019-02-13,2248.0,2248.0,2270.0,2205.0,2219.0,8692
2019-02-14,2232.0,2232.0,2261.0,2212.0,2261.0,348
2019-02-15,2307.0,2307.0,2316.0,2259.0,2259.0,380
2019-02-19,2340.0,2340.0,2348.0,2320.0,2348.0,414
2019-02-20,2298.0,2298.0,2326.0,2302.0,2326.0,110
2019-02-21,2256.0,2256.0,2256.0,2256.0,2256.0,0
2019-02-22,2269.0,2269.0,2314.0,2301.0,2301.0,10
2019-02-25,2247.0,2247.0,2255.0,2244.0,2249.0,13
2019-02-26,2267.0,2267.0,2250.0,2244.0,2244.0,8
2019-02-27,2304.0,2304.0,2304.0,2304.0,2304.0,0
2019-02-28,2238.0,2238.0,2238.0,2238.0,2238.0,0
2019-03-01,2218.0,2218.0,2217.0,2217.0,2217.0,10
2019-03-04,2157.0,2157.0,2157.0,2157.0,2157.0,0
2019-03-05,2158.0,2158.0,2158.0,2158.0,2158.0,0
2019-03-06,2246.0,2246.0,2246.0,2246.0,2246.0,0
2019-03-07,2183.0,2183.0,2183.0,2183.0,2183.0,0
2019-03-08,2199.0,2199.0,2257.0,1901.0,2257.0,6
2019-03-11,2189.0,2189.0,2199.0,2199.0,2199.0,2
2019-03-12,2204.0,2204.0,2204.0,2204.0,2204.0,0
2019-03-13,2203.0,2203.0,2314.0,2314.0,2314.0,1
2019-03-14,2201.0,2201.0,2201.0,2201.0,2201.0,14952
2019-03-15,2197.0,2197.0,2224.0,2179.0,2215.0,13457
2019-03-18,2196.0,2196.0,2224.0,2172.0,2199.0,13238
2019-03-19,2202.0,2202.0,2245.0,2184.0,2189.0,19603
2019-03-20,2143.0,2143.0,2201.0,2137.0,2190.0,21731
2019-03-21,2132.0,2132.0,2155.0,2113.0,2142.0,16532
2019-03-22,2159.0,2159.0,2178.0,2127.0,2130.0,22388
2019-03-25,2216.0,2216.0,2243.0,2146.0,2159.0,32452
2019-03-26,2237.0,2237.0,2268.0,2209.0,2223.0,25417
2019-03-27,2248.0,2248.0,2261.0,2212.0,2225.0,17570
2019-03-28,2257.0,2257.0,2278.0,2232.0,2238.0,15737
2019-03-29,2280.0,2280.0,2286.0,2246.0,2254.0,18662
2019-04-01,2327.0,2327.0,2353.0,2276.0,2290.0,31198
2019-04-02,2356.0,2356.0,2373.0,2309.0,2330.0,30704
2019-04-03,2376.0,2376.0,2394.0,2349.0,2374.0,27653
2019-04-04,2415.0,2415.0,2429.0,2364.0,2388.0,36304
2019-04-05,2413.0,2413.0,2423.0,2394.0,2409.0,30323
2019-04-08,2430.0,2430.0,2443.0,2400.0,2414.0,23377
2019-04-09,2446.0,2446.0,2451.0,2386.0,2426.0,25228
2019-04-10,2443.0,2443.0,2449.0,2421.0,2439.0,13759
2019-04-11,2388.0,2388.0,2454.0,2386.0,2435.0,11038
2019-04-12,2424.0,2424.0,2444.0,2390.0,2393.0,8592
2019-04-15,2406.0,2406.0,2445.0,2402.0,2419.0,2980
2019-04-16,2364.0,2364.0,2420.0,2335.0,2420.0,142
2019-04-17,2420.0,2420.0,2410.0,2376.0,2389.0,19
2019-04-18,2380.0,2380.0,2407.0,2400.0,2407.0,7
2019-04-22,2346.0,2346.0,2350.0,2350.0,2350.0,3
2019-04-23,2304.0,2304.0,2327.0,2300.0,2305.0,63
2019-04-24,2260.0,2260.0,2280.0,2270.0,2280.0,44
2019-04-25,2294.0,2294.0,2294.0,2294.0,2294.0,1
2019-04-26,2344.0,2344.0,2344.0,2344.0,2344.0,0
2019-04-29,2392.0,2392.0,2392.0,2392.0,2392.0,0
2019-04-30,2368.0,2368.0,2389.0,2385.0,2389.0,26
2019-05-01,2314.0,2314.0,2314.0,2314.0,2314.0,0
2019-05-02,2373.0,2373.0,2407.0,2293.0,2407.0,2
2019-05-03,2378.0,2378.0,2378.0,2378.0,2378.0,2
2019-05-06,2333.0,2333.0,2324.0,2324.0,2324.0,1
2019-05-07,2291.0,2291.0,2291.0,2291.0,2291.0,0
2019-05-08,2295.0,2295.0,2316.0,2316.0,2316.0,1
2019-05-09,2326.0,2326.0,2326.0,2326.0,2326.0,0
2019-05-10,2330.0,2330.0,2333.0,2331.0,2333.0,4
2019-05-13,2304.0,2304.0,2304.0,2304.0,2304.0,0
2019-05-14,2310.0,2310.0,2310.0,2310.0,2310.0,0
2019-05-15,2338.0,2338.0,2338.0,2338.0,2338.0,29833
2019-05-16,2372.0,2372.0,2379.0,2303.0,2321.0,22465
2019-05-17,2353.0,2353.0,2378.0,2342.0,2375.0,14620
2019-05-20,2387.0,2387.0,2393.0,2332.0,2353.0,16428
2019-05-21,2446.0,2446.0,2453.0,2374.0,2391.0,26891
2019-05-22,2413.0,2413.0,2447.0,2409.0,2447.0,22754
2019-05-23,2426.0,2426.0,2432.0,2392.0,2415.0,19399
2019-05-24,2467.0,2467.0,2478.0,2426.0,2431.0,13067
2019-05-28,2450.0,2450.0,2478.0,2440.0,2462.0,21054
2019-05-29,2438.0,2438.0,2473.0,2407.0,2453.0,17985
2019-05-30,2428.0,2428.0,2454.0,2405.0,2443.0,15262
2019-05-31,2400.0,2400.0,2445.0,2393.0,2428.0,15882
2019-06-03,2351.0,2351.0,2416.0,2337.0,2411.0,28660
2019-06-04,2360.0,2360.0,2380.0,2307.0,2368.0,24535
2019-06-05,2401.0,2401.0,2404.0,2339.0,2373.0,25605
2019-06-06,2427.0,2427.0,2433.0,2376.0,2377.0,20207
2019-06-07,2478.0,2478.0,2482.0,2409.0,2431.0,34758
2019-06-10,2544.0,2544.0,2548.0,2464.0,2476.0,30289
2019-06-11,2539.0,2539.0,2570.0,2525.0,2536.0,13469
2019-06-12,2568.0,2568.0,2583.0,2559.0,2562.0,11499
2019-06-13,2527.0,2527.0,2553.0,2520.0,2548.0,10136
2019-06-14,2502.0,2502.0,2542.0,2471.0,2527.0,3347
2019-06-17,2500.0,2500.0,2508.0,2440.0,2490.0,210
2019-06-18,2529.0,2529.0,2526.0,2516.0,2520.0,114
2019-06-19,2538.0,2538.0,2535.0,2535.0,2535.0,39
2019-06-20,2471.0,2471.0,2483.0,2483.0,2483.0,1
2019-06-21,2527.0,2527.0,2527.0,2527.0,2527.0,0
2019-06-24,2512.0,2512.0,2540.0,2519.0,2540.0,65
2019-06-25,2489.0,2489.0,2489.0,2489.0,2489.0,0
2019-06-26,2486.0,2486.0,2485.0,2484.0,2485.0,2
2019-06-27,2478.0,2478.0,2478.0,2478.0,2478.0,0
2019-06-28,2450.0,2450.0,2450.0,2450.0,2450.0,0
2019-07-01,2526.0,2526.0,2526.0,2526.0,2526.0,0
2019-07-02,2497.0,2497.0,2497.0,2497.0,2497.0,0
2019-07-03,2458.0,2458.0,2469.0,2467.0,2467.0,2
2019-07-05,2488.0,2488.0,2488.0,2488.0,2488.0,0
2019-07-08,2602.0,2602.0,2602.0,2602.0,2602.0,48
2019-07-09,2547.0,2547.0,2547.0,2547.0,2547.0,0
2019-07-10,2534.0,2534.0,2534.0,2534.0,2534.0,0
2019-07-11,2516.0,2516.0,2516.0,2516.0,2516.0,0
2019-07-12,2528.0,2528.0,2502.0,2502.0,2502.0,1
2019-07-15,2445.0,2445.0,2445.0,2445.0,2445.0,0
2019-07-16,2454.0,2454.0,2454.0,2454.0,2454.0,21173
2019-07-17,2424.0,2424.0,2448.0,2416.0,2445.0,10186
2019-07-18,2440.0,2440.0,2459.0,2429.0,2432.0,10255
2019-07-19,2467.0,2467.0,2495.0,2446.0,2447.0,12217
2019-07-22,2532.0,2532.0,2538.0,2473.0,2486.0,20589
2019-07-23,2475.0,2475.0,2522.0,2471.0,2516.0,16184
2019-07-24,2463.0,2463.0,2500.0,2455.0,2477.0,13750
2019-07-25,2434.0,2434.0,2470.0,2423.0,2463.0,19919
2019-07-26,2389.0,2389.0,2452.0,2387.0,2443.0,17821
2019-07-29,2383.0,2383.0,2400.0,2366.0,2385.0,17625
2019-07-30,2379.0,2379.0,2406.0,2361.0,2383.0,14389
2019-07-31,2345.0,2345.0,2384.0,2332.0,2378.0,19434
2019-08-01,2329.0,2329.0,2366.0,2313.0,2338.0,28279
2019-08-02,2320.0,2320.0,2354.0,2307.0,2340.0,25701
2019-08-05,2308.0,2308.0,2336.0,2280.0,2319.0,23809
2019-08-06,2252.0,2252.0,2304.0,2246.0,2300.0,25233
2019-08-07,2224.0,2224.0,2263.0,2217.0,2263.0,26821
2019-08-08,2205.0,2205.0,2232.0,2194.0,2231.0,18741
2019-08-09,2195.0,2195.0,2216.0,2184.0,2205.0,15039
2019-08-12,2194.0,2194.0,2229.0,2191.0,2201.0,11903
2019-08-13,2153.0,2153.0,2197.0,2146.0,2192.0,14427
2019-08-14,2143.0,2143.0,2169.0,2134.0,2156.0,11288
2019-08-15,2134.0,2134.0,2167.0,2132.0,2160.0,7872
2019-08-16,2111.0,2111.0,2144.0,2089.0,2138.0,6412
2019-08-19,2126.0,2126.0,2131.0,2103.0,2129.0,173
2019-08-20,2149.0,2149.0,2134.0,2129.0,2134.0,131
2019-08-21,2191.0,2191.0,2207.0,2165.0,2165.0,29
2019-08-22,2200.0,2200.0,2200.0,2200.0,2200.0,4
2019-08-23,2208.0,2208.0,2238.0,2217.0,2238.0,2
2019-08-26,2197.0,2197.0,2197.0,2197.0,2197.0,0
2019-08-27,2206.0,2206.0,2206.0,2206.0,2206.0,0
2019-08-28,2198.0,2198.0,2198.0,2198.0,2198.0,0
2019-08-29,2124.0,2124.0,2160.0,2160.0,2160.0,2
2019-08-30,2161.0,2161.0,2161.0,2161.0,2161.0,0
2019-09-03,2184.0,2184.0,2184.0,2184.0,2184.0,0
2019-09-04,2208.0,2208.0,2208.0,2208.0,2208.0,0
2019-09-05,2184.0,2184.0,2184.0,2184.0,2184.0,0
2019-09-06,2216.0,2216.0,2216.0,2216.0,2216.0,0
2019-09-09,2235.0,2235.0,2235.0,2235.0,2235.0,0
2019-09-10,2218.0,2218.0,2218.0,2218.0,2218.0,0
2019-09-11,2235.0,2235.0,2235.0,2235.0,2235.0,0
2019-09-12,2244.0,2244.0,2244.0,2244.0,2244.0,0
2019-09-13,2296.0,2296.0,2336.0,2245.0,2245.0,28735
2019-09-16,2383.0,2383.0,2390.0,2323.0,2337.0,23609
2019-09-17,2394.0,2394.0,2405.0,2368.0,2378.0,30998
2019-09-18,2401.0,2401.0,2413.0,2380.0,2398.0,23595
2019-09-19,2468.0,2468.0,2471.0,2404.0,2409.0,29399
2019-09-20,2473.0,2473.0,2484.0,2437.0,2467.0,28040
2019-09-23,2454.0,2454.0,2481.0,2449.0,2479.0,21031
2019-09-24,2439.0,2439.0,2473.0,2433.0,2459.0,18723
2019-09-25,2469.0,2469.0,2477.0,2435.0,2440.0,18577
2019-09-26,2505.0,2505.0,2513.0,2455.0,2473.0,23694
2019-09-27,2490.0,2490.0,2514.0,2475.0,2504.0,21486
2019-09-30,2442.0,2442.0,2494.0,2440.0,2489.0,24207
2019-10-01,2453.0,2453.0,2469.0,2445.0,2453.0,21774
2019-10-02,2482.0,2482.0,2500.0,2459.0,2468.0,19126
2019-10-03,2520.0,2520.0,2529.0,2474.0,2485.0,16934
2019-10-04,2475.0,2475.0,2535.0,2468.0,2532.0,19126
2019-10-07,2422.0,2422.0,2470.0,2396.0,2470.0,31565
2019-10-08,2448.0,2448.0,2468.0,2391.0,2416.0,23521
2019-10-09,2407.0,2407.0,2462.0,2398.0,2447.0,13962
2019-10-10,2460.0,2460.0,2463.0,2404.0,2405.0,15756
2019-10-11,2506.0,2506.0,2558.0,2450.0,2454.0,28185
2019-10-14,2449.0,2449.0,2494.0,2440.0,2493.0,16958
2019-10-15,2522.0,2522.0,2539.0,2452.0,2459.0,20899
2019-10-16,2515.0,2515.0,2526.0,2485.0,2505.0,17241
2019-10-17,2488.0,2488.0,2548.0,2482.0,2521.0,20738
2019-10-18,2486.0,2486.0,2538.0,2462.0,2515.0,18622
2019-10-21,2474.0,2474.0,2505.0,2451.0,2491.0,14956
2019-10-22,2448.0,2448.0,2494.0,2443.0,2472.0,17126
2019-10-23,2457.0,2457.0,2470.0,2417.0,2456.0,19743
2019-10-24,2463.0,2463.0,2499.0,2440.0,2463.0,22318
2019-10-25,2435.0,2435.0,2482.0,2429.0,2467.0,15985
2019-10-28,2463.0,2463.0,2469.0,2420.0,2440.0,18841
2019-10-29,2485.0,2485.0,2494.0,2449.0,2461.0,27999
2019-10-30,2454.0,2454.0,2506.0,2446.0,2481.0,22328
2019-10-31,2403.0,2403.0,2474.0,2393.0,2465.0,32799
2019-11-01,2478.0,2478.0,2482.0,2386.0,2403.0,34713
2019-11-04,2486.0,2486.0,2510.0,2453.0,2465.0,27565
2019-11-05,2484.0,2484.0,2496.0,2462.0,2483.0,23122
2019-11-06,2444.0,2444.0,2492.0,2427.0,2491.0,18876
2019-11-07,2440.0,2440.0,2452.0,2407.0,2447.0,21670
2019-11-08,2503.0,2503.0,2512.0,2438.0,2440.0,16773
2019-11-11,2533.0,2533.0,2535.0,2483.0,2502.0,11464
2019-11-12,2633.0,2633.0,2648.0,2518.0,2525.0,10672
2019-11-13,2675.0,2675.0,2707.0,2614.0,2633.0,8512
2019-11-14,2761.0,2761.0,2770.0,2681.0,2706.0,3578
2019-11-15,2766.0,2766.0,2778.0,2675.0,2751.0,106
2019-11-18,2742.0,2742.0,2783.0,2717.0,2783.0,12
2019-11-19,2694.0,2694.0,2701.0,2674.0,2694.0,23
2019-11-20,2682.0,2682.0,2692.0,2666.0,2669.0,21
2019-11-21,2696.0,2696.0,2696.0,2696.0,2696.0,0
2019-11-22,2666.0,2666.0,2666.0,2666.0,2666.0,4
2019-11-25,2647.0,2647.0,2685.0,2648.0,2684.0,7
2019-11-26,2705.0,2705.0,2687.0,2640.0,2687.0,6
2019-11-27,2646.0,2646.0,2685.0,2629.0,2685.0,0
2019-11-29,2617.0,2617.0,2617.0,2617.0,2617.0,0
2019-12-02,2604.0,2604.0,2600.0,2590.0,2600.0,15
2019-12-03,2631.0,2631.0,2604.0,2604.0,2604.0,2
2019-12-04,2612.0,2612.0,2630.0,2630.0,2630.0,8
2019-12-05,2645.0,2645.0,2667.0,2600.0,2600.0,2
2019-12-06,2652.0,2652.0,2652.0,2652.0,2652.0,1
2019-12-09,2646.0,2646.0,2646.0,2646.0,2646.0,0
2019-12-10,2673.0,2673.0,2646.0,2629.0,2646.0,2
2019-12-11,2656.0,2656.0,2656.0,2656.0,2656.0,0
2019-12-12,2609.0,2609.0,2609.0,2609.0,2609.0,0
2019-12-13,2660.0,2660.0,2660.0,2660.0,2660.0,15969
2019-12-16,2545.0,2545.0,2612.0,2542.0,2556.0,22155
2019-12-17,2534.0,2534.0,2555.0,2515.0,2531.0,17925
2019-12-18,2506.0,2506.0,2549.0,2483.0,2528.0,20358
2019-12-19,2435.0,2435.0,2516.0,2426.0,2506.0,28035
2019-12-20,2417.0,2417.0,2440.0,2405.0,2434.0,23317
2019-12-23,2427.0,2427.0,2428.0,2388.0,2409.0,22919
2019-12-24,2443.0,2443.0,2450.0,2403.0,2425.0,13235
2019-12-26,2405.0,2405.0,2441.0,2397.0,2431.0,8809
2019-12-27,2497.0,2497.0,2516.0,2413.0,2413.0,27076
2019-12-30,2463.0,2463.0,2505.0,2458.0,2484.0,17398
2019-12-31,2540.0,2540.0,2545.0,2465.0,2465.0,19756
2020-01-02,2532.0,2532.0,2565.0,2506.0,2524.0,23966
2020-01-03,2519.0,2519.0,2576.0,2516.0,2534.0,16723
2020-01-06,2484.0,2484.0,2518.0,2467.0,2515.0,15577
2020-01-07,2533.0,2533.0,2549.0,2477.0,2490.0,17979
2020-01-08,2501.0,2501.0,2535.0,2497.0,2530.0,13837
2020-01-09,2554.0,2554.0,2563.0,2496.0,2496.0,16924
2020-01-10,2589.0,2589.0,2610.0,2556.0,2563.0,21537
2020-01-13,2583.0,2583.0,2600.0,2557.0,2596.0,18971
2020-01-14,2655.0,2655.0,2668.0,2605.0,2618.0,22593
2020-01-15,2689.0,2689.0,2722.0,2644.0,2664.0,24254
2020-01-16,2712.0,2712.0,2729.0,2693.0,2712.0,25399
2020-01-17,2797.0,2797.0,2808.0,2682.0,2699.0,29518
2020-01-21,2818.0,2818.0,2829.0,2776.0,2804.0,22556
2020-01-22,2803.0,2803.0,2859.0,2789.0,2819.0,19306
2020-01-23,2771.0,2771.0,2798.0,2762.0,2792.0,17735
2020-01-24,2733.0,2733.0,2792.0,2729.0,2783.0,19016
2020-01-27,2734.0,2734.0,2776.0,2697.0,2730.0,23341
2020-01-28,2703.0,2703.0,2767.0,2680.0,2739.0,20724
2020-01-29,2727.0,2727.0,2743.0,2673.0,2703.0,16992
2020-01-30,2801.0,2801.0,2826.0,2741.0,2745.0,24487
2020-01-31,2777.0,2777.0,2810.0,2763.0,2790.0,24356
2020-02-03,2734.0,2734.0,2777.0,2711.0,2753.0,32020
2020-02-04,2757.0,2757.0,2772.0,2717.0,2731.0,21701
2020-02-05,2790.0,2790.0,2812.0,2758.0,2764.0,26605
2020-02-06,2849.0,2849.0,2863.0,2760.0,2789.0,28819
2020-02-07,2900.0,2900.0,2927.0,2860.0,2860.0,36858
2020-02-10,2940.0,2940.0,2947.0,2890.0,2901.0,23193
2020-02-11,2918.0,2918.0,2994.0,2906.0,2913.0,14396
2020-02-12,2904.0,2904.0,2970.0,2879.0,2933.0,7827
2020-02-13,2988.0,2988.0,2998.0,2886.0,2897.0,4733
2020-02-14,2904.0,2904.0,2992.0,2885.0,2988.0,141
2020-02-18,2900.0,2900.0,2930.0,2900.0,2930.0,11
2020-02-19,2925.0,2925.0,2935.0,2935.0,2935.0,4
2020-02-20,2939.0,2939.0,2925.0,2925.0,2925.0,8
2020-02-21,2922.0,2922.0,2933.0,2930.0,2933.0,13
2020-02-24,2883.0,2883.0,2883.0,2883.0,2883.0,2
2020-02-25,2888.0,2888.0,2888.0,2888.0,2888.0,0
2020-02-26,2828.0,2828.0,2830.0,2830.0,2830.0,10
2020-02-27,2833.0,2833.0,2833.0,2833.0,2833.0,1
2020-02-28,2760.0,2760.0,2760.0,2760.0,2760.0,0
2020-03-02,2748.0,2748.0,2748.0,2748.0,2748.0,0
2020-03-03,2740.0,2740.0,2712.0,2712.0,2712.0,3
2020-03-04,2713.0,2713.0,2713.0,2713.0,2713.0,0
2020-03-05,2684.0,2684.0,2684.0,2684.0,2684.0,0
2020-03-06,2702.0,2702.0,2752.0,2749.0,2752.0,7
2020-03-09,2686.0,2686.0,2687.0,2687.0,2687.0,1
2020-03-10,2718.0,2718.0,2718.0,2718.0,2718.0,0
2020-03-11,2766.0,2766.0,2800.0,2786.0,2800.0,3
2020-03-12,2636.0,2636.0,2636.0,2636.0,2636.0,0
2020-03-13,2482.0,2482.0,2676.0,2500.0,2676.0,4
2020-03-16,2388.0,2388.0,2388.0,2388.0,2388.0,34560
2020-03-17,2318.0,2318.0,2325.0,2249.0,2315.0,35997
2020-03-18,2284.0,2284.0,2364.0,2271.0,2318.0,27128
2020-03-19,2216.0,2216.0,2268.0,2204.0,2242.0,30445
2020-03-20,2230.0,2230.0,2271.0,2183.0,2241.0,27298
2020-03-23,2257.0,2257.0,2268.0,2198.0,2202.0,18098
2020-03-24,2275.0,2275.0,2299.0,2239.0,2276.0,18253
2020-03-25,2248.0,2248.0,2310.0,2236.0,2300.0,14594
2020-03-26,2255.0,2255.0,2264.0,2211.0,2248.0,13804
2020-03-27,2257.0,2257.0,2268.0,2229.0,2252.0,13400
2020-03-30,2265.0,2265.0,2301.0,2242.0,2242.0,15668
2020-03-31,2249.0,2249.0,2267.0,2227.0,2257.0,14106
2020-04-01,2227.0,2227.0,2248.0,2215.0,2234.0,11954
2020-04-02,2285.0,2285.0,2289.0,2229.0,2253.0,16297
2020-04-03,2264.0,2264.0,2299.0,2243.0,2269.0,12944
2020-04-06,2366.0,2366.0,2392.0,2267.0,2284.0,18776
2020-04-07,2410.0,2410.0,2428.0,2375.0,2392.0,18963
2020-04-08,2379.0,2379.0,2412.0,2371.0,2402.0,9268
2020-04-09,2305.0,2305.0,2392.0,2297.0,2385.0,8552
2020-04-13,2253.0,2253.0,2322.0,2244.0,2308.0,4921
2020-04-14,2265.0,2265.0,2283.0,2252.0,2258.0,6293
2020-04-15,2205.0,2205.0,2246.0,2190.0,2246.0,3725
2020-04-16,2235.0,2235.0,2243.0,2202.0,2219.0,1145
2020-04-17,2379.0,2379.0,2377.0,2296.0,2296.0,58
2020-04-20,2338.0,2338.0,2320.0,2284.0,2304.0,69
2020-04-21,2298.0,2298.0,2365.0,2365.0,2365.0,1
2020-04-22,2355.0,2355.0,2355.0,2355.0,2355.0,0
2020-04-23,2343.0,2343.0,2343.0,2343.0,2343.0,0
2020-04-24,2341.0,2341.0,2340.0,2340.0,2340.0,2
2020-04-27,2348.0,2348.0,2372.0,2339.0,2339.0,4
2020-04-28,2360.0,2360.0,2360.0,2360.0,2360.0,0
2020-04-29,2395.0,2395.0,2395.0,2395.0,2395.0,0
2020-04-30,2432.0,2432.0,2432.0,2432.0,2432.0,0
2020-05-01,2420.0,2420.0,2420.0,2420.0,2420.0,0
2020-05-04,2405.0,2405.0,2405.0,2405.0,2405.0,0
2020-05-05,2396.0,2396.0,2396.0,2396.0,2396.0,0
2020-05-06,2381.0,2381.0,2381.0,2381.0,2381.0,0
2020-05-07,2399.0,2399.0,2399.0,2399.0,2399.0,0
2020-05-08,2418.0,2418.0,2418.0,2418.0,2418.0,0
2020-05-11,2481.0,2481.0,2481.0,2481.0,2481.0,0
2020-05-12,2420.0,2420.0,2420.0,2420.0,2420.0,0
2020-05-13,2474.0,2474.0,2474.0,2474.0,2474.0,17534
2020-05-14,2413.0,2413.0,2470.0,2405.0,2460.0,12082
2020-05-15,2399.0,2399.0,2433.0,2383.0,2428.0,8506
2020-05-18,2404.0,2404.0,2416.0,2376.0,2393.0,8502
2020-05-19,2435.0,2435.0,2445.0,2392.0,2401.0,7914
2020-05-20,2401.0,2401.0,2461.0,2393.0,2430.0,11534
2020-05-21,2340.0,2340.0,2411.0,2326.0,2397.0,18245
2020-05-22,2394.0,2394.0,2406.0,2318.0,2330.0,0
2020-05-26,2394.0,2394.0,2448.0,2391.0,2393.0,20819
2020-05-27,2363.0,2363.0,2412.0,2343.0,2401.0,14676
2020-05-28,2429.0,2429.0,2435.0,2346.0,2349.0,16527
2020-05-29,2454.0,2454.0,2463.0,2392.0,2425.0,20256
2020-06-01,2493.0,2493.0,2509.0,2435.0,2444.0,20172
2020-06-02,2402.0,2402.0,2502.0,2395.0,2497.0,24633
2020-06-03,2395.0,2395.0,2433.0,2372.0,2412.0,15085
2020-06-04,2396.0,2396.0,2430.0,2385.0,2400.0,12967
2020-06-05,2398.0,2398.0,2425.0,2396.0,2414.0,18683
2020-06-08,2413.0,2413.0,2432.0,2383.0,2395.0,16008
2020-06-09,2484.0,2484.0,2508.0,2405.0,2416.0,23490
2020-06-10,2470.0,2470.0,2493.0,2447.0,2490.0,9825
2020-06-11,2362.0,2362.0,2449.0,2351.0,2449.0,8584
2020-06-12,2396.0,2396.0,2421.0,2354.0,2365.0,3844
2020-06-15,2355.0,2355.0,2380.0,2316.0,2379.0,3402
2020-06-16,2360.0,2360.0,2421.0,2307.0,2380.0,1705
2020-06-17,2379.0,2379.0,2396.0,2382.0,2392.0,8
2020-06-18,2419.0,2419.0,2419.0,2419.0,2419.0,0
2020-06-19,2387.0,2387.0,2435.0,2301.0,2435.0,6
2020-06-22,2405.0,2405.0,2405.0,2405.0,2405.0,0
2020-06-23,2425.0,2425.0,2425.0,2425.0,2425.0,0
2020-06-24,2441.0,2441.0,2441.0,2441.0,2441.0,0
2020-06-25,2521.0,2521.0,2521.0,2521.0,2521.0,0
2020-06-26,2352.0,2352.0,2352.0,2352.0,2352.0,202
2020-06-29,2313.0,2313.0,2313.0,2313.0,2313.0,0
2020-06-30,2251.0,2251.0,2251.0,2251.0,2251.0,0
2020-07-01,2209.0,2209.0,2209.0,2209.0,2209.0,1
2020-07-02,2214.0,2214.0,2214.0,2214.0,2214.0,0
2020-07-06,2187.0,2187.0,2187.0,2187.0,2187.0,0
2020-07-07,2217.0,2217.0,2217.0,2217.0,2217.0,0
2020-07-08,2221.0,2221.0,2250.0,2250.0,2250.0,3
2020-07-09,2267.0,2267.0,2267.0,2267.0,2267.0,0
2020-07-10,2278.0,2278.0,2278.0,2278.0,2278.0,0
2020-07-13,2311.0,2311.0,2311.0,2311.0,2311.0,0
2020-07-14,2273.0,2273.0,2273.0,2273.0,2273.0,0
2020-07-15,2253.0,2253.0,2253.0,2253.0,2253.0,0
2020-07-16,2279.0,2279.0,2279.0,2279.0,2279.0,12624
2020-07-17,2160.0,2160.0,2212.0,2157.0,2169.0,13169
2020-07-20,2219.0,2219.0,2226.0,2137.0,2162.0,21834
2020-07-21,2176.0,2176.0,2258.0,2173.0,2215.0,20076
2020-07-22,2205.0,2205.0,2219.0,2164.0,2186.0,9329
2020-07-23,2202.0,2202.0,2229.0,2176.0,2210.0,10788
2020-07-24,2224.0,2224.0,2250.0,2188.0,2190.0,13654
2020-07-27,2286.0,2286.0,2301.0,2228.0,2229.0,18753
2020-07-28,2291.0,2291.0,2307.0,2254.0,2294.0,13486
2020-07-29,2341.0,2341.0,2365.0,2299.0,2300.0,19208
2020-07-30,2344.0,2344.0,2394.0,2329.0,2329.0,20244
2020-07-31,2400.0,2400.0,2419.0,2358.0,2371.0,19622
2020-08-03,2469.0,2469.0,2481.0,2396.0,2404.0,27375
2020-08-04,2449.0,2449.0,2485.0,2438.0,2471.0,21494
2020-08-05,2481.0,2481.0,2498.0,2448.0,2454.0,21640
2020-08-06,2510.0,2510.0,2545.0,2478.0,2481.0,26502
2020-08-07,2546.0,2546.0,2552.0,2508.0,2533.0,21719
2020-08-10,2495.0,2495.0,2559.0,2471.0,2543.0,18446
2020-08-11,2458.0,2458.0,2478.0,2427.0,2472.0,16025
2020-08-12,2479.0,2479.0,2494.0,2451.0,2451.0,7570
2020-08-13,2487.0,2487.0,2506.0,2465.0,2470.0,6006
2020-08-14,2436.0,2436.0,2538.0,2434.0,2498.0,11547
2020-08-17,2421.0,2421.0,2446.0,2397.0,2432.0,2912
2020-08-18,2476.0,2476.0,2499.0,2403.0,2410.0,15
2020-08-19,2446.0,2446.0,2493.0,2442.0,2493.0,24
2020-08-20,2440.0,2440.0,2491.0,2402.0,2448.0,16
2020-08-21,2459.0,2459.0,2469.0,2420.0,2420.0,519
2020-08-24,2509.0,2509.0,2509.0,2509.0,2509.0,0
2020-08-25,2537.0,2537.0,2537.0,2537.0,2537.0,15
2020-08-26,2526.0,2526.0,2526.0,2526.0,2526.0,0
2020-08-27,2589.0,2589.0,2589.0,2589.0,2589.0,0
2020-08-28,2692.0,2692.0,2681.0,2680.0,2680.0,24
2020-08-31,2723.0,2723.0,2731.0,2722.0,2722.0,17
2020-09-01,2735.0,2735.0,2735.0,2735.0,2735.0,0
2020-09-02,2750.0,2750.0,2750.0,2750.0,2750.0,3
2020-09-03,2703.0,2703.0,2703.0,2703.0,2703.0,0
2020-09-04,2664.0,2664.0,2664.0,2664.0,2664.0,0
2020-09-08,2624.0,2624.0,2624.0,2624.0,2624.0,0
2020-09-09,2631.0,2631.0,2664.0,2664.0,2664.0,2
2020-09-10,2606.0,2606.0,2606.0,2606.0,2606.0,0
2020-09-11,2620.0,2620.0,2627.0,2627.0,2627.0,2
2020-09-14,2628.0,2628.0,2628.0,2628.0,2628.0,0
2020-09-15,2766.0,2766.0,2766.0,2766.0,2766.0,35168
2020-09-16,2602.0,2602.0,2695.0,2592.0,2689.0,24393
2020-09-17,2600.0,2600.0,2678.0,2577.0,2600.0,16424
2020-09-18,2641.0,2641.0,2671.0,2614.0,2618.0,14848
2020-09-21,2629.0,2629.0,2707.0,2608.0,2654.0,18315
2020-09-22,2556.0,2556.0,2649.0,2547.0,2643.0,17211
2020-09-23,2580.0,2580.0,2598.0,2542.0,2553.0,13939
2020-09-24,2599.0,2599.0,2643.0,2575.0,2577.0,13267
2020-09-25,2568.0,2568.0,2624.0,2548.0,2617.0,13443
2020-09-28,2587.0,2587.0,2640.0,2576.0,2579.0,14832
2020-09-29,2588.0,2588.0,2599.0,2542.0,2581.0,14129
2020-09-30,2546.0,2546.0,2615.0,2527.0,2589.0,15535
2020-10-01,2508.0,2508.0,2527.0,2461.0,2526.0,28730
2020-10-02,2482.0,2482.0,2505.0,2442.0,2480.0,20761
2020-10-05,2459.0,2459.0,2498.0,2445.0,2469.0,20220
2020-10-06,2437.0,2437.0,2473.0,2419.0,2465.0,17157
2020-10-07,2452.0,2452.0,2467.0,2414.0,2425.0,14505
2020-10-08,2473.0,2473.0,2492.0,2454.0,2465.0,14408
2020-10-09,2432.0,2432.0,2473.0,2409.0,2472.0,15058
2020-10-12,2444.0,2444.0,2453.0,2416.0,2432.0,12560
2020-10-13,2381.0,2381.0,2439.0,2371.0,2426.0,24753
2020-10-14,2391.0,2391.0,2410.0,2360.0,2378.0,19077
2020-10-15,2343.0,2343.0,2392.0,2331.0,2390.0,19245
2020-10-16,2361.0,2361.0,2371.0,2332.0,2338.0,14889
2020-10-19,2425.0,2425.0,2437.0,2372.0,2373.0,15222
2020-10-20,2382.0,2382.0,2420.0,2372.0,2418.0,12335
2020-10-21,2427.0,2427.0,2459.0,2388.0,2405.0,12830
2020-10-22,2474.0,2474.0,2476.0,2423.0,2426.0,9780
2020-10-23,2479.0,2479.0,2510.0,2469.0,2487.0,12821
2020-10-26,2497.0,2497.0,2520.0,2463.0,2485.0,16713
2020-10-27,2452.0,2452.0,2509.0,2427.0,2495.0,14133
2020-10-28,2376.0,2376.0,2413.0,2362.0,2407.0,16261
2020-10-29,2339.0,2339.0,2386.0,2334.0,2380.0,16328
2020-10-30,2293.0,2293.0,2354.0,2280.0,2348.0,18134
2020-11-02,2257.0,2257.0,2284.0,2237.0,2271.0,21164
2020-11-03,2290.0,2290.0,2295.0,2248.0,2260.0,18691
2020-11-04,2276.0,2276.0,2289.0,2247.0,2273.0,13220
2020-11-05,2312.0,2312.0,2318.0,2268.0,2289.0,13723
2020-11-06,2333.0,2333.0,2345.0,2305.0,2319.0,13788
2020-11-09,2390.0,2390.0,2424.0,2330.0,2341.0,14529
2020-11-10,2339.0,2339.0,2419.0,2332.0,2398.0,10502
2020-11-11,2353.0,2353.0,2388.0,2344.0,2365.0,6895
2020-11-12,2340.0,2340.0,2350.0,2315.0,2350.0,6613
2020-11-13,2365.0,2365.0,2652.0,2316.0,2318.0,7079
2020-11-16,2653.0,2653.0,2650.0,2438.0,2439.0,49
2020-11-17,2768.0,2768.0,2768.0,2768.0,2768.0,2603
2020-11-18,2831.0,2831.0,2831.0,2831.0,2831.0,94
2020-11-19,2915.0,2915.0,2915.0,2915.0,2915.0,9
2020-11-20,2962.0,2962.0,2962.0,2962.0,2962.0,830
2020-11-23,3022.0,3022.0,3022.0,3022.0,3022.0,15
2020-11-24,3054.0,3054.0,3054.0,3054.0,3054.0,0
2020-11-25,2993.0,2993.0,2993.0,2993.0,2993.0,8
2020-11-27,3035.0,3035.0,3035.0,3035.0,3035.0,0
2020-11-30,3008.0,3008.0,3008.0,3008.0,3008.0,0
2020-12-01,2960.0,2960.0,2960.0,2960.0,2960.0,0
2020-12-02,2907.0,2907.0,2907.0,2907.0,2907.0,0
2020-12-03,2897.0,2897.0,2897.0,2897.0,2897.0,0
2020-12-04,2878.0,2878.0,2870.0,2870.0,2870.0,1
2020-12-07,2836.0,2836.0,2836.0,2836.0,2836.0,0
2020-12-08,2700.0,2700.0,2700.0,2684.0,2700.0,3
2020-12-09,2674.0,2674.0,2674.0,2674.0,2674.0,0
2020-12-10,2692.0,2692.0,2692.0,2692.0,2692.0,1
2020-12-11,2747.0,2747.0,2747.0,2747.0,2747.0,0
2020-12-14,2713.0,2713.0,2713.0,2713.0,2713.0,0
2020-12-15,2665.0,2665.0,2665.0,2665.0,2665.0,15954
2020-12-16,2517.0,2517.0,2558.0,2506.0,2556.0,14198
2020-12-17,2541.0,2541.0,2562.0,2511.0,2537.0,13736
2020-12-18,2506.0,2506.0,2554.0,2492.0,2541.0,14133
2020-12-21,2555.0,2555.0,2577.0,2439.0,2475.0,25936
2020-12-22,2535.0,2535.0,2579.0,2504.0,2579.0,18740
2020-12-23,2557.0,2557.0,2575.0,2524.0,2530.0,13932
2020-12-24,2593.0,2593.0,2600.0,2532.0,2561.0,6352
2020-12-28,2560.0,2560.0,2604.0,2550.0,2599.0,5906
2020-12-29,2507.0,2507.0,2558.0,2495.0,2556.0,14669
2020-12-30,2597.0,2597.0,2607.0,2499.0,2503.0,19037
2020-12-31,2603.0,2603.0,2624.0,2553.0,2611.0,11951
2021-01-04,2552.0,2552.0,2661.0,2542.0,2624.0,25426
2021-01-05,2514.0,2514.0,2542.0,2495.0,2540.0,17025
2021-01-06,2486.0,2486.0,2537.0,2471.0,2514.0,16193
2021-01-07,2547.0,2547.0,2551.0,2468.0,2480.0,22080
2021-01-08,2516.0,2516.0,2564.0,2500.0,2543.0,14169
2021-01-11,2480.0,2480.0,2516.0,2471.0,2499.0,14899
2021-01-12,2498.0,2498.0,2516.0,2479.0,2488.0,12939
2021-01-13,2499.0,2499.0,2538.0,2486.0,2498.0,15200
2021-01-14,2500.0,2500.0,2518.0,2463.0,2494.0,16723
2021-01-15,2527.0,2527.0,2559.0,2512.0,2534.0,14749
2021-01-19,2590.0,2590.0,2605.0,2521.0,2546.0,24116
2021-01-20,2569.0,2569.0,2624.0,2556.0,2599.0,20172
2021-01-21,2550.0,2550.0,2573.0,2537.0,2573.0,14201
2021-01-22,2529.0,2529.0,2537.0,2483.0,2536.0,19706
2021-01-25,2508.0,2508.0,2525.0,2490.0,2518.0,18154
2021-01-26,2545.0,2545.0,2555.0,2489.0,2502.0,19921
2021-01-27,2504.0,2504.0,2597.0,2498.0,2560.0,18018
2021-01-28,2510.0,2510.0,2530.0,2478.0,2491.0,15995
2021-01-29,2531.0,2531.0,2545.0,2500.0,2505.0,14566
2021-02-01,2547.0,2547.0,2569.0,2501.0,2535.0,15775
2021-02-02,2599.0,2599.0,2622.0,2542.0,2548.0,35418
2021-02-03,2527.0,2527.0,2589.0,2520.0,2582.0,21335
2021-02-04,2532.0,2532.0,2565.0,2521.0,2526.0,17416
2021-02-05,2587.0,2587.0,2618.0,2533.0,2539.0,24891
2021-02-08,2577.0,2577.0,2614.0,2555.0,2597.0,16741
2021-02-09,2581.0,2581.0,2629.0,2575.0,2590.0,13103
2021-02-10,2677.0,2677.0,2707.0,2599.0,2600.0,10874
2021-02-11,2449.0,2449.0,2700.0,2423.0,2686.0,3442
2021-02-12,2503.0,2503.0,2529.0,2471.0,2478.0,85
2021-02-16,2498.0,2498.0,2498.0,2498.0,2498.0,1
2021-02-17,2447.0,2447.0,2457.0,2445.0,2445.0,30
2021-02-18,2552.0,2552.0,2560.0,2558.0,2560.0,56
2021-02-19,2535.0,2535.0,2535.0,2535.0,2535.0,62
2021-02-22,2582.0,2582.0,2582.0,2582.0,2582.0,0
2021-02-23,2596.0,2596.0,2596.0,2596.0,2596.0,97
2021-02-24,2650.0,2650.0,2650.0,2650.0,2650.0,0
2021-02-25,2705.0,2705.0,2705.0,2705.0,2705.0,0
2021-02-26,2701.0,2701.0,2701.0,2701.0,2701.0,0
2021-03-01,2736.0,2736.0,2736.0,2736.0,2736.0,0
2021-03-02,2742.0,2742.0,2742.0,2742.0,2742.0,0
2021-03-03,2754.0,2754.0,2754.0,2754.0,2754.0,0
2021-03-04,2785.0,2785.0,2640.0,2635.0,2639.0,22
2021-03-05,2706.0,2706.0,2706.0,2706.0,2706.0,0
2021-03-08,2693.0,2693.0,2693.0,2693.0,2693.0,0
2021-03-09,2713.0,2713.0,2713.0,2713.0,2713.0,0
2021-03-10,2733.0,2733.0,2727.0,2727.0,2727.0,28
2021-03-11,2753.0,2753.0,2753.0,2753.0,2753.0,0
2021-03-12,2574.0,2574.0,2574.0,2574.0,2574.0,87
2021-03-15,2590.0,2590.0,2610.0,2610.0,2610.0,4
2021-03-16,2512.0,2512.0,2595.0,1900.0,2595.0,14042
2021-03-17,2521.0,2521.0,2533.0,2505.0,2530.0,12332
2021-03-18,2542.0,2542.0,2559.0,2525.0,2529.0,13600
2021-03-19,2493.0,2493.0,2542.0,2465.0,2542.0,18857
2021-03-22,2505.0,2505.0,2513.0,2466.0,2484.0,10611
2021-03-23,2447.0,2447.0,2511.0,2443.0,2506.0,17807
2021-03-24,2435.0,2435.0,2454.0,2415.0,2445.0,17815
2021-03-25,2456.0,2456.0,2481.0,2423.0,2428.0,18620
2021-03-26,2458.0,2458.0,2474.0,2437.0,2470.0,13731
2021-03-29,2436.0,2436.0,2476.0,2423.0,2444.0,16433
2021-03-30,2347.0,2347.0,2441.0,2336.0,2429.0,32833
2021-03-31,2348.0,2348.0,2373.0,2340.0,2354.0,19070
2021-04-01,2392.0,2392.0,2414.0,2352.0,2361.0,29922
2021-04-05,2336.0,2336.0,2427.0,2332.0,2385.0,19115
2021-04-06,2406.0,2406.0,2418.0,2352.0,2361.0,26688
2021-04-07,2389.0,2389.0,2404.0,2363.0,2403.0,16364
2021-04-08,2355.0,2355.0,2412.0,2349.0,2393.0,17731
2021-04-09,2354.0,2354.0,2366.0,2324.0,2351.0,12414
2021-04-12,2367.0,2367.0,2386.0,2336.0,2350.0,11257
2021-04-13,2408.0,2408.0,2419.0,2377.0,2377.0,7565
2021-04-14,2421.0,2421.0,2423.0,2396.0,2396.0,5607
2021-04-15,2413.0,2413.0,2445.0,2405.0,2416.0,9449
2021-04-16,2408.0,2408.0,2436.0,2392.0,2413.0,2532
2021-04-19,2437.0,2437.0,2489.0,2415.0,2447.0,41
2021-04-20,2379.0,2379.0,2417.0,2417.0,2417.0,2
2021-04-21,2399.0,2399.0,2442.0,2384.0,2442.0,2
2021-04-22,2402.0,2402.0,2445.0,2445.0,2445.0,1
2021-04-23,2410.0,2410.0,2446.0,2446.0,2446.0,5
2021-04-26,2447.0,2447.0,2447.0,2447.0,2447.0,8
2021-04-27,2438.0,2438.0,2438.0,2438.0,2438.0,0
2021-04-28,2432.0,2432.0,2432.0,2432.0,2432.0,0
2021-04-29,2459.0,2459.0,2459.0,2459.0,2459.0,0
2021-04-30,2342.0,2342.0,2401.0,2324.0,2398.0,16
2021-05-03,2328.0,2328.0,2328.0,2328.0,2328.0,0
2021-05-04,2283.0,2283.0,2283.0,2283.0,2283.0,0
2021-05-05,2354.0,2354.0,2354.0,2354.0,2354.0,0
2021-05-06,2372.0,2372.0,2372.0,2372.0,2372.0,0
2021-05-07,2422.0,2422.0,2422.0,2422.0,2422.0,0
2021-05-10,2473.0,2473.0,2473.0,2473.0,2473.0,0
2021-05-11,2425.0,2425.0,2425.0,2425.0,2425.0,0
2021-05-12,2476.0,2476.0,2476.0,2476.0,2476.0,0
2021-05-13,2461.0,2461.0,2461.0,2461.0,2461.0,18866
2021-05-14,2474.0,2474.0,2508.0,2460.0,2502.0,17131
2021-05-17,2539.0,2539.0,2552.0,2477.0,2477.0,19568
2021-05-18,2504.0,2504.0,2539.0,2499.0,2536.0,17015
2021-05-19,2469.0,2469.0,2509.0,2451.0,2494.0,16513
2021-05-20,2444.0,2444.0,2477.0,2425.0,2463.0,14628
2021-05-21,2456.0,2456.0,2470.0,2433.0,2440.0,12890
2021-05-24,2389.0,2389.0,2491.0,2383.0,2448.0,21438
2021-05-25,2380.0,2380.0,2409.0,2371.0,2389.0,16805
2021-05-26,2422.0,2422.0,2431.0,2392.0,2404.0,18751
2021-05-27,2430.0,2430.0,2449.0,2385.0,2422.0,17022
2021-05-28,2412.0,2412.0,2439.0,2406.0,2432.0,11526
2021-06-01,2431.0,2431.0,2471.0,2415.0,2417.0,28741
2021-06-02,2426.0,2426.0,2441.0,2407.0,2428.0,16102
2021-06-03,2415.0,2415.0,2460.0,2399.0,2433.0,22136
2021-06-04,2409.0,2409.0,2435.0,2388.0,2406.0,16964
2021-06-07,2350.0,2350.0,2408.0,2345.0,2408.0,23591
2021-06-08,2375.0,2375.0,2386.0,2338.0,2352.0,22691
2021-06-09,2348.0,2348.0,2388.0,2341.0,2377.0,10110
2021-06-10,2383.0,2383.0,2393.0,2345.0,2348.0,12700
2021-06-11,2350.0,2350.0,2384.0,2338.0,2383.0,8096
2021-06-14,2396.0,2396.0,2402.0,2346.0,2346.0,8161
2021-06-15,2373.0,2373.0,2386.0,2362.0,2382.0,6324
2021-06-16,2347.0,2347.0,2373.0,2311.0,2373.0,4056
2021-06-17,2311.0,2311.0,2436.0,2278.0,2347.0,68
2021-06-18,2302.0,2302.0,2302.0,2302.0,2302.0,0
2021-06-21,2308.0,2308.0,2308.0,2308.0,2308.0,26
2021-06-22,2326.0,2326.0,2360.0,2359.0,2359.0,10
2021-06-23,2297.0,2297.0,2338.0,2337.0,2337.0,7
2021-06-24,2315.0,2315.0,2315.0,2314.0,2314.0,4
2021-06-25,2351.0,2351.0,2352.0,2352.0,2352.0,2
2021-06-28,2351.0,2351.0,2351.0,2351.0,2351.0,0
2021-06-29,2361.0,2361.0,2361.0,2361.0,2361.0,0
2021-06-30,2360.0,2360.0,2360.0,2360.0,2360.0,0
2021-07-01,2325.0,2325.0,2325.0,2325.0,2325.0,10
2021-07-02,2290.0,2290.0,2290.0,2290.0,2290.0,2
2021-07-06,2269.0,2269.0,2269.0,2269.0,2269.0,0
2021-07-07,2267.0,2267.0,2297.0,2296.0,2296.0,2
2021-07-08,2266.0,2266.0,2266.0,2266.0,2266.0,0
2021-07-09,2318.0,2318.0,2318.0,2318.0,2318.0,0
2021-07-12,2401.0,2401.0,2601.0,2601.0,2601.0,2
2021-07-13,2370.0,2370.0,2370.0,2370.0,2370.0,0
2021-07-14,2373.0,2373.0,2373.0,2373.0,2373.0,0
2021-07-15,2340.0,2340.0,2340.0,2340.0,2340.0,12612
2021-07-16,2320.0,2320.0,2391.0,2304.0,2375.0,18751
2021-07-19,2239.0,2239.0,2303.0,2236.0,2300.0,26442
2021-07-20,2257.0,2257.0,2260.0,2232.0,2246.0,17429
2021-07-21,2265.0,2265.0,2285.0,2249.0,2257.0,14155
2021-07-22,2317.0,2317.0,2325.0,2256.0,2265.0,19284
2021-07-23,2321.0,2321.0,2336.0,2299.0,2313.0,15070
2021-07-26,2392.0,2392.0,2417.0,2327.0,2327.0,33453
2021-07-27,2393.0,2393.0,2407.0,2373.0,2384.0,17661
2021-07-28,2427.0,2427.0,2446.0,2376.0,2387.0,20621
2021-07-29,2435.0,2435.0,2455.0,2406.0,2434.0,19378
2021-07-30,2366.0,2366.0,2416.0,2356.0,2410.0,27086
2021-08-02,2363.0,2363.0,2368.0,2333.0,2359.0,21280
2021-08-03,2426.0,2426.0,2433.0,2361.0,2371.0,31834
2021-08-04,2393.0,2393.0,2462.0,2387.0,2435.0,27184
2021-08-05,2405.0,2405.0,2431.0,2388.0,2392.0,18523
2021-08-06,2417.0,2417.0,2423.0,2391.0,2404.0,24585
2021-08-09,2411.0,2411.0,2428.0,2399.0,2416.0,28106
2021-08-10,2468.0,2468.0,2474.0,2404.0,2412.0,20041
2021-08-11,2509.0,2509.0,2514.0,2457.0,2463.0,18589
2021-08-12,2507.0,2507.0,2530.0,2498.0,2512.0,11743
2021-08-13,2547.0,2547.0,2550.0,2510.0,2510.0,9127
2021-08-16,2544.0,2544.0,2578.0,2538.0,2540.0,10340
2021-08-17,2607.0,2607.0,2620.0,2525.0,2540.0,3827
2021-08-18,2630.0,2630.0,2630.0,2599.0,2599.0,3
2021-08-19,2641.0,2641.0,2672.0,2574.0,2640.0,16
2021-08-20,2580.0,2580.0,2633.0,2633.0,2633.0,1
2021-08-23,2574.0,2574.0,2593.0,2593.0,2593.0,1
2021-08-24,2590.0,2590.0,2590.0,2590.0,2590.0,0
2021-08-25,2632.0,2632.0,2632.0,2632.0,2632.0,0
2021-08-26,2643.0,2643.0,2643.0,2643.0,2643.0,0
2021-08-27,2602.0,2602.0,2602.0,2602.0,2602.0,0
2021-08-30,2617.0,2617.0,2617.0,2617.0,2617.0,0
2021-08-31,2560.0,2560.0,2580.0,2574.0,2580.0,3
2021-09-01,2558.0,2558.0,2558.0,2558.0,2558.0,0
2021-09-02,2631.0,2631.0,2631.0,2631.0,2631.0,0
2021-09-03,2674.0,2674.0,2674.0,2674.0,2674.0,0
2021-09-07,2753.0,2753.0,2750.0,2750.0,2750.0,26
2021-09-08,2727.0,2727.0,2727.0,2727.0,2727.0,0
2021-09-09,2713.0,2713.0,2713.0,2713.0,2713.0,0
2021-09-10,2643.0,2643.0,2643.0,2643.0,2643.0,0
2021-09-13,2677.0,2677.0,2677.0,2677.0,2677.0,0
2021-09-14,2696.0,2696.0,2696.0,2696.0,2696.0,0
2021-09-15,2703.0,2703.0,2703.0,2703.0,2703.0,16321
2021-09-16,2657.0,2657.0,2674.0,2640.0,2665.0,9643
2021-09-17,2665.0,2665.0,2672.0,2635.0,2663.0,11863
2021-09-20,2593.0,2593.0,2651.0,2579.0,2651.0,24454
2021-09-21,2605.0,2605.0,2641.0,2594.0,2606.0,15380
2021-09-22,2652.0,2652.0,2661.0,2614.0,2623.0,17186
2021-09-23,2612.0,2612.0,2658.0,2605.0,2652.0,16000
2021-09-24,2591.0,2591.0,2617.0,2561.0,2609.0,16078
2021-09-27,2546.0,2546.0,2597.0,2542.0,2582.0,17756
2021-09-28,2555.0,2555.0,2584.0,2537.0,2545.0,17975
2021-09-29,2589.0,2589.0,2602.0,2559.0,2567.0,16315
2021-09-30,2652.0,2652.0,2666.0,2587.0,2596.0,23766
2021-10-01,2710.0,2710.0,2723.0,2633.0,2641.0,24042
2021-10-04,2752.0,2752.0,2792.0,2705.0,2712.0,25174
2021-10-05,2755.0,2755.0,2768.0,2717.0,2762.0,21110
2021-10-06,2715.0,2715.0,2754.0,2681.0,2754.0,24068
2021-10-07,2726.0,2726.0,2750.0,2716.0,2723.0,13244
2021-10-08,2750.0,2750.0,2774.0,2726.0,2737.0,16608
2021-10-11,2682.0,2682.0,2753.0,2672.0,2752.0,19919
2021-10-12,2675.0,2675.0,2711.0,2662.0,2684.0,13898
2021-10-13,2602.0,2602.0,2684.0,2588.0,2675.0,25149
2021-10-14,2584.0,2584.0,2629.0,2567.0,2605.0,22151
2021-10-15,2607.0,2607.0,2617.0,2565.0,2588.0,18526
2021-10-18,2610.0,2610.0,2636.0,2580.0,2606.0,13778
2021-10-19,2559.0,2559.0,2632.0,2526.0,2623.0,24314
2021-10-20,2505.0,2505.0,2555.0,2499.0,2542.0,20158
2021-10-21,2555.0,2555.0,2568.0,2508.0,2514.0,24165
2021-10-22,2583.0,2583.0,2601.0,2518.0,2560.0,17196
2021-10-25,2616.0,2616.0,2632.0,2581.0,2588.0,21074
2021-10-26,2581.0,2581.0,2620.0,2571.0,2601.0,13928
2021-10-27,2603.0,2603.0,2614.0,2558.0,2580.0,17070
2021-10-28,2571.0,2571.0,2618.0,2563.0,2600.0,20000
2021-10-29,2544.0,2544.0,2568.0,2525.0,2564.0,16693
2021-11-01,2564.0,2564.0,2566.0,2510.0,2548.0,17143
2021-11-02,2457.0,2457.0,2559.0,2455.0,2557.0,27303
2021-11-03,2424.0,2424.0,2481.0,2405.0,2457.0,28296
2021-11-04,2440.0,2440.0,2462.0,2423.0,2427.0,14714
2021-11-05,2397.0,2397.0,2452.0,2390.0,2439.0,28032
2021-11-08,2433.0,2433.0,2438.0,2382.0,2400.0,21069
2021-11-09,2433.0,2433.0,2445.0,2395.0,2440.0,17287
2021-11-10,2473.0,2473.0,2503.0,2428.0,2435.0,16255
2021-11-11,2485.0,2485.0,2492.0,2448.0,2468.0,9321
2021-11-12,2470.0,2470.0,2479.0,2456.0,2479.0,5664
2021-11-15,2458.0,2458.0,2490.0,2439.0,2471.0,5109
2021-11-16,2505.0,2505.0,2510.0,2468.0,2480.0,36
2021-11-17,2514.0,2514.0,2538.0,2456.0,2520.0,18
2021-11-18,2552.0,2552.0,2554.0,2547.0,2554.0,5
2021-11-19,2493.0,2493.0,2550.0,2493.0,2549.0,25
2021-11-22,2498.0,2498.0,2498.0,2498.0,2498.0,0
2021-11-23,2478.0,2478.0,2478.0,2478.0,2478.0,0
2021-11-24,2456.0,2456.0,2469.0,2469.0,2469.0,15
2021-11-26,2340.0,2340.0,2340.0,2340.0,2340.0,0
2021-11-29,2322.0,2322.0,2322.0,2322.0,2322.0,0
2021-11-30,2314.0,2314.0,2320.0,2320.0,2320.0,2
2021-12-01,2320.0,2320.0,2320.0,2320.0,2320.0,0
2021-12-02,2421.0,2421.0,2421.0,2421.0,2421.0,0
2021-12-03,2435.0,2435.0,2435.0,2435.0,2435.0,0
2021-12-06,2428.0,2428.0,2428.0,2428.0,2428.0,0
2021-12-07,2453.0,2453.0,2453.0,2453.0,2453.0,0
2021-12-08,2466.0,2466.0,2569.0,2569.0,2569.0,1
2021-12-09,2447.0,2447.0,2447.0,2447.0,2447.0,0
2021-12-10,2462.0,2462.0,2462.0,2462.0,2462.0,0
2021-12-13,2528.0,2528.0,2630.0,2630.0,2630.0,1
2021-12-14,2584.0,2584.0,2625.0,2625.0,2625.0,1
2021-12-15,2627.0,2627.0,2627.0,2627.0,2627.0,16734
2021-12-16,2547.0,2547.0,2567.0,2497.0,2561.0,17933
2021-12-17,2497.0,2497.0,2550.0,2478.0,2540.0,15934
2021-12-20,2423.0,2423.0,2477.0,2417.0,2467.0,18335
2021-12-21,2460.0,2460.0,2475.0,2420.0,2433.0,12410
2021-12-22,2466.0,2466.0,2498.0,2456.0,2470.0,13069
2021-12-23,2473.0,2473.0,2510.0,2446.0,2473.0,0
2021-12-27,2461.0,2461.0,2487.0,2433.0,2464.0,6692
2021-12-28,2485.0,2485.0,2498.0,2460.0,2476.0,9060
2021-12-29,2515.0,2515.0,2519.0,2464.0,2482.0,11564
2021-12-30,2559.0,2559.0,2576.0,2502.0,2509.0,19967
2021-12-31,2520.0,2520.0,2565.0,2513.0,2565.0,18144
2022-01-03,2499.0,2499.0,2553.0,2476.0,2540.0,14712
2022-01-04,2462.0,2462.0,2523.0,2450.0,2502.0,21749
2022-01-05,2457.0,2457.0,2482.0,2418.0,2475.0,23898
2022-01-06,2423.0,2423.0,2452.0,2408.0,2440.0,17841
2022-01-07,2521.0,2521.0,2530.0,2435.0,2442.0,24723
2022-01-10,2521.0,2521.0,2539.0,2499.0,2514.0,18059
2022-01-11,2588.0,2588.0,2604.0,2515.0,2535.0,26805
2022-01-12,2559.0,2559.0,2610.0,2550.0,2595.0,24958
2022-01-13,2609.0,2609.0,2629.0,2560.0,2560.0,21234
2022-01-14,2659.0,2659.0,2683.0,2624.0,2625.0,21192
2022-01-18,2631.0,2631.0,2675.0,2620.0,2668.0,31842
2022-01-19,2657.0,2657.0,2680.0,2607.0,2624.0,18402
2022-01-20,2660.0,2660.0,2695.0,2639.0,2656.0,18762
2022-01-21,2576.0,2576.0,2640.0,2575.0,2627.0,26905
2022-01-24,2493.0,2493.0,2576.0,2492.0,2569.0,25526
2022-01-25,2503.0,2503.0,2524.0,2488.0,2504.0,20901
2022-01-26,2513.0,2513.0,2535.0,2496.0,2505.0,16077
2022-01-27,2451.0,2451.0,2497.0,2439.0,2484.0,21863
2022-01-28,2494.0,2494.0,2499.0,2440.0,2444.0,18035
2022-01-31,2528.0,2528.0,2534.0,2491.0,2508.0,20650
2022-02-01,2613.0,2613.0,2619.0,2530.0,2533.0,25087
2022-02-02,2617.0,2617.0,2641.0,2601.0,2613.0,23079
2022-02-03,2634.0,2634.0,2650.0,2591.0,2612.0,19568
2022-02-04,2668.0,2668.0,2678.0,2646.0,2648.0,26114
2022-02-07,2624.0,2624.0,2676.0,2615.0,2659.0,25403
2022-02-08,2669.0,2669.0,2677.0,2626.0,2632.0,17465
2022-02-09,2756.0,2756.0,2762.0,2663.0,2667.0,21961
2022-02-10,2786.0,2786.0,2790.0,2741.0,2756.0,11348
2022-02-11,2766.0,2766.0,2772.0,2723.0,2768.0,9500
2022-02-14,2677.0,2677.0,2733.0,2673.0,2733.0,5636
2022-02-15,2667.0,2667.0,2703.0,2659.0,2693.0,5460
2022-02-16,2611.0,2611.0,2688.0,2605.0,2685.0,4459
2022-02-17,2589.0,2589.0,2644.0,2584.0,2605.0,7330
2022-02-18,2573.0,2573.0,2605.0,2560.0,2595.0,1333
2022-02-22,2611.0,2611.0,2600.0,2560.0,2590.0,15
2022-02-23,2626.0,2626.0,2628.0,2622.0,2622.0,37
2022-02-24,2578.0,2578.0,2578.0,2578.0,2578.0,30
2022-02-25,2576.0,2576.0,2571.0,2568.0,2568.0,2
2022-02-28,2491.0,2491.0,2503.0,2503.0,2503.0,1
2022-03-01,2483.0,2483.0,2491.0,2491.0,2491.0,1
2022-03-02,2491.0,2491.0,2527.0,2478.0,2503.0,45
2022-03-03,2524.0,2524.0,2495.0,2495.0,2495.0,1
2022-03-04,2582.0,2582.0,2582.0,2582.0,2582.0,0
2022-03-07,2597.0,2597.0,2597.0,2597.0,2597.0,0
2022-03-08,2597.0,2597.0,2597.0,2597.0,2597.0,10
2022-03-09,2624.0,2624.0,2624.0,2624.0,2624.0,0
2022-03-10,2643.0,2643.0,2629.0,2629.0,2629.0,5
2022-03-11,2580.0,2580.0,2580.0,2580.0,2580.0,0
2022-03-14,2571.0,2571.0,2571.0,2571.0,2571.0,0
2022-03-15,2461.0,2461.0,2468.0,2447.0,2468.0,2
2022-03-16,2471.0,2471.0,2471.0,2471.0,2471.0,15992
2022-03-17,2504.0,2504.0,2550.0,2453.0,2532.0,31797
2022-03-18,2537.0,2537.0,2558.0,2491.0,2513.0,17423
2022-03-21,2521.0,2521.0,2547.0,2498.0,2526.0,13964
2022-03-22,2586.0,2586.0,2594.0,2525.0,2525.0,18069
2022-03-23,2631.0,2631.0,2638.0,2586.0,2591.0,18483
2022-03-24,2583.0,2583.0,2653.0,2559.0,2641.0,20088
2022-03-25,2562.0,2562.0,2590.0,2536.0,2562.0,17345
2022-03-28,2602.0,2602.0,2621.0,2549.0,2557.0,13654
2022-03-29,2639.0,2639.0,2643.0,2598.0,2602.0,14715
2022-03-30,2651.0,2651.0,2674.0,2575.0,2638.0,21439
2022-03-31,2650.0,2650.0,2679.0,2613.0,2632.0,18301
2022-04-01,2599.0,2599.0,2647.0,2596.0,2640.0,22839
2022-04-04,2562.0,2562.0,2652.0,2555.0,2599.0,32577
2022-04-05,2534.0,2534.0,2588.0,2528.0,2559.0,21452
2022-04-06,2549.0,2549.0,2578.0,2527.0,2548.0,22003
2022-04-07,2574.0,2574.0,2586.0,2537.0,2563.0,15650
2022-04-08,2620.0,2620.0,2644.0,2577.0,2585.0,16182
2022-04-11,2616.0,2616.0,2647.0,2581.0,2621.0,11826
2022-04-12,2583.0,2583.0,2634.0,2568.0,2616.0,8315
2022-04-13,2583.0,2583.0,2615.0,2558.0,2581.0,9840
2022-04-14,2583.0,2583.0,2603.0,2570.0,2595.0,4530
2022-04-18,2525.0,2525.0,2573.0,2513.0,2571.0,5501
2022-04-19,2525.0,2525.0,2543.0,2498.0,2533.0,4355
2022-04-20,2536.0,2536.0,2567.0,2523.0,2530.0,4992
2022-04-21,2540.0,2540.0,2557.0,2511.0,2543.0,6677
2022-04-22,2506.0,2506.0,2532.0,2466.0,2532.0,5210
2022-04-25,2432.0,2432.0,2512.0,2430.0,2512.0,132
2022-04-26,2557.0,2557.0,2577.0,2574.0,2574.0,74
2022-04-27,2572.0,2572.0,2568.0,2568.0,2568.0,2
2022-04-28,2601.0,2601.0,2575.0,2575.0,2575.0,3
2022-04-29,2597.0,2597.0,2650.0,2650.0,2650.0,6
2022-05-02,2632.0,2632.0,2632.0,2632.0,2632.0,0
2022-05-03,2615.0,2615.0,2615.0,2615.0,2615.0,0
2022-05-04,2588.0,2588.0,2637.0,2637.0,2637.0,1
2022-05-05,2519.0,2519.0,2519.0,2519.0,2519.0,0
2022-05-06,2500.0,2500.0,2500.0,2500.0,2500.0,0
2022-05-09,2483.0,2483.0,2483.0,2483.0,2483.0,2
2022-05-10,2473.0,2473.0,2473.0,2473.0,2473.0,0
2022-05-11,2517.0,2517.0,2517.0,2517.0,2517.0,0
2022-05-12,2461.0,2461.0,2461.0,2461.0,2461.0,0
2022-05-13,2483.0,2483.0,2483.0,2483.0,2483.0,21280
2022-05-16,2505.0,2505.0,2524.0,2473.0,2483.0,17446
2022-05-17,2513.0,2513.0,2528.0,2490.0,2513.0,15062
2022-05-18,2470.0,2470.0,2506.0,2459.0,2505.0,19307
2022-05-19,2457.0,2457.0,2468.0,2437.0,2464.0,20873
2022-05-20,2429.0,2429.0,2475.0,2404.0,2459.0,21673
2022-05-23,2451.0,2451.0,2471.0,2427.0,2432.0,21168
2022-05-24,2441.0,2441.0,2458.0,2427.0,2439.0,13882
2022-05-25,2407.0,2407.0,2446.0,2391.0,2431.0,25150
2022-05-26,2464.0,2464.0,2474.0,2395.0,2398.0,35424
2022-05-27,2462.0,2462.0,2477.0,2448.0,2467.0,13612
2022-05-31,2496.0,2496.0,2518.0,2476.0,2505.0,24260
2022-06-01,2524.0,2524.0,2538.0,2493.0,2496.0,26371
2022-06-02,2485.0,2485.0,2541.0,2474.0,2524.0,25089
2022-06-03,2469.0,2469.0,2535.0,2456.0,2497.0,23918
2022-06-06,2488.0,2488.0,2504.0,2467.0,2480.0,35678
2022-06-07,2475.0,2475.0,2507.0,2459.0,2486.0,32667
2022-06-08,2458.0,2458.0,2485.0,2436.0,2471.0,28272
2022-06-09,2428.0,2428.0,2477.0,2414.0,2449.0,31882
2022-06-10,2385.0,2385.0,2441.0,2377.0,2427.0,16609
2022-06-13,2334.0,2334.0,2374.0,2307.0,2374.0,19055
2022-06-14,2326.0,2326.0,2342.0,2311.0,2340.0,7766
2022-06-15,2332.0,2332.0,2340.0,2297.0,2324.0,6815
2022-06-16,2329.0,2329.0,2338.0,2300.0,2326.0,12479
2022-06-17,2387.0,2387.0,2402.0,2327.0,2335.0,7024
2022-06-21,2416.0,2416.0,2424.0,2399.0,2402.0,6766
2022-06-22,2399.0,2399.0,2415.0,2365.0,2415.0,3961
2022-06-23,2379.0,2379.0,2418.0,2376.0,2387.0,4570
2022-06-24,2381.0,2381.0,2397.0,2387.0,2387.0,27
2022-06-27,2361.0,2361.0,2371.0,2371.0,2371.0,2
2022-06-28,2353.0,2353.0,2353.0,2353.0,2353.0,0
2022-06-29,2317.0,2317.0,2317.0,2317.0,2317.0,0
2022-06-30,2291.0,2291.0,2291.0,2291.0,2291.0,0
2022-07-01,2265.0,2265.0,2265.0,2265.0,2265.0,0
2022-07-05,2266.0,2266.0,2266.0,2266.0,2266.0,0
2022-07-06,2307.0,2307.0,2323.0,2323.0,2323.0,1
2022-07-07,2305.0,2305.0,2305.0,2305.0,2305.0,0
2022-07-08,2269.0,2269.0,2269.0,2269.0,2269.0,0
2022-07-11,2324.0,2324.0,2324.0,2324.0,2324.0,0
2022-07-12,2305.0,2305.0,2305.0,2305.0,2305.0,0
2022-07-13,2254.0,2254.0,2254.0,2254.0,2254.0,0
2022-07-14,2198.0,2198.0,2198.0,2198.0,2198.0,38248
2022-07-15,2321.0,2321.0,2329.0,2251.0,2251.0,23699
2022-07-18,2329.0,2329.0,2343.0,2297.0,2335.0,16540
2022-07-19,2347.0,2347.0,2354.0,2303.0,2323.0,16275
2022-07-20,2368.0,2368.0,2387.0,2351.0,2353.0,22889
2022-07-21,2304.0,2304.0,2352.0,2294.0,2350.0,22930
2022-07-22,2297.0,2297.0,2320.0,2287.0,2299.0,16258
2022-07-25,2376.0,2376.0,2379.0,2285.0,2297.0,31694
2022-07-26,2400.0,2400.0,2409.0,2375.0,2380.0,31079
2022-07-27,2355.0,2355.0,2410.0,2338.0,2398.0,24579
2022-07-28,2317.0,2317.0,2391.0,2312.0,2380.0,24415
2022-07-29,2323.0,2323.0,2341.0,2296.0,2319.0,27827
2022-08-01,2339.0,2339.0,2355.0,2312.0,2328.0,24764
2022-08-02,2340.0,2340.0,2370.0,2323.0,2339.0,23060
2022-08-03,2281.0,2281.0,2332.0,2269.0,2325.0,31190
2022-08-04,2349.0,2349.0,2359.0,2259.0,2273.0,53011
2022-08-05,2305.0,2305.0,2370.0,2300.0,2350.0,56028
2022-08-08,2340.0,2340.0,2350.0,2299.0,2306.0,35615
2022-08-09,2363.0,2363.0,2370.0,2322.0,2345.0,42015
2022-08-10,2398.0,2398.0,2422.0,2352.0,2352.0,35019
2022-08-11,2409.0,2409.0,2430.0,2390.0,2412.0,21906
2022-08-12,2352.0,2352.0,2392.0,2341.0,2392.0,11214
2022-08-15,2360.0,2360.0,2380.0,2347.0,2358.0,5571
2022-08-16,2333.0,2333.0,2352.0,2318.0,2341.0,9446
2022-08-17,2400.0,2400.0,2417.0,2320.0,2333.0,11775
2022-08-18,2402.0,2402.0,2433.0,2382.0,2400.0,5333
2022-08-19,2362.0,2362.0,2399.0,2357.0,2376.0,5078
2022-08-22,2348.0,2348.0,2388.0,2331.0,2366.0,5233
2022-08-23,2300.0,2300.0,2365.0,2297.0,2354.0,3526
2022-08-24,2402.0,2402.0,2410.0,2288.0,2321.0,2670
2022-08-25,2418.0,2418.0,2409.0,2390.0,2391.0,30
2022-08-26,2414.0,2414.0,2414.0,2414.0,2414.0,0
2022-08-29,2429.0,2429.0,2430.0,2361.0,2366.0,648
2022-08-30,2422.0,2422.0,2422.0,2422.0,2422.0,0
2022-08-31,2427.0,2427.0,2427.0,2427.0,2427.0,0
2022-09-01,2382.0,2382.0,2382.0,2382.0,2382.0,216
2022-09-02,2430.0,2430.0,2404.0,2401.0,2401.0,3
2022-09-06,2383.0,2383.0,2438.0,2438.0,2438.0,1
2022-09-07,2308.0,2308.0,2320.0,2320.0,2320.0,1
2022-09-08,2286.0,2286.0,2286.0,2286.0,2286.0,0
2022-09-09,2360.0,2360.0,2360.0,2360.0,2360.0,1
2022-09-12,2386.0,2386.0,2386.0,2386.0,2386.0,0
2022-09-13,2350.0,2350.0,2350.0,2350.0,2350.0,0
2022-09-14,2347.0,2347.0,2394.0,2347.0,2394.0,10
2022-09-15,2412.0,2412.0,2412.0,2412.0,2412.0,32208
2022-09-16,2360.0,2360.0,2375.0,2328.0,2360.0,22014
2022-09-19,2369.0,2369.0,2395.0,2344.0,2350.0,15720
2022-09-20,2355.0,2355.0,2395.0,2340.0,2370.0,24905
2022-09-21,2352.0,2352.0,2373.0,2335.0,2347.0,15246
2022-09-22,2321.0,2321.0,2360.0,2316.0,2350.0,22483
2022-09-23,2247.0,2247.0,2315.0,2242.0,2310.0,39311
2022-09-26,2243.0,2243.0,2281.0,2192.0,2225.0,36427
2022-09-27,2286.0,2286.0,2290.0,2241.0,2252.0,24907
2022-09-28,2282.0,2282.0,2308.0,2248.0,2270.0,22823
2022-09-29,2327.0,2327.0,2333.0,2299.0,2300.0,24438
2022-09-30,2354.0,2354.0,2375.0,2330.0,2340.0,29000
2022-10-03,2337.0,2337.0,2377.0,2321.0,2358.0,30032
2022-10-04,2360.0,2360.0,2382.0,2325.0,2334.0,31025
2022-10-05,2392.0,2392.0,2403.0,2364.0,2368.0,36060
2022-10-06,2373.0,2373.0,2422.0,2367.0,2402.0,33720
2022-10-07,2396.0,2396.0,2405.0,2373.0,2390.0,22395
2022-10-10,2358.0,2358.0,2412.0,2356.0,2395.0,23849
2022-10-11,2347.0,2347.0,2388.0,2342.0,2353.0,23896
2022-10-12,2318.0,2318.0,2362.0,2312.0,2349.0,23697
2022-10-13,2385.0,2385.0,2388.0,2309.0,2316.0,31660
2022-10-14,2377.0,2377.0,2407.0,2371.0,2388.0,26338
2022-10-17,2340.0,2340.0,2395.0,2322.0,2366.0,33767
2022-10-18,2305.0,2305.0,2343.0,2303.0,2338.0,27372
2022-10-19,2308.0,2308.0,2313.0,2275.0,2304.0,28388
2022-10-20,2328.0,2328.0,2333.0,2300.0,2305.0,18246
2022-10-21,2306.0,2306.0,2319.0,2287.0,2308.0,17004
2022-10-24,2337.0,2337.0,2348.0,2317.0,2320.0,21134
2022-10-25,2296.0,2296.0,2328.0,2279.0,2323.0,28507
2022-10-26,2278.0,2278.0,2321.0,2275.0,2295.0,25370
2022-10-27,2314.0,2314.0,2324.0,2279.0,2284.0,22134
2022-10-28,2302.0,2302.0,2330.0,2287.0,2303.0,24582
2022-10-31,2335.0,2335.0,2355.0,2295.0,2297.0,27986
2022-11-01,2348.0,2348.0,2354.0,2317.0,2339.0,24453
2022-11-02,2379.0,2379.0,2390.0,2353.0,2355.0,30594
2022-11-03,2372.0,2372.0,2382.0,2349.0,2362.0,24762
2022-11-04,2434.0,2434.0,2459.0,2378.0,2388.0,50005
2022-11-07,2506.0,2506.0,2523.0,2436.0,2442.0,81381
2022-11-08,2537.0,2537.0,2541.0,2494.0,2516.0,45288
2022-11-09,2532.0,2532.0,2549.0,2506.0,2506.0,26406
2022-11-10,2558.0,2558.0,2572.0,2515.0,2530.0,14721
2022-11-11,2520.0,2520.0,2580.0,2510.0,2568.0,13933
2022-11-14,2497.0,2497.0,2517.0,2487.0,2504.0,14382
2022-11-15,2500.0,2500.0,2559.0,2497.0,2498.0,8685
2022-11-16,2503.0,2503.0,2515.0,2477.0,2500.0,5898
2022-11-17,2428.0,2428.0,2497.0,2425.0,2495.0,12726
2022-11-18,2412.0,2412.0,2453.0,2392.0,2446.0,8689
2022-11-21,2387.0,2387.0,2415.0,2358.0,2403.0,3670
2022-11-22,2381.0,2381.0,2410.0,2364.0,2390.0,2125
2022-11-23,2397.0,2397.0,2403.0,2380.0,2380.0,9
2022-11-25,2437.0,2437.0,2428.0,2389.0,2422.0,27
2022-11-28,2438.0,2438.0,2446.0,2435.0,2435.0,3
2022-11-29,2433.0,2433.0,2433.0,2433.0,2433.0,0
2022-11-30,2451.0,2451.0,2451.0,2451.0,2451.0,0
2022-12-01,2472.0,2472.0,2472.0,2472.0,2472.0,0
2022-12-02,2489.0,2489.0,2497.0,2497.0,2497.0,4
2022-12-05,2432.0,2432.0,2432.0,2432.0,2432.0,7
2022-12-06,2437.0,2437.0,2437.0,2437.0,2437.0,0
2022-12-07,2442.0,2442.0,2456.0,2456.0,2456.0,1
2022-12-08,2492.0,2492.0,2492.0,2492.0,2492.0,0
2022-12-09,2454.0,2454.0,2454.0,2454.0,2454.0,0
2022-12-12,2452.0,2452.0,2452.0,2452.0,2452.0,0
2022-12-13,2491.0,2491.0,2491.0,2491.0,2491.0,0
2022-12-14,2474.0,2474.0,2474.0,2474.0,2474.0,16487
2022-12-15,2517.0,2517.0,2544.0,2509.0,2520.0,15074
2022-12-16,2475.0,2475.0,2517.0,2468.0,2510.0,22067
2022-12-19,2499.0,2499.0,2519.0,2469.0,2474.0,17815
2022-12-20,2498.0,2498.0,2532.0,2487.0,2496.0,19135
2022-12-21,2529.0,2529.0,2537.0,2485.0,2498.0,18703
2022-12-22,2606.0,2606.0,2626.0,2524.0,2534.0,36692
2022-12-23,2628.0,2628.0,2651.0,2609.0,2613.0,26051
2022-12-27,2633.0,2633.0,2662.0,2616.0,2630.0,16555
2022-12-28,2621.0,2621.0,2671.0,2604.0,2624.0,20880
2022-12-29,2578.0,2578.0,2614.0,2562.0,2610.0,19317
2022-12-30,2600.0,2600.0,2606.0,2569.0,2587.0,14616
2023-01-03,2572.0,2572.0,2594.0,2535.0,2587.0,24327
2023-01-04,2603.0,2603.0,2614.0,2566.0,2574.0,16842
2023-01-05,2617.0,2617.0,2640.0,2602.0,2607.0,21327
2023-01-06,2605.0,2605.0,2618.0,2572.0,2616.0,20198
2023-01-09,2690.0,2690.0,2699.0,2621.0,2623.0,30613
2023-01-10,2604.0,2604.0,2686.0,2602.0,2686.0,32095
2023-01-11,2633.0,2633.0,2641.0,2593.0,2602.0,19499
2023-01-12,2640.0,2640.0,2665.0,2620.0,2641.0,15749
2023-01-13,2651.0,2651.0,2669.0,2631.0,2651.0,16025
2023-01-17,2641.0,2641.0,2675.0,2621.0,2642.0,23486
2023-01-18,2620.0,2620.0,2665.0,2616.0,2650.0,19652
2023-01-19,2570.0,2570.0,2616.0,2562.0,2610.0,29885
2023-01-20,2569.0,2569.0,2576.0,2507.0,2556.0,43770
2023-01-23,2608.0,2608.0,2626.0,2564.0,2573.0,25402
2023-01-24,2585.0,2585.0,2615.0,2576.0,2596.0,17767
2023-01-25,2592.0,2592.0,2614.0,2579.0,2596.0,16674
2023-01-26,2629.0,2629.0,2645.0,2596.0,2597.0,18023
2023-01-27,2627.0,2627.0,2640.0,2612.0,2618.0,14661
2023-01-30,2611.0,2611.0,2656.0,2591.0,2627.0,22436
2023-01-31,2581.0,2581.0,2607.0,2570.0,2606.0,26849
2023-02-01,2592.0,2592.0,2630.0,2570.0,2572.0,25952
2023-02-02,2583.0,2583.0,2610.0,2577.0,2587.0,21039
2023-02-03,2569.0,2569.0,2580.0,2540.0,2580.0,32303
2023-02-06,2577.0,2577.0,2595.0,2546.0,2569.0,29965
2023-02-07,2581.0,2581.0,2589.0,2544.0,2576.0,38591
2023-02-08,2579.0,2579.0,2602.0,2570.0,2592.0,26281
2023-02-09,2578.0,2578.0,2599.0,2546.0,2573.0,13699
2023-02-10,2564.0,2564.0,2587.0,2530.0,2575.0,9361
2023-02-13,2621.0,2621.0,2634.0,2580.0,2583.0,9413
2023-02-14,2621.0,2621.0,2660.0,2605.0,2630.0,5301
2023-02-15,2692.0,2692.0,2730.0,2646.0,2653.0,7386
2023-02-16,2700.0,2700.0,2735.0,2674.0,2702.0,6288
2023-02-17,2722.0,2722.0,2750.0,2710.0,2715.0,4353
2023-02-21,2732.0,2732.0,2760.0,2717.0,2738.0,6287
2023-02-22,2738.0,2738.0,2766.0,2735.0,2735.0,38
2023-02-23,2729.0,2729.0,2744.0,2740.0,2744.0,380
2023-02-24,2707.0,2707.0,2716.0,2709.0,2716.0,4
2023-02-27,2715.0,2715.0,2715.0,2715.0,2715.0,2
2023-02-28,2748.0,2748.0,2748.0,2748.0,2748.0,0
2023-03-01,2800.0,2800.0,2831.0,2830.0,2830.0,2
2023-03-02,2760.0,2760.0,2815.0,2730.0,2769.0,57
2023-03-03,2730.0,2730.0,2749.0,2720.0,2744.0,4
2023-03-06,2761.0,2761.0,2761.0,2761.0,2761.0,0
2023-03-07,2726.0,2726.0,2726.0,2726.0,2726.0,0
2023-03-08,2699.0,2699.0,2705.0,2705.0,2705.0,1
2023-03-09,2702.0,2702.0,2700.0,2697.0,2699.0,21
2023-03-10,2674.0,2674.0,2678.0,2638.0,2675.0,4
2023-03-13,2613.0,2613.0,2613.0,2613.0,2613.0,0
2023-03-14,2628.0,2628.0,2606.0,2600.0,2606.0,5
2023-03-15,2586.0,2586.0,2586.0,2586.0,2586.0,0
2023-03-16,2658.0,2658.0,2658.0,2658.0,2658.0,35894
2023-03-17,2738.0,2738.0,2746.0,2695.0,2695.0,32963
2023-03-20,2785.0,2785.0,2796.0,2713.0,2715.0,33309
2023-03-21,2817.0,2817.0,2823.0,2781.0,2788.0,32438
2023-03-22,2874.0,2874.0,2878.0,2816.0,2816.0,39680
2023-03-23,2868.0,2868.0,2888.0,2843.0,2873.0,34475
2023-03-24,2884.0,2884.0,2892.0,2849.0,2851.0,25486
2023-03-27,2902.0,2902.0,2923.0,2867.0,2881.0,28448
2023-03-28,2901.0,2901.0,2922.0,2888.0,2903.0,23740
2023-03-29,2880.0,2880.0,2903.0,2874.0,2900.0,21729
2023-03-30,2917.0,2917.0,2927.0,2848.0,2873.0,36611
2023-03-31,2933.0,2933.0,2963.0,2905.0,2917.0,29946
2023-04-03,2868.0,2868.0,2929.0,2851.0,2927.0,35388
2023-04-04,2914.0,2914.0,2925.0,2858.0,2867.0,40763
2023-04-05,2903.0,2903.0,2922.0,2886.0,2921.0,36591
2023-04-06,2919.0,2919.0,2936.0,2902.0,2919.0,0
2023-04-10,2922.0,2922.0,2934.0,2864.0,2919.0,28419
2023-04-11,2985.0,2985.0,2994.0,2920.0,2923.0,45874
2023-04-12,2954.0,2954.0,2998.0,2941.0,2978.0,21048
2023-04-13,3002.0,3002.0,3017.0,2960.0,2982.0,13414
2023-04-14,2984.0,2984.0,3043.0,2964.0,3002.0,11071
2023-04-17,3003.0,3003.0,3013.0,2974.0,2979.0,9765
2023-04-18,3054.0,3054.0,3072.0,2991.0,3015.0,9881
2023-04-19,3079.0,3079.0,3085.0,3038.0,3066.0,9114
2023-04-20,3087.0,3087.0,3103.0,3057.0,3079.0,8693
2023-04-21,3171.0,3171.0,3221.0,3074.0,3103.0,3086
2023-04-24,3203.0,3203.0,3209.0,3152.0,3207.0,107
2023-04-25,3149.0,3149.0,3200.0,3117.0,3200.0,41
2023-04-26,3176.0,3176.0,3189.0,3164.0,3165.0,18
2023-04-27,3150.0,3150.0,3171.0,3171.0,3171.0,7
2023-04-28,3174.0,3174.0,3178.0,3137.0,3137.0,13
2023-05-01,3171.0,3171.0,3200.0,3200.0,3200.0,24
2023-05-02,3130.0,3130.0,3125.0,3125.0,3125.0,8
2023-05-03,3014.0,3014.0,3101.0,2988.0,3100.0,36
2023-05-04,3052.0,3052.0,3052.0,3052.0,3052.0,0
2023-05-05,3109.0,3109.0,3109.0,3109.0,3109.0,0
2023-05-08,3179.0,3179.0,3195.0,3178.0,3188.0,4
2023-05-09,3229.0,3229.0,3242.0,3235.0,3235.0,10
2023-05-10,3260.0,3260.0,3277.0,3263.0,3269.0,11
2023-05-11,3242.0,3242.0,3269.0,3200.0,3269.0,8
2023-05-12,3226.0,3226.0,3279.0,3244.0,3244.0,49
2023-05-15,3160.0,3160.0,3160.0,3160.0,3160.0,21300
2023-05-16,2995.0,2995.0,3008.0,2974.0,2980.0,19384
2023-05-17,3000.0,3000.0,3012.0,2968.0,2989.0,14464
2023-05-18,2991.0,2991.0,3030.0,2985.0,3000.0,21182
2023-05-19,3068.0,3068.0,3074.0,2971.0,2988.0,31231
2023-05-22,3023.0,3023.0,3079.0,3019.0,3074.0,24531
2023-05-23,3016.0,3016.0,3049.0,3009.0,3021.0,16988
2023-05-24,3010.0,3010.0,3034.0,2985.0,3010.0,19258
2023-05-25,3017.0,3017.0,3028.0,2992.0,3008.0,16176
2023-05-26,2991.0,2991.0,3038.0,2988.0,3017.0,26105
2023-05-30,3005.0,3005.0,3028.0,2991.0,2991.0,19322
2023-05-31,3007.0,3007.0,3031.0,2993.0,3000.0,26454
2023-06-01,3008.0,3008.0,3047.0,3002.0,3017.0,34422
2023-06-02,3026.0,3026.0,3034.0,2991.0,3003.0,25530
2023-06-05,3056.0,3056.0,3065.0,3002.0,3020.0,28784
2023-06-06,3045.0,3045.0,3096.0,3040.0,3063.0,52105
2023-06-07,3103.0,3103.0,3109.0,3028.0,3038.0,43640
2023-06-08,3149.0,3149.0,3169.0,3090.0,3104.0,26981
2023-06-09,3180.0,3180.0,3182.0,3142.0,3162.0,27194
2023-06-12,3136.0,3136.0,3188.0,3129.0,3170.0,17951
2023-06-13,3186.0,3186.0,3261.0,3141.0,3141.0,20201
2023-06-14,3189.0,3189.0,3225.0,3142.0,3182.0,22385
2023-06-15,3226.0,3226.0,3236.0,3164.0,3200.0,7851
2023-06-16,3188.0,3188.0,3228.0,3171.0,3218.0,5721
2023-06-20,3142.0,3142.0,3192.0,3129.0,3192.0,12149
2023-06-21,3164.0,3164.0,3182.0,3104.0,3131.0,4001
2023-06-22,3138.0,3138.0,3166.0,3128.0,3157.0,1663
2023-06-23,3123.0,3123.0,3147.0,3109.0,3122.0,2119
2023-06-26,3206.0,3206.0,3233.0,3150.0,3150.0,21
2023-06-27,3212.0,3212.0,3217.0,3209.0,3217.0,11
2023-06-28,3292.0,3292.0,3258.0,3237.0,3242.0,19
2023-06-29,3218.0,3218.0,3253.0,3253.0,3253.0,3
2023-06-30,3318.0,3318.0,3324.0,3324.0,3324.0,2
2023-07-03,3364.0,3364.0,3306.0,3306.0,3306.0,1
2023-07-05,3334.0,3334.0,3356.0,3323.0,3341.0,42
2023-07-06,3277.0,3277.0,3277.0,3277.0,3277.0,0
2023-07-07,3274.0,3274.0,3290.0,3290.0,3290.0,3
2023-07-10,3299.0,3299.0,3309.0,3290.0,3309.0,2
2023-07-11,3296.0,3296.0,3296.0,3296.0,3296.0,0
2023-07-12,3299.0,3299.0,3305.0,3293.0,3293.0,19
2023-07-13,3232.0,3232.0,3268.0,3230.0,3268.0,8
2023-07-14,3307.0,3307.0,3307.0,3307.0,3307.0,35464
2023-07-17,3359.0,3359.0,3374.0,3323.0,3351.0,18464
2023-07-18,3407.0,3407.0,3429.0,3343.0,3371.0,23093
2023-07-19,3433.0,3433.0,3439.0,3382.0,3400.0,21683
2023-07-20,3388.0,3388.0,3420.0,3373.0,3410.0,18330
2023-07-21,3415.0,3415.0,3427.0,3360.0,3368.0,17637
2023-07-24,3417.0,3417.0,3425.0,3391.0,3410.0,13588
2023-07-25,3470.0,3470.0,3519.0,3421.0,3427.0,27274
2023-07-26,3552.0,3552.0,3569.0,3464.0,3470.0,40035
2023-07-27,3529.0,3529.0,3602.0,3502.0,3580.0,23786
2023-07-28,3525.0,3525.0,3562.0,3518.0,3549.0,14059
2023-07-31,3548.0,3548.0,3569.0,3523.0,3527.0,19202
2023-08-01,3543.0,3543.0,3578.0,3507.0,3551.0,29107
2023-08-02,3562.0,3562.0,3582.0,3530.0,3538.0,28982
2023-08-03,3491.0,3491.0,3559.0,3484.0,3550.0,33437
2023-08-04,3510.0,3510.0,3551.0,3485.0,3486.0,39427
2023-08-07,3476.0,3476.0,3652.0,3430.0,3498.0,79742
2023-08-08,3333.0,3333.0,3456.0,3266.0,3456.0,44561
2023-08-09,3319.0,3319.0,3368.0,3278.0,3342.0,22758
2023-08-10,3282.0,3282.0,3316.0,3237.0,3299.0,22965
2023-08-11,3297.0,3297.0,3311.0,3245.0,3264.0,13733
2023-08-14,3321.0,3321.0,3343.0,3293.0,3305.0,6923
2023-08-15,3340.0,3340.0,3376.0,3305.0,3308.0,5144
2023-08-16,3372.0,3372.0,3381.0,3324.0,3336.0,7301
2023-08-17,3413.0,3413.0,3440.0,3382.0,3382.0,3819
2023-08-18,3366.0,3366.0,3410.0,3354.0,3410.0,3650
2023-08-21,3355.0,3355.0,3409.0,3338.0,3355.0,2056
2023-08-22,3329.0,3329.0,3375.0,3311.0,3368.0,3368
2023-08-23,3323.0,3323.0,3347.0,3301.0,3328.0,2122
2023-08-24,3363.0,3363.0,3399.0,3298.0,3328.0,4359
2023-08-25,3430.0,3430.0,3440.0,3437.0,3439.0,47
2023-08-28,3442.0,3442.0,3465.0,3444.0,3465.0,6
2023-08-29,3555.0,3555.0,3549.0,3525.0,3525.0,5
2023-08-30,3606.0,3606.0,3576.0,3576.0,3576.0,2
2023-08-31,3602.0,3602.0,3633.0,3633.0,3633.0,1
2023-09-01,3574.0,3574.0,3626.0,3575.0,3626.0,7
2023-09-05,3560.0,3560.0,3638.0,3595.0,3638.0,83
2023-09-06,3577.0,3577.0,3577.0,3577.0,3577.0,1
2023-09-07,3573.0,3573.0,3591.0,3565.0,3565.0,6
2023-09-08,3609.0,3609.0,3625.0,3610.0,3624.0,19
2023-09-11,3611.0,3611.0,3618.0,3618.0,3618.0,5
2023-09-12,3772.0,3772.0,3808.0,3650.0,3650.0,22
2023-09-13,3849.0,3849.0,3874.0,3853.0,3853.0,3
2023-09-14,3853.0,3853.0,3853.0,3853.0,3853.0,17479
2023-09-15,3757.0,3757.0,3763.0,3725.0,3738.0,14101
2023-09-18,3621.0,3621.0,3754.0,3613.0,3747.0,29765
2023-09-19,3642.0,3642.0,3688.0,3633.0,3640.0,22497
2023-09-20,3570.0,3570.0,3625.0,3555.0,3614.0,25702
2023-09-21,3595.0,3595.0,3609.0,3553.0,3576.0,21421
2023-09-22,3582.0,3582.0,3643.0,3565.0,3595.0,20986
2023-09-25,3496.0,3496.0,3583.0,3491.0,3583.0,23820
2023-09-26,3500.0,3500.0,3539.0,3488.0,3500.0,19988
2023-09-27,3416.0,3416.0,3489.0,3398.0,3489.0,32686
2023-09-28,3459.0,3459.0,3471.0,3425.0,3431.0,23340
2023-09-29,3418.0,3418.0,3484.0,3402.0,3457.0,25999
2023-10-02,3502.0,3502.0,3525.0,3432.0,3432.0,27425
2023-10-03,3428.0,3428.0,3508.0,3414.0,3487.0,22599
2023-10-04,3431.0,3431.0,3453.0,3410.0,3414.0,15882
2023-10-05,3400.0,3400.0,3445.0,3375.0,3438.0,22992
2023-10-06,3453.0,3453.0,3469.0,3373.0,3392.0,22147
2023-10-09,3435.0,3435.0,3465.0,3406.0,3460.0,14886
2023-10-10,3474.0,3474.0,3479.0,3432.0,3444.0,15117
2023-10-11,3432.0,3432.0,3490.0,3426.0,3485.0,14216
2023-10-12,3490.0,3490.0,3503.0,3460.0,3480.0,19367
2023-10-13,3499.0,3499.0,3514.0,3455.0,3488.0,17559
2023-10-16,3591.0,3591.0,3613.0,3506.0,3513.0,30432
2023-10-17,3635.0,3635.0,3642.0,3570.0,3584.0,20606
2023-10-18,3639.0,3639.0,3672.0,3615.0,3627.0,23508
2023-10-19,3648.0,3648.0,3700.0,3630.0,3660.0,21540
2023-10-20,3694.0,3694.0,3710.0,3603.0,3616.0,20399
2023-10-23,3759.0,3759.0,3786.0,3715.0,3726.0,20738
2023-10-24,3729.0,3729.0,3778.0,3701.0,3774.0,23275
2023-10-25,3735.0,3735.0,3781.0,3716.0,3722.0,19776
2023-10-26,3810.0,3810.0,3837.0,3732.0,3739.0,22206
2023-10-27,3852.0,3852.0,3871.0,3808.0,3812.0,22900
2023-10-30,3826.0,3826.0,3880.0,3810.0,3860.0,16837
2023-10-31,3817.0,3817.0,3874.0,3795.0,3839.0,22845
2023-11-01,3794.0,3794.0,3825.0,3781.0,3806.0,16708
2023-11-02,3865.0,3865.0,3867.0,3809.0,3810.0,19046
2023-11-03,3898.0,3898.0,3906.0,3823.0,3859.0,25573
2023-11-06,3914.0,3914.0,3954.0,3865.0,3900.0,45901
2023-11-07,3883.0,3883.0,3969.0,3866.0,3935.0,34321
2023-11-08,3916.0,3916.0,3933.0,3844.0,3885.0,35999
2023-11-09,3949.0,3949.0,3974.0,3924.0,3935.0,19754
2023-11-10,3991.0,3991.0,4012.0,3942.0,3942.0,18417
2023-11-13,4051.0,4051.0,4060.0,3990.0,3998.0,12766
2023-11-14,3946.0,3946.0,4110.0,3914.0,4067.0,21864
2023-11-15,3939.0,3939.0,3969.0,3886.0,3925.0,10180
2023-11-16,4004.0,4004.0,4040.0,3974.0,3974.0,7246
2023-11-17,4083.0,4083.0,4091.0,4002.0,4003.0,8589
2023-11-20,4034.0,4034.0,4099.0,4021.0,4069.0,10602
2023-11-21,4227.0,4227.0,4267.0,4046.0,4050.0,9761
2023-11-22,4173.0,4173.0,4260.0,4160.0,4253.0,713
2023-11-24,4219.0,4219.0,4251.0,4235.0,4251.0,33
2023-11-27,4260.0,4260.0,4267.0,4220.0,4220.0,321
2023-11-28,4370.0,4370.0,4381.0,4263.0,4291.0,86
2023-11-29,4438.0,4438.0,4419.0,4375.0,4375.0,12
2023-11-30,4475.0,4475.0,4463.0,4428.0,4428.0,15
2023-12-01,4398.0,4398.0,4428.0,4399.0,4428.0,14
2023-12-04,4271.0,4271.0,4253.0,4253.0,4253.0,15
2023-12-05,4206.0,4206.0,4240.0,4240.0,4240.0,7
2023-12-06,4241.0,4241.0,4230.0,4206.0,4206.0,39
2023-12-07,4340.0,4340.0,4366.0,4366.0,4366.0,1
2023-12-08,4381.0,4381.0,4381.0,4381.0,4381.0,0
2023-12-11,4351.0,4351.0,4419.0,4388.0,4419.0,5
2023-12-12,4375.0,4375.0,4478.0,4456.0,4478.0,6
2023-12-13,4395.0,4395.0,4395.0,4395.0,4395.0,15859
2023-12-14,4267.0,4267.0,4317.0,4237.0,4270.0,25216
2023-12-15,4244.0,4244.0,4282.0,4231.0,4273.0,19048
2023-12-18,4271.0,4271.0,4307.0,4241.0,4255.0,18493
2023-12-19,4289.0,4289.0,4307.0,4254.0,4285.0,16193
2023-12-20,4309.0,4309.0,4334.0,4271.0,4288.0,16998
2023-12-21,4288.0,4288.0,4320.0,4267.0,4300.0,20606
2023-12-22,4311.0,4311.0,4325.0,4275.0,4277.0,12715
2023-12-26,4283.0,4283.0,4343.0,4276.0,4320.0,9121
2023-12-27,4280.0,4280.0,4315.0,4277.0,4296.0,12495
2023-12-28,4256.0,4256.0,4302.0,4235.0,4288.0,16113
2023-12-29,4196.0,4196.0,4256.0,4193.0,4256.0,18596
2024-01-02,4275.0,4275.0,4287.0,4200.0,4209.0,24130
2024-01-03,4238.0,4238.0,4273.0,4204.0,4265.0,25190
2024-01-04,4260.0,4260.0,4267.0,4232.0,4233.0,15720
2024-01-05,4204.0,4204.0,4274.0,4194.0,4260.0,19627
2024-01-08,4094.0,4094.0,4194.0,4034.0,4194.0,53188
2024-01-09,4162.0,4162.0,4202.0,4092.0,4110.0,28725
2024-01-10,4206.0,4206.0,4235.0,4156.0,4171.0,22852
2024-01-11,4274.0,4274.0,4280.0,4199.0,4210.0,24520
2024-01-12,4323.0,4323.0,4358.0,4285.0,4290.0,30064
2024-01-16,4429.0,4429.0,4448.0,4321.0,4355.0,35655
2024-01-17,4448.0,4448.0,4478.0,4406.0,4420.0,27594
2024-01-18,4458.0,4458.0,4497.0,4415.0,4428.0,29379
2024-01-19,4583.0,4583.0,4607.0,4479.0,4499.0,39687
2024-01-22,4565.0,4565.0,4607.0,4529.0,4589.0,27707
2024-01-23,4634.0,4634.0,4835.0,4570.0,4570.0,50898
2024-01-24,4785.0,4785.0,4808.0,4658.0,4679.0,36933
2024-01-25,4625.0,4625.0,4840.0,4610.0,4815.0,44374
2024-01-26,4672.0,4672.0,4696.0,4614.0,4650.0,25005
2024-01-29,4732.0,4732.0,4755.0,4632.0,4679.0,29981
2024-01-30,4805.0,4805.0,4843.0,4712.0,4743.0,33961
2024-01-31,4822.0,4822.0,4869.0,4770.0,4795.0,25256
2024-02-01,4956.0,4956.0,4981.0,4828.0,4832.0,36184
2024-02-02,5009.0,5009.0,5032.0,4939.0,4990.0,37945
2024-02-05,5189.0,5189.0,5249.0,5010.0,5035.0,37591
2024-02-06,5220.0,5220.0,5288.0,5133.0,5244.0,36089
2024-02-07,5410.0,5410.0,5429.0,5194.0,5219.0,42231
2024-02-08,5805.0,5805.0,5874.0,5451.0,5488.0,37991
2024-02-09,5888.0,5888.0,6030.0,5528.0,5900.0,35319
2024-02-12,5860.0,5860.0,5958.0,5773.0,5868.0,16137
2024-02-13,6001.0,6001.0,6029.0,5815.0,5828.0,12137
2024-02-14,5949.0,5949.0,6039.0,5812.0,6008.0,9014
2024-02-15,5961.0,5961.0,6030.0,5888.0,5956.0,6096
2024-02-16,5706.0,5706.0,5964.0,5689.0,5947.0,10725
2024-02-20,5999.0,5999.0,6069.0,5750.0,5750.0,6822
2024-02-21,6198.0,6198.0,6311.0,6022.0,6050.0,2545
2024-02-22,6169.0,6169.0,6340.0,5961.0,6336.0,843
2024-02-23,6562.0,6562.0,6750.0,6033.0,6033.0,83
2024-02-26,6884.0,6884.0,6929.0,6650.0,6765.0,42
2024-02-27,6755.0,6755.0,6893.0,6743.0,6780.0,8
2024-02-28,6380.0,6380.0,6590.0,6362.0,6590.0,7
2024-02-29,6510.0,6510.0,6466.0,6413.0,6413.0,319
2024-03-01,6826.0,6826.0,6769.0,6769.0,6769.0,5
2024-03-04,7057.0,7057.0,7057.0,7057.0,7057.0,0
2024-03-05,6970.0,6970.0,7000.0,7000.0,7000.0,1
2024-03-06,7170.0,7170.0,7170.0,7170.0,7170.0,3
2024-03-07,7054.0,7054.0,7000.0,7000.0,7000.0,1
2024-03-08,6997.0,6997.0,6928.0,6928.0,6928.0,1
2024-03-11,7329.0,7329.0,7329.0,7329.0,7329.0,0
2024-03-12,8048.0,8048.0,7974.0,7890.0,7890.0,8
2024-03-13,8034.0,8034.0,8034.0,8034.0,8034.0,20260
2024-03-14,7405.0,7405.0,7715.0,7063.0,7185.0,29410
2024-03-15,8018.0,8018.0,8186.0,7357.0,7435.0,25580
2024-03-18,8172.0,8172.0,8493.0,7824.0,8179.0,32655
2024-03-19,8027.0,8027.0,8412.0,7963.0,8188.0,19138
2024-03-20,8324.0,8324.0,8429.0,7716.0,7920.0,23723
2024-03-21,8559.0,8559.0,8653.0,8149.0,8395.0,21272
2024-03-22,8939.0,8939.0,8960.0,8465.0,8573.0,16403
2024-03-25,9649.0,9649.0,9684.0,8889.0,8921.0,19698
2024-03-26,9622.0,9622.0,10080.0,9574.0,9847.0,26263
2024-03-27,9843.0,9843.0,9917.0,9267.0,9509.0,23291
2024-03-28,9766.0,9766.0,10014.0,9671.0,9906.0,17953
2024-04-01,10120.0,10120.0,10318.0,9632.0,9720.0,11594
2024-04-02,9949.0,9949.0,10324.0,9808.0,10186.0,19824
2024-04-03,9524.0,9524.0,10044.0,9406.0,9858.0,23087
2024-04-04,9462.0,9462.0,9644.0,9150.0,9389.0,14914
2024-04-05,9795.0,9795.0,9990.0,9480.0,9668.0,16993
2024-04-08,9895.0,9895.0,10443.0,9669.0,9953.0,22946
2024-04-09,10204.0,10204.0,10321.0,9653.0,9717.0,15144
2024-04-10,10411.0,10411.0,10629.0,10148.0,10300.0,10866
2024-04-11,10373.0,10373.0,10771.0,10319.0,10445.0,12639
2024-04-12,10987.0,10987.0,11039.0,10357.0,10400.0,6464
2024-04-15,11001.0,11001.0,11206.0,10830.0,10884.0,5550
2024-04-16,10243.0,10243.0,11085.0,9988.0,11063.0,4386
2024-04-17,10340.0,10340.0,10630.0,10100.0,10173.0,5414
2024-04-18,11311.0,11311.0,11388.0,10530.0,10620.0,5542
2024-04-19,11878.0,11878.0,12261.0,11132.0,11504.0,2808
2024-04-22,11166.0,11166.0,12136.0,10929.0,11967.0,1652
2024-04-23,10584.0,10584.0,10835.0,10221.0,10803.0,3530
2024-04-24,11043.0,11043.0,11600.0,10835.0,10835.0,19
2024-04-25,10988.0,10988.0,11530.0,10800.0,11530.0,6
2024-04-26,10729.0,10729.0,10975.0,10973.0,10973.0,8
2024-04-29,9983.0,9983.0,10327.0,9958.0,10327.0,30
2024-04-30,10133.0,10133.0,10115.0,8651.0,9610.0,18
2024-05-01,9183.0,9183.0,9206.0,8930.0,9206.0,15
2024-05-02,8483.0,8483.0,8750.0,8240.0,8750.0,22
2024-05-03,8505.0,8505.0,8550.0,8513.0,8550.0,10
2024-05-06,8571.0,8571.0,8570.0,8570.0,8570.0,4
2024-05-07,9593.0,9593.0,9593.0,9593.0,9593.0,0
2024-05-08,9617.0,9617.0,9617.0,9617.0,9617.0,0
2024-05-09,9678.0,9678.0,9678.0,9678.0,9678.0,0
2024-05-10,9874.0,9874.0,9874.0,9874.0,9874.0,0
2024-05-13,8149.0,8149.0,8149.0,8149.0,8149.0,0
2024-05-14,8751.0,8751.0,9000.0,9000.0,9000.0,1
2024-05-15,9066.0,9066.0,9066.0,9066.0,9066.0,8426
2024-05-16,7393.0,7393.0,7951.0,7202.0,7896.0,11580
2024-05-17,7348.0,7348.0,7685.0,7137.0,7350.0,7907
2024-05-20,7216.0,7216.0,7373.0,6767.0,7277.0,10261
2024-05-21,7394.0,7394.0,7492.0,6910.0,7077.0,7994
2024-05-22,7536.0,7536.0,7638.0,7273.0,7372.0,8462
2024-05-23,8109.0,8109.0,8400.0,7323.0,7423.0,14084
2024-05-24,8294.0,8294.0,8436.0,7869.0,8219.0,10974
2024-05-28,8780.0,8780.0,8800.0,7942.0,8200.0,15093
2024-05-29,9309.0,9309.0,9460.0,8690.0,8730.0,14757
2024-05-30,9257.0,9257.0,9550.0,9054.0,9278.0,9201
2024-05-31,9331.0,9331.0,9420.0,9031.0,9242.0,8033
2024-06-03,9775.0,9775.0,10047.0,9181.0,9331.0,17665
2024-06-04,9557.0,9557.0,9697.0,9162.0,9446.0,14149
2024-06-05,9408.0,9408.0,9642.0,9103.0,9410.0,12615
2024-06-06,9872.0,9872.0,9987.0,9566.0,9600.0,11501
2024-06-07,9933.0,9933.0,10098.0,9812.0,9865.0,15259
2024-06-10,9687.0,9687.0,10038.0,9411.0,9933.0,9152
2024-06-11,9910.0,9910.0,10055.0,9597.0,9597.0,9207
2024-06-12,10539.0,10539.0,10640.0,9950.0,10088.0,7296
2024-06-13,10810.0,10810.0,11000.0,10491.0,10595.0,4837
2024-06-14,10294.0,10294.0,10850.0,9567.0,10784.0,2946
2024-06-17,9659.0,9659.0,10307.0,9477.0,10225.0,3308
2024-06-18,9938.0,9938.0,10014.0,9531.0,9628.0,2336
2024-06-20,9598.0,9598.0,10295.0,9319.0,9910.0,2143
2024-06-21,8995.0,8995.0,9725.0,8600.0,9280.0,1568
2024-06-24,7978.0,7978.0,8864.0,7882.0,8792.0,28
2024-06-25,7967.0,7967.0,8144.0,7521.0,8144.0,7
2024-06-26,7797.0,7797.0,7950.0,7500.0,7950.0,5
2024-06-27,7397.0,7397.0,7500.0,7361.0,7500.0,9
2024-06-28,7729.0,7729.0,7692.0,7692.0,7692.0,1
2024-07-01,7352.0,7352.0,7500.0,7500.0,7500.0,1
2024-07-02,7773.0,7773.0,7497.0,7245.0,7249.0,412
2024-07-03,7811.0,7811.0,7811.0,7811.0,7811.0,0
2024-07-05,7721.0,7721.0,7740.0,7718.0,7718.0,10
2024-07-08,7693.0,7693.0,7721.0,7720.0,7721.0,3
2024-07-09,8023.0,8023.0,8430.0,8430.0,8430.0,1
2024-07-10,8197.0,8197.0,8197.0,8197.0,8197.0,0
2024-07-11,8441.0,8441.0,8325.0,8325.0,8325.0,1
2024-07-12,8523.0,8523.0,8523.0,8523.0,8523.0,0
2024-07-15,8463.0,8463.0,8399.0,8399.0,8399.0,1
2024-07-16,8320.0,8320.0,8320.0,8320.0,8320.0,9527
2024-07-17,7763.0,7763.0,7968.0,7600.0,7963.0,10306
2024-07-18,8068.0,8068.0,8171.0,7690.0,7806.0,9181
2024-07-19,7689.0,7689.0,8321.0,7618.0,8185.0,9291
2024-07-22,8398.0,8398.0,8450.0,7720.0,7725.0,11876
2024-07-23,8286.0,8286.0,8395.0,8181.0,8249.0,6276
2024-07-24,8227.0,8227.0,8485.0,8123.0,8225.0,10226
2024-07-25,7805.0,7805.0,8201.0,7770.0,8201.0,8448
2024-07-26,8038.0,8038.0,8099.0,7719.0,7785.0,8417
2024-07-29,7716.0,7716.0,8001.0,7640.0,8001.0,11261
2024-07-30,8136.0,8136.0,8232.0,7700.0,7778.0,11585
2024-07-31,8092.0,8092.0,8250.0,7960.0,8125.0,8340
2024-08-01,7562.0,7562.0,8047.0,7523.0,8023.0,12323
2024-08-02,7520.0,7520.0,7689.0,7419.0,7621.0,11475
2024-08-05,7901.0,7901.0,8100.0,7339.0,7440.0,13965
2024-08-06,8223.0,8223.0,8365.0,7913.0,7960.0,11629
2024-08-07,8586.0,8586.0,9030.0,8223.0,8271.0,14297
2024-08-08,8178.0,8178.0,8792.0,8050.0,8651.0,11741
2024-08-09,9098.0,9098.0,9226.0,8397.0,8457.0,8871
2024-08-12,8731.0,8731.0,9079.0,8639.0,9000.0,8295
2024-08-13,8862.0,8862.0,9079.0,8555.0,8908.0,7909
2024-08-14,8833.0,8833.0,8972.0,8649.0,8964.0,4032
2024-08-15,8485.0,8485.0,9021.0,8357.0,8809.0,4510
2024-08-16,8637.0,8637.0,8968.0,8399.0,8524.0,2728
2024-08-19,9173.0,9173.0,9440.0,8649.0,8777.0,3597
2024-08-20,9486.0,9486.0,9519.0,9045.0,9114.0,1891
2024-08-21,9582.0,9582.0,9793.0,9400.0,9545.0,2811
2024-08-22,9689.0,9689.0,9744.0,9348.0,9612.0,2362
2024-08-23,9821.0,9821.0,9899.0,9494.0,9700.0,999
2024-08-26,9880.0,9880.0,9900.0,9715.0,9850.0,53
2024-08-27,9785.0,9785.0,9934.0,9787.0,9934.0,35
2024-08-28,9730.0,9730.0,9930.0,9624.0,9700.0,11
2024-08-29,9600.0,9600.0,9671.0,9515.0,9593.0,13
2024-08-30,9666.0,9666.0,9812.0,9645.0,9707.0,23
2024-09-03,9663.0,9663.0,9730.0,9355.0,9569.0,13
2024-09-04,9282.0,9282.0,9500.0,9375.0,9500.0,6
2024-09-05,9539.0,9539.0,9496.0,9399.0,9416.0,6
2024-09-06,9459.0,9459.0,9459.0,9459.0,9459.0,0
2024-09-09,9839.0,9839.0,9839.0,9839.0,9839.0,0
2024-09-10,9654.0,9654.0,9726.0,9726.0,9726.0,3
2024-09-11,10115.0,10115.0,10099.0,10018.0,10018.0,4
2024-09-12,9968.0,9968.0,9895.0,9895.0,9895.0,1
2024-09-13,10079.0,10079.0,10116.0,8320.0,8320.0,7635
2024-09-16,7767.0,7767.0,7849.0,7542.0,7690.0,8493
2024-09-17,7620.0,7620.0,7778.0,7473.0,7703.0,6229
2024-09-18,7814.0,7814.0,7847.0,7583.0,7623.0,11843
2024-09-19,7750.0,7750.0,7904.0,7705.0,7796.0,6001
2024-09-20,7658.0,7658.0,7807.0,7600.0,7735.0,7013
2024-09-23,7786.0,7786.0,7949.0,7565.0,7602.0,8558
2024-09-24,7867.0,7867.0,7929.0,7690.0,7785.0,8515
2024-09-25,7955.0,7955.0,8049.0,7805.0,7851.0,8326
2024-09-26,8122.0,8122.0,8796.0,7996.0,8000.0,22154
2024-09-27,8281.0,8281.0,8370.0,8035.0,8078.0,7951
2024-09-30,7722.0,7722.0,8299.0,7682.0,8299.0,11870
2024-10-01,7039.0,7039.0,7830.0,7006.0,7722.0,16564
2024-10-02,7064.0,7064.0,7332.0,6926.0,7081.0,12946
2024-10-03,7030.0,7030.0,7188.0,6884.0,7030.0,12133
2024-10-04,7069.0,7069.0,7126.0,6850.0,7080.0,14465
2024-10-07,6908.0,6908.0,7059.0,6862.0,6987.0,9771
2024-10-08,7050.0,7050.0,7231.0,6951.0,6970.0,8375
2024-10-09,7351.0,7351.0,7442.0,7102.0,7123.0,8067
2024-10-10,7529.0,7529.0,7565.0,7139.0,7350.0,7631
2024-10-11,7739.0,7739.0,7851.0,7553.0,7560.0,8121
2024-10-14,7615.0,7615.0,7816.0,7565.0,7699.0,6666
2024-10-15,7942.0,7942.0,8027.0,7505.0,7619.0,8608
2024-10-16,7765.0,7765.0,8172.0,7651.0,8045.0,8645
2024-10-17,7771.0,7771.0,7919.0,7488.0,7680.0,7812
2024-10-18,7450.0,7450.0,7881.0,7406.0,7832.0,7653
2024-10-21,7394.0,7394.0,7640.0,7310.0,7355.0,6440
2024-10-22,7140.0,7140.0,7406.0,7014.0,7370.0,10096
2024-10-23,7001.0,7001.0,7223.0,6929.0,7120.0,9041
2024-10-24,6756.0,6756.0,7002.0,6717.0,6953.0,10428
2024-10-25,6770.0,6770.0,6926.0,6426.0,6708.0,12077
2024-10-28,6917.0,6917.0,6975.0,6682.0,6778.0,8419
2024-10-29,7267.0,7267.0,7332.0,6897.0,6901.0,9564
2024-10-30,7391.0,7391.0,7412.0,7066.0,7253.0,8325
2024-10-31,7334.0,7334.0,7456.0,7202.0,7365.0,6597
2024-11-01,7341.0,7341.0,7490.0,7261.0,7334.0,9025
2024-11-04,7328.0,7328.0,7522.0,7115.0,7290.0,8121
2024-11-05,7251.0,7251.0,7416.0,7157.0,7246.0,7339
2024-11-06,6924.0,6924.0,7231.0,6888.0,7217.0,7101
2024-11-07,7360.0,7360.0,7389.0,6926.0,6926.0,7951
2024-11-08,7117.0,7117.0,7468.0,7073.0,7360.0,7900
2024-11-11,7298.0,7298.0,7392.0,7061.0,7104.0,6765
2024-11-12,7867.0,7867.0,7956.0,7325.0,7346.0,5305
2024-11-13,8163.0,8163.0,8458.0,7867.0,7867.0,4103
2024-11-14,8686.0,8686.0,8822.0,8125.0,8187.0,4125
2024-11-15,8607.0,8607.0,8890.0,8550.0,8796.0,3069
2024-11-18,8404.0,8404.0,8599.0,8187.0,8591.0,2217
2024-11-19,8574.0,8574.0,8652.0,8272.0,8332.0,1900
2024-11-20,8340.0,8340.0,8750.0,8263.0,8629.0,1416
2024-11-21,8449.0,8449.0,8690.0,8328.0,8375.0,623
2024-11-22,8897.0,8897.0,9100.0,8808.0,9000.0,321
2024-11-25,8863.0,8863.0,8965.0,8965.0,8965.0,1
2024-11-26,9033.0,9033.0,8964.0,8964.0,8964.0,4
2024-11-27,8844.0,8844.0,8844.0,8844.0,8844.0,2
2024-11-29,9220.0,9220.0,9220.0,9220.0,9220.0,0
2024-12-02,9197.0,9197.0,9197.0,9197.0,9197.0,0
2024-12-03,8833.0,8833.0,8833.0,8833.0,8833.0,0
2024-12-04,9196.0,9196.0,9196.0,9196.0,9196.0,0
2024-12-05,9648.0,9648.0,9648.0,9648.0,9648.0,0
2024-12-06,9767.0,9767.0,9880.0,9624.0,9800.0,6
2024-12-09,9977.0,9977.0,9977.0,9977.0,9977.0,0
2024-12-10,10387.0,10387.0,10366.0,10200.0,10286.0,20
2024-12-11,10458.0,10458.0,10500.0,10351.0,10500.0,2
2024-12-12,10702.0,10702.0,10702.0,10702.0,10702.0,0
2024-12-13,11181.0,11181.0,11181.0,11181.0,11181.0,12773
2024-12-16,11821.0,11821.0,11925.0,11290.0,11300.0,14298
2024-12-17,11765.0,11765.0,11977.0,11527.0,11743.0,12489
2024-12-18,12565.0,12565.0,12931.0,11935.0,11966.0,17589
2024-12-19,12107.0,12107.0,12780.0,11648.0,12553.0,13974
2024-12-20,11954.0,11954.0,12360.0,11419.0,11848.0,12140
2024-12-23,11746.0,11746.0,12050.0,11527.0,11870.0,7294
2024-12-24,11852.0,11852.0,11973.0,11425.0,11583.0,0
2024-12-26,11027.0,11027.0,12000.0,10790.0,11845.0,7450
2024-12-27,10124.0,10124.0,11259.0,9831.0,11150.0,13447
2024-12-30,11507.0,11507.0,11590.0,10144.0,10148.0,15702
2024-12-31,11675.0,11675.0,11820.0,11153.0,11219.0,0
2025-01-02,11137.0,11137.0,11743.0,10802.0,11632.0,6414
2025-01-03,11238.0,11238.0,11623.0,11029.0,11195.0,4917
2025-01-06,11377.0,11377.0,11882.0,11066.0,11423.0,8022
2025-01-07,11210.0,11210.0,11568.0,11164.0,11291.0,5582
2025-01-08,10453.0,10453.0,11315.0,10345.0,11009.0,10690
2025-01-09,10927.0,10927.0,11513.0,10605.0,11103.0,10908
2025-01-10,10570.0,10570.0,10920.0,10525.0,10823.0,7119
2025-01-13,10928.0,10928.0,11029.0,10480.0,10500.0,6266
2025-01-14,10951.0,10951.0,11293.0,10762.0,11034.0,6482
2025-01-15,10821.0,10821.0,11150.0,10742.0,10889.0,5047
2025-01-16,10502.0,10502.0,10907.0,10451.0,10674.0,9301
2025-01-17,11173.0,11173.0,11226.0,10503.0,10538.0,9122
2025-01-21,11559.0,11559.0,11698.0,11298.0,11298.0,8582
2025-01-22,11675.0,11675.0,11777.0,11409.0,11528.0,8470
2025-01-23,11552.0,11552.0,11754.0,11431.0,11666.0,7413
2025-01-24,11593.0,11593.0,11700.0,11341.0,11508.0,7160
2025-01-27,11372.0,11372.0,11620.0,11296.0,11499.0,6735
2025-01-28,11374.0,11374.0,11455.0,11166.0,11396.0,4985
2025-01-29,11745.0,11745.0,11789.0,11482.0,11498.0,7188
2025-01-30,11207.0,11207.0,11733.0,11047.0,11694.0,6989
2025-01-31,10987.0,10987.0,11200.0,10533.0,11094.0,11417
2025-02-03,11002.0,11002.0,11324.0,10819.0,11020.0,6677
2025-02-04,10913.0,10913.0,11144.0,10713.0,11002.0,5482
2025-02-05,10514.0,10514.0,10856.0,10426.0,10838.0,6962
2025-02-06,10094.0,10094.0,10505.0,9850.0,10500.0,10531
2025-02-07,10018.0,10018.0,10349.0,9557.0,9999.0,11621
2025-02-10,9714.0,9714.0,9947.0,9582.0,9799.0,7738
2025-02-11,10131.0,10131.0,10150.0,9720.0,9734.0,6514
2025-02-12,10006.0,10006.0,10281.0,9914.0,10108.0,3405
2025-02-13,10381.0,10381.0,10470.0,10098.0,10100.0,4043
2025-02-14,10159.0,10159.0,10545.0,10079.0,10400.0,2428
2025-02-18,10301.0,10301.0,10344.0,10059.0,10114.0,3043
2025-02-19,10218.0,10218.0,10352.0,10121.0,10274.0,1733
2025-02-20,10075.0,10075.0,10208.0,10008.0,10163.0,3220
2025-02-21,8934.0,8934.0,10107.0,8925.0,10100.0,1259
2025-02-24,8352.0,8352.0,9044.0,8390.0,9044.0,24
2025-02-25,8675.0,8675.0,8675.0,8675.0,8675.0,0
2025-02-26,9100.0,9100.0,9100.0,9100.0,9100.0,0
2025-02-27,9130.0,9130.0,8863.0,8836.0,8863.0,2
2025-02-28,9014.0,9014.0,8890.0,8890.0,8890.0,2
2025-03-03,8082.0,8082.0,8082.0,8082.0,8082.0,0
2025-03-04,8225.0,8225.0,8225.0,8225.0,8225.0,0
2025-03-05,7915.0,7915.0,7915.0,7915.0,7915.0,0
2025-03-06,8036.0,8036.0,8036.0,8036.0,8036.0,0
2025-03-07,8141.0,8141.0,8141.0,8141.0,8141.0,0
2025-03-10,8279.0,8279.0,8279.0,8279.0,8279.0,0
2025-03-11,8151.0,8151.0,8151.0,8151.0,8151.0,0
2025-03-12,8204.0,8204.0,8204.0,8204.0,8204.0,0
2025-03-13,8031.0,8031.0,8415.0,8415.0,8415.0,1
2025-03-14,7728.0,7728.0,7728.0,7728.0,7728.0,8328
2025-03-17,7827.0,7827.0,7988.0,7777.0,7830.0,6258
2025-03-18,8021.0,8021.0,8212.0,7784.0,7837.0,5925
2025-03-19,8121.0,8121.0,8249.0,7884.0,7930.0,5593
2025-03-20,8071.0,8071.0,8356.0,7916.0,8084.0,6996
2025-03-21,7765.0,7765.0,8146.0,7639.0,8036.0,8888
2025-03-24,8079.0,8079.0,8171.0,7806.0,7807.0,7783
2025-03-25,7995.0,7995.0,8147.0,7912.0,8075.0,5135
2025-03-26,8044.0,8044.0,8200.0,7940.0,8061.0,6806
2025-03-27,7979.0,7979.0,8225.0,7900.0,7970.0,6515
2025-03-28,8042.0,8042.0,8104.0,7880.0,7933.0,4999
2025-03-31,7902.0,7902.0,8115.0,7808.0,7973.0,7736
2025-04-01,8177.0,8177.0,8422.0,7981.0,7998.0,9542
2025-04-02,8968.0,8968.0,9035.0,8326.0,8341.0,12783
2025-04-03,9291.0,9291.0,9492.0,8884.0,8884.0,16484
2025-04-04,8512.0,8512.0,9335.0,8450.0,9265.0,23975
2025-04-07,8053.0,8053.0,8729.0,7963.0,8430.0,10686
2025-04-08,7755.0,7755.0,8200.0,7677.0,8096.0,6809
2025-04-09,8447.0,8447.0,8500.0,7656.0,7656.0,5668
2025-04-10,8088.0,8088.0,8576.0,8045.0,8473.0,6647
2025-04-11,8511.0,8511.0,8538.0,8088.0,8150.0,3610
2025-04-14,8247.0,8247.0,8625.0,8202.0,8426.0,3670
2025-04-15,8002.0,8002.0,8361.0,7956.0,8216.0,1761
2025-04-16,8096.0,8096.0,8178.0,7853.0,7994.0,1615
2025-04-17,8365.0,8365.0,8550.0,8132.0,8132.0,0
2025-04-21,8810.0,8810.0,8970.0,8380.0,8380.0,2329
2025-04-22,9310.0,9310.0,9329.0,8678.0,8700.0,2216
2025-04-23,9104.0,9104.0,9515.0,8927.0,9350.0,761
2025-04-24,9391.0,9391.0,9418.0,9418.0,9418.0,65
2025-04-25,9652.0,9652.0,9652.0,9652.0,9652.0,0
2025-04-28,9217.0,9217.0,9300.0,9300.0,9300.0,1
2025-04-29,9146.0,9146.0,9476.0,9120.0,9475.0,14
2025-04-30,9127.0,9127.0,9127.0,9127.0,9127.0,0
2025-05-01,8973.0,8973.0,8973.0,8973.0,8973.0,0
2025-05-02,9127.0,9127.0,9127.0,9127.0,9127.0,0
2025-05-05,8758.0,8758.0,8758.0,8758.0,8758.0,0
2025-05-06,9175.0,9175.0,9157.0,9157.0,9157.0,13
2025-05-07,9398.0,9398.0,9285.0,9285.0,9285.0,1
2025-05-08,9268.0,9268.0,9268.0,9268.0,9268.0,0
2025-05-09,9387.0,9387.0,9387.0,9387.0,9387.0,0
2025-05-12,9340.0,9340.0,9350.0,9276.0,9350.0,7
2025-05-13,10171.0,10171.0,9689.0,9689.0,9689.0,1
2025-05-14,10129.0,10129.0,10129.0,10129.0,10129.0,9773
2025-05-15,10257.0,10257.0,10681.0,9651.0,9900.0,10086
2025-05-16,10898.0,10898.0,11068.0,10308.0,10375.0,13430
2025-05-19,10974.0,10974.0,11007.0,10410.0,10706.0,11702
2025-05-20,10874.0,10874.0,11280.0,10752.0,10910.0,9520
2025-05-21,10719.0,10719.0,10949.0,10410.0,10807.0,7512
2025-05-22,10278.0,10278.0,10700.0,10145.0,10596.0,6256
2025-05-23,9764.0,9764.0,10425.0,9630.0,10300.0,0
2025-05-27,9739.0,9739.0,10163.0,9700.0,9817.0,7906
2025-05-28,9634.0,9634.0,9805.0,9407.0,9764.0,9983
2025-05-29,9110.0,9110.0,9572.0,9054.0,9561.0,11098
2025-05-30,9791.0,9791.0,9818.0,9213.0,9213.0,8704
2025-06-02,9474.0,9474.0,10075.0,9401.0,9625.0,9159
2025-06-03,9775.0,9775.0,9877.0,9350.0,9476.0,7536
2025-06-04,9948.0,9948.0,9990.0,9552.0,9786.0,7240
2025-06-05,10076.0,10076.0,10190.0,9761.0,9855.0,8282
2025-06-06,10259.0,10259.0,10531.0,10026.0,10200.0,9456
2025-06-09,10174.0,10174.0,10278.0,9938.0,10150.0,6452
2025-06-10,9602.0,9602.0,10250.0,9501.0,10237.0,10584
2025-06-11,9549.0,9549.0,9620.0,9326.0,9550.0,6649
2025-06-12,9858.0,9858.0,9882.0,9503.0,9596.0,5392
2025-06-13,9768.0,9768.0,9880.0,9709.0,9803.0,8790
2025-06-16,10035.0,10035.0,10119.0,9600.0,9817.0,4177
2025-06-17,9943.0,9943.0,10288.0,9931.0,10050.0,3019
2025-06-18,9680.0,9680.0,10004.0,9570.0,9951.0,0
2025-06-20,8459.0,8459.0,9505.0,8331.0,9505.0,2783
2025-06-23,9189.0,9189.0,9216.0,8295.0,8555.0,404
2025-06-24,9436.0,9436.0,9410.0,8605.0,8621.0,155
2025-06-25,9081.0,9081.0,9300.0,9138.0,9300.0,4
2025-06-26,9361.0,9361.0,9176.0,9165.0,9175.0,9
2025-06-27,9231.0,9231.0,9231.0,9231.0,9231.0,0
2025-06-30,9356.0,9356.0,9356.0,9356.0,9356.0,1
2025-07-01,9000.0,9000.0,9165.0,9165.0,9165.0,1
2025-07-02,8904.0,8904.0,9050.0,9050.0,9050.0,4
2025-07-03,8780.0,8780.0,8780.0,8780.0,8780.0,0
2025-07-04,8780.0,8780.0,8780.0,8780.0,8780.0,0
2025-07-07,8879.0,8879.0,8879.0,8879.0,8879.0,0
2025-07-08,8760.0,8760.0,8760.0,8760.0,8760.0,0
2025-07-09,9046.0,9046.0,9080.0,9080.0,9080.0,2
2025-07-10,8742.0,8742.0,8742.0,8742.0,8742.0,0
2025-07-11,8840.0,8840.0,8840.0,8840.0,8840.0,0
2025-07-14,8950.0,8950.0,8950.0,8950.0,8950.0,0
2025-07-15,8567.0,8567.0,8567.0,8567.0,8567.0,0
2025-07-16,8322.0,8322.0,8322.0,8322.0,8322.0,10507
2025-07-17,7309.0,7309.0,7500.0,7208.0,7500.0,17601
2025-07-18,7800.0,7800.0,7835.0,7400.0,7444.0,11035
2025-07-21,8156.0,8156.0,8234.0,7708.0,7750.0,11543
2025-07-22,8149.0,8149.0,8247.0,8022.0,8074.0,8632
2025-07-23,8440.0,8440.0,8485.0,8088.0,8150.0,8123
2025-07-24,8124.0,8124.0,8570.0,8066.0,8440.0,8940
2025-07-25,8329.0,8329.0,8363.0,8093.0,8145.0,6637
2025-07-28,8518.0,8518.0,8599.0,8116.0,8304.0,8496
2025-07-29,8220.0,8220.0,8723.0,8200.0,8575.0,10858
2025-07-30,8192.0,8192.0,8514.0,8146.0,8304.0,6467
2025-07-31,8506.0,8506.0,8552.0,8184.0,8248.0,7056
2025-08-01,8232.0,8232.0,8590.0,8149.0,8540.0,7719
2025-08-04,8102.0,8102.0,8226.0,7910.0,8226.0,8986
2025-08-05,8363.0,8363.0,8428.0,7993.0,8104.0,9162
2025-08-06,8470.0,8470.0,8498.0,8292.0,8400.0,8147
2025-08-07,8644.0,8644.0,8749.0,8356.0,8367.0,11213
2025-08-08,8526.0,8526.0,8815.0,8497.0,8672.0,8972
2025-08-11,8778.0,8778.0,9326.0,8679.0,8727.0,8404
2025-08-12,8793.0,8793.0,9056.0,8660.0,8665.0,11216
2025-08-13,8566.0,8566.0,8865.0,8453.0,8793.0,5756
2025-08-14,8225.0,8225.0,8537.0,8157.0,8511.0,3768
2025-08-15,8235.0,8235.0,8317.0,8115.0,8172.0,2131
2025-08-18,8047.0,8047.0,8441.0,7993.0,8279.0,3790
2025-08-19,8012.0,8012.0,8197.0,7899.0,8100.0,1438
2025-08-20,7675.0,7675.0,8062.0,7567.0,7976.0,1645
2025-08-21,7435.0,7435.0,7793.0,7359.0,7767.0,1617
2025-08-22,7582.0,7582.0,7700.0,7337.0,7350.0,914
2025-08-25,7957.0,7957.0,7935.0,7513.0,7513.0,10
2025-08-26,7532.0,7532.0,7668.0,7535.0,7668.0,3
2025-08-27,7731.0,7731.0,7585.0,7585.0,7585.0,35
2025-08-28,7738.0,7738.0,7738.0,7738.0,7738.0,1
2025-08-29,7635.0,7635.0,7635.0,7635.0,7635.0,0
2025-09-02,7420.0,7420.0,7420.0,7420.0,7420.0,0
2025-09-03,7475.0,7475.0,7475.0,7475.0,7475.0,0
2025-09-04,7205.0,7205.0,7205.0,7205.0,7205.0,0
2025-09-05,7382.0,7382.0,7382.0,7382.0,7382.0,12
2025-09-08,7131.0,7131.0,7131.0,7131.0,7131.0,0
2025-09-09,7270.0,7270.0,7270.0,7270.0,7270.0,0
2025-09-10,7356.0,7356.0,7356.0,7356.0,7356.0,0
2025-09-11,7451.0,7451.0,7451.0,7451.0,7451.0,3
2025-09-12,7315.0,7315.0,7315.0,7315.0,7315.0,0
2025-09-15,7539.0,7539.0,7539.0,7539.0,7539.0,8472
2025-09-16,7371.0,7371.0,7644.0,7347.0,7605.0,9156
2025-09-17,7385.0,7385.0,7455.0,7323.0,7355.0,6450
2025-09-18,7233.0,7233.0,7350.0,7208.0,7340.0,7401
2025-09-19,7243.0,7243.0,7292.0,7196.0,7225.0,5832
2025-09-22,6959.0,6959.0,7230.0,6914.0,7230.0,13678
2025-09-23,6992.0,6992.0,7086.0,6834.0,6901.0,10764
2025-09-24,7048.0,7048.0,7142.0,6960.0,6979.0,8456
2025-09-25,6925.0,6925.0,7130.0,6870.0,7020.0,8985
2025-09-26,6908.0,6908.0,6970.0,6850.0,6909.0,5691
2025-09-29,6998.0,6998.0,7078.0,6912.0,6923.0,7135
2025-09-30,6749.0,6749.0,6970.0,6682.0,6955.0,13489
2025-10-01,6675.0,6675.0,6821.0,6671.0,6731.0,9913
2025-10-02,6481.0,6481.0,6706.0,6420.0,6666.0,13361
2025-10-03,6190.0,6190.0,6445.0,6159.0,6426.0,18588
2025-10-06,6283.0,6283.0,6378.0,6022.0,6120.0,13351
2025-10-07,6179.0,6179.0,6310.0,6066.0,6270.0,9583
2025-10-08,6000.0,6000.0,6240.0,5906.0,6200.0,10541
2025-10-09,5945.0,5945.0,6085.0,5890.0,5982.0,9031
2025-10-10,5848.0,5848.0,6013.0,5811.0,5950.0,9061
2025-10-13,5822.0,5822.0,5951.0,5631.0,5825.0,11190
2025-10-14,5899.0,5899.0,5905.0,5715.0,5811.0,11389
2025-10-15,5809.0,5809.0,5939.0,5690.0,5801.0,10567
2025-10-16,5991.0,5991.0,6055.0,5905.0,5905.0,10128
2025-10-17,5895.0,5895.0,6120.0,5742.0,6089.0,9573
2025-10-20,5899.0,5899.0,5999.0,5813.0,5900.0,5798
2025-10-21,5916.0,5916.0,6035.0,5877.0,5961.0,6347
2025-10-22,6298.0,6298.0,6339.0,5948.0,5972.0,13460
2025-10-23,6339.0,6339.0,6440.0,6209.0,6281.0,9871
2025-10-24,6319.0,6319.0,6480.0,6258.0,6343.0,6080
2025-10-27,6182.0,6182.0,6276.0,6057.0,6256.0,0
2025-10-28,6002.0,6002.0,6192.0,5952.0,6177.0,7388
2025-10-29,6044.0,6044.0,6150.0,5883.0,5973.0,7569
2025-10-30,6058.0,6058.0,6091.0,5920.0,6004.0,6457
2025-10-31,6151.0,6151.0,6358.0,6102.0,6131.0,12836
2025-11-03,6559.0,6559.0,6596.0,6113.0,6174.0,11502
2025-11-04,6600.0,6600.0,6627.0,6415.0,6525.0,10320
2025-11-05,6396.0,6396.0,6627.0,6332.0,6518.0,9657
2025-11-06,6185.0,6185.0,6303.0,6130.0,6262.0,10171
2025-11-07,6013.0,6013.0,6209.0,5986.0,6166.0,10733
2025-11-10,6102.0,6102.0,6138.0,5903.0,6030.0,7647
2025-11-11,5829.0,5829.0,6098.0,5741.0,6002.0,7363
2025-11-12,5625.0,5625.0,5946.0,5561.0,5811.0,6491
2025-11-13,5487.0,5487.0,5667.0,5400.0,5614.0,7894
2025-11-14,5287.0,5287.0,5400.0,5147.0,5350.0,8677
2025-11-17,5264.0,5264.0,5365.0,5155.0,5253.0,13407
2025-11-18,5262.0,5262.0,5345.0,5117.0,5218.0,6746
2025-11-19,4943.0,4943.0,5277.0,4914.0,5244.0,3791
2025-11-20,5108.0,5108.0,5239.0,4948.0,4980.0,1351
2025-11-21,5084.0,5084.0,5130.0,5082.0,5130.0,29
2025-11-24,5090.0,5090.0,5090.0,5090.0,5090.0,0
2025-11-25,4999.0,4999.0,4999.0,4999.0,4999.0,0
2025-11-26,4993.0,4993.0,5068.0,5068.0,5068.0,2
2025-11-28,5404.0,5404.0,5404.0,5404.0,5404.0,0
2025-12-01,5456.0,5456.0,5456.0,5456.0,5456.0,0
2025-12-02,5401.0,5401.0,5401.0,5401.0,5401.0,0
2025-12-03,5453.0,5453.0,5453.0,5453.0,5453.0,0
2025-12-04,5434.0,5434.0,5500.0,5500.0,5500.0,1
2025-12-05,5643.0,5643.0,5643.0,5643.0,5643.0,0
2025-12-08,5648.0,5648.0,5676.0,5676.0,5676.0,1
2025-12-09,5829.0,5829.0,5754.0,5754.0,5754.0,2
2025-12-10,6168.0,6168.0,6168.0,6168.0,6168.0,0
2025-12-11,6235.0,6235.0,6235.0,6235.0,6235.0,0
2025-12-12,6226.0,6226.0,6226.0,6226.0,6226.0,0
2025-12-15,5823.0,5823.0,5823.0,5823.0,5823.0,18663
2025-12-16,5998.0,5998.0,6050.0,5865.0,5931.0,10863
2025-12-17,5978.0,5978.0,6087.0,5926.0,6026.0,10526
2025-12-18,5934.0,5934.0,6027.0,5796.0,6012.0,9523
2025-12-19,5845.0,5845.0,5984.0,5780.0,5936.0,8435
2025-12-22,5887.0,5887.0,6015.0,5760.0,5795.0,10563
2025-12-23,5958.0,5958.0,5990.0,5776.0,5845.0,9059
2025-12-24,5966.0,5966.0,5998.0,5866.0,5962.0,0
2025-12-26,5953.0,5953.0,6058.0,5866.0,5983.0,5125
2025-12-29,6242.0,6242.0,6345.0,5901.0,5965.0,14671
2025-12-30,6063.0,6063.0,6324.0,5861.0,6280.0,13974
2025-12-31,6065.0,6065.0,6185.0,5978.0,6110.0,0
2026-01-02,5871.0,5871.0,6077.0,5823.0,5973.0,10484
2026-01-05,6077.0,6077.0,6093.0,5840.0,6002.0,12000
2026-01-06,5954.0,5954.0,6166.0,5944.0,6089.0,12240
2026-01-07,5915.0,5915.0,6083.0,5701.0,5999.0,17630
2026-01-08,6077.0,6077.0,6276.0,5891.0,5952.0,26853
2026-01-09,5345.0,5345.0,6119.0,5300.0,5997.0,36503
2026-01-12,5443.0,5443.0,5455.0,5192.0,5330.0,29125
2026-01-13,5224.0,5224.0,5494.0,5051.0,5471.0,27203
2026-01-14,5090.0,5090.0,5262.0,4961.0,5253.0,22479
2026-01-15,4966.0,4966.0,5083.0,4839.0,4939.0,14898
2026-01-16,5076.0,5076.0,5187.0,4985.0,5001.0,11213
2026-01-20,4648.0,4648.0,4970.0,4587.0,4939.0,19368
2026-01-21,4448.0,4448.0,4589.0,4245.0,4399.0,18698
2026-01-22,4469.0,4469.0,4494.0,4387.0,4407.0,12900
2026-01-23,4201.0,4201.0,4442.0,4054.0,4440.0,15306
2026-01-26,4348.0,4348.0,4489.0,4225.0,4279.0,15494
2026-01-27,4433.0,4433.0,4484.0,4268.0,4301.0,12151
2026-01-28,4150.0,4150.0,4416.0,4071.0,4404.0,13013
2026-01-29,4177.0,4177.0,4246.0,4104.0,4165.0,13236
2026-01-30,4165.0,4165.0,4230.0,3931.0,4169.0,17409
2026-02-02,4210.0,4210.0,4253.0,3940.0,4103.0,16615
2026-02-03,4300.0,4300.0,4398.0,4206.0,4299.0,15066
2026-02-04,4086.0,4086.0,4308.0,4017.0,4251.0,18987
2026-02-05,4209.0,4209.0,4239.0,4068.0,4072.0,15627
2026-02-06,4197.0,4197.0,4250.0,4071.0,4148.0,14255
2026-02-09,4102.0,4102.0,4237.0,3966.0,4172.0,15904
2026-02-10,3805.0,3805.0,4073.0,3776.0,3982.0,13735
2026-02-11,3762.0,3762.0,3865.0,3749.0,3795.0,12053
2026-02-12,3632.0,3632.0,3751.0,3604.0,3751.0,10766
2026-02-13,3581.0,3581.0,3673.0,3563.0,3606.0,9938
2026-02-17,3384.0,3384.0,3574.0,3364.0,3540.0,11863
2026-02-18,3226.0,3226.0,3375.0,3105.0,3358.0,5903
2026-02-19,2968.0,2968.0,3271.0,2961.0,3197.0,5157
2026-02-20,3080.0,3080.0,3120.0,2936.0,2967.0,3267
2026-02-23,3004.0,3004.0,3165.0,3007.0,3165.0,138
2026-02-24,2997.0,2997.0,3027.0,3027.0,3027.0,1
2026-02-25,2957.0,2957.0,2957.0,2957.0,2957.0,97
2026-02-26,2974.0,2974.0,2974.0,2974.0,2974.0,5
2026-02-27,2798.0,2798.0,2798.0,2798.0,2798.0,0
2026-03-02,2931.0,2931.0,2931.0,2931.0,2931.0,0
2026-03-03,2925.0,2925.0,2967.0,2941.0,2966.0,10
2026-03-04,2968.0,2968.0,2968.0,2968.0,2968.0,0
2026-03-05,2963.0,2963.0,2963.0,2963.0,2963.0,0
2026-03-06,3138.0,3138.0,3138.0,3138.0,3138.0,0
2026-03-09,3197.0,3197.0,3197.0,3197.0,3197.0,0
2026-03-10,3356.0,3356.0,3356.0,3356.0,3356.0,0
2026-03-11,3337.0,3337.0,3360.0,3360.0,3360.0,1
2026-03-12,3223.0,3223.0,3223.0,3223.0,3223.0,0
2026-03-13,3205.0,3205.0,3205.0,3205.0,3205.0,0
2026-03-16,3328.0,3328.0,3328.0,3328.0,3328.0,16374
2026-03-17,3349.0,3349.0,3422.0,3325.0,3396.0,14764
2026-03-18,3260.0,3260.0,3386.0,3232.0,3377.0,12137
2026-03-19,3331.0,3331.0,3351.0,3193.0,3233.0,13959
2026-03-20,3255.0,3255.0,3341.0,3171.0,3311.0,14018
2026-03-23,3180.0,3180.0,3332.0,3168.0,3278.0,13995
2026-03-24,3235.0,3235.0,3250.0,3178.0,3180.0,10675
2026-03-25,3133.0,3133.0,3233.0,3121.0,3220.0,10266
2026-03-26,3164.0,3164.0,3194.0,3080.0,3134.0,8536
2026-03-27,3165.0,3165.0,3204.0,3112.0,3162.0,8905
2026-03-30,3155.0,3155.0,3176.0,3105.0,3154.0,9172
2026-03-31,3300.0,3300.0,3331.0,3140.0,3151.0,18657
2026-04-01,3345.0,3345.0,3378.0,3250.0,3267.0,17354
2026-04-02,3245.0,3245.0,3357.0,3196.0,3356.0,13619
2026-04-06,3235.0,3235.0,3297.0,3215.0,3265.0,7266
2026-04-07,3028.0,3028.0,3217.0,2992.0,3210.0,21725
2026-04-08,3196.0,3196.0,3238.0,3034.0,3048.0,23272
2026-04-09,3162.0,3162.0,3206.0,3101.0,3157.0,18211
2026-04-10,3246.0,3246.0,3261.0,3162.0,3188.0,17476
2026-04-13,3278.0,3278.0,3299.0,3115.0,3253.0,23211
2026-04-14,3557.0,3557.0,3586.0,3264.0,3281.0,39405
2026-04-15,3477.0,3477.0,3610.0,3391.0,3554.0,6693
2026-04-16,3367.0,3367.0,3520.0,3354.0,3436.0,6952
2026-04-17,3186.0,3186.0,3468.0,3173.0,3355.0,6896
2026-04-20,3298.0,3298.0,3342.0,3204.0,3204.0,5498
2026-04-21,3220.0,3220.0,3295.0,3198.0,3279.0,4560
2026-04-22,3339.0,3339.0,3400.0,3206.0,3206.0,3443
2026-04-23,3369.0,3369.0,3400.0,3270.0,3336.0,560
2026-04-24,3349.0,3349.0,3402.0,3400.0,3402.0,3
2026-04-27,3218.0,3218.0,3281.0,3244.0,3281.0,2
2026-04-28,3305.0,3305.0,3305.0,3305.0,3305.0,0
2026-04-29,3335.0,3335.0,3335.0,3335.0,3335.0,0
2026-04-30,3494.0,3494.0,3494.0,3494.0,3494.0,0
2026-05-01,3521.0,3521.0,3521.0,3521.0,3521.0,0
2026-05-04,3812.0,3812.0,3812.0,3812.0,3812.0,0
2026-05-05,4003.0,4003.0,4003.0,4003.0,4003.0,0
2026-05-06,4064.0,4064.0,4064.0,4064.0,4064.0,0
2026-05-07,4356.0,4356.0,4356.0,4356.0,4356.0,0
2026-05-08,4113.0,4113.0,4225.0,4225.0,4225.0,1
2026-05-11,4632.0,4632.0,4632.0,4632.0,4632.0,0
2026-05-12,4503.0,4503.0,4467.0,4467.0,4467.0,1
2026-05-13,4309.0,4309.0,4309.0,4309.0,4309.0,25336
2026-05-14,4189.0,4189.0,4491.0,4094.0,4450.0,17160
2026-05-15,4002.0,4002.0,4168.0,3957.0,4149.0,16556
2026-05-18,3791.0,3791.0,3953.0,3721.0,3907.0,20504
2026-05-19,3907.0,3907.0,3958.0,3769.0,3769.0,14176
2026-05-20,3889.0,3889.0,3938.0,3763.0,3846.0,12758
2026-05-21,3767.0,3767.0,3943.0,3732.0,3832.0,15658
2026-05-22,3796.0,3796.0,3829.0,3651.0,3735.0,14971
2026-05-26,4169.0,4169.0,4199.0,3765.0,3790.0,21241
2026-05-27,4140.0,4140.0,4334.0,4103.0,4220.0,19030
2026-05-28,4099.0,4099.0,4224.0,4041.0,4115.0,12799
2026-05-29,3923.0,3923.0,4175.0,3895.0,4076.0,15620
2026-06-01,3895.0,3895.0,4099.0,3845.0,3875.0,17870
2026-06-02,4108.0,4108.0,4199.0,3912.0,3913.0,18830
2026-06-03,4072.0,4072.0,4123.0,4011.0,4088.0,15068
2026-06-04,3965.0,3965.0,4075.0,3893.0,4016.0,12238
2026-06-05,3762.0,3762.0,3957.0,3720.0,3925.0,21486
2026-06-08,3831.0,3831.0,3908.0,3787.0,3875.0,21110
2026-06-09,3831.0,3831.0,3959.0,3773.0,3829.0,17058
2026-06-10,3757.0,3757.0,3872.0,3736.0,3807.0,16256
2026-06-11,3710.0,3710.0,3798.0,3694.0,3761.0,13660
2026-06-12,3779.0,3779.0,3853.0,3700.0,3701.0,12089
2026-06-15,3882.0,3882.0,4082.0,3866.0,3940.0,12015
2026-06-16,4142.0,4142.0,4238.0,3877.0,3891.0,9884
2026-06-17,4144.0,4144.0,4300.0,4100.0,4153.0,8705
2026-06-18,4143.0,4143.0,4164.0,3984.0,4082.0,6224
2026-06-22,4525.0,4525.0,4569.0,4211.0,4224.0,9786
2026-06-23,4545.0,4545.0,4594.0,4421.0,4499.0,1477
2026-06-24,4902.0,4902.0,4800.0,4611.0,4650.0,203
2026-06-25,5159.0,5159.0,5100.0,5067.0,5100.0,2
2026-06-26,5014.0,5014.0,5014.0,5014.0,5014.0,0
2026-06-29,4895.0,4895.0,4911.0,4800.0,4911.0,34
2026-06-30,5002.0,5002.0,5002.0,5002.0,5002.0,0
2026-07-01,5006.0,5006.0,5006.0,5006.0,5006.0,0
2026-07-02,4949.0,4949.0,4949.0,4949.0,4949.0,0
2026-07-06,5602.0,5602.0,5130.0,5058.0,5129.0,4
2026-07-07,5667.0,5667.0,5667.0,5667.0,5667.0,0
2026-07-08,5959.0,5959.0,5959.0,5959.0,5959.0,0
2026-07-09,6309.0,6309.0,6309.0,6309.0,6309.0,6
2026-07-10,5919.0,5919.0,5919.0,5919.0,5919.0,0
2026-07-13,5696.0,5696.0,5696.0,5696.0,5696.0,0
2026-07-14,5660.0,5660.0,5660.0,5660.0,5660.0,0
2026-07-15,5737.0,5737.0,5737.0,5737.0,5737.0,0
2026-07-16,5216.0,5216.0,5216.0,5216.0,5216.0,20035
2026-07-17,5533.0,5533.0,5767.0,5393.0,5421.0,14297
2026-07-20,5520.0,5520.0,5681.0,5349.0,5512.0,15688
2026-07-21,5607.0,5607.0,5733.0,5405.0,5450.0,19464
2026-07-22,5328.0,5328.0,5534.0,5240.0,5502.0,16490
2026-07-23,5301.0,5301.0,5411.0,5165.0,5272.0,13283
2026-07-24,5376.0,5376.0,5438.0,5227.0,5320.0,17604
2026-07-27,5100.0,5100.0,5561.0,5080.0,5332.0,17744
2026-07-28,5201.0,5201.0,5233.0,4992.0,5150.0,16476
2026-07-29,5185.0,5185.0,5360.0,5075.0,5292.0,19290
2026-07-30,5112.0,5112.0,5218.0,5048.0,5160.0,13512
2026-07-31,5397.0,5397.0,5510.0,5138.0,5168.0,19044
2026-08-03,5939.0,5939.0,5950.0,5378.0,5435.0,25987
2026-08-04,5924.0,5924.0,6108.0,5815.0,5951.0,20815
2026-08-05,5882.0,5882.0,6222.0,5803.0,6077.0,23360
2026-08-06,5776.0,5776.0,5830.0,5534.0,5776.0,24401
2026-08-07,5782.0,5782.0,5890.0,5613.0,5764.0,17896
2026-08-10,5821.0,5821.0,5930.0,5608.0,5711.0,19191
2026-08-11,5543.0,5543.0,5904.0,5425.0,5875.0,20930
2026-08-12,5619.0,5619.0,5666.0,5465.0,5527.0,15458
2026-08-13,5648.0,5648.0,5788.0,5565.0,5650.0,17232
2026-08-14,5734.0,5734.0,5767.0,5538.0,5638.0,13712
2026-08-17,6044.0,6044.0,6100.0,5640.0,5726.0,8421
2026-08-18,5905.0,5905.0,6069.0,5873.0,6065.0,9727
2026-08-19,6046.0,6046.0,6129.0,5846.0,5901.0,5660
2026-08-20,6088.0,6088.0,6170.0,5732.0,5920.0,7638
2026-08-21,5990.0,5990.0,6143.0,5896.0,6030.0,3334
2026-08-24,5820.0,5820.0,5923.0,5689.0,5917.0,600
2026-08-25,5759.0,5759.0,5819.0,5816.0,5818.0,36
2026-08-26,5817.0,5817.0,5916.0,5842.0,5916.0,3
2026-08-27,6155.0,6155.0,6190.0,6186.0,6186.0,2
2026-08-28,6527.0,6527.0,6675.0,6491.0,6500.0,3
2026-08-31,6650.0,6650.0,6600.0,6600.0,6600.0,1
2026-09-01,6552.0,6552.0,6603.0,6603.0,6603.0,1
2026-09-02,6254.0,6254.0,6501.0,6347.0,6501.0,2
2026-09-03,6057.0,6057.0,6166.0,6166.0,6166.0,1
2026-09-04,6082.0,6082.0,6052.0,6049.0,6049.0,44
2026-09-08,5886.0,5886.0,6080.0,6080.0,6080.0,1
2026-09-09,5924.0,5924.0,5924.0,5924.0,5924.0,0
2026-09-10,5961.0,5961.0,5961.0,5961.0,5961.0,15
2026-09-11,5933.0,5933.0,5933.0,5933.0,5933.0,0
2026-09-14,5995.0,5995.0,5995.0,5995.0,5995.0,0
2026-09-15,5895.0,5895.0,5895.0,5895.0,5895.0,15471
2026-09-16,5979.0,5979.0,6047.0,5876.0,5917.0,9779
2026-09-17,5772.0,5772.0,6038.0,5506.0,5946.0,20634
2026-09-18,5327.0,5327.0,5684.0,5290.0,5663.0,24191
2026-09-21,5351.0,5351.0,5533.0,5242.0,5317.0,19744
2026-09-22,5402.0,5402.0,5520.0,5111.0,5301.0,19525
2026-09-23,5528.0,5528.0,5576.0,5252.0,5395.0,17562
2026-09-24,5590.0,5590.0,5671.0,5489.0,5528.0,11611
2026-09-25,5619.0,5619.0,5676.0,5462.0,5560.0,12006
2026-09-28,5589.0,5589.0,5741.0,5574.0,5625.0,12771
2026-09-29,5408.0,5408.0,5665.0,5314.0,5590.0,16305
2026-09-30,5367.0,5367.0,5505.0,5292.0,5345.0,17954
2026-10-01,5381.0,5381.0,5463.0,5051.0,5348.0,29119
2026-10-02,5670.0,5670.0,5781.0,5395.0,5490.0,36026
2026-10-05,5867.0,5867.0,5908.0,5567.0,5658.0,20540
2026-10-06,5700.0,5700.0,5889.0,5670.0,5790.0,14098
2026-10-07,5582.0,5582.0,5820.0,5515.0,5772.0,14098
2026-10-08,5535.0,5535.0,5564.0,5431.0,5495.0,1681
