Date,Adj Close,Close,High,Low,Open,Volume
2015-01-02,58.130279541015625,59.2400016784668,60.43000030517578,58.5099983215332,59.900001525878906,2796400
2015-01-05,57.080318450927734,58.16999816894531,59.2400016784668,57.84000015258789,58.599998474121094,3688200
2015-01-06,56.12849807739258,57.20000076293945,58.54999923706055,56.54999923706055,58.18000030517578,3174900
2015-01-07,55.86355209350586,56.93000030517578,57.95000076293945,56.599998474121094,57.790000915527344,4284300
2015-01-08,57.492454528808594,58.59000015258789,58.779998779296875,57.16999816894531,57.33000183105469,3756600
2015-01-09,57.07050323486328,58.15999984741211,59.5,57.77000045776367,59.15999984741211,6875300
2015-01-12,56.6485710144043,57.72999954223633,58.599998474121094,57.52000045776367,58.45000076293945,2724500
2015-01-13,56.884071350097656,57.970001220703125,59.540000915527344,57.29999923706055,58.38999938964844,3509100
2015-01-14,56.17755126953125,57.25,57.779998779296875,56.380001068115234,57.40999984741211,3098400
2015-01-15,54.0776481628418,55.11000061035156,57.540000915527344,55.029998779296875,57.150001525878906,4821000
2015-01-16,55.5789909362793,56.63999938964844,56.720001220703125,54.95000076293945,54.959999084472656,3236700
2015-01-20,56.2168083190918,57.290000915527344,57.560001373291016,55.810001373291016,56.70000076293945,6521500
2015-01-21,56.62894058227539,57.709999084472656,58.54999923706055,56.84000015258789,56.9900016784668,3544900
2015-01-22,56.913509368896484,58.0,58.459999084472656,57.16999816894531,57.90999984741211,5481500
2015-01-23,57.52189254760742,58.619998931884766,59.04999923706055,57.779998779296875,58.0,3887300
2015-01-26,58.66016387939453,59.779998779296875,59.97999954223633,58.400001525878906,58.529998779296875,4753200
2015-01-27,56.70744705200195,57.790000915527344,58.900001525878906,57.2400016784668,58.900001525878906,4150700
2015-01-28,55.29441833496094,56.349998474121094,58.5,56.349998474121094,58.43000030517578,4683400
2015-01-29,57.01163101196289,58.099998474121094,58.2599983215332,55.849998474121094,56.79999923706055,4424500
2015-01-30,55.39254379272461,56.45000076293945,58.13999938964844,56.369998931884766,57.5,3817400
2015-02-02,56.20699691772461,57.279998779296875,57.33000183105469,55.45000076293945,56.880001068115234,3495200
2015-02-03,57.5120849609375,58.61000061035156,58.65999984741211,57.22999954223633,57.65999984741211,3474200
2015-02-04,57.88496398925781,58.9900016784668,59.470001220703125,58.209999084472656,58.439998626708984,3013100
2015-02-05,58.149906158447266,59.2599983215332,59.47999954223633,58.7599983215332,58.95000076293945,2513000
2015-02-06,58.06158447265625,59.16999816894531,59.70000076293945,58.650001525878906,59.2599983215332,2714200
2015-02-09,56.893882751464844,57.97999954223633,58.97999954223633,57.81999969482422,58.849998474121094,2879000
2015-02-10,57.688716888427734,58.790000915527344,59.16999816894531,58.220001220703125,58.5,3093700
2015-02-11,57.698524475097656,58.79999923706055,59.099998474121094,58.61000061035156,58.81999969482422,3413700
2015-02-12,60.11243438720703,61.2599983215332,61.34000015258789,59.220001220703125,59.290000915527344,5284800
2015-02-13,61.67265319824219,62.849998474121094,63.220001220703125,61.099998474121094,61.25,5107000
2015-02-17,60.90726089477539,62.06999969482422,62.61000061035156,61.83000183105469,62.58000183105469,3447200
2015-02-18,61.81984329223633,63.0,63.0,62.290000915527344,62.400001525878906,2534300
2015-02-19,61.63340759277344,62.810001373291016,63.029998779296875,62.0099983215332,62.59000015258789,2320900
2015-02-20,62.545989990234375,63.7400016784668,63.75,62.5099983215332,62.779998779296875,3473800
2015-02-23,61.407718658447266,62.58000183105469,63.439998626708984,62.369998931884766,63.13999938964844,4671400
2015-02-24,60.7698860168457,61.93000030517578,62.59000015258789,61.54999923706055,62.58000183105469,5481700
2015-02-25,61.6922721862793,62.869998931884766,63.04999923706055,61.88999938964844,61.93000030517578,7634000
2015-02-26,68.9242172241211,70.23999786376953,71.0,69.0,70.0199966430664,20370800
2015-02-27,68.08032989501953,69.37999725341797,70.41000366210938,69.01000213623047,69.8499984741211,8289500
2015-03-02,67.17755889892578,68.45999908447266,68.80000305175781,66.66999816894531,67.37999725341797,8124800
2015-03-03,65.69586181640625,66.94999694824219,68.37999725341797,66.70999908447266,68.05999755859375,4945600
2015-03-04,63.66462707519531,64.87999725341797,66.4000015258789,64.72000122070312,66.37999725341797,9121300
2015-03-05,64.36132049560547,65.58999633789062,66.05999755859375,64.76000213623047,65.12000274658203,3925200
2015-03-06,63.350616455078125,64.55999755859375,65.94000244140625,64.27999877929688,65.18000030517578,3861800
2015-03-09,64.2533950805664,65.4800033569336,65.66999816894531,64.31999969482422,64.75,4567800
2015-03-10,62.565608978271484,63.7599983215332,64.95999908447266,63.7599983215332,64.77999877929688,3941700
2015-03-11,62.48711013793945,63.68000030517578,64.5,63.650001525878906,64.0,3374100
2015-03-12,63.733314514160156,64.94999694824219,65.3499984741211,63.65999984741211,63.65999984741211,3809500
2015-03-13,63.38987731933594,64.5999984741211,65.41999816894531,63.900001525878906,64.80999755859375,3248000
2015-03-16,65.18557739257812,66.43000030517578,66.47000122070312,64.91000366210938,64.94999694824219,4538900
2015-03-17,66.28459930419922,67.55000305175781,67.55999755859375,65.87999725341797,65.95999908447266,5594700
2015-03-18,67.2658920288086,68.55000305175781,68.94000244140625,66.75,67.04000091552734,5576600
2015-03-19,67.58970642089844,68.87999725341797,68.94999694824219,68.0999984741211,68.30000305175781,3883100
2015-03-20,66.42198181152344,67.69000244140625,69.88999938964844,67.29000091552734,69.19000244140625,8649500
2015-03-23,66.3925552368164,67.66000366210938,68.26000213623047,67.37999725341797,67.69999694824219,3659000
2015-03-24,66.10799407958984,67.37000274658203,67.83000183105469,67.26000213623047,67.68000030517578,3216100
2015-03-25,64.54776763916016,65.77999877929688,67.33999633789062,65.52999877929688,67.30000305175781,4030100
2015-03-26,64.75382995605469,65.98999786376953,66.45999908447266,64.80999755859375,65.72000122070312,2971600
2015-03-27,65.30335235595703,66.55000305175781,66.68000030517578,65.55999755859375,65.77999877929688,2106400
2015-03-30,65.59771728515625,66.8499984741211,67.55999755859375,66.23999786376953,67.4000015258789,2741200
2015-03-31,65.55847930908203,66.80999755859375,67.95999908447266,66.45999908447266,66.51000213623047,4031700
2015-04-01,64.84214782714844,66.08000183105469,66.55000305175781,65.41999816894531,66.51000213623047,3713000
2015-04-02,65.430908203125,66.68000030517578,66.9000015258789,65.75,66.25,2021600
2015-04-06,66.66729736328125,67.94000244140625,68.05999755859375,66.0,66.23999786376953,6375400
2015-04-07,66.92242431640625,68.19999694824219,69.75,67.98999786376953,68.23999786376953,3817100
2015-04-08,66.93223571777344,68.20999908447266,68.91999816894531,67.80999755859375,68.26000213623047,2566700
2015-04-09,66.47105407714844,67.73999786376953,68.3499984741211,66.81999969482422,68.31999969482422,2577500
2015-04-10,66.37294006347656,67.63999938964844,67.98999786376953,66.94000244140625,67.5999984741211,1953000
2015-04-13,65.82342529296875,67.08000183105469,68.31999969482422,67.0,67.76000213623047,2131000
2015-04-14,65.65660858154297,66.91000366210938,67.41000366210938,66.30000305175781,67.12000274658203,1938000
2015-04-15,65.95099639892578,67.20999908447266,67.51000213623047,66.9800033569336,67.2699966430664,2140200
2015-04-16,66.63787078857422,67.91000366210938,68.20999908447266,66.6500015258789,66.66999816894531,2269300
2015-04-17,64.57720184326172,65.80999755859375,67.16000366210938,65.44000244140625,67.16000366210938,3794200
2015-04-20,65.64678955078125,66.9000015258789,67.05000305175781,66.19000244140625,66.19000244140625,1945200
2015-04-21,66.1177978515625,67.37999725341797,67.94000244140625,67.11000061035156,67.38999938964844,2223700
2015-04-22,66.44161224365234,67.70999908447266,68.12000274658203,67.0199966430664,67.37999725341797,2051400
2015-04-23,67.1873779296875,68.47000122070312,69.08000183105469,67.26000213623047,67.36000061035156,3518400
2015-04-24,66.55936431884766,67.83000183105469,68.70999908447266,67.37999725341797,68.5999984741211,1910900
2015-04-27,66.56916046142578,67.83999633789062,68.94000244140625,67.69999694824219,68.45999908447266,2643200
2015-04-28,65.63697052001953,66.88999938964844,68.33999633789062,66.56999969482422,67.97000122070312,2832800
2015-04-29,73.25161743164062,74.6500015258789,78.45999908447266,65.88999938964844,66.30999755859375,28245800
2015-04-30,71.45588684082031,72.81999969482422,74.0,71.0,72.19000244140625,17492100
2015-05-01,71.98577117919922,73.36000061035156,74.5,72.0,73.37000274658203,9210800
2015-05-04,70.25875854492188,71.5999984741211,72.37000274658203,71.01000213623047,72.2699966430664,5058500
2015-05-05,71.38720703125,72.75,76.18000030517578,71.0,71.5,20008500
2015-05-06,72.40772247314453,73.79000091552734,75.52999877929688,72.80000305175781,73.6500015258789,11122100
2015-05-07,73.12403869628906,74.5199966430664,74.7699966430664,73.4000015258789,74.08000183105469,4377700
2015-05-08,71.04376220703125,72.4000015258789,73.5,71.76000213623047,72.0,6156400
2015-05-11,69.86624908447266,71.19999694824219,72.27999877929688,71.19999694824219,71.4800033569336,4048500
2015-05-12,70.4255599975586,71.7699966430664,72.1500015258789,70.04000091552734,70.69999694824219,3575500
2015-05-13,70.4451904296875,71.79000091552734,72.52999877929688,71.0199966430664,72.38999938964844,4209700
2015-05-14,71.5147705078125,72.87999725341797,73.08000183105469,71.80000305175781,72.5,3199500
2015-05-15,71.04376220703125,72.4000015258789,73.30999755859375,72.25,73.22000122070312,3649300
2015-05-18,71.43626403808594,72.80000305175781,73.19999694824219,71.66999816894531,72.55000305175781,2856700
2015-05-19,70.1409912109375,71.4800033569336,73.0999984741211,70.83999633789062,72.98999786376953,5104100
2015-05-20,68.84571838378906,70.16000366210938,71.2300033569336,69.29000091552734,71.2300033569336,9728300
2015-05-21,71.5442123413086,72.91000366210938,74.68000030517578,72.30999755859375,73.51000213623047,12316000
2015-05-22,73.6048812866211,75.01000213623047,75.88999938964844,72.5,73.0,11304800
2015-05-26,72.19184875488281,73.56999969482422,73.9800033569336,73.22000122070312,73.66000366210938,6547800
2015-05-27,72.56472778320312,73.94999694824219,74.45999908447266,72.93000030517578,73.0,3927000
2015-05-28,71.31851959228516,72.68000030517578,73.48999786376953,72.52999877929688,72.91999816894531,5066300
2015-05-29,71.38720703125,72.75,72.93000030517578,71.66000366210938,72.55999755859375,4838100
2015-06-01,71.73064422607422,73.0999984741211,73.48999786376953,72.25,72.79000091552734,3191400
2015-06-02,71.5344009399414,72.9000015258789,73.3499984741211,72.61000061035156,72.83000183105469,2623000
2015-06-03,72.09371185302734,73.47000122070312,73.5999984741211,72.69999694824219,73.20999908447266,2649500
2015-06-04,70.85731506347656,72.20999908447266,73.4800033569336,72.01000213623047,72.91000366210938,2767500
2015-06-05,72.1722183227539,73.55000305175781,73.66999816894531,71.8499984741211,72.0,3187600
2015-06-08,70.49424743652344,71.83999633789062,73.27999877929688,71.23999786376953,73.27999877929688,3830600
2015-06-09,70.4157485961914,71.76000213623047,72.4800033569336,71.0,72.45999908447266,3236500
2015-06-10,71.6619644165039,73.02999877929688,73.30000305175781,71.47000122070312,72.02999877929688,2476600
2015-06-11,71.04376220703125,72.4000015258789,73.48999786376953,72.25,73.16999816894531,2371700
2015-06-12,70.4255599975586,71.7699966430664,72.3499984741211,71.47000122070312,72.19999694824219,2288100
2015-06-15,71.20075225830078,72.55999755859375,72.66999816894531,70.7300033569336,71.30999755859375,2844600
2015-06-16,72.0250244140625,73.4000015258789,73.55000305175781,72.0,72.0,3434200
2015-06-17,73.02590942382812,74.41999816894531,75.80999755859375,73.30999755859375,73.5,7291600
2015-06-18,74.291748046875,75.70999908447266,76.20999908447266,74.5999984741211,74.62999725341797,4230300
2015-06-19,73.5950698852539,75.0,75.94999694824219,74.95999908447266,75.5,5372600
2015-06-22,73.37916564941406,74.77999877929688,75.70999908447266,74.3499984741211,75.5,3112700
2015-06-23,72.81004333496094,74.19999694824219,74.9800033569336,73.86000061035156,74.86000061035156,3142400
2015-06-24,72.1231460571289,73.5,74.55000305175781,72.98999786376953,74.0999984741211,2763300
2015-06-25,72.23108673095703,73.61000061035156,74.6500015258789,73.37000274658203,74.31999969482422,1958200
2015-06-26,70.98487854003906,72.33999633789062,73.91000366210938,72.08999633789062,73.75,4089800
2015-06-29,68.68871307373047,70.0,71.87000274658203,69.93000030517578,71.66999816894531,2698200
2015-06-30,68.32565307617188,69.62999725341797,70.77999877929688,69.11000061035156,70.68000030517578,3559900
2015-07-01,69.2186050415039,70.54000091552734,71.04000091552734,70.1500015258789,70.58000183105469,3060700
2015-07-02,69.1008529663086,70.41999816894531,71.05000305175781,69.9800033569336,70.91999816894531,1562300
2015-07-06,67.86444854736328,69.16000366210938,69.83000183105469,68.55000305175781,69.7699966430664,3586700
2015-07-07,68.94384002685547,70.26000213623047,70.51000213623047,68.33000183105469,70.18000030517578,4937200
2015-07-08,68.09012603759766,69.38999938964844,70.48999786376953,69.06999969482422,70.02999877929688,2988500
2015-07-09,68.64945983886719,69.95999908447266,71.5999984741211,69.94000244140625,70.5,3297500
2015-07-10,69.80735778808594,71.13999938964844,71.41999816894531,70.47000122070312,70.97000122070312,2252200
2015-07-13,69.71905517578125,71.05000305175781,71.86000061035156,71.0,71.58999633789062,2446400
2015-07-14,70.4451904296875,71.79000091552734,72.01000213623047,71.20999908447266,71.20999908447266,2024100
2015-07-15,70.02323913574219,71.36000061035156,72.16000366210938,71.06999969482422,71.75,1722300
2015-07-16,71.0633773803711,72.41999816894531,72.43000030517578,71.62999725341797,71.91000366210938,2774900
2015-07-17,71.4460678100586,72.80999755859375,73.5,72.06999969482422,72.54000091552734,3005700
2015-07-20,71.40682983398438,72.7699966430664,73.19000244140625,72.41000366210938,72.88999938964844,2175900
2015-07-21,72.44696807861328,73.83000183105469,73.91999816894531,72.5,72.62000274658203,3620500
2015-07-22,72.4862289428711,73.87000274658203,74.41999816894531,73.18000030517578,73.37000274658203,3296400
2015-07-23,70.85731506347656,72.20999908447266,74.5199966430664,71.97000122070312,74.25,3231600
2015-07-24,72.53528594970703,73.91999816894531,74.19000244140625,72.26000213623047,72.70999908447266,3480300
2015-07-27,71.1026382446289,72.45999908447266,73.88999938964844,72.30999755859375,73.37000274658203,3478400
2015-07-28,72.40772247314453,73.79000091552734,73.86000061035156,71.75,72.79000091552734,3435200
2015-07-29,72.49603271484375,73.87999725341797,74.19000244140625,72.33000183105469,73.02999877929688,2158700
2015-07-30,71.98577117919922,73.36000061035156,73.83999633789062,72.33999633789062,73.69000244140625,2362800
2015-07-31,71.9269027709961,73.30000305175781,74.1500015258789,73.01000213623047,73.41000366210938,2144600
2015-08-03,71.0830078125,72.44000244140625,73.63999938964844,72.05999755859375,73.56999969482422,2581400
2015-08-04,70.54331970214844,71.88999938964844,72.76000213623047,71.80000305175781,72.44999694824219,2089300
2015-08-05,71.17131805419922,72.52999877929688,73.63999938964844,72.43000030517578,72.56999969482422,2108900
2015-08-06,69.11067199707031,70.43000030517578,72.87999725341797,70.31999969482422,72.77999877929688,2195400
2015-08-07,69.09104919433594,70.41000366210938,70.7300033569336,69.4800033569336,70.44999694824219,2226200
2015-08-10,69.9349365234375,71.2699966430664,71.5199966430664,70.69999694824219,71.12999725341797,1814000
2015-08-11,70.28817749023438,71.62999725341797,71.87999725341797,70.4000015258789,70.68000030517578,2406200
2015-08-12,69.709228515625,71.04000091552734,71.37999725341797,69.55999755859375,71.0999984741211,3135100
2015-08-13,70.06248474121094,71.4000015258789,71.93000030517578,70.75,71.44000244140625,2302900
2015-08-14,71.62271118164062,72.98999786376953,73.2699966430664,70.86000061035156,71.19000244140625,3246900
2015-08-17,72.65303802490234,74.04000091552734,74.13999938964844,71.5999984741211,72.58999633789062,3073000
2015-08-18,71.22039794921875,72.58000183105469,74.05000305175781,72.02999877929688,73.91000366210938,4126500
2015-08-19,70.69049835205078,72.04000091552734,72.94000244140625,71.73999786376953,72.54000091552734,4774900
2015-08-20,66.54954528808594,67.81999969482422,72.0,67.5,71.62000274658203,8168000
2015-08-21,67.85464477539062,69.1500015258789,71.55000305175781,68.27999877929688,69.0,13138700
2015-08-24,63.9492073059082,65.16999816894531,68.98999786376953,64.16000366210938,65.76000213623047,9650000
2015-08-25,63.95901870727539,65.18000030517578,68.19999694824219,65.0199966430664,67.58999633789062,7104000
2015-08-26,67.23643493652344,68.5199966430664,68.63999938964844,65.29000091552734,66.69999694824219,8044100
2015-08-27,68.62983703613281,69.94000244140625,70.23999786376953,68.25,69.30999755859375,4918100
2015-08-28,68.93402862548828,70.25,70.81999969482422,69.47000122070312,69.75,4191100
2015-08-31,68.06069946289062,69.36000061035156,70.20999908447266,69.02999877929688,69.79000091552734,3891900
2015-09-01,65.38184356689453,66.62999725341797,68.62000274658203,66.26000213623047,67.86000061035156,4373900
2015-09-02,66.70655822753906,67.9800033569336,67.9800033569336,66.33000183105469,67.58999633789062,3465400
2015-09-03,66.97150421142578,68.25,69.25,67.94999694824219,68.30000305175781,2937100
2015-09-04,65.87248992919922,67.12999725341797,67.97000122070312,66.54000091552734,67.27999877929688,3146000
2015-09-08,69.43447875976562,70.76000213623047,70.81999969482422,68.30999755859375,68.33999633789062,4098400
2015-09-09,67.73686981201172,69.02999877929688,71.33000183105469,68.8499984741211,71.0199966430664,3652800
2015-09-10,68.43358612060547,69.73999786376953,70.0,68.91999816894531,69.0,2861200
2015-09-11,68.73777770996094,70.05000305175781,70.08999633789062,68.9000015258789,69.54000091552734,3442000
2015-09-14,68.58078002929688,69.88999938964844,70.4000015258789,69.54000091552734,70.19999694824219,3436000
2015-09-15,69.9349365234375,71.2699966430664,71.69999694824219,70.1500015258789,70.62999725341797,4276400
2015-09-16,70.53349304199219,71.87999725341797,72.0,70.9800033569336,71.5,3330300
2015-09-17,70.96526336669922,72.31999969482422,73.19999694824219,71.5,71.5,4205900
2015-09-18,70.06248474121094,71.4000015258789,72.41999816894531,70.62000274658203,71.30000305175781,6039500
2015-09-21,70.78863525390625,72.13999938964844,72.63999938964844,71.05999755859375,71.76000213623047,2914000
2015-09-22,70.30779266357422,71.6500015258789,71.94000244140625,70.91000366210938,71.38999938964844,3460100
2015-09-23,70.64144134521484,71.98999786376953,72.36000061035156,70.97000122070312,71.5,2688800
2015-09-24,70.36669158935547,71.70999908447266,72.0,70.44999694824219,71.55000305175781,3056000
2015-09-25,71.0830078125,72.44000244140625,73.62000274658203,71.94999694824219,72.5999984741211,4829900
2015-09-28,67.74669647216797,69.04000091552734,72.69000244140625,68.97000122070312,71.94999694824219,5638500
2015-09-29,67.09905242919922,68.37999725341797,69.66999816894531,67.70999908447266,69.08999633789062,4660200
2015-09-30,68.12938690185547,69.43000030517578,69.62000274658203,67.81999969482422,69.08000183105469,4080100
2015-10-01,71.5442123413086,72.91000366210938,73.06999969482422,68.68000030517578,69.16000366210938,8106900
2015-10-02,72.54509735107422,73.93000030517578,74.0199966430664,71.16000366210938,71.68000030517578,4838600
2015-10-05,73.86000061035156,75.2699966430664,75.75,73.86000061035156,74.08999633789062,4169700
2015-10-06,73.02590942382812,74.41999816894531,75.27999877929688,73.88999938964844,75.08999633789062,2519400
2015-10-07,73.5950698852539,75.0,75.29000091552734,73.25,74.62000274658203,3044400
2015-10-08,73.6833724975586,75.08999633789062,75.9000015258789,74.12000274658203,74.9800033569336,3804700
2015-10-09,73.84037017822266,75.25,75.69999694824219,74.73999786376953,75.2300033569336,3113600
2015-10-12,74.45858001708984,75.87999725341797,76.25,74.98999786376953,75.30999755859375,2594500
2015-10-13,75.19451141357422,76.62999725341797,78.30000305175781,75.83999633789062,76.5199966430664,5578600
2015-10-14,74.16419219970703,75.58000183105469,76.56999969482422,75.20999908447266,76.29000091552734,3447200
2015-10-15,76.24447631835938,77.69999694824219,78.33999633789062,75.91000366210938,76.19000244140625,3295300
2015-10-16,77.29444122314453,78.7699966430664,78.83999633789062,77.45999908447266,78.18000030517578,3613400
2015-10-19,76.47017669677734,77.93000030517578,79.33000183105469,77.4800033569336,78.44000244140625,4346900
2015-10-20,76.07764434814453,77.52999877929688,78.51000213623047,76.87999725341797,78.0,2006700
2015-10-21,74.40950775146484,75.83000183105469,77.52999877929688,75.30999755859375,77.41999816894531,3134700
2015-10-22,75.92066955566406,77.37000274658203,78.41999816894531,76.44999694824219,76.44999694824219,3280100
2015-10-23,77.08836364746094,78.55999755859375,79.37999725341797,77.2699966430664,78.19999694824219,3971400
2015-10-26,76.7547378540039,78.22000122070312,79.30000305175781,77.63999938964844,78.58000183105469,2740300
2015-10-27,76.29353332519531,77.75,78.62000274658203,77.31999969482422,78.04000091552734,1683800
2015-10-28,77.05892944335938,78.52999877929688,78.52999877929688,76.56999969482422,77.87999725341797,3266800
2015-10-29,76.67623138427734,78.13999938964844,78.72000122070312,77.56999969482422,78.58000183105469,1822100
2015-10-30,76.2542953491211,77.70999908447266,78.62999725341797,77.41999816894531,78.1500015258789,3371600
2015-11-02,77.71637725830078,79.19999694824219,79.81999969482422,77.5,77.70999908447266,3110000
2015-11-03,77.15705871582031,78.62999725341797,79.31999969482422,78.25,79.02999877929688,2398500
2015-11-04,76.92154693603516,78.38999938964844,79.4800033569336,78.08000183105469,78.87999725341797,2585800
2015-11-05,77.23555755615234,78.70999908447266,79.4800033569336,77.80000305175781,78.41000366210938,2601900
2015-11-06,77.92243957519531,79.41000366210938,79.62999725341797,78.18000030517578,78.55999755859375,2835100
2015-11-09,76.7547378540039,78.22000122070312,79.0199966430664,77.41000366210938,78.93000030517578,3088300
2015-11-10,76.78417205810547,78.25,78.36000061035156,77.30000305175781,78.19999694824219,2610500
2015-11-11,77.23555755615234,78.70999908447266,79.0,78.08999633789062,78.54000091552734,2385700
2015-11-12,76.83324432373047,78.30000305175781,79.75,78.2300033569336,78.47000122070312,3159800
2015-11-13,74.18379974365234,75.5999984741211,78.08000183105469,75.41999816894531,78.08000183105469,3922600
2015-11-16,74.83145141601562,76.26000213623047,76.33000183105469,73.94000244140625,75.54000091552734,4053200
2015-11-17,75.79308319091797,77.23999786376953,78.48999786376953,76.41000366210938,76.56999969482422,4567600
2015-11-18,75.90103149414062,77.3499984741211,78.05000305175781,75.80999755859375,77.7699966430664,6442500
2015-11-19,79.12940979003906,80.63999938964844,82.9000015258789,80.44999694824219,81.05000305175781,11602800
2015-11-20,79.47283935546875,80.98999786376953,82.13999938964844,79.70999908447266,80.9000015258789,5336300
2015-11-23,79.26678466796875,80.77999877929688,81.73999786376953,80.38999938964844,80.44000244140625,3593700
2015-11-24,78.88409423828125,80.38999938964844,80.80000305175781,79.12999725341797,80.30000305175781,3420300
2015-11-25,78.90373229980469,80.41000366210938,81.12000274658203,79.75,80.37000274658203,2487300
2015-11-27,78.47196197509766,79.97000122070312,80.4800033569336,79.44999694824219,80.22000122070312,2221700
2015-11-30,78.19719696044922,79.69000244140625,80.18000030517578,79.29000091552734,79.7300033569336,4449700
2015-12-01,79.49246978759766,81.01000213623047,81.0999984741211,79.6500015258789,80.3499984741211,3767400
2015-12-02,79.36490631103516,80.87999725341797,81.94000244140625,80.41999816894531,80.7699966430664,3379800
2015-12-03,78.43270111083984,79.93000030517578,82.05999755859375,79.55999755859375,80.95999908447266,4769100
2015-12-04,80.60130310058594,82.13999938964844,82.13999938964844,80.16000366210938,80.33000183105469,4341700
2015-12-07,79.16864776611328,80.68000030517578,81.86000061035156,80.30000305175781,81.80999755859375,2962500
2015-12-08,79.5611572265625,81.08000183105469,81.45999908447266,79.86000061035156,80.20999908447266,2105700
2015-12-09,78.2168197631836,79.70999908447266,81.4000015258789,79.22000122070312,80.83000183105469,3181000
2015-12-10,77.89299011230469,79.37999725341797,79.97000122070312,79.16000366210938,79.80000305175781,2032800
2015-12-11,75.43001556396484,76.87000274658203,78.87999725341797,76.6500015258789,78.30000305175781,4490700
2015-12-14,75.54777526855469,76.98999786376953,77.66999816894531,75.8499984741211,76.76000213623047,3946700
2015-12-15,75.92066955566406,77.37000274658203,77.87000274658203,76.97000122070312,77.66000366210938,3393500
2015-12-16,77.41218566894531,78.88999938964844,79.0999984741211,77.12000274658203,77.63999938964844,3749400
2015-12-17,76.96080017089844,78.43000030517578,79.31999969482422,78.04000091552734,78.97000122070312,2654300
2015-12-18,75.58702087402344,77.02999877929688,79.48999786376953,77.02999877929688,78.11000061035156,6721400
2015-12-21,75.84215545654297,77.29000091552734,78.33000183105469,76.43000030517578,78.30000305175781,3011600
2015-12-22,76.40148162841797,77.86000061035156,78.08999633789062,76.8499984741211,77.5199966430664,2100400
2015-12-23,76.57810974121094,78.04000091552734,78.9000015258789,77.94000244140625,78.19999694824219,2652800
2015-12-24,76.37203979492188,77.83000183105469,78.3499984741211,77.58000183105469,78.02999877929688,1084700
2015-12-28,76.735107421875,78.19999694824219,78.19999694824219,77.37999725341797,77.66000366210938,2327400
2015-12-29,77.9518814086914,79.44000244140625,79.76000213623047,78.44000244140625,78.5,2230200
2015-12-30,77.6574935913086,79.13999938964844,79.88999938964844,78.97000122070312,79.30000305175781,1814700
2015-12-31,76.9313735961914,78.4000015258789,79.41999816894531,78.36000061035156,78.98999786376953,2463000
2016-01-04,75.27302551269531,76.70999908447266,77.20999908447266,75.63999938964844,77.13999938964844,4919200
2016-01-05,75.60665130615234,77.05000305175781,77.97000122070312,76.66999816894531,77.06999969482422,2656800
2016-01-06,74.86089324951172,76.29000091552734,77.33000183105469,75.62999725341797,75.72000122070312,3484400
2016-01-07,72.90817260742188,74.30000305175781,75.5999984741211,73.47000122070312,75.12999725341797,6972200
2016-01-08,71.85821533203125,73.2300033569336,75.26000213623047,72.9000015258789,74.77999877929688,3673800
2016-01-11,71.80915069580078,73.18000030517578,73.83000183105469,71.86000061035156,73.73999786376953,3685100
2016-01-12,73.06517791748047,74.45999908447266,75.27999877929688,73.05000305175781,73.97000122070312,4108100
2016-01-13,70.99469757080078,72.3499984741211,75.70999908447266,71.80000305175781,74.98999786376953,4727500
2016-01-14,71.70120239257812,73.06999969482422,73.62000274658203,70.87000274658203,72.41999816894531,4738200
2016-01-15,69.5326156616211,70.86000061035156,71.05000305175781,68.18000030517578,69.87000274658203,9572100
2016-01-19,69.47373962402344,70.80000305175781,72.19000244140625,69.9000015258789,71.86000061035156,7353700
2016-01-20,69.01254272460938,70.33000183105469,70.83000183105469,66.94000244140625,69.12999725341797,8083600
2016-01-21,68.20789337158203,69.51000213623047,70.63999938964844,69.13999938964844,70.36000061035156,4635600
2016-01-22,70.20967864990234,71.55000305175781,71.63999938964844,70.30000305175781,70.44999694824219,3751800
2016-01-25,68.6102066040039,69.91999816894531,71.4000015258789,69.80000305175781,71.2300033569336,2765100
2016-01-26,68.5611572265625,69.87000274658203,70.0999984741211,69.22000122070312,69.95999908447266,2931200
2016-01-27,66.16686248779297,67.43000030517578,69.8499984741211,67.02999877929688,69.2699966430664,5487300
2016-01-28,64.4594497680664,65.69000244140625,67.5,65.2699966430664,66.87999725341797,8734000
2016-01-29,66.7850570678711,68.05999755859375,68.0999984741211,66.12000274658203,66.48999786376953,5612300
2016-02-01,67.15794372558594,68.44000244140625,69.08999633789062,67.06999969482422,67.58999633789062,4396400
2016-02-02,63.311370849609375,64.5199966430664,67.75,64.16000366210938,67.6500015258789,7636900
2016-02-03,64.11600494384766,65.33999633789062,66.5,63.2400016784668,65.41999816894531,7994500
2016-02-04,65.9411849975586,67.19999694824219,67.37000274658203,64.83000183105469,65.68000030517578,7220400
2016-02-05,57.4139518737793,58.5099983215332,63.27000045776367,57.75,63.11000061035156,19063800
2016-02-08,53.03750228881836,54.04999923706055,56.9900016784668,52.599998474121094,56.869998931884766,18025400
2016-02-09,56.25606918334961,57.33000183105469,58.58000183105469,52.790000915527344,53.61000061035156,16477700
2016-02-10,57.65926742553711,58.7599983215332,61.59000015258789,58.380001068115234,58.5,9859700
2016-02-11,58.130279541015625,59.2400016784668,59.849998474121094,56.58000183105469,57.189998626708984,7779000
2016-02-12,58.562034606933594,59.68000030517578,60.529998779296875,59.099998474121094,60.0099983215332,5081600
2016-02-16,58.601287841796875,59.720001220703125,60.97999954223633,58.459999084472656,60.68000030517578,5726200
2016-02-17,62.30066680908203,63.4900016784668,64.41999816894531,59.88999938964844,60.380001068115234,9836700
2016-02-18,60.5442008972168,61.70000076293945,64.18000030517578,61.58000183105469,63.47999954223633,6724000
2016-02-19,60.97595977783203,62.13999938964844,62.36000061035156,60.65999984741211,61.75,4905600
2016-02-22,62.78148651123047,63.97999954223633,64.33999633789062,62.13999938964844,62.13999938964844,7453300
2016-02-23,61.72172164916992,62.900001525878906,63.779998779296875,62.439998626708984,63.720001220703125,5280400
2016-02-24,61.348838806152344,62.52000045776367,62.97999954223633,60.33000183105469,62.0,11909400
2016-02-25,68.11958312988281,69.41999816894531,70.83999633789062,67.13999938964844,70.5,18246100
2016-02-26,68.4139633178711,69.72000122070312,70.01000213623047,68.27999877929688,69.68000030517578,8364200
2016-02-29,66.48087310791016,67.75,69.16000366210938,67.6500015258789,69.12999725341797,7688100
2016-03-01,68.70834350585938,70.0199966430664,70.05999755859375,67.5,68.12000274658203,5146600
2016-03-02,69.11067199707031,70.43000030517578,70.55000305175781,69.5199966430664,69.68000030517578,4927600
2016-03-03,69.47373962402344,70.80000305175781,70.94000244140625,69.5199966430664,70.05000305175781,3241800
2016-03-04,69.72885131835938,71.05999755859375,72.18000030517578,70.62999725341797,71.18000030517578,4353000
2016-03-07,69.16952514648438,70.48999786376953,70.86000061035156,69.0,70.5,4624900
2016-03-08,68.51209259033203,69.81999969482422,70.9000015258789,69.16999816894531,69.79000091552734,4083700
2016-03-09,69.709228515625,71.04000091552734,71.12000274658203,69.91999816894531,70.08999633789062,4255600
2016-03-10,69.37559509277344,70.69999694824219,72.31999969482422,69.79000091552734,71.44000244140625,4977700
2016-03-11,70.28817749023438,71.62999725341797,71.9000015258789,70.87000274658203,71.16000366210938,3426800
2016-03-14,70.86713409423828,72.22000122070312,72.48999786376953,71.16999816894531,71.30999755859375,3864100
2016-03-15,70.35688018798828,71.69999694824219,72.3499984741211,71.08999633789062,71.77999877929688,3205300
2016-03-16,71.3675765991211,72.7300033569336,72.91999816894531,71.11000061035156,71.2699966430664,2985800
2016-03-17,71.35777282714844,72.72000122070312,73.18000030517578,71.5999984741211,72.52999877929688,3379700
2016-03-18,71.2890853881836,72.6500015258789,73.54000091552734,72.19000244140625,73.0999984741211,5995900
2016-03-21,70.89656829833984,72.25,72.66999816894531,71.69000244140625,72.5,2852100
2016-03-22,71.48532104492188,72.8499984741211,73.27999877929688,71.69999694824219,72.16000366210938,3348100
2016-03-23,70.43538665771484,71.77999877929688,72.58000183105469,71.48999786376953,71.69000244140625,2945900
2016-03-24,71.0830078125,72.44000244140625,72.44999694824219,71.05999755859375,71.54000091552734,2698800
2016-03-28,70.60218811035156,71.94999694824219,72.68000030517578,71.41000366210938,72.38999938964844,2688100
2016-03-29,70.94562530517578,72.30000305175781,72.69000244140625,70.70999908447266,71.54000091552734,4606100
2016-03-30,72.90817260742188,74.30000305175781,74.66000366210938,72.95999908447266,73.0,5181100
2016-03-31,72.44696807861328,73.83000183105469,74.38999938964844,73.37999725341797,74.05999755859375,4226900
2016-04-01,74.3113784790039,75.7300033569336,75.94999694824219,73.11000061035156,73.37999725341797,4550600
2016-04-04,74.27212524414062,75.69000244140625,76.44000244140625,75.41000366210938,75.8499984741211,2978100
2016-04-05,73.18291473388672,74.58000183105469,75.51000213623047,74.36000061035156,74.87999725341797,2365400
2016-04-06,74.16419219970703,75.58000183105469,75.68000030517578,74.47000122070312,74.76000213623047,2033300
2016-04-07,73.9090576171875,75.31999969482422,75.45999908447266,74.68000030517578,74.91000366210938,3843700
2016-04-08,73.4478530883789,74.8499984741211,75.94000244140625,74.30000305175781,75.72000122070312,2375700
2016-04-11,72.77079010009766,74.16000366210938,75.5,74.12999725341797,75.47000122070312,2151800
2016-04-12,72.87872314453125,74.2699966430664,74.54000091552734,73.44000244140625,74.52999877929688,2259700
2016-04-13,74.52725219726562,75.94999694824219,76.19000244140625,74.44999694824219,74.7699966430664,3099900
2016-04-14,74.72351837158203,76.1500015258789,76.58999633789062,75.66000366210938,76.0,2696200
2016-04-15,74.88052368164062,76.30999755859375,76.54000091552734,75.87999725341797,76.25,2132900
2016-04-18,75.82251739501953,77.2699966430664,77.29000091552734,75.86000061035156,76.23999786376953,1916100
2016-04-19,74.76277160644531,76.19000244140625,77.58999633789062,75.52999877929688,77.58999633789062,2365200
2016-04-20,74.71369171142578,76.13999938964844,76.63999938964844,75.79000091552734,76.19999694824219,2001600
2016-04-21,75.70478820800781,77.1500015258789,77.81999969482422,76.5,76.66000366210938,3542500
2016-04-22,75.04733276367188,76.4800033569336,76.87000274658203,75.3499984741211,76.2300033569336,3184500
2016-04-25,75.07677459716797,76.51000213623047,76.83000183105469,75.87999725341797,76.18000030517578,2456200
2016-04-26,74.78238677978516,76.20999908447266,76.80000305175781,75.80000305175781,76.80000305175781,1953700
2016-04-27,74.27212524414062,75.69000244140625,76.19999694824219,74.80000305175781,75.66999816894531,3359300
2016-04-28,73.96793365478516,75.37999725341797,76.63999938964844,74.95999908447266,75.37999725341797,3824800
2016-04-29,74.38008117675781,75.80000305175781,76.05999755859375,74.4800033569336,75.01000213623047,3228000
2016-05-02,75.80290222167969,77.25,77.43000030517578,75.70999908447266,76.30000305175781,3287400
2016-05-03,73.4969253540039,74.9000015258789,76.68000030517578,74.37999725341797,76.4000015258789,3273100
2016-05-04,72.60396575927734,73.98999786376953,74.62999725341797,73.54000091552734,74.30999755859375,2839900
2016-05-05,72.42735290527344,73.80999755859375,74.58999633789062,73.63999938964844,74.11000061035156,2088600
2016-05-06,72.85910034179688,74.25,74.31999969482422,73.16999816894531,73.5,3080100
2016-05-09,73.22217559814453,74.62000274658203,75.31999969482422,74.19999694824219,74.25,2136600
2016-05-10,74.4978256225586,75.91999816894531,75.9800033569336,74.94999694824219,75.12999725341797,2706300
2016-05-11,74.3702621459961,75.79000091552734,76.91999816894531,75.77999877929688,75.98999786376953,2517500
2016-05-12,74.4683837890625,75.88999938964844,76.79000091552734,75.19000244140625,76.44999694824219,2730400
2016-05-13,74.93939208984375,76.37000274658203,77.33999633789062,75.94999694824219,76.0,3583200
2016-05-16,75.86177825927734,77.30999755859375,77.69000244140625,76.0,76.66999816894531,4141800
2016-05-17,75.3318862915039,76.7699966430664,77.55000305175781,76.56999969482422,77.45999908447266,4587700
2016-05-18,76.41130065917969,77.87000274658203,78.48999786376953,76.63999938964844,76.7699966430664,8010200
2016-05-19,79.57096862792969,81.08999633789062,82.4800033569336,80.1500015258789,82.26000213623047,13765000
2016-05-20,79.50227355957031,81.0199966430664,81.81999969482422,80.72000122070312,81.5999984741211,5097900
2016-05-23,80.19898986816406,81.7300033569336,82.0999984741211,80.70999908447266,80.79000091552734,4875800
2016-05-24,81.19987487792969,82.75,83.41000366210938,81.83000183105469,81.97000122070312,5805600
2016-05-25,82.0045166015625,83.56999969482422,83.94999694824219,82.33999633789062,83.0,4932700
2016-05-26,81.78864288330078,83.3499984741211,84.4800033569336,83.25,83.81999969482422,4757200
2016-05-27,82.20076751708984,83.7699966430664,83.80000305175781,83.01000213623047,83.12000274658203,3139700
2016-05-31,82.14189147949219,83.70999908447266,84.05999755859375,83.16000366210938,83.55999755859375,4484500
2016-06-01,81.88675689697266,83.44999694824219,83.8499984741211,81.91000366210938,82.06999969482422,4172400
2016-06-02,81.68070220947266,83.23999786376953,83.37000274658203,82.44999694824219,83.20999908447266,3684300
2016-06-03,81.00363159179688,82.55000305175781,83.01000213623047,82.12000274658203,83.0,2826900
2016-06-06,81.27838134765625,82.83000183105469,83.4000015258789,82.5,82.86000061035156,2585500
2016-06-07,81.58257293701172,83.13999938964844,83.33999633789062,82.76000213623047,82.9800033569336,2605400
2016-06-08,81.78864288330078,83.3499984741211,83.55999755859375,82.94000244140625,83.12999725341797,2344600
2016-06-09,81.18025207519531,82.7300033569336,83.29000091552734,82.6500015258789,82.80999755859375,1852100
2016-06-10,80.297119140625,81.83000183105469,82.58999633789062,81.55000305175781,82.0,2322100
2016-06-13,79.9634780883789,81.48999786376953,82.98999786376953,80.80000305175781,81.25,4618100
2016-06-14,79.57096862792969,81.08999633789062,81.72000122070312,80.7699966430664,81.12000274658203,3540300
2016-06-15,80.45411682128906,81.98999786376953,82.61000061035156,81.75,81.83000183105469,3574400
2016-06-16,80.11067199707031,81.63999938964844,81.83999633789062,80.20999908447266,81.19000244140625,3045000
2016-06-17,78.99201965332031,80.5,81.52999877929688,80.16999816894531,81.52999877929688,5691300
2016-06-20,79.69853973388672,81.22000122070312,82.29000091552734,81.12999725341797,81.4800033569336,3448300
2016-06-21,80.10084533691406,81.62999725341797,81.87000274658203,81.2300033569336,81.56999969482422,3184200
2016-06-22,79.10977935791016,80.62000274658203,81.80999755859375,80.47000122070312,81.55999755859375,4222600
2016-06-23,80.73867797851562,82.27999877929688,82.31999969482422,80.79000091552734,81.16000366210938,2777100
2016-06-24,76.990234375,78.45999908447266,80.51000213623047,78.33000183105469,79.41000366210938,6815700
2016-06-27,74.64501190185547,76.06999969482422,77.69000244140625,75.51000213623047,77.45999908447266,6020700
2016-06-28,76.09728240966797,77.55000305175781,77.91000366210938,76.5999984741211,77.55000305175781,4781100
2016-06-29,77.5201187133789,79.0,79.6500015258789,77.9000015258789,78.25,5493600
2016-06-30,77.92243957519531,79.41000366210938,79.95999908447266,79.08999633789062,79.3499984741211,4644300
2016-07-01,78.33458709716797,79.83000183105469,80.8499984741211,79.33000183105469,79.58999633789062,2967300
2016-07-05,77.19630432128906,78.66999816894531,79.23999786376953,78.26000213623047,79.0999984741211,4163400
2016-07-06,77.02948760986328,78.5,78.7300033569336,77.7300033569336,78.4800033569336,4121200
2016-07-07,77.28462982177734,78.76000213623047,79.0999984741211,78.38999938964844,78.5,3085900
2016-07-08,79.37472534179688,80.88999938964844,81.0999984741211,79.30000305175781,79.43000030517578,3558900
2016-07-11,80.13030242919922,81.66000366210938,81.83000183105469,81.05000305175781,81.05999755859375,2928600
2016-07-12,80.39524841308594,81.93000030517578,82.44999694824219,81.22000122070312,81.94999694824219,3499400
2016-07-13,79.80647277832031,81.33000183105469,82.4800033569336,81.27999877929688,82.37000274658203,2474600
2016-07-14,80.03216552734375,81.55999755859375,82.0199966430664,81.44000244140625,82.0,1791700
2016-07-15,79.87516784667969,81.4000015258789,81.91000366210938,81.04000091552734,81.86000061035156,2253800
2016-07-18,80.10084533691406,81.62999725341797,82.06999969482422,81.1500015258789,81.51000213623047,2177300
2016-07-19,79.8457260131836,81.37000274658203,81.79000091552734,81.1500015258789,81.69999694824219,2164300
2016-07-20,80.60130310058594,82.13999938964844,82.7300033569336,81.41999816894531,82.05000305175781,4267800
2016-07-21,80.1695556640625,81.69999694824219,83.08999633789062,81.43000030517578,82.44999694824219,3195800
2016-07-22,81.00363159179688,82.55000305175781,82.66999816894531,81.2300033569336,81.98999786376953,2578700
2016-07-25,80.6503677368164,82.19000244140625,82.68000030517578,81.91999816894531,82.58000183105469,2633100
2016-07-26,80.22842407226562,81.76000213623047,82.19000244140625,81.43000030517578,82.0,3010000
2016-07-27,79.97330474853516,81.5,82.12000274658203,81.05000305175781,81.91999816894531,3570100
2016-07-28,80.78775024414062,82.33000183105469,82.72000122070312,81.69999694824219,81.91999816894531,2448200
2016-07-29,80.26766967773438,81.80000305175781,82.41000366210938,80.87999725341797,82.25,2996300
2016-08-01,79.50227355957031,81.0199966430664,81.80000305175781,80.55000305175781,81.77999877929688,4171900
2016-08-02,78.99201965332031,80.5,80.8499984741211,79.5999984741211,80.80999755859375,4267700
2016-08-03,78.90373229980469,80.41000366210938,80.73999786376953,79.83999633789062,80.52999877929688,2657500
2016-08-04,79.0509033203125,80.55999755859375,81.12000274658203,80.31999969482422,80.54000091552734,2467400
2016-08-05,79.80647277832031,81.33000183105469,81.33000183105469,80.66000366210938,80.87000274658203,3033500
2016-08-08,79.64948272705078,81.16999816894531,81.5199966430664,81.04000091552734,81.37999725341797,2682600
2016-08-09,79.65929412841797,81.18000030517578,81.62999725341797,81.0,81.11000061035156,2785300
2016-08-10,78.73689270019531,80.23999786376953,81.45999908447266,79.94000244140625,81.30000305175781,3376200
2016-08-11,79.95366668701172,81.4800033569336,81.63999938964844,80.19999694824219,80.41999816894531,3448600
2016-08-12,80.10084533691406,81.62999725341797,81.79000091552734,80.58999633789062,81.30999755859375,3275100
2016-08-15,77.4416275024414,78.91999816894531,79.75,78.20999908447266,79.3499984741211,10886100
2016-08-16,76.4996109008789,77.95999908447266,79.0,77.91999816894531,79.0,4797700
2016-08-17,74.89033508300781,76.31999969482422,77.44999694824219,75.87000274658203,77.41999816894531,8141600
2016-08-18,75.46927642822266,76.91000366210938,77.16000366210938,76.16999816894531,76.37000274658203,6200200
2016-08-19,76.02861022949219,77.4800033569336,77.56999969482422,76.51000213623047,76.72000122070312,3289300
2016-08-22,75.80290222167969,77.25,77.6500015258789,76.95999908447266,77.4800033569336,4059000
2016-08-23,76.5584716796875,78.0199966430664,78.27999877929688,77.68000030517578,77.81999969482422,4328600
2016-08-24,76.36222076416016,77.81999969482422,78.69000244140625,77.58000183105469,78.0,3661700
2016-08-25,78.65839385986328,80.16000366210938,80.23999786376953,78.11000061035156,78.13999938964844,7495900
2016-08-26,78.53083038330078,80.02999877929688,80.69999694824219,79.45999908447266,80.38999938964844,4271500
2016-08-29,78.42288208007812,79.91999816894531,80.23999786376953,79.72000122070312,80.20999908447266,4582800
2016-08-30,78.33458709716797,79.83000183105469,80.22000122070312,79.3499984741211,80.0,3352700
2016-08-31,77.93225860595703,79.41999816894531,80.0999984741211,78.94000244140625,80.01000213623047,10307100
2016-09-01,74.48800659179688,75.91000366210938,76.55000305175781,74.05999755859375,75.44999694824219,27418500
2016-09-02,73.69319152832031,75.0999984741211,76.47000122070312,74.6500015258789,76.0,8153000
2016-09-06,74.00718688964844,75.41999816894531,75.62000274658203,74.55000305175781,74.93000030517578,5146000
2016-09-07,73.6048812866211,75.01000213623047,75.61000061035156,74.58000183105469,75.06999969482422,5566800
2016-09-08,73.47730255126953,74.87999725341797,75.0199966430664,74.37000274658203,75.0,5122200
2016-09-09,72.81004333496094,74.19999694824219,75.69000244140625,74.19999694824219,74.5199966430664,6915100
2016-09-12,72.96703338623047,74.36000061035156,74.70999908447266,73.5,73.77999877929688,5197800
2016-09-13,71.69139099121094,73.05999755859375,74.0,72.6500015258789,73.6500015258789,6780300
2016-09-14,72.43717193603516,73.81999969482422,74.51000213623047,73.0,73.05999755859375,5828700
2016-09-15,72.60396575927734,73.98999786376953,74.30000305175781,73.36000061035156,73.5199966430664,4288800
2016-09-16,71.9170913696289,73.29000091552734,73.9800033569336,73.2300033569336,73.76000213623047,7317400
2016-09-19,71.63251495361328,73.0,73.77999877929688,72.5999984741211,73.72000122070312,3881800
2016-09-20,71.5442123413086,72.91000366210938,73.79000091552734,72.66000366210938,73.54000091552734,4833500
2016-09-21,72.79042053222656,74.18000030517578,74.26000213623047,72.11000061035156,73.22000122070312,6315800
2016-09-22,73.1927261352539,74.58999633789062,75.22000122070312,74.30999755859375,75.0,5155700
2016-09-23,69.07141876220703,70.38999938964844,73.19999694824219,70.0999984741211,73.08999633789062,23179200
2016-09-26,68.87515258789062,70.19000244140625,71.20999908447266,69.87999725341797,70.5,11726700
2016-09-27,68.73777770996094,70.05000305175781,70.6500015258789,69.80999755859375,69.97000122070312,8179500
2016-09-28,70.27837371826172,71.62000274658203,71.7300033569336,70.1500015258789,70.38999938964844,7467300
2016-09-29,69.86624908447266,71.19999694824219,72.12000274658203,71.1500015258789,71.5999984741211,5323400
2016-09-30,69.99380493164062,71.33000183105469,71.79000091552734,71.25,71.30000305175781,5817000
2016-10-03,69.19896697998047,70.5199966430664,71.5,70.02999877929688,71.1500015258789,4679900
2016-10-04,71.26944732666016,72.62999725341797,72.94999694824219,70.22000122070312,70.58999633789062,11238200
2016-10-05,67.1383056640625,68.41999816894531,69.5999984741211,66.7699966430664,68.20999908447266,48274000
2016-10-06,69.92512512207031,71.26000213623047,72.0,70.51000213623047,71.13999938964844,18527100
2016-10-07,69.5816879272461,70.91000366210938,71.43000030517578,70.20999908447266,71.25,6707400
2016-10-10,73.69319152832031,75.0999984741211,75.7300033569336,73.58000183105469,73.58000183105469,22522700
2016-10-11,71.0633773803711,72.41999816894531,73.91999816894531,71.55000305175781,73.9000015258789,16425400
2016-10-12,70.87693786621094,72.2300033569336,72.66999816894531,71.83999633789062,72.26000213623047,6301800
2016-10-13,69.3069076538086,70.62999725341797,71.37999725341797,70.5,71.37999725341797,6686800
2016-10-14,72.87872314453125,74.2699966430664,76.16000366210938,69.62000274658203,70.9800033569336,25005600
2016-10-17,71.4656982421875,72.83000183105469,74.73999786376953,72.73999786376953,74.0999984741211,8777200
2016-10-18,71.40682983398438,72.7699966430664,74.16999816894531,72.5999984741211,74.0,5248400
2016-10-19,71.45588684082031,72.81999969482422,75.5,72.44000244140625,72.61000061035156,3668800
2016-10-20,71.23020935058594,72.58999633789062,72.97000122070312,72.25,72.97000122070312,5054500
2016-10-21,72.61377716064453,74.0,74.2699966430664,72.2300033569336,72.33999633789062,6789700
2016-10-24,73.6539306640625,75.05999755859375,75.33999633789062,74.27999877929688,74.43000030517578,6329300
2016-10-25,73.6539306640625,75.05999755859375,75.26000213623047,74.56999969482422,75.05999755859375,4447200
2016-10-26,73.54598236083984,74.94999694824219,76.16000366210938,74.33000183105469,74.6500015258789,5748200
2016-10-27,73.33992767333984,74.73999786376953,76.16000366210938,74.62000274658203,75.48999786376953,4019400
2016-10-28,73.72261810302734,75.12999725341797,75.5,74.81999969482422,74.98999786376953,4827800
2016-10-31,73.75204467773438,75.16000366210938,76.0,74.87000274658203,75.31999969482422,4113500
2016-11-01,74.03660583496094,75.44999694824219,77.08999633789062,75.23999786376953,75.98999786376953,7141700
2016-11-02,73.5950698852539,75.0,75.6500015258789,74.91999816894531,75.1500015258789,4084800
2016-11-03,72.75115966796875,74.13999938964844,75.4000015258789,73.7300033569336,75.04000091552734,3883200
2016-11-04,72.97685241699219,74.37000274658203,75.18000030517578,73.86000061035156,74.13999938964844,4280800
2016-11-07,74.87071228027344,76.30000305175781,77.0,75.41000366210938,75.63999938964844,5977500
2016-11-08,75.11603546142578,76.55000305175781,77.04000091552734,76.0,76.36000061035156,4031100
2016-11-09,74.47819519042969,75.9000015258789,76.55000305175781,74.91000366210938,75.2300033569336,6880900
2016-11-10,72.25072479248047,73.62999725341797,76.7300033569336,72.2699966430664,76.22000122070312,10200200
2016-11-11,73.1927261352539,74.58999633789062,75.06999969482422,73.80000305175781,73.80000305175781,8881800
2016-11-14,71.39703369140625,72.76000213623047,75.04000091552734,72.54000091552734,74.91000366210938,7241700
2016-11-15,72.6333999633789,74.0199966430664,74.7300033569336,73.30999755859375,74.48999786376953,6216400
2016-11-16,71.93671417236328,73.30999755859375,74.61000061035156,73.13999938964844,74.20999908447266,10638700
2016-11-17,73.78150177001953,75.19000244140625,75.41000366210938,73.31999969482422,73.70999908447266,12539100
2016-11-18,76.31316375732422,77.7699966430664,80.37000274658203,77.26000213623047,79.56999969482422,19903000
2016-11-21,74.72351837158203,76.1500015258789,78.30999755859375,75.80000305175781,78.05999755859375,8549800
2016-11-22,74.15438079833984,75.56999969482422,76.66000366210938,75.0999984741211,75.73999786376953,7873800
2016-11-23,72.56472778320312,73.94999694824219,75.19999694824219,73.54000091552734,75.08999633789062,8233800
2016-11-25,72.34883880615234,73.7300033569336,74.16999816894531,73.5,73.95999908447266,2346100
2016-11-28,71.56383514404297,72.93000030517578,73.93000030517578,72.79000091552734,73.55000305175781,6436900
2016-11-29,71.56383514404297,72.93000030517578,73.31999969482422,72.41000366210938,72.76000213623047,7435000
2016-11-30,70.65125274658203,72.0,73.30000305175781,72.0,73.20999908447266,6261900
2016-12-01,67.17755889892578,68.45999908447266,72.22000122070312,68.20999908447266,72.13999938964844,10907300
2016-12-02,67.12849426269531,68.41000366210938,69.45999908447266,66.43000030517578,66.58999633789062,15967600
2016-12-05,69.47373962402344,70.80000305175781,71.47000122070312,69.02999877929688,69.08999633789062,10209600
2016-12-06,69.29710388183594,70.62000274658203,71.3499984741211,69.98999786376953,70.79000091552734,4234100
2016-12-07,70.43538665771484,71.77999877929688,72.0,70.2699966430664,70.7300033569336,4919700
2016-12-08,70.51387786865234,71.86000061035156,72.2699966430664,71.0,71.44000244140625,5426600
2016-12-09,69.83680725097656,71.16999816894531,72.22000122070312,70.61000061035156,72.0,5126800
2016-12-12,69.06159973144531,70.37999725341797,70.8499984741211,69.58000183105469,70.81999969482422,6100900
2016-12-13,70.26854705810547,71.61000061035156,72.12999725341797,70.3499984741211,70.44000244140625,5895400
2016-12-14,69.99380493164062,71.33000183105469,71.87000274658203,71.12999725341797,71.70999908447266,5071600
2016-12-15,68.91439056396484,70.2300033569336,71.94999694824219,70.1500015258789,71.19999694824219,4740200
2016-12-16,68.55134582519531,69.86000061035156,70.63999938964844,69.62000274658203,70.4800033569336,7224800
2016-12-19,68.20789337158203,69.51000213623047,70.06999969482422,69.12999725341797,70.0,4526000
2016-12-20,68.55134582519531,69.86000061035156,70.05999755859375,69.12999725341797,69.95999908447266,5262100
2016-12-21,68.79667663574219,70.11000061035156,70.3499984741211,69.30999755859375,69.95999908447266,3515800
2016-12-22,68.590576171875,69.9000015258789,70.05999755859375,69.22000122070312,69.77999877929688,3468600
2016-12-23,68.5611572265625,69.87000274658203,70.01000213623047,69.30999755859375,69.69000244140625,2274000
2016-12-27,68.54154205322266,69.8499984741211,70.43000030517578,69.63999938964844,69.83999633789062,2939700
2016-12-28,67.79576873779297,69.08999633789062,70.05999755859375,68.8499984741211,69.8499984741211,4313700
2016-12-29,67.85464477539062,69.1500015258789,69.81999969482422,68.7699966430664,68.8499984741211,3229100
2016-12-30,67.17755889892578,68.45999908447266,69.37999725341797,68.2300033569336,69.36000061035156,4523300
2017-01-03,69.2186050415039,70.54000091552734,70.86000061035156,69.0,69.29000091552734,8112200
2017-01-04,71.43626403808594,72.80000305175781,73.06999969482422,70.76000213623047,71.08000183105469,9289500
2017-01-05,71.42645263671875,72.79000091552734,73.66000366210938,72.52999877929688,72.80999755859375,4695600
2017-01-06,72.41754150390625,73.80000305175781,74.12999725341797,72.55000305175781,72.88999938964844,4466100
2017-01-09,72.57453918457031,73.95999908447266,74.44000244140625,73.51000213623047,74.05000305175781,3933100
2017-01-10,72.59414672851562,73.9800033569336,74.30000305175781,73.44000244140625,74.12000274658203,3994800
2017-01-11,74.35062408447266,75.7699966430664,76.08000183105469,74.05999755859375,74.2699966430664,7591300
2017-01-12,73.80111694335938,75.20999908447266,75.75,74.0,75.16999816894531,4681700
2017-01-13,74.22306060791016,75.63999938964844,75.77999877929688,74.69999694824219,74.83999633789062,3690000
2017-01-17,73.61467742919922,75.0199966430664,75.30000305175781,74.37000274658203,75.30000305175781,3152500
2017-01-18,74.36044311523438,75.77999877929688,76.22000122070312,75.08000183105469,75.58999633789062,3969500
2017-01-19,74.15438079833984,75.56999969482422,76.16999816894531,75.33999633789062,75.72000122070312,3274300
2017-01-20,74.60575866699219,76.02999877929688,76.12000274658203,75.43000030517578,75.76000213623047,4593600
2017-01-23,74.73332977294922,76.16000366210938,76.95999908447266,75.69999694824219,75.69999694824219,3770900
2017-01-24,75.66554260253906,77.11000061035156,77.45999908447266,75.94999694824219,76.31999969482422,3730300
2017-01-25,77.00004577636719,78.47000122070312,78.58999633789062,77.25,77.52999877929688,5690400
2017-01-26,76.48979187011719,77.94999694824219,79.08000183105469,77.27999877929688,79.0,4121000
2017-01-27,76.74492645263672,78.20999908447266,78.56999969482422,77.91999816894531,78.19000244140625,2219300
2017-01-30,77.23555755615234,78.70999908447266,78.77999877929688,77.0999984741211,77.80000305175781,4964000
2017-01-31,77.61825561523438,79.0999984741211,80.0,78.16999816894531,78.44999694824219,7835200
2017-02-01,77.10798645019531,78.58000183105469,79.30000305175781,77.44999694824219,78.91000366210938,6199700
2017-02-02,78.62893676757812,80.12999725341797,80.26000213623047,77.88999938964844,78.33000183105469,7676100
2017-02-03,78.70745849609375,80.20999908447266,80.70999908447266,79.80999755859375,80.38999938964844,4975400
2017-02-06,78.25608825683594,79.75,80.12000274658203,79.3499984741211,80.0199966430664,2664200
2017-02-07,78.70745849609375,80.20999908447266,80.52999877929688,79.54000091552734,80.27999877929688,3628200
2017-02-08,79.18828582763672,80.69999694824219,80.83000183105469,79.62999725341797,80.0,2568000
2017-02-09,79.51209259033203,81.02999877929688,81.9800033569336,80.48999786376953,80.69999694824219,5147500
2017-02-10,79.12940979003906,80.63999938964844,82.0,80.54000091552734,81.41000366210938,3061900
2017-02-13,79.39435577392578,80.91000366210938,81.30000305175781,80.45999908447266,81.18000030517578,4327500
2017-02-14,79.40416717529297,80.91999816894531,81.30000305175781,80.55999755859375,80.94999694824219,4809500
2017-02-15,80.1401138305664,81.66999816894531,82.83000183105469,80.88999938964844,81.2300033569336,5271900
2017-02-16,79.30602264404297,80.81999969482422,81.72000122070312,80.5,81.5199966430664,5234700
2017-02-17,79.94385528564453,81.47000122070312,81.47000122070312,80.25,80.56999969482422,3674100
2017-02-21,80.64054870605469,82.18000030517578,82.41999816894531,81.29000091552734,81.68000030517578,4325000
2017-02-22,80.54243469238281,82.08000183105469,82.38999938964844,81.70999908447266,82.0,2741400
2017-02-23,80.5326156616211,82.06999969482422,83.12999725341797,81.83000183105469,82.33000183105469,5595200
2017-02-24,80.248046875,81.77999877929688,81.81999969482422,80.97000122070312,81.41000366210938,4434200
2017-02-27,80.01254272460938,81.54000091552734,81.91999816894531,80.9000015258789,81.62999725341797,3289300
2017-02-28,79.82609558105469,81.3499984741211,81.83000183105469,80.69000244140625,81.5,10533000
2017-03-01,82.2400131225586,83.80999755859375,84.4000015258789,82.11000061035156,82.87000274658203,14319200
2017-03-02,81.1213607788086,82.66999816894531,83.69999694824219,82.3499984741211,83.55999755859375,5884800
2017-03-03,80.67980194091797,82.22000122070312,82.58999633789062,81.6500015258789,82.0,6217200
2017-03-06,80.95455932617188,82.5,82.72000122070312,81.62000274658203,81.76000213623047,5328500
2017-03-07,81.41575622558594,82.97000122070312,84.38999938964844,82.80999755859375,83.36000061035156,5431800
2017-03-08,81.91619873046875,83.4800033569336,83.83999633789062,82.94000244140625,82.95999908447266,3732400
2017-03-09,81.71995544433594,83.27999877929688,83.58000183105469,82.80999755859375,83.19000244140625,3646900
2017-03-10,81.94564056396484,83.51000213623047,83.94999694824219,83.23999786376953,83.55999755859375,3930000
2017-03-13,82.04376983642578,83.61000061035156,83.73999786376953,83.08000183105469,83.47000122070312,3463700
2017-03-14,81.94564056396484,83.51000213623047,83.62000274658203,82.7300033569336,83.41999816894531,2933500
2017-03-15,81.91619873046875,83.4800033569336,83.7699966430664,83.0,83.55999755859375,3074100
2017-03-16,81.95545196533203,83.5199966430664,84.0,83.2699966430664,83.94999694824219,3762100
2017-03-17,81.47463989257812,83.02999877929688,83.9800033569336,83.0199966430664,83.94000244140625,7828200
2017-03-20,81.34707641601562,82.9000015258789,83.62999725341797,82.80999755859375,83.02999877929688,3428700
2017-03-21,80.02234649658203,81.55000305175781,83.18000030517578,81.37000274658203,83.0,4206200
2017-03-22,80.34616088867188,81.87999725341797,81.97000122070312,81.13999938964844,81.69000244140625,3057000
2017-03-23,79.99291229248047,81.5199966430664,82.4000015258789,81.45999908447266,82.0,3056700
2017-03-24,80.08123016357422,81.61000061035156,82.25,81.29000091552734,81.87999725341797,3701800
2017-03-27,80.08123016357422,81.61000061035156,81.79000091552734,80.5,81.0,3403000
2017-03-28,80.60130310058594,82.13999938964844,82.3499984741211,81.30000305175781,81.44000244140625,3216000
2017-03-29,80.8367919921875,82.37999725341797,82.44000244140625,81.66000366210938,82.04000091552734,2874000
2017-03-30,81.01343536376953,82.55999755859375,82.58999633789062,82.0199966430664,82.25,3483000
2017-03-31,80.94474792480469,82.48999786376953,82.93000030517578,82.19000244140625,82.2699966430664,3174000
2017-04-03,80.76811981201172,82.30999755859375,82.9800033569336,81.55000305175781,82.61000061035156,4224200
2017-04-04,81.41575622558594,82.97000122070312,83.12999725341797,82.52999877929688,82.73999786376953,4441500
2017-04-05,83.7413558959961,85.33999633789062,86.41999816894531,83.01000213623047,83.19000244140625,13289300
2017-04-06,83.4077377319336,85.0,85.44999694824219,84.37000274658203,85.41999816894531,5014400
2017-04-07,82.79933166503906,84.37999725341797,84.8499984741211,83.81999969482422,84.69999694824219,4876400
2017-04-10,82.66194915771484,84.23999786376953,84.61000061035156,83.86000061035156,84.12999725341797,3401300
2017-04-11,82.2890853881836,83.86000061035156,84.2699966430664,83.30000305175781,84.06999969482422,2536200
2017-04-12,81.80826568603516,83.37000274658203,84.08000183105469,83.19999694824219,83.83000183105469,3098400
2017-04-13,81.57276153564453,83.12999725341797,84.05999755859375,83.12999725341797,83.19999694824219,2594700
2017-04-17,82.62271118164062,84.19999694824219,84.2300033569336,83.0,83.25,2960800
2017-04-18,82.14189147949219,83.70999908447266,84.4000015258789,83.52999877929688,84.0,2498200
2017-04-19,81.93582153320312,83.5,84.20999908447266,83.3499984741211,84.08000183105469,2840600
2017-04-20,82.47553253173828,84.05000305175781,84.36000061035156,83.45999908447266,83.94999694824219,4012300
2017-04-21,82.22039794921875,83.79000091552734,84.4000015258789,83.6500015258789,84.01000213623047,2946100
2017-04-24,82.59327697753906,84.16999816894531,84.6500015258789,83.75,84.51000213623047,3193800
2017-04-25,83.16240692138672,84.75,85.12999725341797,84.3499984741211,84.56999969482422,3016500
2017-04-26,83.35868072509766,84.94999694824219,85.12000274658203,84.38999938964844,84.75,2165000
2017-04-27,84.2417984008789,85.8499984741211,86.31999969482422,85.29000091552734,85.37999725341797,2944500
2017-04-28,84.50675964355469,86.12000274658203,86.22000122070312,85.27999877929688,85.77999877929688,2919200
2017-05-01,85.03662872314453,86.66000366210938,86.87999725341797,86.25,86.25,3290000
2017-05-02,85.45858764648438,87.08999633789062,87.19999694824219,86.11000061035156,86.79000091552734,3503200
2017-05-03,84.9287109375,86.55000305175781,87.05999755859375,86.19000244140625,86.97000122070312,2786700
2017-05-04,84.89924621582031,86.5199966430664,87.12999725341797,86.29000091552734,86.75,2140100
2017-05-05,85.34082794189453,86.97000122070312,86.9800033569336,86.22000122070312,86.44000244140625,2595800
2017-05-08,85.23287963867188,86.86000061035156,87.16999816894531,86.62000274658203,86.93000030517578,2168400
2017-05-09,85.49783325195312,87.12999725341797,87.62000274658203,86.9000015258789,87.02999877929688,2887000
2017-05-10,85.6744613647461,87.30999755859375,87.62000274658203,86.9000015258789,87.37999725341797,2920700
2017-05-11,86.06697082519531,87.70999908447266,87.94999694824219,86.56999969482422,87.37999725341797,2731600
2017-05-12,87.37205505371094,89.04000091552734,89.27999877929688,87.56999969482422,87.97000122070312,5586600
2017-05-15,88.11780548095703,89.80000305175781,89.94000244140625,89.05000305175781,89.2699966430664,4053900
2017-05-16,88.0687484741211,89.75,90.27999877929688,89.41000366210938,90.01000213623047,6422300
2017-05-17,86.19452667236328,87.83999633789062,89.75,87.56999969482422,89.75,5619200
2017-05-18,86.10620880126953,87.75,88.4000015258789,87.16999816894531,87.87999725341797,10180000
2017-05-19,85.76276397705078,87.4000015258789,91.0,86.44000244140625,90.94999694824219,15733500
2017-05-22,87.27393341064453,88.94000244140625,89.05000305175781,86.87000274658203,87.54000091552734,6058400
2017-05-23,86.83234405517578,88.48999786376953,89.25,88.16000366210938,88.7300033569336,4344600
2017-05-24,87.92156219482422,89.5999984741211,89.72000122070312,88.33000183105469,88.43000030517578,4577200
2017-05-25,89.56025695800781,91.2699966430664,91.80999755859375,89.91000366210938,89.97000122070312,7407100
2017-05-26,89.12852478027344,90.83000183105469,91.0999984741211,90.45999908447266,90.93000030517578,5284500
2017-05-30,89.15794372558594,90.86000061035156,91.06999969482422,90.47000122070312,90.5,4626500
2017-05-31,87.96080017089844,89.63999938964844,90.97000122070312,89.4800033569336,90.69000244140625,6030100
2017-06-01,88.36312866210938,90.05000305175781,90.63999938964844,89.31999969482422,90.0,4890600
2017-06-02,89.15794372558594,90.86000061035156,91.08999633789062,89.83000183105469,90.23999786376953,4969200
2017-06-05,89.66820526123047,91.37999725341797,91.87999725341797,90.75,91.0,5537300
2017-06-06,89.39346313476562,91.0999984741211,91.94999694824219,90.80000305175781,91.0,4296700
2017-06-07,89.67803192138672,91.38999938964844,91.98999786376953,90.62000274658203,91.44999694824219,3484000
2017-06-08,89.5406494140625,91.25,91.62000274658203,90.58999633789062,91.38999938964844,3804900
2017-06-09,85.63520050048828,87.2699966430664,91.22000122070312,85.2300033569336,91.08999633789062,11672200
2017-06-12,84.56563568115234,86.18000030517578,86.83999633789062,83.55000305175781,86.12000274658203,9281600
2017-06-13,85.63520050048828,87.2699966430664,88.30999755859375,86.80000305175781,87.83000183105469,5308000
2017-06-14,85.53707122802734,87.16999816894531,88.08999633789062,86.05999755859375,87.69000244140625,3554800
2017-06-15,84.6539306640625,86.2699966430664,86.37999725341797,84.9000015258789,85.98999786376953,6661600
2017-06-16,84.38899230957031,86.0,86.9800033569336,85.86000061035156,86.08000183105469,8005000
2017-06-19,85.900146484375,87.54000091552734,87.70999908447266,86.62000274658203,86.69000244140625,4835500
2017-06-20,85.29175567626953,86.91999816894531,87.79000091552734,86.79000091552734,87.62999725341797,3095500
2017-06-21,85.91976928710938,87.55999755859375,87.80000305175781,86.43000030517578,87.5,3794700
2017-06-22,86.81272888183594,88.47000122070312,89.0,87.23999786376953,87.87000274658203,4413000
2017-06-23,86.95990753173828,88.62000274658203,88.86000061035156,87.51000213623047,88.29000091552734,4890900
2017-06-26,86.45947265625,88.11000061035156,89.80000305175781,87.69999694824219,88.80000305175781,4866500
2017-06-27,86.03752136230469,87.68000030517578,89.27999877929688,87.11000061035156,88.0,5370800
2017-06-28,86.43983459472656,88.08999633789062,88.47000122070312,86.69000244140625,88.27999877929688,4257800
2017-06-29,85.17401123046875,86.80000305175781,87.66999816894531,85.83000183105469,87.6500015258789,5215600
2017-06-30,84.97775268554688,86.5999984741211,87.25,86.30000305175781,86.80000305175781,3943500
2017-07-03,84.48711395263672,86.0999984741211,87.0999984741211,85.12000274658203,87.01000213623047,2741300
2017-07-05,85.86089324951172,87.5,87.51000213623047,86.0999984741211,86.27999877929688,4719800
2017-07-06,85.22308349609375,86.8499984741211,87.47000122070312,86.33999633789062,86.62000274658203,3275000
2017-07-07,86.27303314208984,87.91999816894531,88.44999694824219,87.19000244140625,87.19999694824219,2454300
2017-07-10,86.84217834472656,88.5,88.63999938964844,87.47000122070312,87.86000061035156,2332100
2017-07-11,86.6949691772461,88.3499984741211,88.6500015258789,87.66999816894531,88.26000213623047,2414700
2017-07-12,88.70658111572266,90.4000015258789,90.41000366210938,88.8499984741211,89.22000122070312,4273500
2017-07-13,87.89212799072266,89.56999969482422,90.7699966430664,89.5,90.55999755859375,3211100
2017-07-14,88.3140640258789,90.0,90.16999816894531,89.54000091552734,89.79000091552734,1978000
2017-07-17,87.61737060546875,89.29000091552734,90.26000213623047,89.2699966430664,89.9800033569336,2485700
2017-07-18,87.59774017333984,89.2699966430664,89.4000015258789,88.62000274658203,89.0,3813100
2017-07-19,87.88231658935547,89.55999755859375,90.12999725341797,88.80000305175781,89.3499984741211,4463000
2017-07-20,88.84395599365234,90.54000091552734,90.62999725341797,89.41999816894531,89.70999908447266,3481000
2017-07-21,88.00987243652344,89.69000244140625,90.62999725341797,89.54000091552734,90.33999633789062,2928700
2017-07-24,87.99024963378906,89.66999816894531,89.80999755859375,88.95999908447266,89.6500015258789,2393500
2017-07-25,88.93226623535156,90.62999725341797,90.81999969482422,89.23999786376953,89.7300033569336,3346000
2017-07-26,89.36402130126953,91.06999969482422,91.19999694824219,90.1500015258789,90.62999725341797,3638100
2017-07-27,88.81451416015625,90.51000213623047,92.12999725341797,89.08999633789062,91.25,3572100
2017-07-28,88.92245483398438,90.62000274658203,91.12000274658203,89.69999694824219,90.0,2108800
2017-07-31,89.09908294677734,90.80000305175781,91.05000305175781,89.87000274658203,90.80999755859375,3002900
2017-08-01,89.5112075805664,91.22000122070312,91.77999877929688,90.88999938964844,91.37000274658203,3157500
2017-08-02,88.20612335205078,89.88999938964844,91.3499984741211,88.98999786376953,91.3499984741211,3636900
2017-08-03,88.65751647949219,90.3499984741211,90.43000030517578,89.41999816894531,90.0,2351400
2017-08-04,88.75563049316406,90.44999694824219,90.87000274658203,90.25,90.61000061035156,1987600
2017-08-07,88.80470275878906,90.5,90.69999694824219,90.12000274658203,90.55000305175781,1903300
2017-08-08,88.56920623779297,90.26000213623047,90.88999938964844,89.54000091552734,90.18000030517578,2366700
2017-08-09,88.43183135986328,90.12000274658203,90.47000122070312,89.62000274658203,89.63999938964844,3055400
2017-08-10,85.98846435546875,87.62999725341797,89.91999816894531,87.55000305175781,89.66999816894531,3961500
2017-08-11,86.63610076904297,88.29000091552734,88.66000366210938,87.26000213623047,87.55000305175781,2881500
2017-08-14,88.55939483642578,90.25,90.6500015258789,89.0999984741211,89.29000091552734,4906900
2017-08-15,89.00094604492188,90.69999694824219,91.11000061035156,90.08999633789062,90.3499984741211,2531700
2017-08-16,90.51211547851562,92.23999786376953,92.4000015258789,90.81999969482422,91.05000305175781,4273700
2017-08-17,89.17758178710938,90.87999725341797,92.48999786376953,90.75,92.0,3630500
2017-08-18,89.05982971191406,90.76000213623047,91.3499984741211,90.27999877929688,90.81999969482422,3046800
2017-08-21,90.04109191894531,91.76000213623047,91.80000305175781,90.56999969482422,90.94999694824219,3512500
2017-08-22,91.20879364013672,92.94999694824219,93.44000244140625,92.05000305175781,92.43000030517578,11254400
2017-08-23,91.3265609741211,93.06999969482422,94.62999725341797,91.30000305175781,92.13999938964844,12034900
2017-08-24,92.3863296508789,94.1500015258789,94.30999755859375,93.3499984741211,93.69999694824219,5494400
2017-08-25,92.33724975585938,94.0999984741211,95.2300033569336,93.87000274658203,94.1500015258789,5311000
2017-08-28,91.90550994873047,93.66000366210938,94.19000244140625,92.8499984741211,94.08000183105469,5536100
2017-08-29,92.07232666015625,93.83000183105469,94.12000274658203,92.5,92.75,3242800
2017-08-30,93.08302307128906,94.86000061035156,95.18000030517578,93.58999633789062,93.83000183105469,3808100
2017-08-31,93.70122528076172,95.48999786376953,95.66000366210938,94.3499984741211,94.94000244140625,5098200
2017-09-01,94.21149444580078,96.01000213623047,96.16999816894531,95.19000244140625,95.75,3679600
2017-09-05,94.37830352783203,96.18000030517578,96.48999786376953,95.12999725341797,95.36000061035156,4069500
2017-09-06,94.0250244140625,95.81999969482422,96.31999969482422,95.25,96.16000366210938,4105200
2017-09-07,94.9179916381836,96.7300033569336,97.5199966430664,95.87999725341797,96.08999633789062,4917300
2017-09-08,94.62361907958984,96.43000030517578,97.19000244140625,96.37999725341797,96.62000274658203,3316400
2017-09-11,95.87963104248047,97.70999908447266,98.22000122070312,96.94999694824219,96.94999694824219,4471500
2017-09-12,95.03575134277344,96.8499984741211,97.62000274658203,96.1500015258789,97.58999633789062,4743200
2017-09-13,93.81897735595703,95.61000061035156,96.9000015258789,95.36000061035156,96.88999938964844,5610300
2017-09-14,93.51477813720703,95.30000305175781,95.73999786376953,94.51000213623047,95.37999725341797,5054600
2017-09-15,92.8573226928711,94.62999725341797,95.62000274658203,94.16999816894531,95.51000213623047,6081700
2017-09-18,93.94654083251953,95.73999786376953,96.18000030517578,94.73999786376953,94.94000244140625,5990700
2017-09-19,93.5638427734375,95.3499984741211,96.20999908447266,95.16000366210938,95.97000122070312,3521000
2017-09-20,93.42646789550781,95.20999908447266,95.36000061035156,94.05000305175781,95.08000183105469,3362600
2017-09-21,93.08302307128906,94.86000061035156,95.0999984741211,94.16999816894531,94.81999969482422,2896100
2017-09-22,93.1615219116211,94.94000244140625,95.3499984741211,94.55999755859375,94.79000091552734,2254400
2017-09-25,90.73779296875,92.47000122070312,94.88999938964844,92.11000061035156,94.87000274658203,5821100
2017-09-26,90.61022186279297,92.33999633789062,93.66999816894531,92.12000274658203,92.94999694824219,4558200
2017-09-27,91.46393585205078,93.20999908447266,93.66000366210938,92.62000274658203,92.91000366210938,2945100
2017-09-28,90.8653564453125,92.5999984741211,93.25,92.43000030517578,93.20999908447266,3017600
2017-09-29,91.66999816894531,93.41999816894531,93.47000122070312,92.62000274658203,92.7699966430664,4629700
2017-10-02,92.18025970458984,93.94000244140625,94.83999633789062,93.44999694824219,93.72000122070312,2755900
2017-10-03,93.57366180419922,95.36000061035156,95.44999694824219,93.94999694824219,94.16999816894531,4996800
2017-10-04,93.73065185546875,95.5199966430664,95.7300033569336,94.7300033569336,95.19999694824219,3128300
2017-10-05,93.93672943115234,95.7300033569336,95.87999725341797,94.68000030517578,95.5,3956300
2017-10-06,94.51567840576172,96.31999969482422,96.56999969482422,95.47000122070312,95.55000305175781,4402900
2017-10-09,94.46661376953125,96.2699966430664,96.76000213623047,95.9800033569336,96.33000183105469,2031300
2017-10-10,93.60310363769531,95.38999938964844,96.45999908447266,95.22000122070312,96.2699966430664,2028900
2017-10-11,94.21149444580078,96.01000213623047,96.01000213623047,94.83000183105469,95.38999938964844,2640800
2017-10-12,94.92781066894531,96.73999786376953,97.2300033569336,95.83999633789062,96.13999938964844,3118600
2017-10-13,95.12406921386719,96.94000244140625,97.62999725341797,96.69000244140625,97.1500015258789,2496000
2017-10-16,95.33011627197266,97.1500015258789,97.58000183105469,96.91999816894531,96.94999694824219,2544300
2017-10-17,94.9081802368164,96.72000122070312,97.0,95.93000030517578,96.95999908447266,2528300
2017-10-18,94.6334228515625,96.44000244140625,97.06999969482422,96.05000305175781,96.97000122070312,2876700
2017-10-19,95.36937713623047,97.19000244140625,97.2300033569336,96.11000061035156,96.4000015258789,2534100
2017-10-20,97.0473403930664,98.9000015258789,99.18000030517578,97.33000183105469,97.54000091552734,4588800
2017-10-23,96.59596252441406,98.44000244140625,99.44000244140625,98.30000305175781,99.06999969482422,4024900
2017-10-24,96.81185150146484,98.66000366210938,98.72000122070312,97.80999755859375,98.25,3651400
2017-10-25,97.72441864013672,99.58999633789062,99.62999725341797,98.30999755859375,98.4000015258789,4687200
2017-10-26,98.17579650878906,100.05000305175781,100.76000213623047,99.30000305175781,99.81999969482422,3863300
2017-10-27,98.81362915039062,100.69999694824219,101.9800033569336,100.18000030517578,100.72000122070312,4030400
2017-10-30,98.81362915039062,100.69999694824219,100.9800033569336,99.91000366210938,100.69999694824219,2374600
2017-10-31,100.42290496826172,102.33999633789062,102.44999694824219,100.83999633789062,101.12999725341797,5111800
2017-11-01,100.04019927978516,101.94999694824219,103.91999816894531,101.30000305175781,103.66999816894531,3760800
2017-11-02,100.67803955078125,102.5999984741211,103.37000274658203,101.76000213623047,102.05000305175781,3212600
2017-11-03,100.78598022460938,102.70999908447266,103.06999969482422,101.69999694824219,102.86000061035156,3265500
2017-11-06,100.50141143798828,102.41999816894531,103.13999938964844,101.58000183105469,102.91999816894531,7046800
2017-11-07,100.79579162597656,102.72000122070312,105.0,101.75,104.94000244140625,5277100
2017-11-08,103.0625,105.02999877929688,105.25,102.9000015258789,102.94999694824219,6674500
2017-11-09,101.65930938720703,103.5999984741211,104.44000244140625,102.41000366210938,104.33000183105469,5128600
2017-11-10,103.2685775756836,105.23999786376953,105.37999725341797,102.83000183105469,103.41000366210938,4675700
2017-11-13,103.79845428466797,105.77999877929688,105.95999908447266,105.0,105.0,4609500
2017-11-14,104.24003601074219,106.2300033569336,106.37999725341797,105.05999755859375,105.63999938964844,4366800
2017-11-15,103.45502471923828,105.43000030517578,107.0,105.0,105.87999725341797,4148400
2017-11-16,105.02505493164062,107.02999877929688,107.36000061035156,106.18000030517578,106.2300033569336,3708500
2017-11-17,105.56475067138672,107.58000183105469,107.87000274658203,106.7300033569336,107.19000244140625,4407900
2017-11-20,105.35868835449219,107.37000274658203,109.0,107.01000213623047,108.69999694824219,5578500
2017-11-21,106.76189422607422,108.80000305175781,109.19000244140625,107.79000091552734,108.75,10682700
2017-11-22,104.82881927490234,106.83000183105469,107.48999786376953,106.05000305175781,106.8499984741211,9009600
2017-11-24,105.14279174804688,107.1500015258789,107.5999984741211,106.41000366210938,107.4000015258789,4000000
2017-11-27,104.58348083496094,106.58000183105469,107.27999877929688,105.86000061035156,106.79000091552734,5144200
2017-11-28,104.4657211303711,106.45999908447266,106.88999938964844,105.79000091552734,106.0999984741211,4794300
2017-11-29,101.59062194824219,103.52999877929688,105.87999725341797,102.79000091552734,105.75,6851000
2017-11-30,102.36580657958984,104.31999969482422,104.51000213623047,102.7699966430664,103.58999633789062,5201800
2017-12-01,101.88500213623047,103.83000183105469,104.83000183105469,102.83000183105469,103.86000061035156,4797600
2017-12-04,97.97954559326172,99.8499984741211,104.73999786376953,99.83000183105469,104.5999984741211,9116000
2017-12-05,98.80381774902344,100.69000244140625,101.66000366210938,98.68000030517578,99.55000305175781,5323800
2017-12-06,100.99203491210938,102.91999816894531,103.33000183105469,100.0,100.26000213623047,4571000
2017-12-07,102.12049865722656,104.06999969482422,104.13999938964844,102.63999938964844,103.6500015258789,3900100
2017-12-08,101.50228881835938,103.44000244140625,105.3499984741211,103.20999908447266,105.0,4171500
2017-12-11,102.58169555664062,104.54000091552734,104.72000122070312,103.37000274658203,104.38999938964844,3357200
2017-12-12,101.72799682617188,103.66999816894531,105.05999755859375,103.27999877929688,104.94999694824219,4683600
2017-12-13,101.9929428100586,103.94000244140625,104.5999984741211,103.70999908447266,103.81999969482422,4067500
2017-12-14,102.28730010986328,104.23999786376953,105.19999694824219,103.94000244140625,104.19999694824219,4464900
2017-12-15,103.50408935546875,105.4800033569336,105.6500015258789,103.30999755859375,104.76000213623047,7261100
2017-12-18,103.11157989501953,105.08000183105469,105.87999725341797,104.79000091552734,105.4000015258789,3931400
2017-12-19,102.30694580078125,104.26000213623047,105.16999816894531,103.4800033569336,104.58999633789062,3942100
2017-12-20,101.45323944091797,103.38999938964844,104.5,102.80999755859375,104.26000213623047,3673500
2017-12-21,101.6789321899414,103.62000274658203,104.04000091552734,103.33000183105469,103.7300033569336,2486800
2017-12-22,100.70747375488281,102.62999725341797,103.5,102.0199966430664,103.29000091552734,3538300
2017-12-26,100.61914825439453,102.54000091552734,102.5999984741211,101.31999969482422,102.16000366210938,2524600
2017-12-27,100.72709655761719,102.6500015258789,102.80999755859375,102.08999633789062,102.58999633789062,2038600
2017-12-28,100.8644790649414,102.79000091552734,102.9000015258789,102.36000061035156,102.63999938964844,2719400
2017-12-29,100.3149642944336,102.2300033569336,103.16999816894531,102.20999908447266,102.61000061035156,2498800
2018-01-02,102.45413208007812,104.41000366210938,104.69999694824219,102.2699966430664,102.87999725341797,4669200
2018-01-03,103.3176498413086,105.29000091552734,106.13999938964844,104.62000274658203,104.9000015258789,3888700
2018-01-04,104.68160247802734,106.68000030517578,107.66000366210938,105.7699966430664,106.0,4540200
2018-01-05,106.07500457763672,108.0999984741211,108.30000305175781,107.19999694824219,107.76000213623047,3368400
2018-01-08,106.82076263427734,108.86000061035156,109.13999938964844,107.56999969482422,108.0,2933600
2018-01-09,107.1053466796875,109.1500015258789,109.33999633789062,108.25,109.0,3302300
2018-01-10,106.76189422607422,108.80000305175781,109.48999786376953,108.2300033569336,108.68000030517578,3113300
2018-01-11,107.05626678466797,109.0999984741211,109.4000015258789,108.66999816894531,109.0,3668100
2018-01-12,108.17493438720703,110.23999786376953,110.70999908447266,108.91000366210938,109.2300033569336,5749500
2018-01-16,106.8502197265625,108.88999938964844,111.44000244140625,108.2300033569336,110.8499984741211,5790800
2018-01-17,107.97866821289062,110.04000091552734,110.37999725341797,109.2300033569336,109.75,4254700
2018-01-18,109.67623901367188,111.7699966430664,112.16999816894531,110.22000122070312,110.2300033569336,3842800
2018-01-19,109.83325958251953,111.93000030517578,112.4000015258789,111.61000061035156,112.20999908447266,3120900
2018-01-22,110.77528381347656,112.88999938964844,112.95999908447266,111.01000213623047,111.62999725341797,2214700
2018-01-23,111.11871337890625,113.23999786376953,113.76000213623047,112.68000030517578,113.18000030517578,2816800
2018-01-24,110.73602294921875,112.8499984741211,113.83999633789062,112.5,113.62999725341797,4975500
2018-01-25,109.8626937866211,111.95999908447266,113.47000122070312,111.9000015258789,113.27999877929688,4715100
2018-01-26,111.5700912475586,113.69999694824219,113.91999816894531,112.02999877929688,112.72000122070312,3927400
2018-01-29,111.17760467529297,113.30000305175781,114.41000366210938,112.8499984741211,113.69999694824219,3181500
2018-01-30,110.12764739990234,112.2300033569336,113.44999694824219,111.83999633789062,112.41999816894531,3737700
2018-01-31,111.77616882324219,113.91000366210938,114.5199966430664,112.63999938964844,113.05999755859375,4181800
2018-02-01,110.62809753417969,112.73999786376953,114.2699966430664,112.52999877929688,113.30000305175781,4302800
2018-02-02,108.70480346679688,110.77999877929688,112.3499984741211,110.70999908447266,112.02999877929688,4403800
2018-02-05,105.63343048095703,107.6500015258789,111.61000061035156,107.5,109.1500015258789,6124000
2018-02-06,107.51746368408203,109.56999969482422,109.62000274658203,103.69000244140625,105.01000213623047,6857900
2018-02-07,107.98847961425781,110.05000305175781,112.29000091552734,108.80999755859375,109.06999969482422,4515400
2018-02-08,102.08124542236328,104.02999877929688,110.18000030517578,104.0,110.0999984741211,6803800
2018-02-09,104.9759750366211,106.9800033569336,108.11000061035156,102.37000274658203,105.31999969482422,6615800
2018-02-12,106.5165786743164,108.55000305175781,109.4800033569336,106.26000213623047,107.69999694824219,4624100
2018-02-13,105.67269134521484,107.69000244140625,108.08000183105469,105.93000030517578,108.01000213623047,7542800
2018-02-14,106.9777603149414,109.0199966430664,109.22000122070312,106.7300033569336,106.7300033569336,7428000
2018-02-15,111.00096893310547,113.12000274658203,113.43000030517578,110.05000305175781,112.30999755859375,8341900
2018-02-16,110.74584197998047,112.86000061035156,114.1500015258789,112.66999816894531,112.83999633789062,4667300
2018-02-20,112.20793151855469,114.3499984741211,115.26000213623047,112.27999877929688,112.44999694824219,4287800
2018-02-21,112.33548736572266,114.4800033569336,115.66999816894531,114.16999816894531,114.7699966430664,4976500
2018-02-22,110.88322448730469,113.0,115.0,112.4800033569336,114.5199966430664,4763400
2018-02-23,112.8064956665039,114.95999908447266,114.95999908447266,112.73999786376953,113.62999725341797,4173500
2018-02-26,114.46484375,116.6500015258789,116.80000305175781,115.37000274658203,116.11000061035156,5418900
2018-02-27,114.28822326660156,116.47000122070312,117.61000061035156,115.76000213623047,117.30000305175781,5908200
2018-02-28,114.07234191894531,116.25,118.1500015258789,116.22000122070312,117.0,9684400
2018-03-01,117.1927719116211,119.43000030517578,122.47000122070312,118.05000305175781,120.91000366210938,15555500
2018-03-02,119.63612365722656,121.91999816894531,122.33000183105469,117.63999938964844,118.6500015258789,10627500
2018-03-05,120.20525360107422,122.5,122.94000244140625,119.66000366210938,120.0,10121300
2018-03-06,122.14815521240234,124.4800033569336,124.69000244140625,122.75,122.87000274658203,8154800
2018-03-07,122.98225402832031,125.33000183105469,125.7699966430664,123.18000030517578,123.37999725341797,6750400
2018-03-08,123.99295043945312,126.36000061035156,127.29000091552734,125.69999694824219,125.76000213623047,6127900
2018-03-09,125.02326965332031,127.41000366210938,127.5,126.25,127.19000244140625,5637800
2018-03-12,124.40509033203125,126.77999877929688,128.1999969482422,126.77999877929688,127.87000274658203,5609800
2018-03-13,124.35601806640625,126.7300033569336,128.11000061035156,125.7300033569336,127.88999938964844,4641800
2018-03-14,125.5924072265625,127.98999786376953,128.8699951171875,126.51000213623047,127.05000305175781,5402400
2018-03-15,124.83685302734375,127.22000122070312,128.4600067138672,126.66999816894531,128.0,4603500
2018-03-16,123.6102523803711,125.97000122070312,127.94999694824219,125.69000244140625,127.29000091552734,6662900
2018-03-19,122.63880157470703,124.9800033569336,125.76000213623047,123.47000122070312,125.02999877929688,6830400
2018-03-20,122.77616882324219,125.12000274658203,126.83000183105469,124.44999694824219,124.58999633789062,7113600
2018-03-21,119.42024993896484,121.69999694824219,124.0199966430664,120.19999694824219,121.55999755859375,14824000
2018-03-22,115.82880401611328,118.04000091552734,120.66000366210938,117.44000244140625,120.4000015258789,10950500
2018-03-23,112.28642272949219,114.43000030517578,118.08000183105469,114.30999755859375,118.01000213623047,10902100
2018-03-26,116.74138641357422,118.97000122070312,119.26000213623047,115.04000091552734,118.23999786376953,13171700
2018-03-27,111.67803955078125,113.80999755859375,120.16000366210938,112.72000122070312,120.08999633789062,8304700
2018-03-28,110.76546478271484,112.87999725341797,114.86000061035156,111.33999633789062,113.1500015258789,6489500
2018-03-29,114.12139892578125,116.30000305175781,117.26000213623047,112.5199966430664,113.91000366210938,7794700
2018-04-02,113.14012145996094,115.30000305175781,117.68000030517578,113.61000061035156,115.91000366210938,6461300
2018-04-03,114.3078384399414,116.48999786376953,117.44999694824219,114.5999984741211,116.76000213623047,5193300
2018-04-04,117.24182891845703,119.4800033569336,119.68000030517578,114.0,114.05999755859375,6389300
2018-04-05,116.81007385253906,119.04000091552734,121.04000091552734,118.66999816894531,120.4000015258789,5052400
2018-04-06,113.92513275146484,116.0999984741211,118.9800033569336,114.94999694824219,118.0999984741211,5385500
2018-04-09,114.99472045898438,117.19000244140625,119.2300033569336,117.13999938964844,117.13999938964844,4104200
2018-04-10,117.25164031982422,119.48999786376953,120.12000274658203,117.68000030517578,118.91999816894531,3693000
2018-04-11,116.9278335571289,119.16000366210938,120.70999908447266,118.87000274658203,119.33000183105469,3059400
2018-04-12,119.12586212158203,121.4000015258789,121.7300033569336,119.33999633789062,120.0,4419900
2018-04-13,116.78062438964844,119.01000213623047,121.94000244140625,118.5,121.94000244140625,4933100
2018-04-16,117.17314910888672,119.41000366210938,120.9800033569336,118.66000366210938,120.94999694824219,4464700
2018-04-17,121.0393295288086,123.3499984741211,123.86000061035156,120.01000213623047,120.4000015258789,5524600
2018-04-18,122.1285400390625,124.45999908447266,124.73999786376953,122.2300033569336,123.52999877929688,4321800
2018-04-19,121.73603057861328,124.05999755859375,124.5199966430664,123.18000030517578,124.04000091552734,3657000
2018-04-20,120.51927185058594,122.81999969482422,124.37999725341797,122.05000305175781,124.01000213623047,2971000
2018-04-23,119.60668182373047,121.88999938964844,124.56999969482422,121.23999786376953,123.19000244140625,3932700
2018-04-24,115.67180633544922,117.87999725341797,123.52999877929688,116.91000366210938,123.33999633789062,5379300
2018-04-25,115.12228393554688,117.31999969482422,118.2300033569336,115.04000091552734,117.7699966430664,5080500
2018-04-26,118.5665512084961,120.83000183105469,122.06999969482422,118.16000366210938,118.69999694824219,4998800
2018-04-27,117.96798706054688,120.22000122070312,121.63999938964844,119.55000305175781,121.62999725341797,3801200
2018-04-30,118.7235336303711,120.98999786376953,121.69999694824219,119.77999877929688,120.87000274658203,2788300
2018-05-01,120.80384063720703,123.11000061035156,123.31999969482422,120.41999816894531,120.87999725341797,3873900
2018-05-02,120.51927185058594,122.81999969482422,123.97000122070312,121.73999786376953,122.29000091552734,3671000
2018-05-03,122.07947540283203,124.41000366210938,125.0,121.66999816894531,122.62000274658203,4435600
2018-05-04,122.77616882324219,125.12000274658203,125.83999633789062,122.9800033569336,124.37999725341797,6341200
2018-05-07,124.59150695800781,126.97000122070312,127.69000244140625,125.45999908447266,125.79000091552734,4342000
2018-05-08,126.33816528320312,128.75,128.9600067138672,126.5,126.58999633789062,4467800
2018-05-09,127.2998275756836,129.72999572753906,129.74000549316406,127.33000183105469,128.8800048828125,4605300
2018-05-10,128.1731414794922,130.6199951171875,131.0,129.0500030517578,129.9499969482422,3772400
2018-05-11,128.1829833984375,130.6300048828125,130.85000610351562,128.88999938964844,130.0,3233200
2018-05-14,125.29803466796875,127.69000244140625,131.0,127.16000366210938,130.7899932861328,4169800
2018-05-15,125.72980499267578,128.1300048828125,128.58999633789062,126.08999633789062,126.93000030517578,2933100
2018-05-16,126.35781860351562,128.77000427246094,128.97000122070312,127.91999816894531,128.7100067138672,2439900
2018-05-17,123.68875885009766,126.05000305175781,129.4600067138672,125.55000305175781,129.19000244140625,5557000
2018-05-18,124.58171081542969,126.95999908447266,127.72000122070312,125.87000274658203,126.05999755859375,3612300
2018-05-21,124.00276947021484,126.37000274658203,128.35000610351562,126.0,128.0,2887200
2018-05-22,123.0901870727539,125.44000244140625,127.05000305175781,125.26000213623047,126.66000366210938,2789800
2018-05-23,125.69053649902344,128.08999633789062,128.08999633789062,124.58000183105469,124.87999725341797,4303900
2018-05-24,126.32836151123047,128.74000549316406,129.3800048828125,127.38999938964844,128.80999755859375,5972400
2018-05-25,125.56297302246094,127.95999908447266,129.25,127.62000274658203,128.72999572753906,4031800
2018-05-29,124.5031967163086,126.87999725341797,127.54000091552734,126.12000274658203,126.75,8141900
2018-05-30,126.87788391113281,129.3000030517578,132.5500030517578,127.83999633789062,132.3000030517578,14170900
2018-05-31,126.90730285644531,129.3300018310547,130.99000549316406,128.41000366210938,129.3699951171875,6408300
2018-06-01,128.07501220703125,130.52000427246094,130.8699951171875,128.35000610351562,129.8800048828125,6132800
2018-06-04,130.16513061523438,132.64999389648438,132.8000030517578,129.60000610351562,130.38999938964844,4860700
2018-06-05,131.6075897216797,134.1199951171875,134.6300048828125,132.97000122070312,133.13999938964844,5123200
2018-06-06,133.01080322265625,135.5500030517578,135.7100067138672,134.1199951171875,134.3300018310547,4766900
2018-06-07,130.42022705078125,132.91000366210938,135.75,130.72999572753906,135.5500030517578,6564100
2018-06-08,131.0286407470703,133.52999877929688,133.67999267578125,130.82000732421875,131.6999969482422,3486600
2018-06-11,131.47018432617188,133.97999572753906,134.6699981689453,133.25999450683594,133.8800048828125,3443100
2018-06-12,133.70745849609375,136.25999450683594,137.5,134.64999389648438,134.9600067138672,5319900
2018-06-13,133.94300842285156,136.5,137.49000549316406,135.60000610351562,136.3699951171875,5809300
2018-06-14,135.81723022460938,138.41000366210938,139.75,136.88999938964844,137.0,6494900
2018-06-15,135.81723022460938,138.41000366210938,138.9499969482422,136.8000030517578,138.07000732421875,7711100
2018-06-18,137.18115234375,139.8000030517578,140.19000244140625,136.91000366210938,137.00999450683594,4202400
2018-06-19,136.9064178466797,139.52000427246094,139.7100067138672,137.22999572753906,138.0800018310547,4833700
2018-06-20,136.33726501464844,138.94000244140625,142.1199951171875,138.82000732421875,140.0,5341400
2018-06-21,135.29713439941406,137.8800048828125,140.05999755859375,137.1199951171875,139.07000732421875,3912800
2018-06-22,132.48089599609375,135.00999450683594,137.3000030517578,133.9499969482422,137.25999450683594,7466000
2018-06-25,130.6950225830078,133.19000244140625,134.88999938964844,131.6699981689453,134.24000549316406,6969800
2018-06-26,132.94210815429688,135.47999572753906,137.1699981689453,133.82000732421875,134.75999450683594,7043100
2018-06-27,130.7244415283203,133.22000122070312,137.4199981689453,133.10000610351562,136.67999267578125,6851600
2018-06-28,132.58885192871094,135.1199951171875,135.88999938964844,133.19000244140625,133.99000549316406,6333700
2018-06-29,133.8448486328125,136.39999389648438,137.7100067138672,135.89999389648438,136.27999877929688,5229500
2018-07-02,137.7993621826172,140.42999267578125,140.47000122070312,135.3000030517578,136.14999389648438,6399200
2018-07-03,135.25787353515625,137.83999633789062,140.75,137.7100067138672,140.60000610351562,3164700
2018-07-05,137.1517333984375,139.77000427246094,139.88999938964844,138.22000122070312,139.25999450683594,5576700
2018-07-06,138.75119018554688,141.39999389648438,141.72999572753906,139.00999450683594,140.19000244140625,5045800
2018-07-09,139.10446166992188,141.75999450683594,142.8699951171875,139.8800048828125,142.64999389648438,5183100
2018-07-10,139.7815399169922,142.4499969482422,143.50999450683594,141.50999450683594,142.3000030517578,3643700
2018-07-11,142.5290985107422,145.25,145.63999938964844,141.02000427246094,141.2100067138672,6168000
2018-07-12,145.38458251953125,148.16000366210938,148.6999969482422,145.8000030517578,145.8000030517578,4681000
2018-07-13,144.84490966796875,147.61000061035156,148.0,145.41000366210938,147.75,3941800
2018-07-16,144.20704650878906,146.9600067138672,148.69000244140625,146.82000732421875,147.83999633789062,3592100
2018-07-17,144.2659454345703,147.02000427246094,147.44000244140625,143.0800018310547,145.41000366210938,5133900
2018-07-18,145.07057189941406,147.83999633789062,148.19000244140625,145.75999450683594,147.02000427246094,2908100
2018-07-19,144.40328979492188,147.16000366210938,148.0,146.61000061035156,147.0,3590600
2018-07-20,144.1187286376953,146.8699951171875,147.9199981689453,146.69000244140625,147.44000244140625,2462200
2018-07-23,144.7958221435547,147.55999755859375,147.63999938964844,144.8000030517578,146.8699951171875,2538100
2018-07-24,143.26502990722656,146.0,148.85000610351562,145.17999267578125,148.5500030517578,4052300
2018-07-25,146.08126831054688,148.8699951171875,149.35000610351562,146.0,146.1300048828125,4056900
2018-07-26,144.80564880371094,147.57000732421875,148.75,145.67999267578125,147.97999572753906,3414300
2018-07-27,141.21420288085938,143.91000366210938,148.27999877929688,142.3800048828125,148.25,5924400
2018-07-30,135.44432067871094,138.02999877929688,143.72999572753906,135.52000427246094,143.5399932861328,9522000
2018-07-31,134.580810546875,137.14999389648438,139.7899932861328,135.38999938964844,138.67999267578125,7442900
2018-08-01,135.10092163085938,137.67999267578125,140.89999389648438,137.50999450683594,138.0,5098100
2018-08-02,138.49606323242188,141.13999938964844,141.3000030517578,136.75,137.0500030517578,3779200
2018-08-03,138.39793395996094,141.0399932861328,141.74000549316406,138.4199981689453,141.52999877929688,3463500
2018-08-06,140.03665161132812,142.7100067138672,142.85000610351562,140.64999389648438,140.88999938964844,3247300
2018-08-07,141.73426818847656,144.44000244140625,144.61000061035156,142.72999572753906,143.52999877929688,3928300
2018-08-08,142.45059204101562,145.1699981689453,145.63999938964844,143.16000366210938,144.4600067138672,3026700
2018-08-09,143.0884246826172,145.82000732421875,146.85000610351562,145.08999633789062,145.3000030517578,3572600
2018-08-10,142.78421020507812,145.50999450683594,147.0,144.35000610351562,144.92999267578125,2748500
2018-08-13,141.74404907226562,144.4499969482422,147.17999267578125,144.22000122070312,145.6300048828125,2880400
2018-08-14,143.82435607910156,146.57000732421875,146.77000427246094,144.57000732421875,146.17999267578125,3474700
2018-08-15,142.322998046875,145.0399932861328,147.8800048828125,143.60000610351562,146.0800018310547,4476900
2018-08-16,143.00009155273438,145.72999572753906,146.91000366210938,145.22000122070312,146.50999450683594,3704000
2018-08-17,142.30340576171875,145.02000427246094,146.00999450683594,143.9499969482422,145.5,2865600
2018-08-20,142.98048400878906,145.7100067138672,146.05999755859375,144.32000732421875,145.2100067138672,2882200
2018-08-21,142.80384826660156,145.52999877929688,148.7899932861328,145.36000061035156,146.41000366210938,4063700
2018-08-22,143.7164306640625,146.4600067138672,147.1999969482422,145.0500030517578,145.58999633789062,4245300
2018-08-23,145.06077575683594,147.8300018310547,148.33999633789062,146.07000732421875,146.8300018310547,6196300
2018-08-24,149.44703674316406,152.3000030517578,152.3800048828125,148.5,148.5,4882000
2018-08-27,148.83863830566406,151.67999267578125,154.8800048828125,150.1999969482422,154.7100067138672,5814800
2018-08-28,150.1240997314453,152.99000549316406,153.39999389648438,151.55999755859375,152.02999877929688,5266900
2018-08-29,151.90020751953125,154.8000030517578,154.97000122070312,153.0500030517578,153.3300018310547,9018600
2018-08-30,149.29002380371094,152.13999938964844,153.74000549316406,149.5,151.1199951171875,14441000
2018-08-31,149.81988525390625,152.67999267578125,153.8699951171875,151.89999389648438,152.13999938964844,6210500
2018-09-04,150.33998107910156,153.2100067138672,153.33999633789062,151.50999450683594,152.11000061035156,5310900
2018-09-05,145.86537170410156,148.64999389648438,152.77999877929688,147.0800018310547,152.38999938964844,7287400
2018-09-06,146.0420379638672,148.8300018310547,149.16000366210938,147.0800018310547,148.75,4190300
2018-09-07,147.61203002929688,150.42999267578125,151.41000366210938,147.5,147.83999633789062,3866800
2018-09-10,148.4853973388672,151.32000732421875,151.5800018310547,148.0,150.0,3872300
2018-09-11,149.97691345214844,152.83999633789062,153.75,150.6199951171875,151.0800018310547,4151000
2018-09-12,152.45948791503906,155.3699951171875,155.77000427246094,151.80999755859375,152.83999633789062,5180800
2018-09-13,155.21688842773438,158.17999267578125,158.77999877929688,155.82000732421875,155.8699951171875,6213500
2018-09-14,154.539794921875,157.49000549316406,158.7899932861328,156.32000732421875,157.9499969482422,4615300
2018-09-17,152.01795959472656,154.9199981689453,158.42999267578125,154.6199951171875,157.0,3899600
2018-09-18,153.07774353027344,156.0,158.02999877929688,154.75,154.75999450683594,3749600
2018-09-19,150.03578186035156,152.89999389648438,157.3300018310547,152.38999938964844,156.3699951171875,5546000
2018-09-20,152.58706665039062,155.5,156.07000732421875,151.64999389648438,153.2899932861328,4655600
2018-09-21,152.606689453125,155.52000427246094,157.9600067138672,154.9600067138672,157.07000732421875,17991600
2018-09-24,155.80563354492188,158.77999877929688,158.91000366210938,153.3300018310547,155.3800048828125,5082100
2018-09-25,155.89393615722656,158.8699951171875,159.13999938964844,157.1699981689453,159.0,5699600
2018-09-26,155.36407470703125,158.3300018310547,159.92999267578125,157.35000610351562,159.05999755859375,4079700
2018-09-27,157.42471313476562,160.42999267578125,161.0800018310547,158.92999267578125,159.0500030517578,3930300
2018-09-28,156.0509490966797,159.02999877929688,160.86000061035156,158.94000244140625,160.0,4607700
2018-10-01,156.8654022216797,159.86000061035156,161.19000244140625,159.02000427246094,160.11000061035156,4297600
2018-10-02,154.31411743164062,157.25999450683594,159.5800018310547,156.6999969482422,159.27000427246094,4137000
2018-10-03,156.11964416503906,159.10000610351562,159.75999450683594,157.02000427246094,158.55999755859375,3561600
2018-10-04,151.99830627441406,154.89999389648438,158.83999633789062,153.77999877929688,158.1999969482422,6206400
2018-10-05,152.16514587402344,155.07000732421875,156.60000610351562,152.47000122070312,154.86000061035156,4963600
2018-10-08,145.86537170410156,148.64999389648438,154.6199951171875,145.60000610351562,154.24000549316406,10238700
2018-10-09,145.71820068359375,148.5,150.8699951171875,147.2100067138672,148.32000732421875,5593300
2018-10-10,135.2284698486328,137.80999755859375,147.58999633789062,137.5399932861328,147.52000427246094,13660600
2018-10-11,136.63168334960938,139.24000549316406,142.16000366210938,136.4499969482422,137.44000244140625,10499300
2018-10-12,143.99119567871094,146.74000549316406,148.75,143.22000122070312,145.77000427246094,9371700
2018-10-15,139.29090881347656,141.9499969482422,146.6999969482422,141.32000732421875,146.6999969482422,6040800
2018-10-16,144.67803955078125,147.44000244140625,147.91000366210938,144.00999450683594,145.47000122070312,5383100
2018-10-17,144.256103515625,147.00999450683594,148.35000610351562,145.4199981689453,148.35000610351562,3377900
2018-10-18,140.1642303466797,142.83999633789062,147.58999633789062,141.42999267578125,146.08999633789062,5338200
2018-10-19,137.85824584960938,140.49000549316406,145.3699951171875,140.3800048828125,143.61000061035156,5141600
2018-10-22,140.27215576171875,142.9499969482422,143.8000030517578,139.1999969482422,141.6999969482422,4234900
2018-10-23,138.02508544921875,140.66000366210938,141.97000122070312,137.77999877929688,139.32000732421875,6462000
2018-10-24,130.76368713378906,133.25999450683594,141.5,133.0,141.22999572753906,7251500
2018-10-25,138.1624755859375,140.8000030517578,141.69000244140625,133.6699981689453,133.69000244140625,7792900
2018-10-26,132.9813690185547,135.52000427246094,139.2100067138672,132.61000061035156,135.75,7457000
2018-10-29,128.53622436523438,130.99000549316406,139.5500030517578,128.52999877929688,138.10000610351562,9212500
2018-10-30,129.694091796875,132.1699981689453,132.99000549316406,128.02999877929688,130.44000244140625,10037900
2018-10-31,134.66915893554688,137.24000549316406,138.7100067138672,134.77000427246094,134.9199981689453,6666400
2018-11-01,136.97509765625,139.58999633789062,139.8000030517578,136.41000366210938,138.39999389648438,4668800
2018-11-02,134.22756958007812,136.7899932861328,140.5500030517578,136.10000610351562,140.13999938964844,4481400
2018-11-05,132.90284729003906,135.44000244140625,137.33999633789062,133.4600067138672,137.33999633789062,4629900
2018-11-06,131.4407501220703,133.9499969482422,138.0,132.97999572753906,135.39999389648438,4667100
2018-11-07,139.13392639160156,141.7899932861328,142.30999755859375,136.42999267578125,136.85000610351562,5804000
2018-11-08,139.21241760253906,141.8699951171875,143.6300048828125,140.67999267578125,143.22000122070312,3986700
2018-11-09,134.35511779785156,136.9199981689453,141.05999755859375,135.0500030517578,141.05999755859375,5252500
2018-11-12,128.05538940429688,130.5,136.66000366210938,130.0800018310547,135.74000549316406,7571200
2018-11-13,129.68429565429688,132.16000366210938,133.77000427246094,128.9499969482422,131.47999572753906,6176300
2018-11-14,126.92692565917969,129.35000610351562,134.94000244140625,128.5800018310547,134.2100067138672,5729600
2018-11-15,130.0081024169922,132.49000549316406,132.9499969482422,126.30000305175781,129.1999969482422,6468700
2018-11-16,130.06698608398438,132.5500030517578,133.47000122070312,130.0800018310547,131.85000610351562,5126900
2018-11-19,118.74317169189453,121.01000213623047,132.25999450683594,120.41999816894531,131.60000610351562,14284700
2018-11-20,118.4095230102539,120.66999816894531,124.94000244140625,113.5999984741211,114.33000183105469,13829500
2018-11-21,121.27483367919922,123.58999633789062,125.75,121.61000061035156,124.19999694824219,7311300
2018-11-23,119.74406433105469,122.02999877929688,123.70999908447266,120.70999908447266,121.33000183105469,3009600
2018-11-26,124.0420150756836,126.41000366210938,126.94999694824219,123.66000366210938,124.4800033569336,9321200
2018-11-27,125.15086364746094,127.54000091552734,127.61000061035156,123.72000122070312,125.1500015258789,10558800
2018-11-28,138.0054473876953,140.63999938964844,140.88999938964844,131.97000122070312,138.47999572753906,25705400
2018-11-29,137.10269165039062,139.72000122070312,142.8800048828125,139.27000427246094,139.85000610351562,7763000
2018-11-30,140.08572387695312,142.75999450683594,143.22000122070312,138.27999877929688,138.88999938964844,9401400
2018-12-03,141.44970703125,144.14999389648438,147.07000732421875,142.55999755859375,146.3000030517578,7358900
2018-12-04,136.63168334960938,139.24000549316406,145.1999969482422,138.8000030517578,142.72999572753906,6978400
2018-12-06,139.39883422851562,142.05999755859375,142.05999755859375,132.75,134.8000030517578,9186600
2018-12-07,133.40328979492188,135.9499969482422,142.3699951171875,134.74000549316406,141.89999389648438,6225300
2018-12-10,134.69857788085938,137.27000427246094,139.49000549316406,133.17999267578125,135.16000366210938,5897000
2018-12-11,134.22756958007812,136.7899932861328,140.6999969482422,135.58999633789062,140.58999633789062,4548700
2018-12-12,137.46572875976562,140.08999633789062,144.02999877929688,139.5500030517578,141.7899932861328,6794300
2018-12-13,138.49606323242188,141.13999938964844,143.6300048828125,139.5800018310547,141.5,5122800
2018-12-14,134.47286987304688,137.0399932861328,140.7100067138672,136.3800048828125,138.8800048828125,5354400
2018-12-17,128.3792266845703,130.8300018310547,135.5,129.97000122070312,134.30999755859375,8392400
2018-12-18,129.84130859375,132.32000732421875,133.67999267578125,130.1300048828125,132.13999938964844,6668400
2018-12-19,128.7030487060547,131.16000366210938,136.5,129.5,131.97999572753906,7350700
2018-12-20,125.33728790283203,127.7300033569336,132.3300018310547,122.63999938964844,129.25,12265100
2018-12-21,120.60757446289062,122.91000366210938,129.38999938964844,122.45999908447266,128.57000732421875,12568600
2018-12-24,119.05718231201172,121.33000183105469,124.83999633789062,120.16000366210938,121.13999938964844,4721500
2018-12-26,128.3890380859375,130.83999633789062,130.89999389648438,122.12000274658203,122.5199966430664,8110900
2018-12-27,132.6673583984375,135.1999969482422,135.1999969482422,127.83999633789062,128.8000030517578,7967700
2018-12-28,132.15708923339844,134.67999267578125,136.8800048828125,132.61000061035156,136.0,7276200
2018-12-31,134.40419006347656,136.97000122070312,137.97000122070312,134.49000549316406,136.0,5467700
2019-01-02,133.01080322265625,135.5500030517578,136.8300018310547,133.0500030517578,133.39999389648438,4783900
2019-01-03,127.95722961425781,130.39999389648438,134.77999877929688,130.10000610351562,133.47999572753906,6365700
2019-01-04,135.3756561279297,137.9600067138672,139.32000732421875,132.22000122070312,133.5,6650600
2019-01-07,139.5558319091797,142.22000122070312,143.38999938964844,138.7899932861328,141.02000427246094,9064800
2019-01-08,142.9902801513672,145.72000122070312,146.4600067138672,142.88999938964844,144.72999572753906,9057300
2019-01-09,143.25523376464844,145.99000549316406,147.5,144.52999877929688,146.88999938964844,5445900
2019-01-10,144.28555297851562,147.0399932861328,147.2100067138672,143.75999450683594,143.77000427246094,5116900
2019-01-11,144.7860107421875,147.5500030517578,148.02999877929688,145.61000061035156,146.55999755859375,5185200
2019-01-14,143.31411743164062,146.0500030517578,146.72999572753906,144.6999969482422,145.75,5815500
2019-01-15,146.39529418945312,149.19000244140625,149.86000061035156,145.8000030517578,146.35000610351562,5350400
2019-01-16,145.7574462890625,148.5399932861328,149.7899932861328,147.8000030517578,149.14999389648438,3936800
2019-01-17,147.0134735107422,149.82000732421875,150.72000122070312,147.69000244140625,148.5399932861328,3743200
2019-01-18,149.65309143066406,152.50999450683594,153.27000427246094,150.24000549316406,151.8300018310547,6151200
2019-01-22,146.1597900390625,148.9499969482422,151.3800048828125,147.39999389648438,150.33999633789062,5203300
2019-01-23,146.94479370117188,149.75,150.8000030517578,147.64999389648438,149.72999572753906,3335400
2019-01-24,144.1187286376953,146.8699951171875,150.5,146.52000427246094,149.9499969482422,6734700
2019-01-25,146.93496704101562,149.74000549316406,149.88999938964844,147.5500030517578,148.52999877929688,4600800
2019-01-28,144.5701446533203,147.3300018310547,148.1999969482422,146.10000610351562,148.1699981689453,4054700
2019-01-29,142.46041870117188,145.17999267578125,148.0,144.63999938964844,147.07000732421875,3915100
2019-01-30,146.36582946777344,149.16000366210938,149.69000244140625,146.0800018310547,147.19000244140625,4653400
2019-01-31,149.12319946289062,151.97000122070312,153.3800048828125,148.7100067138672,149.02000427246094,8615900
2019-02-01,152.9501495361328,155.8699951171875,155.9499969482422,151.07000732421875,152.39999389648438,5959200
2019-02-04,154.7654571533203,157.72000122070312,158.89999389648438,155.41000366210938,156.02000427246094,5264700
2019-02-05,156.01168823242188,158.99000549316406,159.8800048828125,157.82000732421875,158.33999633789062,4575600
2019-02-06,155.1678466796875,158.1300048828125,159.10000610351562,155.0800018310547,159.0,4205100
2019-02-07,152.02777099609375,154.92999267578125,157.05999755859375,153.36000061035156,155.9600067138672,4545500
2019-02-08,153.73516845703125,156.6699981689453,156.6999969482422,152.7100067138672,152.91000366210938,3018700
2019-02-11,156.9144744873047,159.91000366210938,161.5,157.57000732421875,158.1999969482422,7125500
2019-02-12,159.74049377441406,162.7899932861328,163.38999938964844,160.02999877929688,161.25,5631700
2019-02-13,157.395263671875,160.39999389648438,163.57000732421875,160.27000427246094,163.44000244140625,5296000
2019-02-14,156.4827117919922,159.47000122070312,160.44000244140625,156.7100067138672,159.47000122070312,5061100
2019-02-15,156.07058715820312,159.0500030517578,161.22000122070312,158.08999633789062,160.99000549316406,5282000
2019-02-19,157.60133361816406,160.61000061035156,161.47999572753906,159.13999938964844,159.66000366210938,3883200
2019-02-20,155.5701141357422,158.5399932861328,161.49000549316406,157.2100067138672,160.3300018310547,7047200
2019-02-21,156.6397247314453,159.6300048828125,160.47999572753906,157.3000030517578,157.6999969482422,4463000
2019-02-22,158.2882537841797,161.30999755859375,161.7100067138672,160.1999969482422,160.47000122070312,4175000
2019-02-25,158.33729553222656,161.36000061035156,163.05999755859375,160.92999267578125,162.50999450683594,5076700
2019-02-26,159.9466094970703,163.0,163.3800048828125,159.8699951171875,160.80999755859375,4496300
2019-02-27,160.0643310546875,163.1199951171875,163.52999877929688,160.5,162.2899932861328,4278300
2019-02-28,160.58441162109375,163.64999389648438,164.60000610351562,162.1699981689453,163.0,6908100
2019-03-01,161.44793701171875,164.52999877929688,166.14999389648438,161.75,165.14999389648438,6919900
2019-03-04,155.53086853027344,158.5,165.7899932861328,155.4199981689453,165.55999755859375,17886300
2019-03-05,154.02952575683594,156.97000122070312,160.8800048828125,154.8000030517578,159.9199981689453,16042900
2019-03-06,153.8529052734375,156.7899932861328,160.25,156.27999877929688,157.1300048828125,7436300
2019-03-07,152.6851806640625,155.60000610351562,157.58999633789062,154.80999755859375,156.08999633789062,6916500
2019-03-08,152.15528869628906,155.05999755859375,155.41000366210938,150.25,152.02000427246094,4800700
2019-03-11,154.69680786132812,157.64999389648438,157.77000427246094,153.42999267578125,155.89999389648438,5699500
2019-03-12,155.3149871826172,158.27999877929688,159.3699951171875,157.16000366210938,158.0,4082100
2019-03-13,156.8163299560547,159.80999755859375,162.0,158.61000061035156,158.85000610351562,5230600
2019-03-14,157.6602325439453,160.6699981689453,161.58999633789062,159.74000549316406,160.9499969482422,3247200
2019-03-15,158.48448181152344,161.50999450683594,162.17999267578125,159.19000244140625,160.63999938964844,6743700
2019-03-18,158.91624450683594,161.9499969482422,163.3300018310547,160.8800048828125,161.39999389648438,3575500
2019-03-19,160.8591766357422,163.92999267578125,164.6199951171875,161.60000610351562,162.52000427246094,4379000
2019-03-20,160.447021484375,163.50999450683594,164.9499969482422,161.50999450683594,163.83999633789062,4391000
2019-03-21,163.82257080078125,166.9499969482422,166.99000549316406,162.75,163.1699981689453,4277800
2019-03-22,158.47467041015625,161.5,166.49000549316406,161.35000610351562,165.9600067138672,5614300
2019-03-25,157.8662872314453,160.8800048828125,161.60000610351562,159.22000122070312,160.22999572753906,3795400
2019-03-26,156.4139862060547,159.39999389648438,162.07000732421875,157.38999938964844,161.42999267578125,6910300
2019-03-27,152.2141876220703,155.1199951171875,159.3000030517578,152.3699951171875,159.0,8218700
2019-03-28,152.2730712890625,155.17999267578125,156.47999572753906,153.50999450683594,155.69000244140625,4424800
2019-03-29,155.4033203125,158.3699951171875,158.5,155.42999267578125,156.8699951171875,4913100
2019-04-01,158.16067504882812,161.17999267578125,161.67999267578125,158.50999450683594,160.10000610351562,4601100
2019-04-02,157.50323486328125,160.50999450683594,160.99000549316406,158.91000366210938,160.86000061035156,3158400
2019-04-03,159.57371520996094,162.6199951171875,163.13999938964844,160.64999389648438,161.77999877929688,3819100
2019-04-04,155.55047607421875,158.52000427246094,162.8000030517578,155.8300018310547,162.7100067138672,6295200
2019-04-05,155.58973693847656,158.55999755859375,160.24000549316406,158.02000427246094,159.6300048828125,4315300
2019-04-08,155.50144958496094,158.47000122070312,158.7899932861328,156.4499969482422,158.39999389648438,2848400
2019-04-09,154.02952575683594,156.97000122070312,158.35000610351562,156.64999389648438,157.0399932861328,5642900
2019-04-10,157.23831176757812,160.24000549316406,160.3800048828125,157.64999389648438,158.1999969482422,3414700
2019-04-11,157.7191162109375,160.72999572753906,160.8300018310547,159.02000427246094,160.16000366210938,2578400
2019-04-12,157.69947814941406,160.7100067138672,162.5,159.5,162.0,2844200
2019-04-15,157.09112548828125,160.08999633789062,162.02999877929688,159.49000549316406,161.0,2608400
2019-04-16,155.71734619140625,158.69000244140625,160.25999450683594,157.75,160.0399932861328,3004800
2019-04-17,152.43006896972656,155.33999633789062,159.0500030517578,155.07000732421875,159.0500030517578,4765500
2019-04-18,153.06793212890625,155.99000549316406,156.2100067138672,153.1699981689453,154.89999389648438,4391500
2019-04-22,155.78598022460938,158.75999450683594,159.13999938964844,155.27999877929688,155.4499969482422,2943300
2019-04-23,158.20974731445312,161.22999572753906,161.39999389648438,158.41000366210938,159.75999450683594,3418400
2019-04-24,156.57101440429688,159.55999755859375,162.49000549316406,159.39999389648438,161.8800048828125,3384900
2019-04-25,160.03488159179688,163.08999633789062,163.88999938964844,161.0,162.0,5498400
2019-04-26,162.85113525390625,165.9600067138672,166.05999755859375,161.27999877929688,162.4199981689453,3342900
2019-04-29,162.2623748779297,165.36000061035156,167.55999755859375,165.3300018310547,166.7100067138672,4509700
2019-04-30,162.25254821777344,165.35000610351562,166.44000244140625,163.6199951171875,165.19000244140625,3581800
2019-05-01,159.11248779296875,162.14999389648438,166.22000122070312,162.13999938964844,166.00999450683594,2707700
2019-05-02,158.7985076904297,161.8300018310547,162.6999969482422,159.6300048828125,161.69000244140625,3181100
2019-05-03,160.2802276611328,163.33999633789062,163.5,160.86000061035156,162.5800018310547,3131000
2019-05-06,159.45594787597656,162.5,162.83999633789062,157.86000061035156,158.6199951171875,2520600
2019-05-07,153.96083068847656,156.89999389648438,161.6699981689453,154.75,161.3300018310547,6541900
2019-05-08,153.92160034179688,156.86000061035156,157.92999267578125,155.0399932861328,157.11000061035156,4061300
2019-05-09,153.3819122314453,156.30999755859375,157.10000610351562,152.38999938964844,154.64999389648438,5809300
2019-05-10,156.9439239501953,159.94000244140625,160.61000061035156,154.3800048828125,156.27999877929688,4462200
2019-05-13,150.28111267089844,153.14999389648438,156.89999389648438,152.77999877929688,154.9199981689453,5694600
2019-05-14,155.1089630126953,158.07000732421875,158.58999633789062,152.9199981689453,155.0500030517578,4954000
2019-05-15,152.15528869628906,155.05999755859375,156.3800048828125,151.6999969482422,153.82000732421875,7783800
2019-05-16,155.51126098632812,158.47999572753906,159.4499969482422,155.89999389648438,156.75999450683594,5048100
2019-05-17,151.67449951171875,154.57000732421875,157.16000366210938,153.1699981689453,156.17999267578125,5314000
2019-05-20,153.05809020996094,155.97999572753906,156.08999633789062,151.6999969482422,152.47000122070312,5437600
2019-05-21,152.86183166503906,155.77999877929688,157.83999633789062,155.17999267578125,157.36000061035156,3803100
2019-05-22,154.68701171875,157.63999938964844,158.19000244140625,155.83999633789062,155.8699951171875,3170100
2019-05-23,150.8306121826172,153.7100067138672,156.33999633789062,152.14999389648438,156.02999877929688,4508200
2019-05-24,151.6156005859375,154.50999450683594,156.92999267578125,154.16000366210938,154.88999938964844,3151700
2019-05-28,152.28289794921875,155.19000244140625,157.80999755859375,154.38999938964844,155.35000610351562,4934100
2019-05-29,150.02598571777344,152.88999938964844,154.05999755859375,151.1999969482422,153.75999450683594,4359500
2019-05-30,152.74407958984375,155.66000366210938,155.8699951171875,153.89999389648438,154.32000732421875,4418100
2019-05-31,148.5736846923828,151.41000366210938,154.47999572753906,151.25999450683594,152.66000366210938,5326900
2019-06-03,142.38189697265625,145.10000610351562,150.6999969482422,143.38999938964844,150.6999969482422,8835200
2019-06-04,147.9849395751953,150.80999755859375,150.9199981689453,142.50999450683594,146.0500030517578,12375100
2019-06-05,155.47203063964844,158.44000244140625,158.5,154.5500030517578,157.14999389648438,12072400
2019-06-06,156.32571411132812,159.30999755859375,160.0,157.3300018310547,158.5,5601200
2019-06-07,158.24900817871094,161.27000427246094,162.99000549316406,159.5,159.83999633789062,7175300
2019-06-10,149.92782592773438,152.7899932861328,157.4499969482422,150.8300018310547,153.47999572753906,29856300
2019-06-11,147.33729553222656,150.14999389648438,155.7100067138672,148.7899932861328,155.30999755859375,15214300
2019-06-12,148.4461212158203,151.27999877929688,152.32000732421875,150.14999389648438,151.11000061035156,7161300
2019-06-13,148.50502014160156,151.33999633789062,152.24000549316406,150.25,152.16000366210938,5173800
2019-06-14,147.19992065429688,150.00999450683594,151.97999572753906,149.47999572753906,151.0399932861328,6248200
2019-06-17,147.47467041015625,150.2899932861328,151.27999877929688,149.8699951171875,150.1999969482422,4491800
2019-06-18,147.76905822753906,150.58999633789062,152.9499969482422,150.5,151.8800048828125,7317800
2019-06-19,151.2525634765625,154.13999938964844,154.47000122070312,150.50999450683594,151.69000244140625,8095300
2019-06-20,154.25523376464844,157.1999969482422,158.2899932861328,155.4199981689453,156.2899932861328,10153600
2019-06-21,153.9019775390625,156.83999633789062,157.7899932861328,155.94000244140625,156.6699981689453,9706900
2019-06-24,149.70216369628906,152.55999755859375,157.72999572753906,152.50999450683594,157.38999938964844,6378200
2019-06-25,146.54246520996094,149.33999633789062,152.97000122070312,148.58999633789062,152.8300018310547,7362500
2019-06-26,146.24807739257812,149.0399932861328,151.3800048828125,148.9199981689453,151.27999877929688,5844900
2019-06-27,147.8671875,150.69000244140625,150.75999450683594,148.47000122070312,149.88999938964844,6832800
2019-06-28,148.8876953125,151.72999572753906,151.77000427246094,149.60000610351562,150.4199981689453,6936600
2019-07-01,151.17404174804688,154.05999755859375,154.74000549316406,151.85000610351562,154.57000732421875,6476400
2019-07-02,151.23292541503906,154.1199951171875,154.36000061035156,152.5800018310547,154.2899932861328,4736300
2019-07-03,152.67535400390625,155.58999633789062,155.75,154.16000366210938,154.5399932861328,3885400
2019-07-05,151.68431091308594,154.5800018310547,154.80999755859375,152.57000732421875,153.9499969482422,3940900
2019-07-08,149.9474639892578,152.80999755859375,153.69000244140625,152.0399932861328,153.52000427246094,4717400
2019-07-09,151.0661163330078,153.9499969482422,154.19000244140625,151.67999267578125,152.0800018310547,4979100
2019-07-10,153.3426513671875,156.27000427246094,156.39999389648438,154.57000732421875,154.57000732421875,4966300
2019-07-11,155.9233856201172,158.89999389648438,159.3000030517578,156.6199951171875,156.82000732421875,7083200
2019-07-12,155.11875915527344,158.0800018310547,159.6199951171875,157.39999389648438,159.39999389648438,4348000
2019-07-15,156.6593475341797,159.64999389648438,159.83999633789062,157.47999572753906,158.75999450683594,3603700
2019-07-16,154.18653869628906,157.1300048828125,161.61000061035156,156.8000030517578,159.9600067138672,6913100
2019-07-17,155.27574157714844,158.24000549316406,159.9199981689453,157.66000366210938,157.67999267578125,4160500
2019-07-18,155.02061462402344,157.97999572753906,158.5800018310547,156.2100067138672,157.0,3724000
2019-07-19,153.8136444091797,156.75,160.74000549316406,156.2899932861328,159.72999572753906,5218800
2019-07-22,154.745849609375,157.6999969482422,159.0500030517578,157.14999389648438,157.64999389648438,2909500
2019-07-23,153.322998046875,156.25,158.4499969482422,155.27999877929688,157.97999572753906,4865800
2019-07-24,156.75746154785156,159.75,160.25,155.6999969482422,155.97999572753906,4110500
2019-07-25,156.36495971679688,159.35000610351562,161.1300048828125,158.6699981689453,160.1199951171875,6934500
2019-07-26,156.9733428955078,159.97000122070312,160.82000732421875,158.72999572753906,159.55999755859375,4979100
2019-07-29,153.2837677001953,156.2100067138672,161.1999969482422,155.52000427246094,160.39999389648438,8880500
2019-07-30,154.01974487304688,156.9600067138672,158.22000122070312,154.6199951171875,155.33999633789062,4241600
2019-07-31,151.60580444335938,154.5,157.88999938964844,152.3000030517578,157.38999938964844,7454200
2019-08-01,147.9849395751953,150.80999755859375,157.77999877929688,150.41000366210938,154.72999572753906,26124700
2019-08-02,142.97064208984375,145.6999969482422,149.89999389648438,145.30999755859375,149.8000030517578,13138900
2019-08-05,140.1446075439453,142.82000732421875,143.75,139.8000030517578,141.33999633789062,13070100
2019-08-06,140.12496948242188,142.8000030517578,144.9600067138672,141.9600067138672,143.7899932861328,6694000
2019-08-07,138.9866943359375,141.63999938964844,143.10000610351562,139.05999755859375,140.92999267578125,7635500
2019-08-08,141.12586975097656,143.82000732421875,144.9600067138672,142.32000732421875,143.52000427246094,8670300
2019-08-09,140.68429565429688,143.3699951171875,144.47000122070312,141.69000244140625,143.61000061035156,5286700
2019-08-12,138.08395385742188,140.72000122070312,141.97000122070312,140.0500030517578,141.5500030517578,4389500
2019-08-13,141.18472290039062,143.8800048828125,145.0,140.42999267578125,140.92999267578125,5205800
2019-08-14,137.10269165039062,139.72000122070312,142.36000061035156,137.8699951171875,141.2899932861328,8607800
2019-08-15,139.467529296875,142.1300048828125,143.3000030517578,139.75,141.10000610351562,6647700
2019-08-16,141.1945343017578,143.88999938964844,145.33999633789062,142.52000427246094,143.05999755859375,5341100
2019-08-19,140.97866821289062,143.6699981689453,146.13999938964844,142.8800048828125,145.60000610351562,4632100
2019-08-20,142.81365966796875,145.5399932861328,146.5,143.05999755859375,144.16000366210938,6259200
2019-08-21,144.6191864013672,147.3800048828125,148.38999938964844,146.16000366210938,146.89999389648438,6142400
2019-08-22,145.46307373046875,148.24000549316406,149.89999389648438,145.47000122070312,149.49000549316406,11744500
2019-08-23,148.73072814941406,151.57000732421875,158.4199981689453,150.64999389648438,157.6999969482422,26531900
2019-08-26,152.2338409423828,155.13999938964844,155.2100067138672,151.52000427246094,153.50999450683594,8975400
2019-08-27,150.6932373046875,153.57000732421875,155.89999389648438,152.52999877929688,154.25999450683594,6516500
2019-08-28,148.98585510253906,151.8300018310547,152.77999877929688,150.8699951171875,152.5,5326800
2019-08-29,153.009033203125,155.92999267578125,156.0,152.66000366210938,153.39999389648438,5979900
2019-08-30,153.1464080810547,156.07000732421875,158.22000122070312,153.6999969482422,156.4199981689453,7591000
2019-09-03,149.8689422607422,152.72999572753906,155.32000732421875,151.75999450683594,154.2100067138672,4953800
2019-09-04,149.60403442382812,152.4600067138672,154.9199981689453,152.32000732421875,154.08999633789062,3604500
2019-09-05,150.88949584960938,153.77000427246094,154.74000549316406,151.9499969482422,154.63999938964844,5065400
2019-09-06,148.24008178710938,151.07000732421875,154.0500030517578,150.77000427246094,153.97000122070312,4722300
2019-09-09,146.7387237548828,149.5399932861328,152.14999389648438,148.08999633789062,151.66000366210938,6265500
2019-09-10,146.84664916992188,149.64999389648438,151.66000366210938,147.74000549316406,148.77000427246094,6249700
2019-09-11,151.2034912109375,154.08999633789062,154.64999389648438,149.0399932861328,150.08999633789062,6242400
2019-09-12,151.8511199951172,154.75,156.8000030517578,154.41000366210938,155.0399932861328,4993500
2019-09-13,150.1142578125,152.97999572753906,154.91000366210938,152.74000549316406,154.32000732421875,3763500
2019-09-16,150.14369201660156,153.00999450683594,154.10000610351562,151.36000061035156,151.64999389648438,2592300
2019-09-17,149.95729064941406,152.82000732421875,153.4499969482422,151.72999572753906,153.0,3028500
2019-09-18,149.90821838378906,152.77000427246094,152.91000366210938,150.57000732421875,152.35000610351562,2951200
2019-09-19,150.72265625,153.60000610351562,154.25,152.77000427246094,153.52000427246094,2947000
2019-09-20,152.29270935058594,155.1999969482422,156.8800048828125,153.6199951171875,154.69000244140625,11733000
2019-09-23,151.7530059814453,154.64999389648438,155.1999969482422,152.9600067138672,154.14999389648438,3642200
2019-09-24,149.2017059326172,152.0500030517578,156.27000427246094,151.08999633789062,154.27999877929688,4120800
2019-09-25,150.1240997314453,152.99000549316406,153.2100067138672,148.89999389648438,152.0500030517578,3445000
2019-09-26,149.4862823486328,152.33999633789062,153.39999389648438,151.83999633789062,152.4199981689453,3837300
2019-09-27,145.4827117919922,148.25999450683594,153.14999389648438,146.75,153.1199951171875,5858200
2019-09-30,145.65936279296875,148.44000244140625,148.97000122070312,147.41000366210938,147.9499969482422,3671200
2019-10-01,144.9233856201172,147.69000244140625,150.16000366210938,147.25,149.49000549316406,3172900
2019-10-02,141.5183868408203,144.22000122070312,146.5,143.1999969482422,146.05999755859375,4432400
2019-10-03,144.2462921142578,147.0,147.05999755859375,142.0800018310547,144.0,3660900
2019-10-04,145.25698852539062,148.02999877929688,148.9199981689453,146.2100067138672,148.27999877929688,3259000
2019-10-07,146.01260375976562,148.8000030517578,149.3300018310547,147.0,147.27999877929688,2704700
2019-10-08,143.17672729492188,145.91000366210938,148.33999633789062,145.80999755859375,147.5399932861328,2613200
2019-10-09,144.29537963867188,147.0500030517578,147.85000610351562,146.61000061035156,147.27000427246094,2273000
2019-10-10,143.6673583984375,146.41000366210938,147.55999755859375,145.50999450683594,146.83999633789062,2687400
2019-10-11,146.57192993164062,149.3699951171875,150.7100067138672,148.08999633789062,148.13999938964844,4663900
2019-10-14,146.57192993164062,149.3699951171875,150.27999877929688,148.8000030517578,149.39999389648438,1556900
2019-10-15,149.8787841796875,152.74000549316406,152.97000122070312,149.6199951171875,149.66000366210938,3942600
2019-10-16,144.21685791015625,146.97000122070312,150.85000610351562,145.82000732421875,147.25999450683594,8988600
2019-10-17,143.43186950683594,146.1699981689453,148.0399932861328,145.50999450683594,147.5800018310547,5024400
2019-10-18,141.3908233642578,144.08999633789062,146.44000244140625,142.39999389648438,146.3000030517578,6080000
2019-10-21,141.84219360351562,144.5500030517578,145.19000244140625,143.0,144.10000610351562,3358000
2019-10-22,139.66380310058594,142.3300018310547,145.9600067138672,142.13999938964844,145.0500030517578,4460500
2019-10-23,142.41134643554688,145.1300048828125,145.57000732421875,141.49000549316406,142.11000061035156,4761400
2019-10-24,145.34530639648438,148.1199951171875,148.7899932861328,146.39999389648438,146.58999633789062,5280100
2019-10-25,147.6709442138672,150.49000549316406,150.66000366210938,146.3000030517578,147.0500030517578,4991400
2019-10-28,151.89035034179688,154.7899932861328,154.9199981689453,149.42999267578125,151.1999969482422,7576700
2019-10-29,152.18475341796875,155.08999633789062,156.1300048828125,154.4199981689453,154.77999877929688,5477300
2019-10-30,155.3149871826172,158.27999877929688,158.4199981689453,155.00999450683594,155.74000549316406,4724500
2019-10-31,153.5585479736328,156.49000549316406,158.27999877929688,155.2100067138672,156.55999755859375,4578300
2019-11-01,156.74765014648438,159.74000549316406,160.08999633789062,156.75,157.91000366210938,4771100
2019-11-04,154.6477813720703,157.60000610351562,161.25,156.69000244140625,160.94000244140625,5748100
2019-11-05,155.1874542236328,158.14999389648438,159.1199951171875,155.47000122070312,157.58999633789062,4015000
2019-11-06,155.9528350830078,158.92999267578125,160.0,157.75,158.94000244140625,4207400
2019-11-07,156.51217651367188,159.5,161.1300048828125,158.0800018310547,158.92999267578125,3802300
2019-11-08,158.09197998046875,161.11000061035156,161.2100067138672,158.91000366210938,159.25,3265300
2019-11-11,158.74945068359375,161.77999877929688,162.22999572753906,160.25,161.22000122070312,3541200
2019-11-12,159.80923461914062,162.86000061035156,164.3699951171875,161.58999633789062,162.0,3710600
2019-11-13,159.5540771484375,162.60000610351562,164.4199981689453,162.02000427246094,163.0500030517578,5389700
2019-11-14,159.99563598632812,163.0500030517578,163.5800018310547,162.38999938964844,163.02999877929688,3820700
2019-11-15,160.15264892578125,163.2100067138672,163.92999267578125,160.99000549316406,163.72000122070312,3693000
2019-11-18,159.7209014892578,162.77000427246094,164.0,161.88999938964844,164.0,5556700
2019-11-19,160.8885955810547,163.9600067138672,164.4499969482422,161.83999633789062,163.63999938964844,4952900
2019-11-20,161.12413024902344,164.1999969482422,166.33999633789062,162.25,163.44000244140625,8450300
2019-11-21,159.82884216308594,162.8800048828125,165.91000366210938,162.2100067138672,165.32000732421875,5724200
2019-11-22,159.76014709472656,162.80999755859375,163.49000549316406,161.3800048828125,162.97999572753906,3761900
2019-11-25,158.68077087402344,161.7100067138672,164.64999389648438,161.4499969482422,163.77999877929688,5509300
2019-11-26,159.49520874023438,162.5399932861328,162.61000061035156,161.30999755859375,161.55999755859375,5881400
2019-11-27,158.48448181152344,161.50999450683594,162.8300018310547,161.11000061035156,161.9199981689453,4012800
2019-11-29,159.83863830566406,162.88999938964844,163.41000366210938,161.32000732421875,161.61000061035156,2432500
2019-12-02,157.98403930664062,161.0,163.2100067138672,158.10000610351562,163.10000610351562,5117400
2019-12-03,158.54336547851562,161.57000732421875,161.85000610351562,156.19000244140625,156.9600067138672,6216400
2019-12-04,153.49964904785156,156.42999267578125,160.69000244140625,154.5,160.3800048828125,17803300
2019-12-05,155.256103515625,158.22000122070312,158.9199981689453,155.25,155.74000549316406,7126600
2019-12-06,155.050048828125,158.00999450683594,159.5,157.58999633789062,158.10000610351562,4751200
2019-12-09,154.5299835205078,157.47999572753906,158.89999389648438,157.05999755859375,157.3800048828125,3709000
2019-12-10,153.47021484375,156.39999389648438,157.6699981689453,156.1699981689453,157.00999450683594,4074700
2019-12-11,153.46041870117188,156.38999938964844,156.8800048828125,155.47999572753906,156.83999633789062,4867500
2019-12-12,155.61917114257812,158.58999633789062,158.99000549316406,155.30999755859375,155.77000427246094,5353900
2019-12-13,158.11160278320312,161.1300048828125,161.49000549316406,158.5500030517578,158.86000061035156,5742300
2019-12-16,158.9260711669922,161.9600067138672,162.74000549316406,160.82000732421875,160.85000610351562,5370000
2019-12-17,158.6022491455078,161.6300048828125,162.3699951171875,159.74000549316406,162.0,4789600
2019-12-18,158.45504760742188,161.47999572753906,163.27999877929688,161.47999572753906,161.8000030517578,4144800
2019-12-19,160.27041625976562,163.3300018310547,163.33999633789062,160.8300018310547,161.58999633789062,4185400
2019-12-20,161.46754455566406,164.5500030517578,165.1699981689453,163.6300048828125,164.72999572753906,8586700
2019-12-23,160.6727294921875,163.74000549316406,164.8699951171875,163.35000610351562,164.0399932861328,4368600
2019-12-24,160.19187927246094,163.25,163.83999633789062,162.8800048828125,163.30999755859375,1238000
2019-12-26,161.42831420898438,164.50999450683594,164.52999877929688,163.27000427246094,163.39999389648438,2155500
2019-12-27,161.88949584960938,164.97999572753906,165.4600067138672,163.89999389648438,164.86000061035156,3409900
2019-12-30,159.39707946777344,162.44000244140625,164.94000244140625,161.1999969482422,164.86000061035156,3197100
2019-12-31,159.59332275390625,162.63999938964844,163.25999450683594,161.8000030517578,162.0399932861328,3273500
2020-01-02,163.86184692382812,166.99000549316406,167.07000732421875,163.5800018310547,163.9199981689453,5189300
2020-01-03,163.0572052001953,166.1699981689453,166.77000427246094,165.0,165.05999755859375,3205400
2020-01-06,170.20083618164062,173.4499969482422,173.6699981689453,164.4499969482422,165.0,8836200
2020-01-07,172.7030487060547,176.0,176.8699951171875,172.08999633789062,173.22999572753906,8272700
2020-01-08,174.00816345214844,177.3300018310547,178.85000610351562,174.75,175.22999572753906,7225100
2020-01-09,176.23561096191406,179.60000610351562,179.89999389648438,177.2899932861328,178.83999633789062,5952900
2020-01-10,176.82437133789062,180.1999969482422,180.67999267578125,178.69000244140625,179.83999633789062,5111800
2020-01-13,180.406005859375,183.85000610351562,184.4499969482422,181.1300048828125,181.25999450683594,6202600
2020-01-14,178.7084197998047,182.1199951171875,183.85000610351562,182.0399932861328,183.5,4342300
2020-01-15,177.6682586669922,181.05999755859375,183.08999633789062,180.6199951171875,181.67999267578125,3886600
2020-01-16,179.26773071289062,182.69000244140625,183.11000061035156,180.9600067138672,182.22999572753906,3485300
2020-01-17,178.8163604736328,182.22999572753906,183.33999633789062,181.36000061035156,183.22999572753906,4577000
2020-01-21,181.79940795898438,185.27000427246094,186.0,181.5,181.50999450683594,6302400
2020-01-22,179.32662963867188,182.75,186.44000244140625,182.69000244140625,185.38999938964844,4781800
2020-01-23,180.5335693359375,183.97999572753906,184.3000030517578,181.3000030517578,183.2100067138672,4369000
2020-01-24,178.69862365722656,182.11000061035156,186.1300048828125,181.1300048828125,185.0,4653600
2020-01-27,177.32485961914062,180.7100067138672,181.72999572753906,177.3000030517578,178.77000427246094,4239400
2020-01-28,179.4247589111328,182.85000610351562,183.86000061035156,180.35000610351562,181.13999938964844,3445300
2020-01-29,178.364990234375,181.77000427246094,184.10000610351562,181.6199951171875,184.0,2785500
2020-01-30,182.19192504882812,185.6699981689453,185.94000244140625,180.5399932861328,180.89999389648438,3715700
2020-01-31,178.89486694335938,182.30999755859375,186.02999877929688,180.7899932861328,184.86000061035156,4193300
2020-02-03,181.9466094970703,185.4199981689453,185.8699951171875,181.85000610351562,183.25999450683594,4755200
2020-02-04,184.8118896484375,188.33999633789062,189.69000244140625,186.64999389648438,188.0,3983200
2020-02-05,182.01528930664062,185.49000549316406,190.5500030517578,182.86000061035156,190.39999389648438,6162700
2020-02-06,183.23207092285156,186.72999572753906,187.55999755859375,184.24000549316406,186.8300018310547,4102700
2020-02-07,182.24099731445312,185.72000122070312,188.64999389648438,185.64999389648438,186.85000610351562,3713100
2020-02-10,185.5773162841797,189.1199951171875,189.27000427246094,185.55999755859375,186.1699981689453,3873500
2020-02-11,185.56748962402344,189.11000061035156,192.60000610351562,188.64999389648438,191.47999572753906,4299200
2020-02-12,185.91091918945312,189.4600067138672,190.52000427246094,186.77000427246094,189.7100067138672,4535400
2020-02-13,185.1062774658203,188.63999938964844,191.0500030517578,188.4199981689453,188.5,3132100
2020-02-14,186.39173889160156,189.9499969482422,190.25,188.10000610351562,189.35000610351562,3599400
2020-02-18,187.5103759765625,191.08999633789062,191.5,188.9199981689453,190.9499969482422,4957000
2020-02-19,189.2570343017578,192.8699951171875,193.9199981689453,191.8000030517578,192.0,3903200
2020-02-20,189.73785400390625,193.36000061035156,195.72000122070312,189.77000427246094,194.0,5451200
2020-02-21,185.95016479492188,189.5,192.0399932861328,186.72000122070312,191.83999633789062,5242100
2020-02-24,182.4568634033203,185.94000244140625,187.14999389648438,178.7899932861328,178.7899932861328,8463300
2020-02-25,177.87435913085938,181.27000427246094,189.97999572753906,179.42999267578125,188.47000122070312,11361100
2020-02-26,175.51930236816406,178.8699951171875,182.6699981689453,174.25,176.5399932861328,13923100
2020-02-27,168.92518615722656,172.14999389648438,178.3300018310547,170.0500030517578,172.2100067138672,9927300
2020-02-28,167.20797729492188,170.39999389648438,171.77000427246094,163.1199951171875,164.99000549316406,12640800
2020-03-02,173.4488067626953,176.75999450683594,176.7899932861328,168.58999633789062,172.1999969482422,7761000
2020-03-03,166.197265625,169.3699951171875,178.4199981689453,167.08999633789062,178.41000366210938,8323500
2020-03-04,172.3988800048828,175.69000244140625,175.80999755859375,169.6300048828125,172.25,5846300
2020-03-05,166.42295837402344,169.60000610351562,173.75,168.10000610351562,172.57000732421875,5797500
2020-03-06,161.00637817382812,164.0800018310547,167.57000732421875,158.5399932861328,165.6699981689453,9757700
2020-03-09,148.37742614746094,151.2100067138672,157.7100067138672,150.63999938964844,151.6999969482422,9657100
2020-03-10,158.31768798828125,161.33999633789062,161.47000122070312,151.0,157.22999572753906,11443900
2020-03-11,151.67449951171875,154.57000732421875,159.6199951171875,150.14999389648438,157.67999267578125,10341300
2020-03-12,137.9563751220703,140.58999633789062,151.22999572753906,140.10000610351562,144.33999633789062,13213000
2020-03-13,145.0116729736328,147.77999877929688,149.5,135.32000732421875,149.47000122070312,13765400
2020-03-16,121.9715576171875,124.30000305175781,141.5500030517578,123.38999938964844,134.00999450683594,13845300
2020-03-17,132.8832244873047,135.4199981689453,138.00999450683594,122.91999816894531,127.0,12191500
2020-03-18,129.76278686523438,132.24000549316406,133.4199981689453,115.29000091552734,125.54000091552734,12988200
2020-03-19,136.84754943847656,139.4600067138672,144.0,128.86000061035156,131.58999633789062,10444000
2020-03-20,136.73963928222656,139.35000610351562,146.1999969482422,134.60000610351562,140.4199981689453,12450100
2020-03-23,137.88768005371094,140.52000427246094,143.72000122070312,134.08999633789062,138.75999450683594,11898300
2020-03-24,150.76193237304688,153.63999938964844,154.13999938964844,143.17999267578125,144.6300048828125,11834400
2020-03-25,144.30517578125,147.05999755859375,158.02000427246094,146.9600067138672,152.6699981689453,10639300
2020-03-26,151.8314971923828,154.72999572753906,155.0800018310547,147.72999572753906,148.3000030517578,8573100
2020-03-27,143.26502990722656,146.0,151.4499969482422,144.91000366210938,150.6300048828125,8273500
2020-03-30,147.0429229736328,149.85000610351562,153.0,146.55999755859375,147.72000122070312,7650400
2020-03-31,141.2828826904297,143.97999572753906,151.9499969482422,142.77999877929688,149.02999877929688,10429700
2020-04-01,131.5487060546875,134.05999755859375,139.05999755859375,133.10000610351562,138.32000732421875,8737600
2020-04-02,131.80384826660156,134.32000732421875,135.38999938964844,130.0399932861328,134.00999450683594,8150500
2020-04-03,131.7940216064453,134.30999755859375,136.19000244140625,131.66000366210938,134.4499969482422,6004400
2020-04-06,144.7860107421875,147.5500030517578,149.85000610351562,138.3000030517578,139.0,12296800
2020-04-07,142.35244750976562,145.07000732421875,150.8000030517578,144.50999450683594,150.3300018310547,7859500
2020-04-08,148.28912353515625,151.1199951171875,152.16000366210938,145.0,146.3000030517578,7665500
2020-04-09,151.65487670898438,154.5500030517578,156.10000610351562,151.67999267578125,152.38999938964844,7094600
2020-04-13,149.64329528808594,152.5,155.30999755859375,150.0,154.1199951171875,5138600
2020-04-14,154.75567626953125,157.7100067138672,158.7899932861328,155.14999389648438,155.7100067138672,7334300
2020-04-15,152.71463012695312,155.6300048828125,157.27000427246094,154.0,155.0800018310547,4042600
2020-04-16,154.11785888671875,157.05999755859375,158.0,154.25,157.0,4391500
2020-04-17,159.57371520996094,162.6199951171875,163.25999450683594,157.6300048828125,160.0,7312900
2020-04-20,159.7110595703125,162.75999450683594,164.30999755859375,160.52000427246094,160.75,4686000
2020-04-21,147.73965454101562,150.55999755859375,160.08999633789062,148.0,160.0,13737900
2020-04-22,151.2525634765625,154.13999938964844,155.6999969482422,150.6699981689453,154.0,6660900
2020-04-23,148.87789916992188,151.72000122070312,156.47000122070312,151.5,153.5,6281400
2020-04-24,151.09555053710938,153.97999572753906,154.5,151.3000030517578,153.58999633789062,6710500
2020-04-27,154.6772003173828,157.6300048828125,158.44000244140625,154.1999969482422,155.5399932861328,5036400
2020-04-28,151.56654357910156,154.4600067138672,160.80999755859375,154.17999267578125,159.5,4731800
2020-04-29,157.42471313476562,160.42999267578125,161.88999938964844,156.52000427246094,157.8800048828125,5256700
2020-04-30,158.91624450683594,161.9499969482422,165.3000030517578,160.00999450683594,161.6300048828125,6830700
2020-05-01,153.44076538085938,156.3699951171875,160.1699981689453,155.25999450683594,158.49000549316406,4276900
2020-05-04,158.44525146484375,161.47000122070312,162.02000427246094,155.0800018310547,155.5800018310547,5974200
2020-05-05,160.19187927246094,163.25,164.13999938964844,160.25,162.52999877929688,5264800
2020-05-06,160.60400390625,163.6699981689453,165.7100067138672,162.9199981689453,164.44000244140625,4112600
2020-05-07,166.7173614501953,169.89999389648438,171.27000427246094,166.02000427246094,166.5,6460900
2020-05-08,172.6049041748047,175.89999389648438,176.0800018310547,171.14999389648438,172.9499969482422,5403400
2020-05-11,179.24810791015625,182.6699981689453,183.3000030517578,174.16000366210938,175.55999755859375,8696000
2020-05-12,174.21421813964844,177.5399932861328,183.02000427246094,177.00999450683594,183.0,5904600
2020-05-13,166.46217346191406,169.63999938964844,175.2100067138672,166.27000427246094,175.1699981689453,12534900
2020-05-14,163.87164306640625,167.0,168.57000732421875,164.57000732421875,168.44000244140625,7442300
2020-05-15,168.12054443359375,171.3300018310547,171.72000122070312,166.17999267578125,167.27000427246094,5673800
2020-05-18,169.2686309814453,172.5,177.0,172.1300048828125,174.0,6398300
2020-05-19,172.74229431152344,176.0399932861328,178.1999969482422,172.75,172.75,5264000
2020-05-20,173.6156463623047,176.92999267578125,179.13999938964844,174.89999389648438,178.57000732421875,4951200
2020-05-21,171.9769287109375,175.25999450683594,178.2899932861328,174.92999267578125,176.92999267578125,4429700
2020-05-22,174.5183868408203,177.85000610351562,178.63999938964844,175.4499969482422,176.60000610351562,4965100
2020-05-26,173.21331787109375,176.52000427246094,182.0,176.22000122070312,182.0,8353600
2020-05-27,173.29185485839844,176.60000610351562,176.61000061035156,171.3699951171875,176.2899932861328,6340200
2020-05-28,177.70751953125,181.10000610351562,184.8000030517578,177.10000610351562,180.0,10275200
2020-05-29,171.51573181152344,174.7899932861328,175.0,170.69000244140625,174.3000030517578,19588900
2020-06-01,173.0563201904297,176.36000061035156,177.52000427246094,172.67999267578125,173.10000610351562,5711600
2020-06-02,170.9662322998047,174.22999572753906,174.89999389648438,171.22000122070312,174.85000610351562,8571800
2020-06-03,171.7119903564453,174.99000549316406,175.92999267578125,172.83999633789062,174.8300018310547,6004000
2020-06-04,168.22848510742188,171.44000244140625,175.42999267578125,170.0,175.0,7301600
2020-06-05,170.62277221679688,173.8800048828125,174.19000244140625,167.0,170.11000061035156,8232200
2020-06-08,173.2427520751953,176.5500030517578,176.57000732421875,172.66000366210938,173.6300048828125,4592600
2020-06-09,171.2900390625,174.55999755859375,176.0,173.52999877929688,176.0,4025600
2020-06-10,178.6887969970703,182.10000610351562,182.5,176.0500030517578,176.25,8127200
2020-06-11,168.82705688476562,172.0500030517578,178.42999267578125,172.0,176.63999938964844,6521200
2020-06-12,171.82972717285156,175.11000061035156,177.69000244140625,171.86000061035156,175.89999389648438,5443800
2020-06-15,175.26419067382812,178.61000061035156,178.89999389648438,171.27000427246094,172.0,6000000
2020-06-16,177.09912109375,180.47999572753906,182.5,178.00999450683594,180.00999450683594,5824100
2020-06-17,178.00189208984375,181.39999389648438,182.75,180.67999267578125,180.97000122070312,5038600
2020-06-18,184.1446533203125,187.66000366210938,189.0,181.6199951171875,181.91000366210938,8677800
2020-06-19,183.4479217529297,186.9499969482422,191.25,185.49000549316406,189.5,11841000
2020-06-22,188.0598602294922,191.64999389648438,192.5,187.0,187.02999877929688,6252200
2020-06-23,185.51841735839844,189.05999755859375,194.08999633789062,188.58999633789062,192.0,6950800
2020-06-24,182.07418823242188,185.5500030517578,189.3000030517578,184.0399932861328,187.50999450683594,4903100
2020-06-25,184.8118896484375,188.33999633789062,188.77000427246094,184.44000244140625,186.13999938964844,4022400
2020-06-26,179.73875427246094,183.1699981689453,188.22000122070312,183.02000427246094,188.0,7595700
2020-06-29,179.89576721191406,183.3300018310547,183.7100067138672,180.0,183.32000732421875,3972100
2020-06-30,183.82081604003906,187.3300018310547,187.88999938964844,183.1300048828125,183.4499969482422,4478900
2020-07-01,188.29541015625,191.88999938964844,192.82000732421875,187.4600067138672,188.10000610351562,4754600
2020-07-02,188.9234161376953,192.52999877929688,195.38999938964844,192.2899932861328,193.16000366210938,4200300
2020-07-06,194.0161590576172,197.72000122070312,199.4499969482422,193.83999633789062,194.44000244140625,5794200
2020-07-07,192.70130920410156,196.3800048828125,200.22000122070312,196.2100067138672,197.66000366210938,5431500
2020-07-08,196.52822875976562,200.27999877929688,201.1999969482422,197.35000610351562,198.0,4233700
2020-07-09,196.97962951660156,200.74000549316406,202.82000732421875,195.63999938964844,202.02000427246094,6062800
2020-07-10,195.1544647216797,198.8800048828125,200.72999572753906,197.0800018310547,200.05999755859375,3783200
2020-07-13,184.8118896484375,188.33999633789062,200.25999450683594,188.02999877929688,200.0,5555400
2020-07-14,186.00904846191406,189.55999755859375,189.9600067138672,183.3000030517578,185.99000549316406,5854700
2020-07-15,184.5666046142578,188.08999633789062,192.10000610351562,186.75,191.02999877929688,7681800
2020-07-16,182.03489685058594,185.50999450683594,186.86000061035156,181.92999267578125,186.4199981689453,7350000
2020-07-17,184.26239013671875,187.77999877929688,188.39999389648438,183.36000061035156,187.13999938964844,4324300
2020-07-20,191.43544006347656,195.08999633789062,195.30999755859375,187.27000427246094,187.89999389648438,5729000
2020-07-21,187.225830078125,190.8000030517578,196.5,189.47999572753906,196.0,5376800
2020-07-22,187.72625732421875,191.30999755859375,191.8699951171875,188.8699951171875,190.77999877929688,2833000
2020-07-23,185.00816345214844,188.5399932861328,194.57000732421875,187.50999450683594,191.47999572753906,3639500
2020-07-24,184.95907592773438,188.49000549316406,188.94000244140625,184.3800048828125,186.05999755859375,3908400
2020-07-27,187.38282775878906,190.9600067138672,191.55999755859375,188.64999389648438,189.89999389648438,3015700
2020-07-28,185.95016479492188,189.5,192.97000122070312,189.0500030517578,191.0,3114200
2020-07-29,189.9832000732422,193.61000061035156,194.55999755859375,189.75,190.14999389648438,3747800
2020-07-30,188.10894775390625,191.6999969482422,191.9199981689453,187.3699951171875,190.08999633789062,3587400
2020-07-31,191.199951171875,194.85000610351562,194.99000549316406,190.6699981689453,193.0,3734000
2020-08-03,199.38372802734375,203.19000244140625,204.7899932861328,196.57000732421875,197.8000030517578,6557500
2020-08-04,197.63706970214844,201.41000366210938,203.38999938964844,198.89999389648438,203.0,4480300
2020-08-05,198.84405517578125,202.63999938964844,203.89999389648438,201.5800018310547,202.8000030517578,3559100
2020-08-06,203.8975372314453,207.7899932861328,209.9499969482422,202.39999389648438,202.97000122070312,5113300
2020-08-07,197.2838134765625,201.0500030517578,206.94000244140625,198.5800018310547,206.6199951171875,5423400
2020-08-10,193.4666748046875,197.16000366210938,201.47999572753906,195.72000122070312,200.39999389648438,5528200
2020-08-11,188.39353942871094,191.99000549316406,195.83999633789062,191.72000122070312,193.6199951171875,5015400
2020-08-12,189.01171875,192.6199951171875,195.4199981689453,192.1199951171875,193.0,3980300
2020-08-13,191.48451232910156,195.13999938964844,198.07000732421875,193.22999572753906,193.32000732421875,4711600
2020-08-14,189.8359832763672,193.4600067138672,195.47999572753906,192.52000427246094,195.22000122070312,2833000
2020-08-17,193.05455017089844,196.74000549316406,197.07000732421875,194.4199981689453,195.33999633789062,3574500
2020-08-18,200.18836975097656,204.00999450683594,204.8000030517578,199.0,199.3300018310547,7284800
2020-08-19,201.26773071289062,205.11000061035156,207.10000610351562,200.02999877929688,204.0,7080700
2020-08-20,205.58531188964844,209.50999450683594,210.11000061035156,203.50999450683594,203.85000610351562,5175100
2020-08-21,203.64244079589844,207.52999877929688,210.0,206.25,209.94000244140625,5727800
2020-08-24,204.55502319335938,208.4600067138672,209.2899932861328,205.14999389648438,208.8800048828125,5699000
2020-08-25,212.00283813476562,216.0500030517578,218.35000610351562,210.8000030517578,213.22000122070312,27096500
2020-08-26,267.21875,272.32000732421875,277.9700012207031,249.47000122070312,251.9600067138672,63253400
2020-08-27,271.1438293457031,276.32000732421875,278.2799987792969,260.8399963378906,267.0,22817100
2020-08-28,266.0216064453125,271.1000061035156,275.75,267.3999938964844,271.2799987792969,28068000
2020-08-31,267.5425720214844,272.6499938964844,274.7099914550781,265.9100036621094,270.0,16010100
2020-09-01,275.98150634765625,281.25,281.92999267578125,270.5799865722656,271.0,13293600
2020-09-02,271.5068359375,276.69000244140625,284.5,268.57000732421875,283.4700012207031,12963800
2020-09-03,260.0456848144531,265.010009765625,271.75,257.4100036621094,270.5799865722656,14000600
2020-09-04,249.9287872314453,254.6999969482422,265.6700134277344,243.1999969482422,262.9800109863281,14374300
2020-09-08,236.75039672851562,241.27000427246094,253.67999267578125,240.13999938964844,240.57000732421875,15229600
2020-09-09,245.73876953125,250.42999267578125,253.4499969482422,242.9600067138672,246.39999389648438,9988600
2020-09-10,243.15805053710938,247.8000030517578,256.510009765625,246.97000122070312,254.80999755859375,5945000
2020-09-11,238.5460968017578,243.10000610351562,251.3000030517578,239.4499969482422,250.72000122070312,5455200
2020-09-14,242.019775390625,246.63999938964844,248.8699951171875,244.0399932861328,246.30999755859375,4255200
2020-09-15,246.96539306640625,251.67999267578125,251.94000244140625,248.50999450683594,251.3699951171875,4133600
2020-09-16,245.90560913085938,250.60000610351562,255.42999267578125,250.22999572753906,254.6699981689453,5441200
2020-09-17,239.94932556152344,244.52999877929688,248.82000732421875,241.30999755859375,246.1199951171875,5279500
2020-09-18,238.23211669921875,242.77999877929688,248.11000061035156,238.7100067138672,245.1300048828125,6595600
2020-09-21,240.4595947265625,245.0500030517578,245.1300048828125,236.8000030517578,238.97000122070312,5561600
2020-09-22,243.13839721679688,247.77999877929688,248.57000732421875,241.25999450683594,246.74000549316406,3600800
2020-09-23,231.56930541992188,235.99000549316406,248.77000427246094,235.35000610351562,248.49000549316406,7507900
2020-09-24,233.10006713867188,237.5500030517578,239.9600067138672,233.6300048828125,235.83999633789062,4166800
2020-09-25,238.19288635253906,242.74000549316406,243.9499969482422,235.0500030517578,237.38999938964844,5117800
2020-09-28,242.04922485351562,246.6699981689453,248.5800018310547,242.2100067138672,247.55999755859375,4088300
2020-09-29,242.81463623046875,247.4499969482422,247.89999389648438,244.5,245.25999450683594,3983700
2020-09-30,246.61212158203125,251.32000732421875,255.41000366210938,246.22000122070312,246.64999389648438,8188500
2020-10-01,248.7022247314453,253.4499969482422,254.6699981689453,250.80999755859375,253.17999267578125,4318000
2020-10-02,243.20712280273438,247.85000610351562,254.9499969482422,247.2100067138672,249.75,4494500
2020-10-05,246.81820678710938,251.52999877929688,253.27999877929688,249.0,250.0,3403500
2020-10-06,245.45423889160156,250.13999938964844,257.2900085449219,249.0,252.72999572753906,4448100
2020-10-07,255.1099395751953,259.9800109863281,260.739990234375,252.1999969482422,252.1999969482422,4963200
2020-10-08,255.34544372558594,260.2200012207031,264.6199951171875,257.0799865722656,264.20001220703125,4150400
2020-10-09,260.9974365234375,265.9800109863281,266.04998779296875,261.5,262.8999938964844,4225000
2020-10-12,262.06707763671875,267.07000732421875,270.0,265.2900085449219,270.0,4317000
2020-10-13,261.8315734863281,266.8299865722656,268.7900085449219,264.2300109863281,266.4200134277344,3713200
2020-10-14,256.9252014160156,261.8299865722656,270.1600036621094,258.75,270.0,5129500
2020-10-15,252.89224243164062,257.7200012207031,260.5199890136719,254.02000427246094,258.1099853515625,5256800
2020-10-16,253.7067413330078,258.54998779296875,262.5199890136719,258.489990234375,259.239990234375,3092300
2020-10-19,250.23300170898438,255.00999450683594,261.4800109863281,254.5,259.760009765625,3242300
2020-10-20,251.1750030517578,255.97000122070312,259.17999267578125,254.0500030517578,256.1199951171875,2989300
2020-10-21,249.46759033203125,254.22999572753906,258.30999755859375,251.85000610351562,256.45001220703125,2794000
2020-10-22,244.99301147460938,249.6699981689453,255.22000122070312,246.1300048828125,253.88999938964844,3685700
2020-10-23,245.82711791992188,250.52000427246094,250.57000732421875,246.80999755859375,250.10000610351562,3159600
2020-10-26,237.4470672607422,241.97999572753906,248.11000061035156,237.3800048828125,245.3000030517578,5864100
2020-10-27,245.6112518310547,250.3000030517578,251.75,245.77000427246094,248.0,4285600
2020-10-28,233.9635772705078,238.42999267578125,245.4499969482422,238.00999450683594,244.60000610351562,4425400
2020-10-29,232.69773864746094,237.13999938964844,242.52000427246094,237.1300048828125,242.52000427246094,4589000
2020-10-30,227.91896057128906,232.27000427246094,237.75,228.66000366210938,235.82000732421875,5741200
2020-11-02,228.09561157226562,232.4499969482422,238.5,228.99000549316406,235.1199951171875,3953400
2020-11-03,232.6879425048828,237.1300048828125,240.94000244140625,233.27999877929688,235.10000610351562,4151400
2020-11-04,246.04299926757812,250.74000549316406,252.8800048828125,243.24000549316406,246.02000427246094,6505400
2020-11-05,255.34544372558594,260.2200012207031,260.9200134277344,255.44000244140625,258.1099853515625,8961700
2020-11-06,255.27674865722656,260.1499938964844,261.75,254.49000549316406,260.0,3798600
2020-11-09,254.42300415039062,259.2799987792969,270.9200134277344,257.25,260.95001220703125,8777500
2020-11-10,243.02066040039062,247.66000366210938,259.0,242.89999389648438,258.05999755859375,6863200
2020-11-11,249.41854858398438,254.17999267578125,256.739990234375,251.2100067138672,253.50999450683594,4163400
2020-11-12,244.7477264404297,249.4199981689453,254.97000122070312,246.36000061035156,247.39999389648438,5607000
2020-11-13,244.83602905273438,249.50999450683594,253.7899932861328,247.55999755859375,252.83999633789062,5160000
2020-11-16,245.20889282226562,249.88999938964844,253.49000549316406,248.17999267578125,249.52000427246094,5712600
2020-11-17,251.3712921142578,256.1700134277344,258.2699890136719,250.4600067138672,253.74000549316406,5090700
2020-11-18,252.3426971435547,257.1600036621094,262.6600036621094,255.85000610351562,256.3999938964844,5880500
2020-11-19,259.69244384765625,264.6499938964844,267.0899963378906,255.66000366210938,256.8399963378906,8084600
2020-11-20,253.20626831054688,258.0400085449219,265.0199890136719,257.82000732421875,263.5899963378906,7286100
2020-11-23,252.81370544433594,257.6400146484375,261.739990234375,254.61000061035156,261.2300109863281,5383600
2020-11-24,255.9537353515625,260.8399963378906,262.30999755859375,257.82000732421875,260.0,5797300
2020-11-25,242.1964569091797,246.82000732421875,266.1000061035156,245.0500030517578,263.7300109863281,26394900
2020-11-27,242.99124145507812,247.6300048828125,251.83999633789062,247.02999877929688,251.0,7395000
2020-11-30,241.19554138183594,245.8000030517578,247.6300048828125,236.07000732421875,245.47999572753906,18966400
2020-12-01,236.82888793945312,241.35000610351562,246.6999969482422,238.6999969482422,245.0,18872000
2020-12-02,216.6442108154297,220.77999877929688,226.0,215.6300048828125,225.47999572753906,52225500
2020-12-03,216.8306427001953,220.97000122070312,226.11000061035156,220.1300048828125,226.11000061035156,21395300
2020-12-04,221.6290283203125,225.86000061035156,228.60000610351562,221.82000732421875,223.82000732421875,20504800
2020-12-07,223.43458557128906,227.6999969482422,229.8699951171875,226.25,228.11000061035156,12864100
2020-12-08,223.5915985107422,227.86000061035156,229.5,225.66000366210938,228.64999389648438,12116800
2020-12-09,216.4381561279297,220.57000732421875,228.83999633789062,220.07000732421875,228.0500030517578,15651800
2020-12-10,218.74411010742188,222.9199981689453,224.30999755859375,220.16000366210938,220.57000732421875,9258600
2020-12-11,218.25347900390625,222.4199981689453,222.74000549316406,219.97999572753906,221.9199981689453,8214400
2020-12-14,217.12506103515625,221.27000427246094,223.47000122070312,220.4499969482422,223.08999633789062,8508500
2020-12-15,216.02601623535156,220.14999389648438,222.13999938964844,218.1999969482422,222.07000732421875,10766800
2020-12-16,219.43101501464844,223.6199951171875,224.0,220.25,221.47999572753906,8821400
2020-12-17,221.68792724609375,225.9199981689453,226.72999572753906,224.5,224.89999389648438,9946900
2020-12-18,223.1696319580078,227.42999267578125,227.82000732421875,224.39999389648438,227.02000427246094,11845400
2020-12-21,222.22763061523438,226.47000122070312,227.44000244140625,224.7100067138672,224.89999389648438,9219000
2020-12-22,226.83958435058594,231.1699981689453,231.8699951171875,226.60000610351562,227.0,10339600
2020-12-23,223.1696319580078,227.42999267578125,233.17999267578125,227.11000061035156,232.5,7090500
2020-12-24,221.55056762695312,225.77999877929688,229.19000244140625,224.8300018310547,228.3000030517578,6146300
2020-12-28,220.43191528320312,224.63999938964844,227.83999633789062,222.0500030517578,227.22000122070312,6422500
2020-12-29,218.29273986816406,222.4600067138672,225.3000030517578,220.86000061035156,224.97000122070312,6122400
2020-12-30,218.2338409423828,222.39999389648438,223.63999938964844,221.5800018310547,223.1300048828125,4724000
2020-12-31,218.36143493652344,222.52999877929688,222.7899932861328,220.1699981689453,222.27000427246094,6011100
2021-01-04,216.18299865722656,220.30999755859375,223.75,215.72000122070312,222.63999938964844,10319900
2021-01-05,217.37034606933594,221.52000427246094,223.0,217.99000549316406,219.49000549316406,8657200
2021-01-06,212.10093688964844,216.14999389648438,220.4600067138672,215.77999877929688,218.0,9789800
2021-01-07,213.89666748046875,217.97999572753906,220.66000366210938,216.5,217.02999877929688,8443100
2021-01-08,217.88058471679688,222.0399932861328,222.32000732421875,219.22000122070312,220.0,7301700
2021-01-11,214.16159057617188,218.25,220.5800018310547,216.22999572753906,219.6300048828125,7199000
2021-01-12,211.48277282714844,215.52000427246094,218.3000030517578,214.08999633789062,218.0,10736000
2021-01-13,214.0928955078125,218.17999267578125,218.89999389648438,215.52999877929688,217.0,6839200
2021-01-14,211.56126403808594,215.60000610351562,219.5,215.5500030517578,218.22999572753906,6548000
2021-01-15,209.1473388671875,213.13999938964844,217.8699951171875,212.99000549316406,216.1699981689453,8525600
2021-01-19,212.6995086669922,216.75999450683594,217.27999877929688,213.6999969482422,215.35000610351562,7753800
2021-01-20,219.25440979003906,223.44000244140625,224.63999938964844,219.97000122070312,221.99000549316406,9857700
2021-01-21,218.00816345214844,222.1699981689453,224.74000549316406,220.82000732421875,223.69000244140625,6785900
2021-01-22,221.540771484375,225.77000427246094,227.7899932861328,223.75,224.89999389648438,10186100
2021-01-25,221.68792724609375,225.9199981689453,230.3000030517578,221.32000732421875,229.69000244140625,8213500
2021-01-26,222.0215606689453,226.25999450683594,227.91000366210938,224.5399932861328,227.8000030517578,5021000
2021-01-27,220.5692596435547,224.77999877929688,227.80999755859375,221.5800018310547,223.6999969482422,7641100
2021-01-28,222.257080078125,226.5,229.60000610351562,225.0,225.0,7246000
2021-01-29,221.33465576171875,225.55999755859375,228.7899932861328,223.02000427246094,224.66000366210938,6473000
2021-02-01,224.18035888671875,228.4600067138672,229.89999389648438,224.75,227.2100067138672,5696700
2021-02-02,229.8128204345703,234.1999969482422,235.9499969482422,231.3800048828125,231.47000122070312,7134900
2021-02-03,230.4211883544922,234.82000732421875,236.0,232.25999450683594,235.0,5357600
2021-02-04,233.52200317382812,237.97999572753906,238.22999572753906,235.47000122070312,235.52000427246094,4770700
2021-02-05,234.41497802734375,238.88999938964844,239.36000061035156,236.41000366210938,239.14999389648438,5020000
2021-02-08,234.45420837402344,238.92999267578125,241.11000061035156,237.1300048828125,239.50999450683594,4336400
2021-02-09,232.2659912109375,236.6999969482422,240.0800018310547,236.24000549316406,239.55999755859375,5157200
2021-02-10,232.28561401367188,236.72000122070312,238.22000122070312,233.9600067138672,237.4499969482422,5535600
2021-02-11,236.720947265625,241.24000549316406,242.88999938964844,238.5800018310547,238.92999267578125,6091600
2021-02-12,235.8672332763672,240.3699951171875,241.55999755859375,238.91000366210938,240.9499969482422,4314400
2021-02-16,243.93325805664062,248.58999633789062,251.22999572753906,243.8000030517578,245.0,10837600
2021-02-17,243.02066040039062,247.66000366210938,249.5,245.5,248.58999633789062,5879200
2021-02-18,242.3828887939453,247.00999450683594,248.00999450683594,242.57000732421875,245.97000122070312,4152800
2021-02-19,241.94129943847656,246.55999755859375,249.38999938964844,245.97999572753906,248.0,4647700
2021-02-22,236.43637084960938,240.9499969482422,244.52000427246094,240.3800048828125,244.25999450683594,5055000
2021-02-23,231.225830078125,235.63999938964844,238.9600067138672,229.00999450683594,235.25999450683594,8641600
2021-02-24,235.96539306640625,240.47000122070312,241.5,231.50999450683594,235.52999877929688,6128300
2021-02-25,226.7512664794922,231.0800018310547,240.35000610351562,229.77000427246094,238.52999877929688,8828900
2021-02-26,212.44436645507812,216.5,230.5,216.33999633789062,229.38999938964844,20372900
2021-03-01,213.4648895263672,217.5399932861328,220.1999969482422,215.02999877929688,219.89999389648438,14027700
2021-03-02,209.47116088867188,213.47000122070312,218.60000610351562,213.33999633789062,218.39999389648438,10211500
2021-03-03,202.14109802246094,206.0,213.32000732421875,205.39999389648438,212.8300018310547,11459000
2021-03-04,201.48362731933594,205.3300018310547,209.08999633789062,201.50999450683594,206.83999633789062,12800500
2021-03-05,206.81192016601562,210.75999450683594,212.35000610351562,203.22000122070312,210.00999450683594,11406000
2021-03-08,203.828857421875,207.72000122070312,214.89999389648438,207.57000732421875,213.6199951171875,9576400
2021-03-09,207.56747436523438,211.52999877929688,215.7899932861328,211.1699981689453,212.17999267578125,9732200
2021-03-10,207.98947143554688,211.9600067138672,216.14999389648438,211.77000427246094,214.72000122070312,7186400
2021-03-11,211.90467834472656,215.9499969482422,218.1699981689453,214.35000610351562,215.0,6431000
2021-03-12,208.23475646972656,212.2100067138672,213.85000610351562,209.3000030517578,213.4499969482422,6114600
2021-03-15,208.81369018554688,212.8000030517578,212.94000244140625,209.5,211.85000610351562,5733700
2021-03-16,210.46221923828125,214.47999572753906,216.69000244140625,213.47999572753906,214.83999633789062,5311000
2021-03-17,209.1277313232422,213.1199951171875,214.80999755859375,210.86000061035156,213.52000427246094,5805100
2021-03-18,205.55587768554688,209.47999572753906,211.3800048828125,208.39999389648438,210.6999969482422,5580100
2021-03-19,208.22494506835938,212.1999969482422,212.75,209.07000732421875,209.80999755859375,7088400
2021-03-22,211.13931274414062,215.1699981689453,216.97999572753906,211.3699951171875,211.47999572753906,5002500
2021-03-23,210.97247314453125,215.0,217.42999267578125,214.3300018310547,214.75999450683594,4578000
2021-03-24,205.6049346923828,209.52999877929688,215.27999877929688,209.41000366210938,215.1300048828125,4617700
2021-03-25,201.59158325195312,205.44000244140625,208.1699981689453,204.3699951171875,206.1699981689453,7977200
2021-03-26,205.17320251464844,209.08999633789062,209.41000366210938,204.77000427246094,205.63999938964844,7333200
2021-03-29,206.82174682617188,210.77000427246094,211.64999389648438,205.99000549316406,209.00999450683594,5686900
2021-03-30,206.066162109375,210.0,211.2899932861328,207.36000061035156,208.63999938964844,4717900
2021-03-31,207.90110778808594,211.8699951171875,213.6699981689453,210.11000061035156,210.44000244140625,6838000
2021-04-01,214.622802734375,218.72000122070312,218.92999267578125,213.3699951171875,213.60000610351562,7763500
2021-04-05,216.1633758544922,220.2899932861328,221.83999633789062,218.92999267578125,219.61000061035156,5553200
2021-04-06,216.9484100341797,221.08999633789062,221.5500030517578,218.25,219.82000732421875,5448500
2021-04-07,216.65403747558594,220.7899932861328,222.67999267578125,219.38999938964844,221.9600067138672,4403400
2021-04-08,220.2454833984375,224.4499969482422,225.7100067138672,222.4499969482422,223.0,6169100
2021-04-09,226.94754028320312,231.27999877929688,231.30999755859375,223.6300048828125,224.3300018310547,7319300
2021-04-12,224.4747314453125,228.75999450683594,229.85000610351562,227.14999389648438,229.52000427246094,6205700
2021-04-13,227.65403747558594,232.0,233.49000549316406,228.5,229.0,5397100
2021-04-14,223.7486114501953,228.02000427246094,233.13999938964844,227.66000366210938,232.85000610351562,4617600
2021-04-15,228.6352996826172,233.0,233.0800018310547,229.5,229.8699951171875,5073900
2021-04-16,227.5657196044922,231.91000366210938,234.0,229.88999938964844,234.0,5088700
2021-04-19,226.18214416503906,230.5,232.1999969482422,228.8699951171875,230.8300018310547,4257700
2021-04-20,223.68971252441406,227.9600067138672,231.4499969482422,226.88999938964844,230.0,4081200
2021-04-21,226.24098205566406,230.55999755859375,230.7899932861328,226.6699981689453,227.11000061035156,4024000
2021-04-22,227.01620483398438,231.35000610351562,233.88999938964844,229.00999450683594,230.0,4975400
2021-04-23,229.1357421875,233.50999450683594,235.49000549316406,231.75,232.94000244140625,5447100
2021-04-26,231.04925537109375,235.4600067138672,235.8000030517578,232.4199981689453,234.0399932861328,3459600
2021-04-27,229.8226318359375,234.2100067138672,235.89999389648438,231.91000366210938,235.4600067138672,3445200
2021-04-28,232.44261169433594,236.8800048828125,238.3300018310547,233.52999877929688,235.0,4274500
2021-04-29,229.96981811523438,234.36000061035156,237.6699981689453,232.1699981689453,237.32000732421875,4140800
2021-04-30,226.00550842285156,230.32000732421875,234.5,229.52000427246094,232.8000030517578,5024800
2021-05-03,219.56838989257812,223.75999450683594,231.4600067138672,223.07000732421875,230.77000427246094,5835700
2021-05-04,213.11166381835938,217.17999267578125,222.0,214.36000061035156,221.6699981689453,6727500
2021-05-05,211.36500549316406,215.39999389648438,219.57000732421875,214.83999633789062,218.82000732421875,4205800
2021-05-06,213.96536254882812,218.0500030517578,218.27999877929688,213.5,215.80999755859375,5200000
2021-05-07,212.44436645507812,216.5,221.25,215.08999633789062,220.50999450683594,5774700
2021-05-10,209.88327026367188,213.88999938964844,215.9600067138672,213.22999572753906,215.5,5263700
2021-05-11,211.52198791503906,215.55999755859375,216.57000732421875,208.91000366210938,209.0,6097900
2021-05-12,206.59603881835938,210.5399932861328,213.3699951171875,209.0,213.33999633789062,5482500
2021-05-13,207.89129638671875,211.86000061035156,215.63999938964844,210.47000122070312,212.97000122070312,5337000
2021-05-14,213.5826416015625,217.66000366210938,218.27000427246094,214.14999389648438,214.19000244140625,4429000
2021-05-17,211.03135681152344,215.05999755859375,217.72000122070312,212.82000732421875,216.58999633789062,3816100
2021-05-18,210.31503295898438,214.3300018310547,217.35000610351562,213.7899932861328,215.44000244140625,3540600
2021-05-19,217.1937255859375,221.33999633789062,221.60000610351562,214.50999450683594,215.85000610351562,8092100
2021-05-20,219.5880126953125,223.77999877929688,226.8300018310547,222.36000061035156,222.97999572753906,6705500
2021-05-21,218.41050720214844,222.5800018310547,225.77999877929688,222.44000244140625,225.2100067138672,4913600
2021-05-24,222.73789978027344,226.99000549316406,227.60000610351562,224.2100067138672,225.0,5288300
2021-05-25,223.44439697265625,227.7100067138672,229.72000122070312,226.27999877929688,228.0,6256300
2021-05-26,225.37750244140625,229.67999267578125,230.24000549316406,228.2899932861328,228.47999572753906,5807100
2021-05-27,221.599609375,225.8300018310547,229.52000427246094,225.38999938964844,229.52000427246094,15344100
2021-05-28,233.6397705078125,238.10000610351562,243.5,237.8300018310547,239.22000122070312,17810800
2021-06-01,231.77536010742188,236.1999969482422,238.39999389648438,232.4600067138672,238.0,8103900
2021-06-02,230.2249755859375,234.6199951171875,238.2899932861328,233.89999389648438,234.39999389648438,5543900
2021-06-03,226.51576232910156,230.83999633789062,233.17999267578125,229.42999267578125,232.88999938964844,5109000
2021-06-04,233.0313720703125,237.47999572753906,237.88999938964844,231.52000427246094,231.6300048828125,6177600
2021-06-07,233.67901611328125,238.13999938964844,239.47000122070312,235.83999633789062,236.60000610351562,3510800
2021-06-08,231.99122619628906,236.4199981689453,241.7899932861328,235.6699981689453,238.8000030517578,5827300
2021-06-09,231.6674041748047,236.08999633789062,238.8699951171875,235.50999450683594,238.8699951171875,3350900
2021-06-10,235.69061279296875,240.19000244140625,240.2899932861328,235.14999389648438,236.0,4659500
2021-06-11,235.80836486816406,240.30999755859375,240.3699951171875,238.41000366210938,239.02999877929688,4624200
2021-06-14,241.6468963623047,246.25999450683594,246.63999938964844,240.47999572753906,240.6999969482422,6764700
2021-06-15,238.03582763671875,242.5800018310547,245.36000061035156,242.00999450683594,245.2100067138672,5135300
2021-06-16,237.84939575195312,242.38999938964844,245.00999450683594,239.47999572753906,242.0,5099300
2021-06-17,239.85118103027344,244.42999267578125,247.17999267578125,241.1999969482422,242.0,5170200
2021-06-18,238.23211669921875,242.77999877929688,246.00999450683594,241.05999755859375,241.85000610351562,7822200
2021-06-21,239.90025329589844,244.47999572753906,244.72000122070312,238.88999938964844,243.4499969482422,5895100
2021-06-22,238.55589294433594,243.11000061035156,244.72000122070312,240.88999938964844,243.8000030517578,4457200
2021-06-23,237.3096923828125,241.83999633789062,244.5,240.85000610351562,243.75,4482400
2021-06-24,239.2035369873047,243.77000427246094,247.69000244140625,242.6999969482422,243.35000610351562,4987300
2021-06-25,237.3391571044922,241.8699951171875,244.1999969482422,240.99000549316406,244.19000244140625,15409300
2021-06-28,239.9885711669922,244.57000732421875,247.58999633789062,243.60000610351562,244.2100067138672,4274900
2021-06-29,241.205322265625,245.80999755859375,246.77999877929688,242.42999267578125,244.44000244140625,3871900
2021-06-30,239.69419860839844,244.27000427246094,246.6300048828125,243.5,245.47999572753906,4168800
2021-07-01,240.39088439941406,244.97999572753906,246.58999633789062,242.6199951171875,244.5,3899600
2021-07-02,243.5505828857422,248.1999969482422,248.9600067138672,245.83999633789062,246.9199981689453,4056200
2021-07-06,245.56219482421875,250.25,252.9199981689453,248.3800048828125,249.0,5590200
2021-07-07,243.7860565185547,248.44000244140625,253.5,247.86000061035156,253.0,5101400
2021-07-08,241.19554138183594,245.8000030517578,246.5800018310547,241.74000549316406,244.83999633789062,5159600
2021-07-09,240.46939086914062,245.05999755859375,248.0,244.08999633789062,245.58999633789062,4213500
2021-07-12,238.35964965820312,242.91000366210938,247.25999450683594,241.85000610351562,247.22000122070312,5604500
2021-07-13,239.44886779785156,244.02000427246094,247.16000366210938,241.67999267578125,242.2899932861328,6699800
2021-07-14,237.88865661621094,242.42999267578125,246.14999389648438,239.8699951171875,244.5,6375700
2021-07-15,233.12953186035156,237.5800018310547,242.02999877929688,235.82000732421875,241.22000122070312,7912600
2021-07-16,233.9635772705078,238.42999267578125,240.8800048828125,237.77000427246094,238.3000030517578,7288100
2021-07-19,233.10006713867188,237.5500030517578,238.5,234.30999755859375,236.50999450683594,8843000
2021-07-20,235.6121063232422,240.11000061035156,243.17999267578125,236.27000427246094,238.6999969482422,8487000
2021-07-21,237.57461547851562,242.11000061035156,242.97999572753906,238.27000427246094,241.44000244140625,15323100
2021-07-22,243.62904357910156,248.27999877929688,248.6999969482422,243.33999633789062,243.5,7868700
2021-07-23,243.59962463378906,248.25,250.55999755859375,246.67999267578125,250.0,5877300
2021-07-26,242.9618377685547,247.60000610351562,248.47999572753906,245.82000732421875,248.1999969482422,3960700
2021-07-27,238.94842529296875,243.50999450683594,248.1300048828125,241.19000244140625,247.2100067138672,6352500
2021-07-28,239.38999938964844,243.9600067138672,246.0800018310547,243.0,243.82000732421875,4100200
2021-07-29,239.46849060058594,244.0399932861328,246.16000366210938,243.49000549316406,243.49000549316406,3271100
2021-07-30,237.39801025390625,241.92999267578125,244.24000549316406,241.6300048828125,243.0,3748400
2021-08-02,236.34805297851562,240.86000061035156,242.47000122070312,238.8800048828125,242.30999755859375,3525700
2021-08-03,236.61302185058594,241.1300048828125,243.0500030517578,239.0399932861328,241.3800048828125,3077900
2021-08-04,239.5960693359375,244.1699981689453,244.64999389648438,239.6699981689453,241.6199951171875,4121600
2021-08-05,245.86634826660156,250.55999755859375,250.89999389648438,243.5399932861328,244.67999267578125,5235200
2021-08-06,245.8957977294922,250.58999633789062,252.0800018310547,249.22000122070312,249.22999572753906,4045400
2021-08-09,244.6495819091797,249.32000732421875,252.4199981689453,247.85000610351562,251.4199981689453,3312200
2021-08-10,238.83067321777344,243.38999938964844,251.25,243.0399932861328,250.8699951171875,4430600
2021-08-11,237.74147033691406,242.27999877929688,246.14999389648438,240.10000610351562,244.6699981689453,3999200
2021-08-12,243.73699951171875,248.38999938964844,248.42999267578125,241.92999267578125,242.5,4467400
2021-08-13,246.84762573242188,251.55999755859375,253.77000427246094,248.8699951171875,251.7100067138672,5986400
2021-08-16,244.5318603515625,249.1999969482422,251.0,244.47000122070312,250.1699981689453,4047500
2021-08-17,242.36325073242188,246.99000549316406,249.1999969482422,245.94000244140625,248.25999450683594,3472600
2021-08-18,246.5139923095703,251.22000122070312,256.79998779296875,247.72000122070312,248.0,8306700
2021-08-19,248.32933044433594,253.07000732421875,255.44000244140625,248.3800048828125,249.1699981689453,6600800
2021-08-20,251.33203125,256.1300048828125,257.8699951171875,252.61000061035156,253.0,5510700
2021-08-23,255.6398162841797,260.5199890136719,261.8599853515625,256.57000732421875,257.0,7603900
2021-08-24,254.7958984375,259.6600036621094,262.5,259.05999755859375,261.9200134277344,6685200
2021-08-25,255.96360778808594,260.8500061035156,261.8999938964844,258.75,260.8599853515625,9701000
2021-08-26,262.7735595703125,267.7900085449219,275.2200012207031,267.3599853515625,269.79998779296875,18987000
2021-08-27,261.53717041015625,266.5299987792969,270.9100036621094,265.42999267578125,267.8599853515625,7992500
2021-08-30,260.0064392089844,264.9700012207031,267.5799865722656,264.75,265.80999755859375,5730000
2021-08-31,260.3007507324219,265.2699890136719,266.7699890136719,262.70001220703125,264.7699890136719,5901500
2021-09-01,263.293701171875,268.32000732421875,273.260009765625,265.5899963378906,266.2699890136719,7189000
2021-09-02,259.20172119140625,264.1499938964844,269.260009765625,263.9200134277344,269.0,4498300
2021-09-03,262.0769348144531,267.0799865722656,267.4100036621094,261.79998779296875,263.6000061035156,7356700
2021-09-07,260.24188232421875,265.2099914550781,267.8999938964844,264.07000732421875,266.5400085449219,4672500
2021-09-08,257.70037841796875,262.6199951171875,264.3399963378906,261.5799865722656,263.6199951171875,3851500
2021-09-09,255.8556365966797,260.739990234375,263.7099914550781,260.45001220703125,261.82000732421875,4126500
2021-09-10,252.3819580078125,257.20001220703125,261.5899963378906,256.5,261.0,5280900
2021-09-13,249.34986877441406,254.11000061035156,257.69000244140625,252.19000244140625,257.0,5258200
2021-09-14,249.60501098632812,254.3699951171875,255.11000061035156,253.0,254.11000061035156,4097500
2021-09-15,251.36146545410156,256.1600036621094,256.75,252.9499969482422,254.5399932861328,4764600
2021-09-16,255.48277282714844,260.3599853515625,261.2200012207031,255.0,255.52999877929688,5122600
2021-09-17,255.64956665039062,260.5299987792969,261.70001220703125,258.67999267578125,259.2699890136719,7049400
2021-09-20,253.38282775878906,258.2200012207031,259.2099914550781,254.94000244140625,256.5899963378906,5985500
2021-09-21,253.13755798339844,257.9700012207031,262.54998779296875,257.7699890136719,259.4700012207031,6040600
2021-09-22,254.31507873535156,259.1700134277344,260.3599853515625,256.2099914550781,258.8999938964844,4355600
2021-09-23,272.6549072265625,277.8599853515625,279.3900146484375,266.3999938964844,270.0,15617200
2021-09-24,280.2794494628906,285.6300048828125,286.3599853515625,278.2099914550781,278.5,13368300
2021-09-27,274.4408264160156,279.67999267578125,283.760009765625,279.0400085449219,282.44000244140625,5941100
2021-09-28,267.1794738769531,272.2799987792969,276.70001220703125,270.0400085449219,275.1099853515625,7127100
2021-09-29,265.432861328125,270.5,274.67999267578125,269.239990234375,273.489990234375,4361900
2021-09-30,266.1393127441406,271.2200012207031,274.260009765625,270.44000244140625,270.6499938964844,5224200
2021-10-01,270.10369873046875,275.260009765625,276.3399963378906,268.7699890136719,271.5,4756000
2021-10-04,265.7861022949219,270.8599853515625,275.29998779296875,266.1400146484375,275.2200012207031,6393800
2021-10-05,266.67901611328125,271.7699890136719,273.54998779296875,271.0299987792969,272.1099853515625,4050400
2021-10-06,270.1134948730469,275.2699890136719,275.489990234375,267.5,269.6700134277344,4745500
2021-10-07,269.4363708496094,274.5799865722656,279.5,274.0799865722656,276.8999938964844,5374200
2021-10-08,267.375732421875,272.4800109863281,276.9200134277344,272.2699890136719,275.5400085449219,2683300
2021-10-11,268.6219787597656,273.75,276.2699890136719,271.510009765625,271.7799987792969,2693000
2021-10-12,273.7735900878906,279.0,280.75,276.0199890136719,276.4200134277344,5970100
2021-10-13,279.0823059082031,284.4100036621094,285.1000061035156,278.6000061035156,280.0,6573500
2021-10-14,284.587158203125,290.0199890136719,290.6400146484375,284.6600036621094,286.0,5433900
2021-10-15,286.1965026855469,291.6600036621094,292.8699951171875,289.32000732421875,292.489990234375,5119300
2021-10-18,286.23565673828125,291.70001220703125,293.25,288.7099914550781,290.7799987792969,5163300
2021-10-19,286.8637390136719,292.3399963378906,295.5299987792969,291.3599853515625,292.1000061035156,3631200
2021-10-20,284.65582275390625,290.0899963378906,295.4100036621094,287.95001220703125,293.1099853515625,4487900
2021-10-21,284.381103515625,289.80999755859375,291.57000732421875,288.2699890136719,289.4700012207031,2828500
2021-10-22,287.0795593261719,292.55999755859375,293.0,288.17999267578125,289.0,2927000
2021-10-25,288.4140930175781,293.9200134277344,295.1300048828125,291.7200012207031,293.29998779296875,2993500
2021-10-26,289.5817565917969,295.1099853515625,298.3599853515625,293.6199951171875,295.7799987792969,3601400
2021-10-27,289.62109375,295.1499938964844,299.19000244140625,295.0899963378906,296.5299987792969,3742700
2021-10-28,292.79058837890625,298.3800048828125,298.80999755859375,293.5299987792969,295.07000732421875,3450400
2021-10-29,294.0760498046875,299.69000244140625,300.7799987792969,296.2699890136719,298.0,4251900
2021-11-01,297.0885009765625,302.760009765625,304.8599853515625,299.7200012207031,301.5,3825100
2021-11-02,297.2749938964844,302.95001220703125,303.44000244140625,299.4100036621094,301.7200012207031,4177500
2021-11-03,297.2160949707031,302.8900146484375,303.95001220703125,298.19000244140625,303.95001220703125,3260200
2021-11-04,302.26959228515625,308.0400085449219,308.4100036621094,302.3999938964844,303.5,3833800
2021-11-05,301.494384765625,307.25,311.3999938964844,303.3399963378906,308.5,4681800
2021-11-08,304.1535949707031,309.9599914550781,311.3900146484375,305.8999938964844,307.20001220703125,3893000
2021-11-09,303.9082946777344,309.7099914550781,311.75,307.2200012207031,310.0,3126500
2021-11-10,294.0564270019531,299.6700134277344,308.5899963378906,297.8900146484375,306.57000732421875,4350900
2021-11-11,297.3043518066406,302.9800109863281,305.75,301.5,301.5,2681900
2021-11-12,300.9056701660156,306.6499938964844,307.2200012207031,301.6300048828125,304.5,3803700
2021-11-15,299.7674255371094,305.489990234375,307.760009765625,303.2300109863281,306.8999938964844,3595300
2021-11-16,301.3374328613281,307.0899963378906,307.5799865722656,302.7200012207031,304.0799865722656,2989400
2021-11-17,302.2499694824219,308.0199890136719,309.8999938964844,307.25,307.7799987792969,3864700
2021-11-18,297.3141784667969,302.989990234375,306.989990234375,299.5799865722656,306.1600036621094,4443100
2021-11-19,295.5283203125,301.1700134277344,306.0,301.1000061035156,305.7099914550781,4758900
2021-11-22,291.27947998046875,296.8399963378906,305.489990234375,296.7200012207031,301.8399963378906,4474700
2021-11-23,285.9609680175781,291.4200134277344,296.4700012207031,288.30999755859375,293.6499938964844,6431100
2021-11-24,283.7531433105469,289.1700134277344,289.45001220703125,283.20001220703125,286.0400085449219,5091400
2021-11-26,278.8860168457031,284.2099914550781,287.57000732421875,283.0400085449219,284.5,4195300
2021-11-29,291.1813049316406,296.739990234375,298.3900146484375,284.70001220703125,289.5199890136719,8215600
2021-11-30,279.6219482421875,284.9599914550781,299.2699890136719,283.3999938964844,296.19000244140625,13597600
2021-12-01,246.7887420654297,251.5,276.94000244140625,251.4600067138672,271.260009765625,30723100
2021-12-02,256.3070373535156,261.20001220703125,262.5799865722656,252.13999938964844,252.82000732421875,12200800
2021-12-03,253.48098754882812,258.32000732421875,261.75,251.6999969482422,261.54998779296875,8944000
2021-12-06,253.90286254882812,258.75,259.2300109863281,250.7100067138672,256.1000061035156,7123000
2021-12-07,261.98858642578125,266.989990234375,270.2300109863281,263.6000061035156,265.4700012207031,7401200
2021-12-08,261.3212890625,266.30999755859375,268.5,264.57000732421875,268.30999755859375,4586500
2021-12-09,259.36859130859375,264.32000732421875,266.67999267578125,262.6400146484375,266.0400085449219,3967000
2021-12-10,261.0465393066406,266.0299987792969,270.57000732421875,264.44000244140625,266.1000061035156,3480100
2021-12-13,260.7816467285156,265.760009765625,270.55999755859375,264.6099853515625,265.79998779296875,3625700
2021-12-14,250.8021240234375,255.58999633789062,262.1499938964844,253.3000030517578,262.0,7227300
2021-12-15,255.16876220703125,260.0400085449219,260.19000244140625,251.89999389648438,254.85000610351562,6484900
2021-12-16,248.37840270996094,253.1199951171875,261.3500061035156,252.22000122070312,260.0,6556700
2021-12-17,248.1919403076172,252.92999267578125,253.89999389648438,246.7899932861328,251.24000549316406,12119400
2021-12-20,242.5791015625,247.2100067138672,251.5399932861328,246.5,249.88999938964844,5580100
2021-12-21,247.81907653808594,252.5500030517578,253.00999450683594,245.25,248.0,5428200
2021-12-22,248.06439208984375,252.8000030517578,254.25999450683594,249.50999450683594,253.4199981689453,4982400
2021-12-23,248.3980255126953,253.13999938964844,254.30999755859375,249.33999633789062,251.22999572753906,3769500
2021-12-27,253.4613494873047,258.29998779296875,258.42999267578125,253.24000549316406,253.38999938964844,3531800
2021-12-28,250.66476440429688,255.4499969482422,260.7799987792969,254.94000244140625,259.7300109863281,3293700
2021-12-29,249.77178955078125,254.5399932861328,256.42999267578125,253.1199951171875,256.0,2592700
2021-12-30,250.5469970703125,255.3300018310547,257.8999938964844,254.4600067138672,255.3000030517578,2950600
2021-12-31,249.36947631835938,254.1300048828125,256.489990234375,253.6300048828125,254.47000122070312,3169300
2022-01-03,250.67457580566406,255.4600067138672,256.70001220703125,248.64999389648438,255.00999450683594,4316800
2022-01-04,243.57998657226562,248.22999572753906,256.8699951171875,243.39999389648438,256.8500061035156,7240700
2022-01-05,223.4051513671875,227.6699981689453,238.1999969482422,227.30999755859375,236.1699981689453,18882500
2022-01-06,224.85740661621094,229.14999389648438,234.47999572753906,226.0500030517578,228.0399932861328,9376100
2022-01-07,224.0331573486328,228.30999755859375,232.27999877929688,226.0500030517578,228.5,6286700
2022-01-10,225.3284149169922,229.6300048828125,229.8300018310547,218.88999938964844,225.5,7803800
2022-01-11,230.44082641601562,234.83999633789062,236.35000610351562,226.55999755859375,228.8000030517578,7635300
2022-01-12,233.3748321533203,237.8300018310547,239.27999877929688,235.75999450683594,237.0,6718900
2022-01-13,224.34716796875,228.6300048828125,238.7899932861328,227.9199981689453,237.5,6680300
2022-01-14,226.8984832763672,231.22999572753906,233.2899932861328,227.61000061035156,228.02999877929688,5805100
2022-01-18,221.8253173828125,226.05999755859375,230.72999572753906,225.3000030517578,228.4499969482422,6032000
2022-01-19,222.03140258789062,226.27000427246094,232.2100067138672,226.1699981689453,227.47000122070312,5332600
2022-01-20,218.76376342773438,222.94000244140625,231.39999389648438,222.49000549316406,229.07000732421875,5663700
2022-01-21,214.5345001220703,218.6300048828125,224.77000427246094,218.25,223.05999755859375,9128400
2022-01-24,218.85206604003906,223.02999877929688,223.3800048828125,207.50999450683594,212.38999938964844,11664300
2022-01-25,211.35519409179688,215.38999938964844,223.89999389648438,214.6699981689453,221.0,9092700
2022-01-26,207.0474090576172,211.0,221.4600067138672,209.07000732421875,219.61000061035156,10029600
2022-01-27,208.75482177734375,212.74000549316406,223.14999389648438,212.05999755859375,214.0800018310547,9462100
2022-01-28,217.9689483642578,222.1300048828125,222.2899932861328,210.8800048828125,214.3000030517578,8254900
2022-01-31,228.27224731445312,232.6300048828125,232.91000366210938,222.25999450683594,222.9499969482422,7084200
2022-02-01,227.7717742919922,232.1199951171875,232.77999877929688,226.32000732421875,232.3699951171875,6387100
2022-02-02,220.79493713378906,225.00999450683594,234.49000549316406,223.02000427246094,233.74000549316406,9378900
2022-02-03,208.78427124023438,212.77000427246094,220.7899932861328,210.39999389648438,218.07000732421875,12826600
2022-02-04,215.1232452392578,219.22999572753906,221.6699981689453,213.19000244140625,214.99000549316406,6176500
2022-02-07,212.9055938720703,216.97000122070312,221.44000244140625,216.66000366210938,219.0,3922300
2022-02-08,213.35696411132812,217.42999267578125,217.94000244140625,212.14999389648438,215.60000610351562,5628700
2022-02-09,217.88058471679688,222.0399932861328,222.19000244140625,215.57000732421875,221.13999938964844,6107700
2022-02-10,213.5924530029297,217.6699981689453,221.99000549316406,215.80999755859375,217.6999969482422,5312600
2022-02-11,204.0054931640625,207.89999389648438,219.92999267578125,206.11000061035156,217.6199951171875,8165600
2022-02-14,202.53359985351562,206.39999389648438,209.89999389648438,204.6300048828125,205.8000030517578,7005900
2022-02-15,210.2365264892578,214.25,214.57000732421875,208.52000427246094,209.75,6353000
2022-02-16,207.77357482910156,211.74000549316406,212.4199981689453,208.2100067138672,211.0,7072700
2022-02-17,196.2829132080078,200.02999877929688,209.75,199.5,208.3300018310547,8820100
2022-02-18,193.15267944335938,196.83999633789062,202.60000610351562,195.7899932861328,200.39999389648438,6691800
2022-02-22,191.47470092773438,195.1300048828125,201.4600067138672,193.52999877929688,195.52999877929688,8434800
2022-02-23,186.97067260742188,190.5399932861328,199.0,190.1300048828125,196.35000610351562,7784300
2022-02-24,200.46310424804688,204.2899932861328,204.89999389648438,184.44000244140625,184.74000549316406,11792600
2022-02-25,204.19192504882812,208.08999633789062,208.47000122070312,201.61000061035156,204.72000122070312,5853600
2022-02-28,206.5862274169922,210.52999877929688,211.6699981689453,206.9499969482422,207.7899932861328,7904700
2022-03-01,204.97694396972656,208.88999938964844,214.38999938964844,208.4600067138672,213.39999389648438,12587300
2022-03-02,206.4488525390625,210.38999938964844,217.30999755859375,201.14999389648438,216.10000610351562,16670100
2022-03-03,200.9145050048828,204.75,211.6300048828125,204.22000122070312,210.38999938964844,6559900
2022-03-04,199.2070770263672,203.00999450683594,206.3800048828125,199.25999450683594,204.6999969482422,6813600
2022-03-07,192.5541229248047,196.22999572753906,204.92999267578125,196.0399932861328,203.4499969482422,7043500
2022-03-08,188.4818572998047,192.0800018310547,197.1999969482422,189.1999969482422,194.27999877929688,8229000
2022-03-09,199.3543243408203,203.16000366210938,205.22999572753906,197.22000122070312,198.35000610351562,6881300
2022-03-10,196.40066528320312,200.14999389648438,201.1999969482422,197.52999877929688,199.10000610351562,5604200
2022-03-11,194.19284057617188,197.89999389648438,204.77000427246094,197.6300048828125,204.77000427246094,5196900
2022-03-14,189.50238037109375,193.1199951171875,200.16000366210938,191.82000732421875,198.24000549316406,5665500
2022-03-15,192.4657745361328,196.13999938964844,199.9600067138672,192.74000549316406,198.52999877929688,5276300
2022-03-16,201.7191619873047,205.57000732421875,205.89999389648438,197.3300018310547,198.66000366210938,6043400
2022-03-17,206.4684600830078,210.41000366210938,210.67999267578125,202.55999755859375,204.6199951171875,5842600
2022-03-18,214.70130920410156,218.8000030517578,219.5800018310547,208.30999755859375,209.22999572753906,12220600
2022-03-21,209.7164764404297,213.72000122070312,219.10000610351562,210.61000061035156,218.19000244140625,6448700
2022-03-22,214.1223602294922,218.2100067138672,221.85000610351562,212.6199951171875,213.72000122070312,7018800
2022-03-23,207.1553497314453,211.11000061035156,213.92999267578125,208.30999755859375,213.8699951171875,8404700
2022-03-24,209.97157287597656,213.97999572753906,214.11000061035156,209.8699951171875,212.35000610351562,4150300
2022-03-25,207.07684326171875,211.02999877929688,215.86000061035156,208.47999572753906,214.27000427246094,3656500
2022-03-28,211.24725341796875,215.27999877929688,215.3800048828125,209.3000030517578,210.3800048828125,4290900
2022-03-29,217.1446533203125,221.2899932861328,222.16000366210938,216.77000427246094,218.6199951171875,5370400
2022-03-30,210.91363525390625,214.94000244140625,219.85000610351562,213.39999389648438,219.7100067138672,4951200
2022-03-31,208.34271240234375,212.32000732421875,216.7899932861328,211.7899932861328,214.5,7141300
2022-04-01,208.2740020751953,212.25,214.02999877929688,210.0399932861328,212.47999572753906,6007900
2022-04-04,214.7503662109375,218.85000610351562,221.0,214.10000610351562,214.6300048828125,7843600
2022-04-05,206.20352172851562,210.13999938964844,218.27000427246094,208.6699981689453,218.0,7304600
2022-04-06,197.05810546875,200.82000732421875,205.47000122070312,198.0800018310547,205.2100067138672,7171300
2022-04-07,196.41049194335938,200.16000366210938,202.72000122070312,198.19000244140625,199.1199951171875,5246000
2022-04-08,193.4764862060547,197.1699981689453,200.13999938964844,196.6199951171875,198.63999938964844,3897700
2022-04-11,191.78872680664062,195.4499969482422,197.10000610351562,192.16000366210938,194.2100067138672,5173800
2022-04-12,191.16067504882812,194.80999755859375,201.1199951171875,194.5800018310547,199.75,4832200
2022-04-13,192.0536651611328,195.72000122070312,197.10000610351562,189.32000732421875,191.99000549316406,8733000
2022-04-14,185.8618621826172,189.41000366210938,196.4499969482422,189.22000122070312,196.32000732421875,5126700
2022-04-18,183.50680541992188,187.00999450683594,189.35000610351562,185.52999877929688,188.3000030517578,4899500
2022-04-19,187.8047637939453,191.38999938964844,192.1999969482422,185.52000427246094,187.24000549316406,6120400
2022-04-20,182.74142456054688,186.22999572753906,193.3000030517578,186.0800018310547,192.88999938964844,6015400
2022-04-21,173.91000366210938,177.22999572753906,190.1699981689453,176.74000549316406,188.77999877929688,9119500
2022-04-22,168.21865844726562,171.42999267578125,179.0500030517578,171.10000610351562,177.6999969482422,8843900
2022-04-25,171.29986572265625,174.57000732421875,174.75999450683594,169.22999572753906,169.69000244140625,7988900
2022-04-26,166.89393615722656,170.0800018310547,173.72000122070312,167.5500030517578,172.6199951171875,8073300
2022-04-27,171.40780639648438,174.67999267578125,177.22999572753906,170.6300048828125,171.0,9644600
2022-04-28,182.26060485839844,185.74000549316406,186.92999267578125,178.97999572753906,181.41000366210938,10614800
2022-04-29,172.64418029785156,175.94000244140625,185.36000061035156,175.3000030517578,182.57000732421875,7110800
2022-05-02,174.24366760253906,177.57000732421875,177.77999877929688,173.1199951171875,175.08999633789062,6278400
2022-05-03,175.0188446044922,178.36000061035156,180.38999938964844,176.1300048828125,176.9499969482422,5047700
2022-05-04,182.00547790527344,185.47999572753906,185.97999572753906,174.74000549316406,179.7100067138672,7563100
2022-05-05,169.0723876953125,172.3000030517578,182.24000549316406,169.82000732421875,180.49000549316406,8379400
2022-05-06,166.52105712890625,169.6999969482422,172.42999267578125,165.5800018310547,169.49000549316406,7232700
2022-05-09,160.53533935546875,163.60000610351562,170.2899932861328,162.1300048828125,166.72000122070312,9997800
2022-05-10,164.0188446044922,167.14999389648438,171.25999450683594,163.27999877929688,167.4199981689453,8598700
2022-05-11,158.24900817871094,161.27000427246094,169.97999572753906,160.8300018310547,165.5,7220100
2022-05-12,157.4149169921875,160.4199981689453,166.85000610351562,154.63999938964844,156.92999267578125,10187500
2022-05-13,163.78335571289062,166.91000366210938,168.67999267578125,162.00999450683594,163.5500030517578,6499700
2022-05-16,161.0456085205078,164.1199951171875,166.11000061035156,161.8800048828125,164.74000549316406,5065800
2022-05-17,160.66290283203125,163.72999572753906,169.10000610351562,158.27000427246094,167.3300018310547,7317700
2022-05-18,154.38279724121094,157.3300018310547,164.52000427246094,156.19000244140625,162.82000732421875,7454400
2022-05-19,152.6851806640625,155.60000610351562,159.25,154.72999572753906,155.22999572753906,8382200
2022-05-20,156.6593475341797,159.64999389648438,160.72999572753906,154.5500030517578,158.74000549316406,9068700
2022-05-23,157.31678771972656,160.32000732421875,160.72999572753906,155.91000366210938,159.83999633789062,6148800
2022-05-24,153.9902801513672,156.92999267578125,158.38999938964844,154.5500030517578,157.77000427246094,6928400
2022-05-25,156.6593475341797,159.64999389648438,161.88999938964844,155.32000732421875,155.32000732421875,7436800
2022-05-26,159.4167022705078,162.4600067138672,163.69000244140625,157.57000732421875,159.69000244140625,6697700
2022-05-27,162.00726318359375,165.10000610351562,165.22999572753906,160.25,160.6699981689453,7883600
2022-05-31,157.23831176757812,160.24000549316406,167.27999877929688,159.35000610351562,166.9600067138672,18114600
2022-06-01,172.7717742919922,176.07000732421875,184.4199981689453,174.3699951171875,178.00999450683594,37037400
2022-06-02,184.87075805664062,188.39999389648438,190.1300048828125,174.6999969482422,175.0,19231200
2022-06-03,181.44615173339844,184.91000366210938,189.63999938964844,183.8000030517578,185.0,9224000
2022-06-06,179.44435119628906,182.8699951171875,190.4199981689453,181.6999969482422,188.92999267578125,5811700
2022-06-07,183.64418029785156,187.14999389648438,188.60000610351562,181.7100067138672,181.7100067138672,6331100
2022-06-08,185.64599609375,189.19000244140625,190.55999755859375,185.38999938964844,187.0,6226200
2022-06-09,183.6049346923828,187.11000061035156,192.67999267578125,186.61000061035156,188.52999877929688,8467700
2022-06-10,175.107177734375,178.4499969482422,183.9499969482422,177.1999969482422,183.6300048828125,7855800
2022-06-13,162.91981506347656,166.02999877929688,172.67999267578125,165.05999755859375,170.5500030517578,10726200
2022-06-14,161.3694305419922,164.4499969482422,169.6300048828125,162.14999389648438,168.72999572753906,8576200
2022-06-15,165.39260864257812,168.5500030517578,171.5,164.67999267578125,166.72999572753906,7740700
2022-06-16,156.85560607910156,159.85000610351562,166.89999389648438,158.6199951171875,163.72999572753906,8090900
2022-06-17,160.20169067382812,163.25999450683594,166.22999572753906,158.1699981689453,158.55999755859375,13074600
2022-06-21,163.704833984375,166.8300018310547,169.35000610351562,164.89999389648438,165.0500030517578,6736800
2022-06-22,164.31320190429688,167.4499969482422,170.4499969482422,164.2100067138672,164.6999969482422,5864500
2022-06-23,169.80831909179688,173.0500030517578,173.38999938964844,167.1199951171875,169.08999633789062,7258000
2022-06-24,182.43724060058594,185.9199981689453,186.41000366210938,176.5500030517578,177.72000122070312,12107100
2022-06-27,177.91360473632812,181.30999755859375,186.5800018310547,180.47000122070312,186.11000061035156,6170600
2022-06-28,168.24810791015625,171.4600067138672,182.3300018310547,171.44000244140625,180.2899932861328,6668600
2022-06-29,167.41403198242188,170.61000061035156,173.77999877929688,168.05999755859375,172.5,5430400
2022-06-30,161.9483642578125,165.0399932861328,167.5,161.11000061035156,165.0500030517578,9539400
2022-07-01,165.04916381835938,168.1999969482422,169.14999389648438,164.0500030517578,164.75999450683594,4561600
2022-07-05,168.97422790527344,172.1999969482422,172.35000610351562,164.61000061035156,166.10000610351562,4614200
2022-07-06,169.4943084716797,172.72999572753906,175.05999755859375,170.8300018310547,173.52000427246094,4085100
2022-07-07,173.33108520507812,176.63999938964844,176.94000244140625,173.1699981689453,174.1699981689453,4000100
2022-07-08,172.21241760253906,175.5,176.61000061035156,172.83999633789062,174.0500030517578,2869200
2022-07-11,171.09375,174.36000061035156,176.32000732421875,171.25999450683594,174.0,3689300
2022-07-12,163.21421813964844,166.3300018310547,173.3800048828125,164.35000610351562,172.2100067138672,7073000
2022-07-13,160.42739868164062,163.49000549316406,165.83999633789062,161.1699981689453,162.41000366210938,6225900
2022-07-14,158.0233154296875,161.0399932861328,161.7100067138672,157.64999389648438,161.02999877929688,6096100
2022-07-15,164.24453735351562,167.3800048828125,167.61000061035156,162.22000122070312,163.7100067138672,6037700
2022-07-18,164.7449493408203,167.88999938964844,172.63999938964844,167.11000061035156,168.9499969482422,3818200
2022-07-19,170.5540771484375,173.80999755859375,174.10000610351562,167.80999755859375,170.9199981689453,4373400
2022-07-20,179.0322265625,182.4499969482422,183.5,175.61000061035156,176.10000610351562,5654000
2022-07-21,181.87791442871094,185.35000610351562,185.52999877929688,179.91000366210938,180.66000366210938,3886000
2022-07-22,179.05184936523438,182.47000122070312,187.55999755859375,180.92999267578125,185.07000732421875,3804700
2022-07-25,173.96888732910156,177.2899932861328,181.99000549316406,175.0800018310547,181.8300018310547,4407900
2022-07-26,167.26687622070312,170.4600067138672,177.1300048828125,169.75999450683594,177.11000061035156,3886500
2022-07-27,176.92250061035156,180.3000030517578,182.22999572753906,174.35000610351562,174.86000061035156,4960900
2022-07-28,177.8939666748047,181.2899932861328,181.8800048828125,175.92999267578125,178.41000366210938,4562100
2022-07-29,180.57284545898438,184.02000427246094,184.4199981689453,180.22000122070312,181.82000732421875,4751400
2022-08-01,179.5522918701172,182.97999572753906,185.17999267578125,179.75999450683594,181.3000030517578,3997100
2022-08-02,180.3471221923828,183.7899932861328,185.13999938964844,179.42999267578125,180.80999755859375,4317900
2022-08-03,186.0973358154297,189.64999389648438,190.67999267578125,185.3699951171875,185.52999877929688,5786300
2022-08-04,187.68702697753906,191.27000427246094,191.5800018310547,187.25,188.55999755859375,3759700
2022-08-05,186.60760498046875,190.1699981689453,191.8000030517578,186.27999877929688,187.0,4090300
2022-08-08,186.1955108642578,189.75,194.3699951171875,189.0800018310547,191.08999633789062,3396800
2022-08-09,178.82618713378906,182.24000549316406,187.1300048828125,179.82000732421875,186.3000030517578,5851700
2022-08-10,185.07684326171875,188.61000061035156,189.57000732421875,186.2100067138672,188.16000366210938,4179200
2022-08-11,183.23207092285156,186.72999572753906,192.5,186.32000732421875,192.1300048828125,4175100
2022-08-12,186.33287048339844,189.88999938964844,190.02000427246094,185.50999450683594,186.6300048828125,3846200
2022-08-15,187.48092651367188,191.05999755859375,192.11000061035156,188.89999389648438,189.0500030517578,2768500
2022-08-16,186.03846740722656,189.58999633789062,190.85000610351562,186.36000061035156,189.5500030517578,3835900
2022-08-17,184.43902587890625,187.9600067138672,189.42999267578125,186.47000122070312,187.72000122070312,3181300
2022-08-18,184.40956115722656,187.92999267578125,188.57000732421875,186.61000061035156,188.4199981689453,2791600
2022-08-19,180.32749938964844,183.77000427246094,185.44000244140625,181.5800018310547,185.22000122070312,4346100
2022-08-22,173.66468811035156,176.97999572753906,180.58999633789062,176.05999755859375,180.0,5182900
2022-08-23,172.7030487060547,176.0,178.11000061035156,174.91000366210938,175.8800048828125,5076800
2022-08-24,176.637939453125,180.00999450683594,181.22999572753906,176.05999755859375,176.6699981689453,11438800
2022-08-25,170.6522216796875,173.91000366210938,174.13999938964844,165.55999755859375,168.5800018310547,24025600
2022-08-26,162.13479614257812,165.22999572753906,176.3000030517578,164.6300048828125,173.9600067138672,11074700
2022-08-29,157.20884704589844,160.2100067138672,165.82000732421875,160.0500030517578,164.27999877929688,9329900
2022-08-30,156.678955078125,159.6699981689453,163.85000610351562,158.3800048828125,162.13999938964844,8079400
2022-08-31,153.19544982910156,156.1199951171875,161.2100067138672,155.97000122070312,159.7899932861328,9166100
2022-09-01,150.6539764404297,153.52999877929688,155.3300018310547,150.8699951171875,154.8699951171875,9924000
2022-09-02,150.81101989746094,153.69000244140625,158.6699981689453,152.9600067138672,156.4600067138672,7315700
2022-09-06,148.87789916992188,151.72000122070312,154.42999267578125,150.82000732421875,152.8800048828125,6373700
2022-09-07,150.40867614746094,153.27999877929688,154.05999755859375,150.47999572753906,151.2899932861328,6211400
2022-09-08,153.96083068847656,156.89999389648438,157.02999877929688,151.77999877929688,152.32000732421875,6659200
2022-09-09,159.5442657470703,162.58999633789062,163.2899932861328,158.47000122070312,158.60000610351562,5642300
2022-09-12,162.5272979736328,165.6300048828125,165.66000366210938,162.74000549316406,163.69000244140625,6353400
2022-09-13,155.1383819580078,158.10000610351562,161.25999450683594,157.80999755859375,158.25,5463200
2022-09-14,157.27752685546875,160.27999877929688,161.64999389648438,158.00999450683594,158.58999633789062,6037300
2022-09-15,151.88058471679688,154.77999877929688,159.83999633789062,154.30999755859375,156.8000030517578,7012200
2022-09-16,148.67181396484375,151.50999450683594,152.2100067138672,149.55999755859375,151.9199981689453,9882300
2022-09-19,149.9670867919922,152.8300018310547,153.5399932861328,150.39999389648438,150.7100067138672,4874800
2022-09-20,146.9938507080078,149.8000030517578,151.5800018310547,148.85000610351562,151.0,5505700
2022-09-21,144.86453247070312,147.6300048828125,153.3000030517578,147.50999450683594,151.22000122070312,6164400
2022-09-22,147.33729553222656,150.14999389648438,152.86000061035156,149.14999389648438,149.50999450683594,12405100
2022-09-23,144.256103515625,147.00999450683594,149.83999633789062,144.7899932861328,148.07000732421875,9175800
2022-09-26,143.57907104492188,146.32000732421875,151.19000244140625,145.35000610351562,147.0,7862400
2022-09-27,146.1009063720703,148.88999938964844,150.61000061035156,146.25999450683594,148.3699951171875,7046600
2022-09-28,147.35691833496094,150.1699981689453,150.8800048828125,145.6699981689453,146.0,7908400
2022-09-29,144.05987548828125,146.80999755859375,148.97999572753906,145.00999450683594,148.4499969482422,8602500
2022-09-30,141.1455078125,143.83999633789062,148.6300048828125,143.75,146.00999450683594,7575600
2022-10-03,145.12945556640625,147.89999389648438,148.9600067138672,143.89999389648438,144.97999572753906,6819900
2022-10-04,152.8127899169922,155.72999572753906,157.4199981689453,151.22000122070312,151.6999969482422,8017900
2022-10-05,153.30340576171875,156.22999572753906,156.9600067138672,151.94000244140625,152.1999969482422,4256200
2022-10-06,152.5478515625,155.4600067138672,158.25,154.44000244140625,155.72000122070312,3853900
2022-10-07,147.47467041015625,150.2899932861328,153.1699981689453,149.27000427246094,151.8000030517578,5956700
2022-10-10,142.91177368164062,145.63999938964844,150.9600067138672,144.5800018310547,150.6199951171875,5497800
2022-10-11,139.8992919921875,142.57000732421875,144.97000122070312,139.52000427246094,144.50999450683594,7415000
2022-10-12,139.62452697753906,142.2899932861328,143.44000244140625,139.5800018310547,142.30999755859375,5707100
2022-10-13,142.71554565429688,145.44000244140625,146.33999633789062,137.58999633789062,138.9600067138672,6548600
2022-10-14,139.5558319091797,142.22000122070312,147.6999969482422,142.0,147.3300018310547,5736300
2022-10-17,144.4229278564453,147.17999267578125,149.0,145.94000244140625,146.07000732421875,6288200
2022-10-18,150.6539764404297,153.52999877929688,158.97000122070312,151.89999389648438,156.4499969482422,16354800
2022-10-19,150.79135131835938,153.6699981689453,155.9499969482422,150.63999938964844,151.86000061035156,6220500
2022-10-20,154.5496063232422,157.5,161.3000030517578,153.60000610351562,155.0,9203400
2022-10-21,157.16958618164062,160.1699981689453,160.42999267578125,154.82000732421875,157.5,8335500
2022-10-24,157.640625,160.64999389648438,161.57000732421875,158.39999389648438,161.17999267578125,6259200
2022-10-25,162.17404174804688,165.27000427246094,166.02999877929688,161.69000244140625,161.6999969482422,5804500
2022-10-26,156.9144744873047,159.91000366210938,164.1199951171875,158.6999969482422,159.8000030517578,6617500
2022-10-27,156.75746154785156,159.75,164.66000366210938,159.32000732421875,161.8000030517578,4987700
2022-10-28,159.96621704101562,163.02000427246094,163.08999633789062,158.1699981689453,159.50999450683594,5055400
2022-10-31,159.5442657470703,162.58999633789062,164.0,161.0,162.1199951171875,4878100
2022-11-01,156.82615661621094,159.82000732421875,165.6999969482422,159.63999938964844,165.0,4545900
2022-11-02,147.19992065429688,150.00999450683594,159.77000427246094,149.9600067138672,159.50999450683594,7238200
2022-11-03,143.58885192871094,146.3300018310547,150.4199981689453,146.1300048828125,149.0,5999400
2022-11-04,137.1517333984375,139.77000427246094,146.9499969482422,136.0399932861328,146.5,14265300
2022-11-07,141.88145446777344,144.58999633789062,144.92999267578125,138.77000427246094,140.6199951171875,7379900
2022-11-08,144.3444366455078,147.10000610351562,151.55999755859375,145.0800018310547,145.08999633789062,9101800
2022-11-09,139.39883422851562,142.05999755859375,146.3300018310547,141.94000244140625,145.85000610351562,5588500
2022-11-10,153.37210083007812,156.3000030517578,156.3699951171875,149.72999572753906,151.0,8777900
2022-11-11,154.77529907226562,157.72999572753906,159.9199981689453,155.5800018310547,156.49000549316406,7382500
2022-11-14,155.6879119873047,158.66000366210938,160.16000366210938,154.64999389648438,155.82000732421875,6580100
2022-11-15,159.03399658203125,162.07000732421875,165.25,160.75,162.67999267578125,8116100
2022-11-16,152.2141876220703,155.1199951171875,160.82000732421875,153.8300018310547,160.0,6454700
2022-11-17,146.88592529296875,149.69000244140625,151.75999450683594,148.33999633789062,150.19000244140625,7357900
2022-11-18,145.2667999267578,148.0399932861328,152.32000732421875,145.64999389648438,151.83999633789062,7555700
2022-11-21,142.13658142089844,144.85000610351562,147.33999633789062,143.39999389648438,146.02000427246094,8015900
2022-11-22,146.4541778564453,149.25,149.3800048828125,142.9199981689453,145.1999969482422,7017700
2022-11-23,149.3881378173828,152.24000549316406,152.91000366210938,147.5500030517578,147.6199951171875,5558900
2022-11-25,150.47735595703125,153.35000610351562,154.0399932861328,151.3800048828125,152.07000732421875,3023700
2022-11-28,150.81101989746094,153.69000244140625,155.32000732421875,152.0,152.0,7931700
2022-11-29,148.83863830566406,151.67999267578125,154.02000427246094,151.25999450683594,152.72000122070312,6398100
2022-11-30,157.24810791015625,160.25,160.25,150.1300048828125,150.75,14591500
2022-12-01,144.2462921142578,147.0,147.58999633789062,142.0800018310547,147.5500030517578,33721500
2022-12-02,141.85202026367188,144.55999755859375,145.2100067138672,142.77999877929688,144.2899932861328,15086700
2022-12-05,131.42112731933594,133.92999267578125,144.38999938964844,132.8800048828125,142.8000030517578,20294600
2022-12-06,130.7735137939453,133.27000427246094,134.5500030517578,130.91000366210938,132.7100067138672,16981800
2022-12-07,128.03575134277344,130.47999572753906,133.75,130.02000427246094,132.5,12915900
2022-12-08,127.69233703613281,130.1300048828125,131.4600067138672,127.0199966430664,128.42999267578125,15156900
2022-12-09,128.6539764404297,131.11000061035156,133.3699951171875,128.36000061035156,129.74000549316406,10287500
2022-12-12,130.6165008544922,133.11000061035156,134.08999633789062,130.9499969482422,131.10000610351562,11852400
2022-12-13,133.07948303222656,135.6199951171875,139.8800048828125,134.0399932861328,137.38999938964844,12579800
2022-12-14,132.2257843017578,134.75,137.27000427246094,133.22999572753906,135.00999450683594,9611800
2022-12-15,127.99649047851562,130.44000244140625,134.1199951171875,129.67999267578125,131.6699981689453,10807300
2022-12-16,125.8671875,128.27000427246094,129.8800048828125,126.88999938964844,128.9199981689453,15464700
2022-12-19,126.59330749511719,129.00999450683594,129.5800018310547,127.19999694824219,127.7699966430664,9441400
2022-12-20,126.04379272460938,128.4499969482422,129.99000549316406,127.19000244140625,127.5,8455500
2022-12-21,127.8591537475586,130.3000030517578,132.16000366210938,126.5999984741211,127.95999908447266,9313200
2022-12-22,126.76993560791016,129.19000244140625,129.5399932861328,126.33999633789062,128.6699981689453,9968600
2022-12-23,127.01525115966797,129.44000244140625,129.86000061035156,127.58999633789062,128.72999572753906,5821300
2022-12-27,128.21240234375,130.66000366210938,131.75,127.6500015258789,128.55999755859375,8300800
2022-12-28,126.06342315673828,128.47000122070312,131.13999938964844,128.1699981689453,129.7100067138672,6249800
2022-12-29,130.0571746826172,132.5399932861328,132.9499969482422,129.5,129.6999969482422,7628800
2022-12-30,130.10626220703125,132.58999633789062,132.63999938964844,130.36000061035156,130.61000061035156,5630200
2023-01-03,132.25523376464844,134.77999877929688,136.9499969482422,133.02999877929688,135.19000244140625,8196400
2023-01-04,136.97509765625,139.58999633789062,141.85000610351562,137.6199951171875,141.22000122070312,14322600
2023-01-05,133.78598022460938,136.33999633789062,138.58999633789062,134.24000549316406,137.63999938964844,8493500
2023-01-06,137.8778839111328,140.50999450683594,141.64999389648438,135.5500030517578,137.5800018310547,9145700
2023-01-09,144.3444366455078,147.10000610351562,149.1999969482422,142.58999633789062,142.58999633789062,13679700
2023-01-10,144.67803955078125,147.44000244140625,149.27999877929688,145.60000610351562,145.80999755859375,6527700
2023-01-11,142.18565368652344,144.89999389648438,147.0399932861328,143.55999755859375,145.27999877929688,13595000
2023-01-12,146.797607421875,149.60000610351562,149.82000732421875,143.94000244140625,147.83999633789062,11678000
2023-01-13,146.70928955078125,149.50999450683594,149.9600067138672,146.08999633789062,146.1999969482422,8378100
2023-01-17,145.6887664794922,148.47000122070312,150.49000549316406,146.10000610351562,149.60000610351562,9407600
2023-01-18,142.725341796875,145.4499969482422,149.5399932861328,145.2899932861328,148.86000061035156,7812600
2023-01-19,143.6673583984375,146.41000366210938,146.67999267578125,143.16000366210938,143.52000427246094,7070100
2023-01-20,148.41668701171875,151.25,151.52999877929688,144.3000030517578,144.3000030517578,10127100
2023-01-23,152.9501495361328,155.8699951171875,157.8699951171875,153.22999572753906,157.35000610351562,19922900
2023-01-24,151.95907592773438,154.86000061035156,160.2100067138672,154.5,155.89999389648438,6390200
2023-01-25,153.24449157714844,156.1699981689453,156.39999389648438,149.82000732421875,151.2100067138672,9390500
2023-01-26,161.9974365234375,165.08999633789062,165.1699981689453,158.10000610351562,158.19000244140625,13354600
2023-01-27,161.43812561035156,164.52000427246094,167.24000549316406,163.60000610351562,165.0500030517578,9872300
2023-01-30,161.663818359375,164.75,166.44000244140625,163.39999389648438,164.07000732421875,8169800
2023-01-31,164.82347106933594,167.97000122070312,168.00999450683594,164.27999877929688,164.27999877929688,6421300
2023-02-01,168.60133361816406,171.82000732421875,173.0800018310547,167.0,167.72999572753906,8853900
2023-02-02,171.36854553222656,174.63999938964844,178.83999633789062,172.89999389648438,175.7100067138672,10667100
2023-02-03,167.83596801757812,171.0399932861328,175.0800018310547,169.86000061035156,170.02000427246094,6481700
2023-02-06,165.8832244873047,169.0500030517578,171.1699981689453,167.35000610351562,168.0,4310600
2023-02-07,168.07147216796875,171.27999877929688,171.72999572753906,166.61000061035156,167.57000732421875,6179200
2023-02-08,166.45237731933594,169.6300048828125,172.4499969482422,169.22999572753906,170.0,7694500
2023-02-09,170.40689086914062,173.66000366210938,175.3800048828125,172.00999450683594,173.3300018310547,11512300
2023-02-10,163.9010772705078,167.02999877929688,169.74000549316406,165.3300018310547,167.66000366210938,11273700
2023-02-13,167.875244140625,171.0800018310547,171.16000366210938,166.9499969482422,168.27999877929688,8820300
2023-02-14,166.77621459960938,169.9600067138672,172.7899932861328,167.85000610351562,168.22000122070312,8393100
2023-02-15,167.89483642578125,171.10000610351562,171.61000061035156,168.24000549316406,168.85000610351562,4997000
2023-02-16,164.9608612060547,168.11000061035156,170.3699951171875,167.9600067138672,168.99000549316406,7483500
2023-02-17,162.07595825195312,165.1699981689453,167.11000061035156,162.74000549316406,165.02999877929688,8084500
2023-02-21,158.5924530029297,161.6199951171875,164.50999450683594,161.4499969482422,163.74000549316406,5210800
2023-02-22,160.29986572265625,163.36000061035156,165.0,162.11000061035156,163.11000061035156,4343700
2023-02-23,161.0456085205078,164.1199951171875,165.47000122070312,161.57000732421875,165.2899932861328,4679400
2023-02-24,159.1615753173828,162.1999969482422,162.38999938964844,159.66000366210938,160.58999633789062,6569900
2023-02-27,160.08396911621094,163.13999938964844,164.77000427246094,162.22000122070312,163.83999633789062,6891200
2023-02-28,160.54515075683594,163.61000061035156,164.4499969482422,161.52999877929688,162.52999877929688,6912600
2023-03-01,164.21511840820312,167.35000610351562,167.97999572753906,162.97999572753906,162.99000549316406,15841200
2023-03-02,183.09469604492188,186.58999633789062,193.91000366210938,185.1999969482422,193.1199951171875,37712500
2023-03-03,182.9376678466797,186.42999267578125,189.77000427246094,184.2899932861328,188.07000732421875,12087200
2023-03-06,180.35694885253906,183.8000030517578,189.0,183.6300048828125,185.07000732421875,10770300
2023-03-07,179.88595581054688,183.32000732421875,186.16000366210938,183.02999877929688,184.4600067138672,9024300
2023-03-08,179.5228729248047,182.9499969482422,184.89999389648438,181.8000030517578,183.3000030517578,6749100
2023-03-09,175.3721160888672,178.72000122070312,183.83999633789062,178.5399932861328,183.10000610351562,7102400
2023-03-10,169.93589782714844,173.17999267578125,179.36000061035156,171.7100067138672,178.5,14109000
2023-03-13,172.22222900390625,175.50999450683594,177.10000610351562,170.0,171.0,9154800
2023-03-14,179.46400451660156,182.88999938964844,185.30999755859375,179.11000061035156,180.0,10138100
2023-03-15,179.48361206054688,182.91000366210938,183.86000061035156,178.2100067138672,179.16000366210938,7716900
2023-03-16,183.79139709472656,187.3000030517578,187.64999389648438,182.97999572753906,183.3000030517578,8369500
2023-03-17,181.3872833251953,184.85000610351562,187.66000366210938,184.17999267578125,186.0399932861328,10493300
2023-03-20,181.77976989746094,185.25,185.52000427246094,182.64999389648438,184.2100067138672,5513200
2023-03-21,185.14553833007812,188.67999267578125,189.27999877929688,184.88999938964844,185.8699951171875,6982000
2023-03-22,183.0161895751953,186.50999450683594,191.44000244140625,186.41000366210938,190.0,6575600
2023-03-23,183.9287872314453,187.44000244140625,190.55999755859375,185.5800018310547,187.39999389648438,8685000
2023-03-24,186.49966430664062,190.05999755859375,190.32000732421875,186.08999633789062,186.5,6102700
2023-03-27,187.6772003173828,191.25999450683594,192.11000061035156,188.91000366210938,188.9199981689453,7776500
2023-03-28,188.69772338867188,192.3000030517578,192.8300018310547,191.17999267578125,191.17999267578125,4899000
2023-03-29,192.95640563964844,196.63999938964844,197.42999267578125,192.8800048828125,193.13999938964844,8085200
2023-03-30,192.9171600341797,196.60000610351562,198.1699981689453,195.49000549316406,197.77000427246094,6932500
2023-03-31,196.03758239746094,199.77999877929688,200.0,196.99000549316406,197.49000549316406,6634300
2023-04-03,192.80923461914062,196.49000549316406,198.92999267578125,195.52999877929688,198.22000122070312,5340800
2023-04-04,193.5059051513672,197.1999969482422,198.6999969482422,196.6199951171875,198.14999389648438,4659100
2023-04-05,191.65130615234375,195.30999755859375,198.2899932861328,193.72999572753906,198.0,3953700
2023-04-06,188.9430389404297,192.5500030517578,194.07000732421875,189.60000610351562,194.0,6304700
2023-04-10,187.90292358398438,191.49000549316406,192.5500030517578,189.27999877929688,190.58999633789062,5263800
2023-04-11,185.35162353515625,188.88999938964844,190.4600067138672,187.30999755859375,189.05999755859375,4907700
2023-04-12,186.7548065185547,190.32000732421875,191.88999938964844,189.52999877929688,190.3000030517578,5033400
2023-04-13,190.38548278808594,194.02000427246094,194.3800048828125,190.4499969482422,190.4499969482422,4716400
2023-04-14,191.0037078857422,194.64999389648438,195.1699981689453,191.19000244140625,191.85000610351562,5073800
2023-04-17,193.38818359375,197.0800018310547,197.52000427246094,195.02999877929688,195.16000366210938,5413500
2023-04-18,194.78158569335938,198.5,200.1199951171875,197.05999755859375,199.0800018310547,4679000
2023-04-19,195.19371032714844,198.9199981689453,199.07000732421875,195.72999572753906,196.3000030517578,3665100
2023-04-20,193.81008911132812,197.50999450683594,200.0800018310547,196.82000732421875,197.17999267578125,3620000
2023-04-21,195.30165100097656,199.02999877929688,199.1199951171875,196.47000122070312,197.02999877929688,4860100
2023-04-24,191.26864624023438,194.9199981689453,198.77000427246094,194.05999755859375,198.4499969482422,4449700
2023-04-25,187.09825134277344,190.6699981689453,194.1199951171875,190.6300048828125,193.97000122070312,5010000
2023-04-26,187.932373046875,191.52000427246094,194.3699951171875,190.57000732421875,192.6199951171875,4007600
2023-04-27,192.26954650878906,195.94000244140625,197.50999450683594,193.27000427246094,194.1699981689453,4794400
2023-04-28,194.6540069580078,198.3699951171875,198.64999389648438,195.27000427246094,196.14999389648438,4094600
2023-05-01,194.08485412597656,197.7899932861328,199.0500030517578,197.1199951171875,197.75999450683594,2882900
2023-05-02,190.20887756347656,193.83999633789062,198.41000366210938,192.92999267578125,198.02000427246094,6051000
2023-05-03,189.00193786621094,192.61000061035156,195.7899932861328,192.55999755859375,194.2100067138672,3779900
2023-05-04,188.77622985839844,192.3800048828125,194.55999755859375,190.75999450683594,191.89999389648438,4386500
2023-05-05,193.8885955810547,197.58999633789062,198.11000061035156,193.25,193.9499969482422,4284400
2023-05-08,194.19284057617188,197.89999389648438,200.5,196.0800018310547,198.72000122070312,4169400
2023-05-09,197.41139221191406,201.17999267578125,203.8000030517578,196.77999877929688,196.77999877929688,6996800
2023-05-10,201.01263427734375,204.85000610351562,206.27999877929688,203.0399932861328,204.94000244140625,6535600
2023-05-11,199.658447265625,203.47000122070312,203.8000030517578,198.5500030517578,202.91000366210938,5366300
2023-05-12,198.02957153320312,201.80999755859375,203.9600067138672,200.1300048828125,203.42999267578125,4733600
2023-05-15,199.5210723876953,203.3300018310547,205.39999389648438,202.47999572753906,203.75,4518200
2023-05-16,200.72802734375,204.55999755859375,205.6699981689453,201.75,201.92999267578125,4423200
2023-05-17,205.45779418945312,209.3800048828125,209.49000549316406,204.8000030517578,206.5,5772200
2023-05-18,209.32394409179688,213.32000732421875,213.8800048828125,209.3300018310547,209.5,5165500
2023-05-19,206.41941833496094,210.36000061035156,213.24000549316406,209.92999267578125,212.9600067138672,6091600
2023-05-22,206.3212890625,210.25999450683594,212.82000732421875,209.0399932861328,209.1699981689453,3890800
2023-05-23,202.76907348632812,206.63999938964844,209.63999938964844,206.47000122070312,207.74000549316406,4256800
2023-05-24,205.14376831054688,209.05999755859375,210.2100067138672,205.4199981689453,206.0399932861328,4894000
2023-05-25,205.97784423828125,209.91000366210938,212.3300018310547,208.44000244140625,212.02000427246094,6496700
2023-05-26,211.40426635742188,215.44000244140625,216.14999389648438,212.5500030517578,212.8000030517578,6933300
2023-05-30,214.77000427246094,218.8699951171875,222.13999938964844,215.72999572753906,219.27000427246094,10421000
2023-05-31,219.19554138183594,223.3800048828125,225.0,217.05999755859375,219.5500030517578,19624000
2023-06-01,208.91183471679688,212.89999389648438,215.36000061035156,206.05999755859375,208.22000122070312,20907400
2023-06-02,209.0393829345703,213.02999877929688,216.13999938964844,210.42999267578125,212.89999389648438,11026900
2023-06-05,205.9287872314453,209.86000061035156,212.32000732421875,207.05999755859375,210.47000122070312,7804400
2023-06-06,208.86277770996094,212.85000610351562,213.39999389648438,208.3699951171875,208.5500030517578,6796000
2023-06-07,201.87612915039062,205.72999572753906,216.66000366210938,204.77999877929688,214.8800048828125,9323900
2023-06-08,205.6049346923828,209.52999877929688,210.3800048828125,204.85000610351562,205.3800048828125,5548600
2023-06-09,211.27667236328125,215.30999755859375,218.66000366210938,210.69000244140625,210.69000244140625,7676700
2023-06-12,209.6870574951172,213.69000244140625,220.38999938964844,212.13999938964844,216.14999389648438,11568300
2023-06-13,205.0652618408203,208.97999572753906,216.22999572753906,207.9199981689453,215.5,11698900
2023-06-14,205.47738647460938,209.39999389648438,211.7100067138672,205.02000427246094,207.6999969482422,8963400
2023-06-15,207.95018005371094,211.9199981689453,213.3300018310547,207.3699951171875,207.9499969482422,7905400
2023-06-16,207.79318237304688,211.75999450683594,213.64999389648438,210.60000610351562,213.5399932861328,13672700
2023-06-20,212.9055938720703,216.97000122070312,217.0500030517578,208.61000061035156,208.64999389648438,9522900
2023-06-21,205.66383361816406,209.58999633789062,217.8000030517578,208.07000732421875,216.52000427246094,7971600
2023-06-22,209.29449462890625,213.2899932861328,213.9600067138672,209.08999633789062,209.6300048828125,5689800
2023-06-23,206.1544647216797,210.08999633789062,211.0,208.07000732421875,210.5,14037600
2023-06-26,203.47560119628906,207.36000061035156,211.75,207.35000610351562,209.02000427246094,4771500
2023-06-27,204.90826416015625,208.82000732421875,210.47999572753906,207.52000427246094,208.13999938964844,4014800
2023-06-28,208.19549560546875,212.1699981689453,212.1999969482422,207.60000610351562,208.41000366210938,4775900
2023-06-29,206.4881134033203,210.42999267578125,212.64999389648438,209.72000122070312,211.89999389648438,3838300
2023-06-30,207.30255126953125,211.25999450683594,213.85000610351562,210.9600067138672,211.86000061035156,5984200
2023-07-03,207.68521118164062,211.64999389648438,211.9600067138672,209.9199981689453,210.57000732421875,2400000
2023-07-05,209.81459045410156,213.82000732421875,214.6199951171875,210.08999633789062,210.49000549316406,5069300
2023-07-06,206.20352172851562,210.13999938964844,212.5,207.8300018310547,211.1999969482422,4250900
2023-07-07,205.66383361816406,209.58999633789062,212.11000061035156,209.27999877929688,209.77000427246094,3022200
2023-07-10,208.82351684570312,212.80999755859375,212.8699951171875,208.32000732421875,209.0,3820100
2023-07-11,217.02691650390625,221.1699981689453,222.35000610351562,217.24000549316406,222.05999755859375,10028100
2023-07-12,223.02244567871094,227.27999877929688,228.08999633789062,221.61000061035156,221.89999389648438,8923500
2023-07-13,226.0545654296875,230.3699951171875,230.9600067138672,227.60000610351562,228.25999450683594,5800300
2023-07-14,225.0340576171875,229.3300018310547,232.1999969482422,228.14999389648438,229.6999969482422,4278700
2023-07-17,223.72897338867188,228.0,230.27999877929688,227.80999755859375,229.24000549316406,3557900
2023-07-18,223.36590576171875,227.6300048828125,229.6199951171875,225.47000122070312,227.0500030517578,5092700
2023-07-19,229.97962951660156,234.3699951171875,238.22000122070312,231.22999572753906,233.97999572753906,8516300
2023-07-20,223.88597106933594,228.16000366210938,233.5,227.32000732421875,231.10000610351562,5303000
2023-07-21,223.78782653808594,228.05999755859375,230.80999755859375,227.2899932861328,230.0,3529700
2023-07-24,221.43276977539062,225.66000366210938,227.58999633789062,223.5399932861328,227.25999450683594,5363200
2023-07-25,221.7958984375,226.02999877929688,227.52000427246094,225.19000244140625,225.8800048828125,3203700
2023-07-26,221.354248046875,225.5800018310547,227.50999450683594,223.1199951171875,224.4600067138672,4856700
2023-07-27,220.93235778808594,225.14999389648438,230.13999938964844,224.00999450683594,228.0399932861328,4299600
2023-07-28,221.3739013671875,225.60000610351562,227.30999755859375,223.97999572753906,226.0,4238700
2023-07-31,220.79493713378906,225.00999450683594,225.3800048828125,221.75,222.35000610351562,5571900
2023-08-01,220.06883239746094,224.27000427246094,224.80999755859375,221.6300048828125,223.88999938964844,4212600
2023-08-02,216.3694610595703,220.5,222.85000610351562,218.8000030517578,221.97999572753906,5127000
2023-08-03,211.52198791503906,215.55999755859375,218.2100067138672,214.60000610351562,216.1999969482422,5515200
2023-08-04,210.57017517089844,214.58999633789062,217.25,213.07000732421875,216.41000366210938,4800400
2023-08-07,212.01263427734375,216.05999755859375,216.88999938964844,214.3699951171875,215.30999755859375,3615200
2023-08-08,207.61654663085938,211.5800018310547,214.19000244140625,211.13999938964844,213.5500030517578,4843800
2023-08-09,202.00369262695312,205.86000061035156,211.66000366210938,204.91000366210938,211.64999389648438,7847500
2023-08-10,204.34893798828125,208.25,210.33999633789062,206.44000244140625,208.17999267578125,4004700
2023-08-11,204.79049682617188,208.6999969482422,209.5,205.5,206.1300048828125,2930800
2023-08-14,208.0875701904297,212.05999755859375,212.10000610351562,207.1199951171875,207.89999389648438,3304700
2023-08-15,204.8690185546875,208.77999877929688,212.3699951171875,207.83999633789062,210.3300018310547,4076400
2023-08-16,203.11256408691406,206.99000549316406,209.69000244140625,206.9499969482422,208.0,2759600
2023-08-17,200.0215606689453,203.83999633789062,206.92999267578125,203.38999938964844,206.57000732421875,4062700
2023-08-18,200.9929962158203,204.8300018310547,205.5,200.1999969482422,200.97000122070312,4267200
2023-08-21,205.11431884765625,209.02999877929688,209.4199981689453,204.22000122070312,206.0,4023300
2023-08-22,202.88685607910156,206.75999450683594,210.11000061035156,206.0,209.85000610351562,3153200
2023-08-23,205.2124481201172,209.1300048828125,210.99000549316406,207.13999938964844,208.0,3833200
2023-08-24,201.6602783203125,205.50999450683594,211.99000549316406,205.44000244140625,211.00999450683594,3960300
2023-08-25,205.54608154296875,209.47000122070312,210.7899932861328,205.47999572753906,205.50999450683594,3068800
2023-08-28,207.75392150878906,211.72000122070312,213.47999572753906,209.63999938964844,210.4499969482422,4086900
2023-08-29,207.98947143554688,211.9600067138672,212.4600067138672,206.52000427246094,206.75,5850400
2023-08-30,211.01171875,215.0399932861328,215.58999633789062,209.42999267578125,211.77000427246094,9946000
2023-08-31,217.31146240234375,221.4600067138672,228.7899932861328,221.1999969482422,228.0,19268400
2023-09-01,217.38015747070312,221.52999877929688,223.97000122070312,220.52000427246094,223.5,5600900
2023-09-05,214.59336853027344,218.69000244140625,220.32000732421875,217.61000061035156,219.3300018310547,5807300
2023-09-06,217.4684600830078,221.6199951171875,222.2100067138672,219.02000427246094,219.47000122070312,5066700
2023-09-07,218.36143493652344,222.52999877929688,222.72999572753906,219.30999755859375,219.77000427246094,4201900
2023-09-08,220.54966735839844,224.75999450683594,225.47000122070312,222.86000061035156,223.32000732421875,4578900
2023-09-11,221.08935546875,225.30999755859375,226.8300018310547,222.7899932861328,226.00999450683594,4418000
2023-09-12,217.5077362060547,221.66000366210938,224.7899932861328,221.25999450683594,223.4499969482422,4002300
2023-09-13,214.70130920410156,218.8000030517578,221.86000061035156,218.3000030517578,221.17999267578125,4173600
2023-09-14,214.6816864013672,218.77999877929688,220.57000732421875,218.33999633789062,219.4199981689453,4297200
2023-09-15,210.58978271484375,214.61000061035156,219.19000244140625,213.4600067138672,218.8699951171875,9939000
2023-09-18,210.97247314453125,215.0,216.3800048828125,214.17999267578125,214.55999755859375,4279400
2023-09-19,211.65936279296875,215.6999969482422,216.05999755859375,212.25999450683594,214.38999938964844,4001500
2023-09-20,209.0393829345703,213.02999877929688,217.17999267578125,212.9199981689453,215.1999969482422,2990900
2023-09-21,204.7021942138672,208.61000061035156,211.88999938964844,208.07000732421875,209.8000030517578,4957300
2023-09-22,202.5630340576172,206.42999267578125,209.72000122070312,205.8800048828125,209.30999755859375,3848300
2023-09-25,202.47471618652344,206.33999633789062,206.52999877929688,203.8699951171875,205.0,4067300
2023-09-26,198.69683837890625,202.49000549316406,206.44000244140625,201.27999877929688,205.47000122070312,5404500
2023-09-27,198.9323272705078,202.72999572753906,203.92999267578125,200.94000244140625,202.99000549316406,4123800
2023-09-28,199.39352416992188,203.1999969482422,205.14999389648438,199.5500030517578,200.75999450683594,4344000
2023-09-29,198.98138427734375,202.77999877929688,207.7899932861328,202.10000610351562,205.0800018310547,4405100
2023-10-02,199.89398193359375,203.7100067138672,205.11000061035156,200.52000427246094,200.8000030517578,3745700
2023-10-03,196.08665466308594,199.8300018310547,203.57000732421875,197.4199981689453,202.75,4622400
2023-10-04,198.0884246826172,201.8699951171875,202.74000549316406,199.50999450683594,200.8800048828125,3656400
2023-10-05,198.22581481933594,202.00999450683594,202.14999389648438,198.49000549316406,202.0,3592600
2023-10-06,203.47560119628906,207.36000061035156,208.27000427246094,199.88999938964844,200.47999572753906,4989200
2023-10-09,203.33824157714844,207.22000122070312,208.27999877929688,204.69000244140625,204.88999938964844,2781100
2023-10-10,203.00457763671875,206.8800048828125,209.22000122070312,206.25999450683594,207.63999938964844,4503500
2023-10-11,202.97515869140625,206.85000610351562,209.1999969482422,204.41000366210938,207.22999572753906,3971000
2023-10-12,201.8270721435547,205.67999267578125,208.5800018310547,203.27000427246094,207.8300018310547,3548500
2023-10-13,200.75747680664062,204.58999633789062,207.13999938964844,203.2100067138672,205.11000061035156,3677500
2023-10-16,204.62368774414062,208.52999877929688,209.49000549316406,205.0399932861328,205.83999633789062,3623200
2023-10-17,205.9091339111328,209.83999633789062,211.94000244140625,206.0,206.49000549316406,4006100
2023-10-18,200.9929962158203,204.8300018310547,209.6300048828125,204.19000244140625,208.8800048828125,3380800
2023-10-19,204.41761779785156,208.32000732421875,210.9499969482422,205.52999877929688,206.4499969482422,4995900
2023-10-20,199.91360473632812,203.72999572753906,208.11000061035156,202.1199951171875,207.36000061035156,5539100
2023-10-23,198.2160186767578,202.0,203.57000732421875,197.85000610351562,199.89999389648438,4564100
2023-10-24,200.3944549560547,204.22000122070312,204.63999938964844,200.92999267578125,203.72999572753906,3959600
2023-10-25,193.36854553222656,197.05999755859375,203.74000549316406,195.42999267578125,203.1999969482422,4490000
2023-10-26,192.57376098632812,196.25,199.66000366210938,193.67999267578125,197.4199981689453,5149100
2023-10-27,192.8877410888672,196.57000732421875,198.30999755859375,195.41000366210938,197.3000030517578,3168600
2023-10-30,195.53713989257812,199.27000427246094,200.5800018310547,197.0800018310547,199.0,3438300
2023-10-31,197.06793212890625,200.8300018310547,201.91000366210938,198.66000366210938,200.4199981689453,3425400
2023-11-01,200.0902557373047,203.91000366210938,204.49000549316406,200.49000549316406,200.9199981689453,3593600
2023-11-02,204.21157836914062,208.11000061035156,208.25999450683594,205.9499969482422,206.30999755859375,4963600
2023-11-03,203.58352661132812,207.47000122070312,210.17999267578125,207.1999969482422,209.38999938964844,3861900
2023-11-06,203.53445434570312,207.4199981689453,208.47999572753906,204.69000244140625,208.2100067138672,3729700
2023-11-07,207.87167358398438,211.83999633789062,213.33999633789062,208.9600067138672,209.5,5467100
2023-11-08,207.5086212158203,211.47000122070312,212.52000427246094,209.64999389648438,212.4199981689453,3433500
2023-11-09,206.07594299316406,210.00999450683594,213.5800018310547,209.07000732421875,213.57000732421875,4731400
2023-11-10,209.628173828125,213.6300048828125,214.27000427246094,208.83999633789062,209.39999389648438,4112600
2023-11-13,211.24725341796875,215.27999877929688,216.13999938964844,211.75999450683594,212.57000732421875,3306600
2023-11-14,217.03671264648438,221.17999267578125,221.25,217.9499969482422,219.0,4743800
2023-11-15,215.3096923828125,219.4199981689453,221.3699951171875,217.66000366210938,220.75,4800700
2023-11-16,217.30165100097656,221.4499969482422,222.77000427246094,218.94000244140625,220.0,3712300
2023-11-17,217.0759735107422,221.22000122070312,222.7899932861328,220.3800048828125,221.1699981689453,3634900
2023-11-20,220.9127197265625,225.1300048828125,226.10000610351562,220.6199951171875,221.42999267578125,4599300
2023-11-21,220.117919921875,224.32000732421875,225.97000122070312,223.5399932861328,224.0,3852300
2023-11-22,219.6468963623047,223.83999633789062,225.69000244140625,223.2100067138672,224.3000030517578,3893600
2023-11-24,220.17678833007812,224.3800048828125,224.49000549316406,222.1199951171875,224.36000061035156,1869100
2023-11-27,220.57908630371094,224.7899932861328,226.22000122070312,224.25,225.5,4885500
2023-11-28,220.7066650390625,224.9199981689453,225.52999877929688,222.22999572753906,223.61000061035156,5535300
2023-11-29,226.03497314453125,230.35000610351562,231.5,227.25999450683594,228.61000061035156,12327400
2023-11-30,247.1812744140625,251.89999389648438,252.5,243.64999389648438,249.0500030517578,24425700
2023-12-01,255.12950134277344,260.0,263.42999267578125,249.6999969482422,250.0,14538200
2023-12-04,245.96450805664062,250.66000366210938,255.1199951171875,249.85000610351562,252.8000030517578,11429200
2023-12-05,246.31776428222656,251.02000427246094,251.6699981689453,248.63999938964844,249.99000549316406,5771500
2023-12-06,244.4631805419922,249.1300048828125,253.97999572753906,248.85000610351562,251.52000427246094,5374800
2023-12-07,244.1884002685547,248.85000610351562,250.72999572753906,246.88999938964844,248.75,6568200
2023-12-08,246.11167907714844,250.80999755859375,252.08999633789062,248.0,248.5500030517578,4605800
2023-12-11,247.3775177001953,252.10000610351562,253.52000427246094,249.7100067138672,250.0,4766000
2023-12-12,251.6460418701172,256.45001220703125,256.5799865722656,251.02000427246094,251.8000030517578,5827600
2023-12-13,252.49974060058594,257.32000732421875,259.1199951171875,255.16000366210938,257.510009765625,6567600
2023-12-14,252.3917694091797,257.2099914550781,258.7699890136719,253.22000122070312,256.5,6613200
2023-12-15,256.6995544433594,261.6000061035156,262.30999755859375,254.50999450683594,255.00999450683594,13739500
2023-12-18,258.6522521972656,263.5899963378906,265.5899963378906,259.67999267578125,259.82000732421875,7498500
2023-12-19,259.38818359375,264.3399963378906,266.5799865722656,263.739990234375,265.4700012207031,4665500
2023-12-20,255.37481689453125,260.25,264.9200134277344,260.0799865722656,261.6600036621094,4510500
2023-12-21,262.2436828613281,267.25,268.3599853515625,264.239990234375,264.75,5160700
2023-12-22,261.35076904296875,266.3399963378906,268.1499938964844,265.29998779296875,267.260009765625,3110600
2023-12-26,261.2330017089844,266.2200012207031,266.5299987792969,264.6199951171875,265.5299987792969,3218800
2023-12-27,261.7236328125,266.7200012207031,267.010009765625,265.3999938964844,265.94000244140625,3387000
2023-12-28,260.60498046875,265.5799865722656,266.9200134277344,265.29998779296875,266.5,2958700
2023-12-29,258.21075439453125,263.1400146484375,265.6499938964844,262.6499938964844,265.010009765625,3706600
2024-01-02,251.33203125,256.1300048828125,260.55999755859375,253.77000427246094,260.5400085449219,4741400
2024-01-03,247.1223907470703,251.83999633789062,254.16000366210938,251.77000427246094,253.5,5097100
2024-01-04,246.53363037109375,251.24000549316406,252.63999938964844,249.83999633789062,251.8300018310547,4489800
2024-01-05,246.41586303710938,251.1199951171875,253.91000366210938,250.1699981689453,251.2100067138672,3676000
2024-01-08,255.9832305908203,260.8699951171875,261.55999755859375,251.38999938964844,252.2100067138672,6626000
2024-01-09,256.4444274902344,261.3399963378906,263.92999267578125,258.7799987792969,259.5,4571800
2024-01-10,259.1821594238281,264.1300048828125,266.4599914550781,262.75,263.2699890136719,5128300
2024-01-11,266.29632568359375,271.3800048828125,272.9599914550781,265.1000061035156,268.0,9012600
2024-01-12,266.8360290527344,271.92999267578125,275.239990234375,271.05999755859375,271.2300109863281,4847600
2024-01-16,264.1474304199219,269.19000244140625,271.57000732421875,267.7200012207031,269.70001220703125,5858700
2024-01-17,266.355224609375,271.44000244140625,271.8999938964844,264.1300048828125,268.2900085449219,4706500
2024-01-18,269.31866455078125,274.4599914550781,275.69000244140625,272.1400146484375,273.0,4752400
2024-01-19,275.6183776855469,280.8800048828125,282.0,275.5299987792969,276.510009765625,7413600
2024-01-22,275.04925537109375,280.29998779296875,285.7200012207031,280.1700134277344,283.7900085449219,6735900
2024-01-23,271.5853576660156,276.7699890136719,281.7099914550781,275.7099914550781,280.8299865722656,6573800
2024-01-24,271.6933288574219,276.8800048828125,280.9599914550781,276.69000244140625,279.9800109863281,7037800
2024-01-25,273.8030700683594,279.0299987792969,279.8500061035156,276.8599853515625,278.6099853515625,4178000
2024-01-26,274.69598388671875,279.94000244140625,283.3399963378906,278.69000244140625,279.2799987792969,4877400
2024-01-29,282.4676208496094,287.8599853515625,288.1499938964844,281.0,281.3999938964844,5762300
2024-01-30,282.3401184082031,287.7300109863281,289.2900085449219,286.5199890136719,287.6300048828125,4810900
2024-01-31,275.824462890625,281.0899963378906,285.6300048828125,280.82000732421875,284.04998779296875,4557300
2024-02-01,278.4836730957031,283.79998779296875,285.04998779296875,281.3599853515625,282.010009765625,3218300
2024-02-02,280.308837890625,285.6600036621094,288.1600036621094,283.1600036621094,285.20001220703125,3629600
2024-02-05,282.712890625,288.1099853515625,289.04998779296875,281.3599853515625,286.25,5274800
2024-02-06,280.47564697265625,285.8299865722656,288.6400146484375,281.9100036621094,287.94000244140625,4207200
2024-02-07,283.42926025390625,288.8399963378906,289.79998779296875,285.20001220703125,287.3500061035156,3621400
2024-02-08,286.4809875488281,291.95001220703125,293.1099853515625,288.9800109863281,289.29998779296875,4488400
2024-02-09,285.8431701660156,291.29998779296875,295.239990234375,291.04998779296875,293.25,4376300
2024-02-12,281.9377136230469,287.32000732421875,291.0,287.0,290.82000732421875,3750000
2024-02-13,275.88336181640625,281.1499938964844,283.42999267578125,276.4200134277344,280.4100036621094,4956600
2024-02-14,283.73345947265625,289.1499938964844,289.4599914550781,284.6400146484375,285.0,3850700
2024-02-15,286.47119140625,291.94000244140625,292.0,288.010009765625,291.3399963378906,3986500
2024-02-16,284.2928161621094,289.7200012207031,292.07000732421875,287.8800048828125,292.0,4159400
2024-02-20,281.025146484375,286.3900146484375,290.8500061035156,284.1499938964844,289.5,4295500
2024-02-21,278.2383117675781,283.54998779296875,283.57000732421875,278.3599853515625,280.07000732421875,3797200
2024-02-22,288.1491394042969,293.6499938964844,294.6300048828125,291.3999938964844,292.0,5264300
2024-02-23,287.3150634765625,292.79998779296875,298.0,291.0799865722656,298.0,4416800
2024-02-26,294.7629089355469,300.3900146484375,303.8299865722656,295.0,295.5899963378906,8719300
2024-02-27,293.88958740234375,299.5,301.75,296.6000061035156,301.5799865722656,6178800
2024-02-28,294.1545104980469,299.7699890136719,300.8800048828125,296.6099853515625,299.5799865722656,12490800
2024-02-29,303.03497314453125,308.82000732421875,310.5400085449219,294.7900085449219,300.0,21737800
2024-03-01,310.9440612792969,316.8800048828125,318.7099914550781,306.6199951171875,307.0,9450200
2024-03-04,308.74603271484375,314.6400146484375,317.6499938964844,313.5400085449219,314.57000732421875,9350000
2024-03-05,293.1535949707031,298.75,312.54998779296875,296.1400146484375,311.30999755859375,9015300
2024-03-06,298.07958984375,303.7699890136719,305.8900146484375,302.739990234375,304.6499938964844,8270000
2024-03-07,296.7548522949219,302.4200134277344,306.7699890136719,301.75,306.0,6788900
2024-03-08,299.56134033203125,305.2799987792969,308.8699951171875,302.20001220703125,302.20001220703125,4851600
2024-03-11,300.267822265625,306.0,307.6099853515625,300.25,302.6400146484375,4895500
2024-03-12,300.876220703125,306.6199951171875,309.0400085449219,303.8699951171875,306.7099914550781,4832000
2024-03-13,299.36309814453125,304.67999267578125,307.7300109863281,303.1099853515625,305.0,5548800
2024-03-14,298.0268249511719,303.32000732421875,309.489990234375,302.0,305.0,4828800
2024-03-15,289.1937255859375,294.3299865722656,300.04998779296875,293.7699890136719,298.9599914550781,11885100
2024-03-18,295.2658996582031,300.510009765625,300.9700012207031,296.0199890136719,299.6199951171875,5240500
2024-03-19,296.1894836425781,301.45001220703125,301.7699890136719,296.6199951171875,298.17999267578125,3329900
2024-03-20,300.73858642578125,306.0799865722656,307.0199890136719,300.69000244140625,301.9700012207031,4946600
2024-03-21,303.0083923339844,308.3900146484375,311.79998779296875,306.3500061035156,307.94000244140625,6083900
2024-03-22,302.399169921875,307.7699890136719,310.2300109863281,306.6499938964844,309.32000732421875,3779000
2024-03-25,300.718994140625,306.05999755859375,307.7099914550781,302.5400085449219,303.70001220703125,4141200
2024-03-26,300.49298095703125,305.8299865722656,307.9800109863281,304.8900146484375,307.4800109863281,3893900
2024-03-27,296.1206970214844,301.3800048828125,309.29998779296875,298.6300048828125,307.44000244140625,3859900
2024-03-28,295.9241638183594,301.17999267578125,302.79998779296875,299.6300048828125,300.0,4892300
2024-04-01,296.9853820800781,302.260009765625,303.510009765625,299.989990234375,301.69000244140625,2918100
2024-04-02,298.6949462890625,304.0,304.4599914550781,294.8900146484375,297.5,4746100
2024-04-03,299.42205810546875,304.739990234375,307.1600036621094,303.1000061035156,303.989990234375,3047400
2024-04-04,289.0070495605469,294.1400146484375,311.29998779296875,292.1000061035156,308.260009765625,8351000
2024-04-05,296.6414489746094,301.9100036621094,303.4200134277344,293.29998779296875,293.5400085449219,4918200
2024-04-08,296.4645690917969,301.7300109863281,303.5,299.5199890136719,301.1000061035156,3142900
2024-04-09,297.0934143066406,302.3699951171875,305.6000061035156,299.25,303.32000732421875,2997700
2024-04-10,294.391357421875,299.6199951171875,300.9200134277344,298.1499938964844,298.45001220703125,3036400
2024-04-11,293.9295959472656,299.1499938964844,301.0899963378906,296.4100036621094,299.4700012207031,3468600
2024-04-12,289.1838684082031,294.32000732421875,297.8500061035156,293.5,296.8699951171875,3820000
2024-04-15,268.1376647949219,272.8999938964844,286.4800109863281,271.6600036621094,282.94000244140625,18365100
2024-04-16,272.5689697265625,277.4100036621094,280.55999755859375,272.44000244140625,274.7799987792969,7624300
2024-04-17,271.49798583984375,276.32000732421875,278.9700012207031,274.8399963378906,277.739990234375,4199400
2024-04-18,267.1748046875,271.9200134277344,276.3299865722656,269.75,276.32000732421875,5918200
2024-04-19,265.6518249511719,270.3699951171875,273.1499938964844,268.7300109863281,272.489990234375,4913600
2024-04-22,269.0317687988281,273.80999755859375,279.70001220703125,269.55999755859375,279.3900146484375,6747200
2024-04-23,271.8516845703125,276.67999267578125,276.70001220703125,270.4100036621094,274.95001220703125,6285200
2024-04-24,271.3702392578125,276.19000244140625,278.94000244140625,274.1099853515625,278.0,3938800
2024-04-25,268.3735046386719,273.1400146484375,273.5799865722656,269.2799987792969,271.6000061035156,4811900
2024-04-26,269.50341796875,274.2900085449219,276.8999938964844,273.4599914550781,275.0,3754600
2024-04-29,270.9281005859375,275.739990234375,277.2900085449219,273.2200012207031,274.8900146484375,3576400
2024-04-30,264.2467956542969,268.94000244140625,274.6099853515625,268.3599853515625,274.510009765625,5218000
2024-05-01,264.0010986328125,268.69000244140625,274.0,266.54998779296875,269.0199890136719,3761000
2024-05-02,267.3811340332031,272.1300048828125,273.0799865722656,267.94000244140625,270.42999267578125,3859900
2024-05-03,268.8844299316406,273.6600036621094,277.6700134277344,273.3500061035156,276.82000732421875,4041600
2024-05-06,270.820068359375,275.6300048828125,277.1300048828125,274.05999755859375,276.1700134277344,3744800
2024-05-07,272.34295654296875,277.17999267578125,278.8800048828125,274.07000732421875,275.5899963378906,3507700
2024-05-08,274.1017761230469,278.9700012207031,279.94000244140625,275.7300109863281,275.7300109863281,3283300
2024-05-09,270.3680419921875,275.1700134277344,275.3500061035156,271.07000732421875,272.1700134277344,4709700
2024-05-10,271.8419189453125,276.6700134277344,279.6400146484375,274.9700012207031,276.1000061035156,2912300
2024-05-13,272.6770935058594,277.5199890136719,277.79998779296875,275.19000244140625,277.1400146484375,2998700
2024-05-14,271.9695739746094,276.79998779296875,278.8599853515625,275.0400085449219,276.9599914550781,3056800
2024-05-15,282.52215576171875,287.5400085449219,287.79998779296875,279.7300109863281,279.739990234375,5828500
2024-05-16,279.7121276855469,284.67999267578125,290.0199890136719,284.5799865722656,289.4200134277344,3559200
2024-05-17,280.62591552734375,285.6099853515625,287.3399963378906,284.260009765625,287.0400085449219,3478900
2024-05-20,282.0603942871094,287.07000732421875,287.7200012207031,285.1099853515625,286.0,2799300
2024-05-21,278.8081970214844,283.760009765625,287.2200012207031,283.2900085449219,286.7900085449219,3492100
2024-05-22,278.8670959472656,283.82000732421875,287.0899963378906,282.8299865722656,283.4100036621094,3309200
2024-05-23,273.7087097167969,278.57000732421875,287.0,277.4599914550781,286.67999267578125,5456600
2024-05-24,267.538330078125,272.2900085449219,274.9599914550781,268.5299987792969,270.92999267578125,8325100
2024-05-28,265.1212158203125,269.8299865722656,273.2300109863281,267.1600036621094,273.1000061035156,9294100
2024-05-29,266.8800048828125,271.6199951171875,272.8699951171875,267.7699890136719,268.0,13397900
2024-05-30,214.20553588867188,218.00999450683594,225.08999633789062,212.0,223.39999389648438,66763300
2024-05-31,230.3488311767578,234.44000244140625,234.6199951171875,216.05999755859375,219.11000061035156,36807400
2024-06-03,232.4907989501953,236.6199951171875,240.99000549316406,230.2100067138672,234.6199951171875,19962700
2024-06-04,230.761474609375,234.86000061035156,240.58999633789062,232.1999969482422,235.72000122070312,11197500
2024-06-05,232.40235900878906,236.52999877929688,236.9199981689453,231.5500030517578,235.63999938964844,10772100
2024-06-06,238.52365112304688,242.75999450683594,246.75,239.4499969482422,239.8800048828125,11693800
2024-06-07,237.62953186035156,241.85000610351562,243.92999267578125,240.2899932861328,242.3300018310547,6883800
2024-06-10,237.6197052001953,241.83999633789062,243.63999938964844,240.42999267578125,241.7899932861328,7656900
2024-06-11,236.7845458984375,240.99000549316406,243.75,236.25999450683594,241.16000366210938,7264400
2024-06-12,231.68508911132812,235.8000030517578,242.1999969482422,234.88999938964844,240.55999755859375,10260100
2024-06-13,225.0332489013672,229.02999877929688,235.64999389648438,228.66000366210938,235.52000427246094,13566700
2024-06-14,227.89248657226562,231.94000244140625,235.25,229.1999969482422,229.35000610351562,8833700
2024-06-17,226.4579315185547,230.47999572753906,231.83999633789062,227.77000427246094,230.27999877929688,10563700
2024-06-18,227.76470947265625,231.80999755859375,232.2899932861328,229.22999572753906,230.47999572753906,7119800
2024-06-20,237.5803985595703,241.8000030517578,243.77000427246094,232.85000610351562,232.85000610351562,14809600
2024-06-21,240.78350830078125,245.05999755859375,245.3699951171875,240.19000244140625,240.57000732421875,15719600
2024-06-24,235.75286865234375,239.94000244140625,244.41000366210938,239.80999755859375,243.19000244140625,7545700
2024-06-25,237.54107666015625,241.75999450683594,243.10000610351562,239.8699951171875,241.77999877929688,6037800
2024-06-26,238.90684509277344,243.14999389648438,243.61000061035156,239.89999389648438,241.47000122070312,4524700
2024-06-27,248.4375762939453,252.85000610351562,258.6000061035156,244.4499969482422,245.0,12869000
2024-06-28,252.6134033203125,257.1000061035156,260.17999267578125,253.17999267578125,253.5,12619300
2024-07-01,251.73892211914062,256.2099914550781,259.4800109863281,254.52999877929688,258.1499938964844,5871700
2024-07-02,251.7192840576172,256.19000244140625,257.7300109863281,254.05999755859375,255.0500030517578,5130600
2024-07-03,256.396240234375,260.95001220703125,261.2200012207031,256.94000244140625,256.9800109863281,4755700
2024-07-05,258.59710693359375,263.19000244140625,265.80999755859375,261.32000732421875,262.7200012207031,6562100
2024-07-08,252.8787078857422,257.3699951171875,262.8399963378906,257.19000244140625,261.3800048828125,6539300
2024-07-09,248.41098022460938,252.42999267578125,257.0,251.08999633789062,256.0899963378906,7014900
2024-07-10,248.56842041015625,252.58999633789062,254.8000030517578,246.11000061035156,251.1999969482422,8947700
2024-07-11,247.121826171875,251.1199951171875,255.4199981689453,250.9199981689453,252.60000610351562,5341800
2024-07-12,249.92645263671875,253.97000122070312,255.2899932861328,249.69000244140625,251.6199951171875,4705500
2024-07-15,248.83412170410156,252.86000061035156,256.3900146484375,252.1199951171875,256.0199890136719,4404300
2024-07-16,251.95362854003906,256.0299987792969,256.7799987792969,252.6699981689453,253.77999877929688,4780400
2024-07-17,247.22023010253906,251.22000122070312,255.57000732421875,249.61000061035156,254.0,5625300
2024-07-18,243.41184997558594,247.35000610351562,252.4499969482422,245.72000122070312,252.13999938964844,6351600
2024-07-19,243.68740844726562,247.6300048828125,248.99000549316406,245.1699981689453,248.64999389648438,4468900
2024-07-22,250.03468322753906,254.0800018310547,255.5800018310547,248.0,248.75,5647600
2024-07-23,251.983154296875,256.05999755859375,257.3299865722656,253.75,256.5899963378906,3905500
2024-07-24,245.8031463623047,249.77999877929688,255.91000366210938,248.89999389648438,253.6300048828125,5204100
2024-07-25,252.4358367919922,256.5199890136719,264.0799865722656,251.72000122070312,254.74000549316406,7155800
2024-07-26,258.5273132324219,262.7099914550781,264.489990234375,257.07000732421875,258.1700134277344,6127300
2024-07-29,254.472900390625,258.5899963378906,266.0799865722656,258.5199890136719,262.7099914550781,5101400
2024-07-30,253.82337951660156,257.92999267578125,260.75,255.1199951171875,259.6199951171875,3944300
2024-07-31,254.67955017089844,258.79998779296875,261.8299865722656,255.35000610351562,256.2099914550781,4647700
2024-08-01,249.03094482421875,253.05999755859375,263.3599853515625,249.74000549316406,259.8999938964844,5527400
2024-08-02,240.08566284179688,243.97000122070312,248.0,241.1199951171875,247.7899932861328,6504500
2024-08-05,235.2046356201172,239.00999450683594,241.82000732421875,232.2100067138672,232.32000732421875,6899300
2024-08-06,234.62403869628906,238.4199981689453,243.85000610351562,238.02999877929688,241.08999633789062,5673900
2024-08-07,236.21823120117188,240.0399932861328,246.52999877929688,239.66000366210938,242.61000061035156,4035500
2024-08-08,245.15367126464844,249.1199951171875,249.42999267578125,243.0800018310547,243.24000549316406,4474300
2024-08-09,248.5093994140625,252.52999877929688,252.9499969482422,248.4499969482422,248.6999969482422,2975300
2024-08-12,247.30882263183594,251.30999755859375,254.08999633789062,249.02000427246094,252.60000610351562,3679700
2024-08-13,250.54640197753906,254.60000610351562,255.77999877929688,253.0,253.0,4031600
2024-08-14,251.2549591064453,255.32000732421875,257.7099914550781,253.86000061035156,255.38999938964844,4145200
2024-08-15,258.6060485839844,262.7900085449219,262.8900146484375,256.239990234375,257.8999938964844,5167900
2024-08-16,258.72412109375,262.9100036621094,263.6000061035156,259.67999267578125,261.75,3494900
2024-08-19,261.15478515625,265.3800048828125,265.3900146484375,261.6300048828125,263.1000061035156,4501300
2024-08-20,257.671142578125,261.8399963378906,265.5,261.0299987792969,264.95001220703125,5731300
2024-08-21,256.93310546875,261.0899963378906,262.1400146484375,259.17999267578125,261.1000061035156,4648200
2024-08-22,254.472900390625,258.5899963378906,263.260009765625,257.2699890136719,261.5,5111400
2024-08-23,259.7967529296875,264.0,265.6000061035156,260.70001220703125,261.989990234375,4711300
2024-08-26,261.05633544921875,265.2799987792969,267.29998779296875,263.239990234375,263.94000244140625,3818300
2024-08-27,259.9935302734375,264.20001220703125,264.4599914550781,259.3999938964844,259.6499938964844,5276400
2024-08-28,254.7779541015625,258.8999938964844,265.17999267578125,257.3599853515625,261.8299865722656,10981900
2024-08-29,252.91806030273438,257.010009765625,271.95001220703125,256.2799987792969,271.010009765625,14301700
2024-08-30,248.87347412109375,252.89999389648438,259.1300048828125,251.0,257.44000244140625,10507700
2024-09-03,244.1105499267578,248.05999755859375,253.69000244140625,246.63999938964844,252.6199951171875,6190400
2024-09-04,243.73658752441406,247.67999267578125,249.47999572753906,245.16000366210938,246.47000122070312,4706500
2024-09-05,242.20143127441406,246.1199951171875,248.5,245.0,245.97999572753906,4083600
2024-09-06,240.08566284179688,243.97000122070312,250.0,241.44000244140625,247.74000549316406,6259400
2024-09-09,241.84716796875,245.75999450683594,249.36000061035156,244.77000427246094,246.5,4588800
2024-09-10,242.24078369140625,246.16000366210938,247.33999633789062,243.30999755859375,247.1300048828125,3544800
2024-09-11,245.5965118408203,249.57000732421875,250.02000427246094,242.00999450683594,244.80999755859375,4822200
2024-09-12,249.3360137939453,253.3699951171875,254.13999938964844,249.57000732421875,251.38999938964844,5219700
2024-09-13,250.51690673828125,254.57000732421875,256.8299865722656,252.4499969482422,252.5399932861328,4998900
2024-09-16,252.81964111328125,256.9100036621094,257.80999755859375,254.57000732421875,254.57000732421875,5367000
2024-09-17,251.12704467773438,255.19000244140625,259.3699951171875,254.75999450683594,258.7200012207031,5423400
2024-09-18,248.8009796142578,252.42999267578125,256.1199951171875,250.9600067138672,256.0,4436700
2024-09-19,262.1660461425781,265.989990234375,269.5400085449219,258.04998779296875,260.7200012207031,11022800
2024-09-20,262.9643859863281,266.79998779296875,270.32000732421875,261.32000732421875,266.010009765625,11463200
2024-09-23,260.4115905761719,264.2099914550781,268.05999755859375,262.239990234375,267.25,6034000
2024-09-24,266.55206298828125,270.44000244140625,272.4599914550781,266.2900085449219,269.8299865722656,7154500
2024-09-25,270.1495666503906,274.0899963378906,277.04998779296875,269.3800048828125,270.45001220703125,7920000
2024-09-26,271.7955322265625,275.760009765625,278.6400146484375,272.7099914550781,276.1300048828125,5253400
2024-09-27,272.6628723144531,276.6400146484375,277.8399963378906,275.05999755859375,276.260009765625,5220100
2024-09-30,269.7750244140625,273.7099914550781,275.739990234375,269.1400146484375,273.95001220703125,5059700
2024-10-01,266.9758605957031,270.8699951171875,274.70001220703125,269.69000244140625,274.1400146484375,4369900
2024-10-02,275.46209716796875,279.4800109863281,282.0,270.8500061035156,273.7200012207031,8512300
2024-10-03,276.87152099609375,280.9100036621094,281.1199951171875,277.7300109863281,278.989990234375,3868400
2024-10-04,283.6131591796875,287.75,287.8900146484375,281.4700012207031,283.8599853515625,6129900
2024-10-07,280.47894287109375,284.57000732421875,288.1700134277344,283.3800048828125,286.5799865722656,4794700
2024-10-08,287.3782958984375,291.57000732421875,292.6300048828125,284.1000061035156,286.0,5211200
2024-10-09,283.7807312011719,287.9200134277344,291.57000732421875,287.0799865722656,290.82000732421875,4851000
2024-10-10,285.9984130859375,290.1700134277344,290.2300109863281,284.6199951171875,287.9200134277344,3965500
2024-10-11,283.95819091796875,288.1000061035156,290.239990234375,286.29998779296875,289.2099914550781,3597000
2024-10-14,287.447265625,291.6400146484375,292.45001220703125,288.25,289.9200134277344,3642500
2024-10-15,284.20458984375,288.3500061035156,293.5799865722656,288.0,293.4599914550781,3850800
2024-10-16,286.678466796875,290.8599853515625,290.9200134277344,284.2300109863281,287.54998779296875,3497000
2024-10-17,286.92486572265625,291.1099853515625,293.3399963378906,290.1000061035156,291.9599914550781,2830000
2024-10-18,288.7286071777344,292.94000244140625,294.7099914550781,290.1499938964844,292.0400085449219,3087900
2024-10-21,287.1023254394531,291.2900085449219,292.9200134277344,288.0400085449219,289.0,2712600
2024-10-22,284.1848449707031,288.3299865722656,291.94000244140625,287.6499938964844,289.75,3100100
2024-10-23,280.3409118652344,284.42999267578125,288.29998779296875,282.6199951171875,287.7300109863281,3227100
2024-10-24,282.637451171875,286.760009765625,288.9100036621094,285.17999267578125,286.55999755859375,3210700
2024-10-25,286.2841796875,290.4599914550781,294.3800048828125,288.8299865722656,290.0,3351200
2024-10-28,289.546630859375,293.7699890136719,296.07000732421875,292.489990234375,293.6000061035156,3867800
2024-10-29,294.5930480957031,298.8900146484375,300.6000061035156,292.80999755859375,294.0,4280700
2024-10-30,292.1388244628906,296.3999938964844,299.5400085449219,296.3500061035156,297.07000732421875,2826500
2024-10-31,287.1811218261719,291.3699951171875,296.0899963378906,289.54998779296875,292.6000061035156,4301800
2024-11-01,290.48297119140625,294.7200012207031,296.989990234375,290.0,290.2300109863281,3527500
2024-11-04,293.7257080078125,298.010009765625,300.17999267578125,292.9200134277344,297.989990234375,5107900
2024-11-05,293.213134765625,297.489990234375,298.80999755859375,294.739990234375,297.44000244140625,4456100
2024-11-06,302.4878845214844,306.8999938964844,308.55999755859375,303.07000732421875,305.0,5874900
2024-11-07,306.3121032714844,310.7799987792969,312.19000244140625,306.0,307.5,5722600
2024-11-08,317.321533203125,321.95001220703125,322.80999755859375,309.44000244140625,310.0299987792969,8485000
2024-11-11,336.8171691894531,341.7300109863281,344.8800048828125,325.25,325.25,13954200
2024-11-12,336.2454833984375,341.1499938964844,348.8599853515625,338.510009765625,339.2900085449219,7659700
2024-11-13,336.80731201171875,341.7200012207031,348.19000244140625,338.7699890136719,345.5,6902900
2024-11-14,326.882080078125,331.6499938964844,346.0,330.82000732421875,342.44000244140625,7630600
2024-11-15,320.5839538574219,325.260009765625,330.260009765625,324.17999267578125,326.92999267578125,7093000
2024-11-18,317.6171875,322.25,327.0,320.2099914550781,327.0,4250400
2024-11-19,318.7801818847656,323.42999267578125,324.70001220703125,316.0,319.0,5469900
2024-11-20,321.01763916015625,325.70001220703125,327.260009765625,322.010009765625,325.2900085449219,3763500
2024-11-21,330.95269775390625,335.7799987792969,342.94000244140625,328.6000061035156,331.3500061035156,8364200
2024-11-22,337.10296630859375,342.0199890136719,342.80999755859375,335.7799987792969,338.95001220703125,5649400
2024-11-25,334.2347717285156,339.1099853515625,347.8500061035156,338.2900085449219,345.0,7117200
2024-11-26,338.246337890625,343.17999267578125,343.80999755859375,339.1400146484375,341.9800109863281,4492800
2024-11-27,325.265625,330.010009765625,337.3800048828125,328.8800048828125,336.4599914550781,7471500
2024-11-29,325.2458801269531,329.989990234375,331.989990234375,327.25,329.3399963378906,3517600
2024-12-02,326.2512512207031,331.010009765625,334.5,330.1099853515625,332.0,6063400
2024-12-03,326.66522216796875,331.42999267578125,332.79998779296875,323.6499938964844,327.3999938964844,12632400
2024-12-04,362.5813293457031,367.8699951171875,369.0,356.6499938964844,366.80999755859375,24733100
2024-12-05,356.1846923828125,361.3800048828125,365.45001220703125,356.6700134277344,360.7799987792969,10942100
2024-12-06,356.7859191894531,361.989990234375,367.1499938964844,361.0899963378906,364.989990234375,5738900
2024-12-09,346.5157165527344,351.57000732421875,361.70001220703125,350.7900085449219,361.70001220703125,6475000
2024-12-10,343.8052062988281,348.82000732421875,355.489990234375,347.42999267578125,351.3500061035156,6033000
2024-12-11,349.74853515625,354.8500061035156,360.20001220703125,351.8800048828125,353.489990234375,7546600
2024-12-12,352.8827819824219,358.0299987792969,360.0,352.9200134277344,355.0,5422000
2024-12-13,349.21630859375,354.30999755859375,364.79998779296875,352.5,364.0,5538000
2024-12-16,352.0943298339844,357.2300109863281,358.07000732421875,350.55999755859375,350.7799987792969,5482300
2024-12-17,345.92431640625,350.9700012207031,357.2300109863281,349.1099853515625,356.8999938964844,6911000
2024-12-18,332.7610778808594,337.2300109863281,354.7699890136719,335.239990234375,354.5,8400000
2024-12-19,331.77435302734375,336.2300109863281,343.5299987792969,335.42999267578125,341.70001220703125,7423400
2024-12-20,339.09600830078125,343.6499938964844,346.45001220703125,331.1400146484375,332.739990234375,14932300
2024-12-23,338.35595703125,342.8999938964844,343.8500061035156,336.67999267578125,342.25,5330300
2024-12-24,339.86566162109375,344.42999267578125,344.95001220703125,340.8299865722656,343.0,1811000
2024-12-26,337.19158935546875,341.7200012207031,344.8800048828125,341.0299987792969,344.8800048828125,3483300
2024-12-27,333.9649353027344,338.45001220703125,342.2699890136719,335.2699890136719,340.3500061035156,3220400
2024-12-30,331.290771484375,335.739990234375,338.1099853515625,331.6099853515625,333.4700012207031,3411100
2024-12-31,329.8995056152344,334.3299865722656,337.1499938964844,332.4100036621094,336.2699890136719,3026000
2025-01-02,326.2781982421875,330.6600036621094,338.9200134277344,327.80999755859375,336.30999755859375,4807100
2025-01-03,328.4884948730469,332.8999938964844,333.44000244140625,329.2699890136719,332.1000061035156,4101200
2025-01-06,326.1498718261719,330.5299987792969,336.6000061035156,327.2799987792969,334.0199890136719,5785300
2025-01-07,320.6240539550781,324.92999267578125,331.5,322.9100036621094,330.5,4643100
2025-01-08,322.5679626464844,326.8999938964844,328.79998779296875,323.1099853515625,327.739990234375,3788200
2025-01-10,313.637939453125,317.8500061035156,322.7699890136719,316.0199890136719,322.7699890136719,6540000
2025-01-13,314.8417663574219,319.07000732421875,320.54998779296875,313.79998779296875,314.6000061035156,4583000
2025-01-14,319.25250244140625,323.5400085449219,329.94000244140625,321.5,325.0,5935200
2025-01-15,316.9040222167969,321.1600036621094,331.5299987792969,320.7799987792969,329.8800048828125,6042700
2025-01-16,315.7593994140625,320.0,327.7200012207031,319.54998779296875,322.94000244140625,5047700
2025-01-17,320.2589416503906,324.55999755859375,329.57000732421875,323.07000732421875,328.7200012207031,6303600
2025-01-21,322.5087585449219,326.8399963378906,329.5199890136719,322.45001220703125,329.3999938964844,6397200
2025-01-22,328.212158203125,332.6199951171875,335.2300109863281,327.2799987792969,331.25,7259300
2025-01-23,330.2251281738281,334.6600036621094,335.4599914550781,329.6000061035156,332.3299865722656,4355900
2025-01-24,329.4554748535156,333.8800048828125,338.6499938964844,331.7900085449219,336.29998779296875,3299100
2025-01-27,342.50030517578125,347.1000061035156,353.1499938964844,330.5,332.3599853515625,15661100
2025-01-28,355.1800231933594,359.95001220703125,367.0899963378906,350.4599914550781,354.7699890136719,12099300
2025-01-29,349.308837890625,354.0,360.17999267578125,351.5,358.760009765625,6266700
2025-01-30,339.01708984375,343.57000732421875,348.0,340.0,340.8999938964844,7591100
2025-01-31,337.1718444824219,341.70001220703125,349.5,340.1000061035156,348.0,5778000
2025-02-03,334.74444580078125,339.239990234375,341.4599914550781,331.260009765625,335.9700012207031,4549400
2025-02-04,339.5794982910156,344.1400146484375,346.92999267578125,338.6700134277344,345.6199951171875,4965600
2025-02-05,343.3193054199219,347.92999267578125,348.0400085449219,338.8699951171875,345.7200012207031,4521000
2025-02-06,326.4261779785156,330.80999755859375,337.4800109863281,329.1000061035156,337.4800109863281,13240600
2025-02-07,321.5121765136719,325.8299865722656,333.82000732421875,323.7200012207031,332.0,7626100
2025-02-10,322.8639831542969,327.20001220703125,331.75,326.6499938964844,327.9200134277344,5981900
2025-02-11,320.1011047363281,324.3999938964844,326.44000244140625,321.260009765625,324.0199890136719,5455900
2025-02-12,321.7983093261719,326.1199951171875,327.0,316.9700012207031,319.54998779296875,5643400
2025-02-13,325.4788818359375,329.8500061035156,330.3500061035156,323.2200012207031,326.20001220703125,4312100
2025-02-14,322.2127685546875,326.5400085449219,328.5,322.6199951171875,328.0299987792969,5879700
2025-02-18,324.6006774902344,328.9599914550781,329.1600036621094,323.0,328.5899963378906,5262100
2025-02-19,320.2293701171875,324.5299987792969,329.739990234375,322.8699951171875,329.739990234375,5012000
2025-02-20,314.2102355957031,318.42999267578125,324.45001220703125,318.2099914550781,322.239990234375,6393100
2025-02-21,305.694580078125,309.79998779296875,318.9700012207031,306.8599853515625,318.9700012207031,7353200
2025-02-24,304.2342224121094,308.32000732421875,312.7300109863281,303.5199890136719,311.510009765625,6652900
2025-02-25,301.8265686035156,305.8800048828125,308.4200134277344,300.6199951171875,306.25,7360100
2025-02-26,303.2572937011719,307.3299865722656,313.70001220703125,306.45001220703125,312.6600036621094,12638500
2025-02-27,290.9920349121094,294.8999938964844,304.9200134277344,292.6700134277344,296.3399963378906,16691400
2025-02-28,293.9029541015625,297.8500061035156,301.9800109863281,292.1499938964844,295.9599914550781,10863100
2025-03-03,289.17645263671875,293.05999755859375,303.07000732421875,291.05999755859375,301.0,6298200
2025-03-04,283.5322265625,287.3399963378906,291.6499938964844,282.239990234375,290.0,9096300
2025-03-05,288.1008605957031,291.9700012207031,292.67999267578125,285.6199951171875,287.2200012207031,6612600
2025-03-06,282.2593078613281,286.04998779296875,298.0799865722656,284.8299865722656,288.2300109863281,10396800
2025-03-07,279.1412048339844,282.8900146484375,288.30999755859375,275.1700134277344,283.17999267578125,8248100
2025-03-10,269.2835693359375,272.8999938964844,278.3500061035156,270.7200012207031,276.9700012207031,10040200
2025-03-11,273.3785705566406,277.04998779296875,280.45001220703125,272.0,273.7200012207031,8313400
2025-03-12,280.8088073730469,284.5799865722656,285.92999267578125,279.0899963378906,281.8500061035156,7463900
2025-03-13,268.138916015625,271.739990234375,282.55999755859375,269.75,282.04998779296875,9494500
2025-03-14,275.6974182128906,279.3999938964844,279.8900146484375,272.67999267578125,275.0,6976900
2025-03-17,277.029541015625,280.75,282.7300109863281,276.0799865722656,277.3699951171875,4484300
2025-03-18,275.03631591796875,278.7300109863281,280.5,275.94000244140625,280.0199890136719,5881700
2025-03-19,275.6876220703125,279.3900146484375,282.2200012207031,277.2900085449219,277.5,5245400
2025-03-20,275.3323059082031,279.0299987792969,282.8800048828125,277.05999755859375,277.05999755859375,5504700
2025-03-21,276.9012756347656,280.6199951171875,281.8500061035156,274.04998779296875,276.2099914550781,9804100
2025-03-24,282.17047119140625,285.9599914550781,286.760009765625,283.2200012207031,283.739990234375,6763800
2025-03-25,284.785400390625,288.6099853515625,290.45001220703125,285.6099853515625,285.6099853515625,4301700
2025-03-26,277.2663879394531,280.989990234375,289.0400085449219,279.5799865722656,288.3399963378906,5070300
2025-03-27,274.1285400390625,277.80999755859375,280.8999938964844,276.010009765625,280.5400085449219,3757200
2025-03-28,266.39239501953125,269.9700012207031,277.2099914550781,269.19000244140625,276.7099914550781,4973400
2025-03-31,264.8037109375,268.3599853515625,268.45001220703125,259.19000244140625,264.54998779296875,7585800
2025-04-01,266.6193542480469,270.20001220703125,270.82000732421875,265.82000732421875,268.8599853515625,4598200
2025-04-02,267.9416198730469,271.5400085449219,273.6300048828125,265.75,265.9599914550781,5396900
2025-04-03,251.8477325439453,255.22999572753906,262.57000732421875,254.4499969482422,260.1400146484375,8872600
2025-04-04,237.56948852539062,240.75999450683594,250.2899932861328,239.52999877929688,247.6999969482422,9705000
2025-04-07,240.97377014160156,244.2100067138672,252.9499969482422,230.0,230.0,11965200
2025-04-08,240.75669860839844,243.99000549316406,257.3900146484375,240.27000427246094,253.9499969482422,9340300
2025-04-09,261.6560363769531,265.1700134277344,268.1700134277344,240.89999389648438,240.89999389648438,12491100
2025-04-10,252.1347198486328,255.1199951171875,261.239990234375,248.1300048828125,260.0,9692300
2025-04-11,252.0161590576172,255.0,256.4100036621094,247.67999267578125,254.27000427246094,6089000
2025-04-14,251.5714111328125,254.5500030517578,260.0,253.13999938964844,260.0,6038100
2025-04-15,251.94696044921875,254.92999267578125,256.7200012207031,253.8000030517578,254.3699951171875,5227700
2025-04-16,246.91651916503906,249.83999633789062,256.6099853515625,246.69000244140625,251.92999267578125,7190900
2025-04-17,244.36669921875,247.25999450683594,251.55999755859375,246.8000030517578,249.77000427246094,5566900
2025-04-21,233.4954376220703,236.25999450683594,242.47999572753906,232.77000427246094,240.42999267578125,9240000
2025-04-22,240.54200744628906,243.38999938964844,244.22000122070312,235.60000610351562,238.22999572753906,7145300
2025-04-23,247.54904174804688,250.47999572753906,257.7900085449219,249.5,252.61000061035156,5818900
2025-04-24,261.6026306152344,264.70001220703125,264.9800109863281,257.0,258.20001220703125,7857600
2025-04-25,264.7157897949219,267.8500061035156,269.0299987792969,264.20001220703125,264.7200012207031,5651700
2025-04-28,262.5316467285156,265.6400146484375,269.5,263.3299865722656,268.1499938964844,4977700
2025-04-29,264.6268310546875,267.760009765625,268.5799865722656,265.1700134277344,265.3999938964844,3139800
2025-04-30,265.56573486328125,268.7099914550781,268.8699951171875,263.0,264.79998779296875,4624100
2025-05-01,266.178466796875,269.3299865722656,274.6000061035156,269.0,273.3999938964844,5208900
2025-05-02,271.8611755371094,275.0799865722656,276.32000732421875,272.25,274.4599914550781,4323400
2025-05-05,269.4398498535156,272.6300048828125,276.1700134277344,272.30999755859375,273.3699951171875,4219600
2025-05-06,270.16131591796875,273.3599853515625,274.79998779296875,268.5400085449219,269.82000732421875,4681600
2025-05-07,274.974365234375,278.2300109863281,278.7900085449219,273.7099914550781,273.7099914550781,4267600
2025-05-08,276.4666748046875,279.739990234375,283.04998779296875,278.3800048828125,279.2099914550781,4789900
2025-05-09,272.1972351074219,275.4200134277344,282.4800109863281,273.8800048828125,281.6199951171875,4324200
2025-05-12,285.4404296875,288.82000732421875,288.9700012207031,283.2300109863281,285.0,5937400
2025-05-13,285.78631591796875,289.1700134277344,292.739990234375,288.92999267578125,291.0,6711600
2025-05-14,287.3379211425781,290.739990234375,296.04998779296875,289.260009765625,293.5,7926200
2025-05-15,287.3576965332031,290.760009765625,291.9700012207031,287.95001220703125,289.57000732421875,4635600
2025-05-16,287.7431640625,291.1499938964844,292.1700134277344,289.7200012207031,291.0899963378906,3846000
2025-05-19,284.2643127441406,287.6300048828125,289.8999938964844,286.9100036621094,288.1000061035156,5781200
2025-05-20,284.6893005371094,288.05999755859375,288.44000244140625,285.2099914550781,288.0899963378906,4032300
2025-05-21,278.9768981933594,282.2799987792969,287.6300048828125,281.1099853515625,284.4100036621094,5689800
2025-05-22,280.1036071777344,283.4200134277344,286.3500061035156,281.0299987792969,282.5,6642700
2025-05-23,269.93402099609375,273.1300048828125,280.739990234375,271.6499938964844,279.0,8887800
2025-05-27,273.94647216796875,277.19000244140625,278.5799865722656,270.2900085449219,273.1700134277344,10958000
2025-05-28,272.8000793457031,276.0299987792969,278.80999755859375,273.5799865722656,277.7099914550781,12758600
2025-05-29,263.79669189453125,266.9200134277344,267.7900085449219,254.5,263.5899963378906,28053100
2025-05-30,262.2648010253906,265.3699951171875,269.739990234375,260.70001220703125,268.0799865722656,12388500
2025-06-02,258.55865478515625,261.6199951171875,263.7900085449219,259.1400146484375,263.1099853515625,9213500
2025-06-03,261.3753356933594,264.4700012207031,264.75,261.3599853515625,262.0,7838500
2025-06-04,260.0906066894531,263.1700134277344,265.5,261.6199951171875,264.19000244140625,7372500
2025-06-05,264.0140686035156,267.1400146484375,268.75,263.6400146484375,263.7099914550781,8642900
2025-06-06,271.2978820800781,274.510009765625,274.8999938964844,268.2099914550781,269.9700012207031,7507000
2025-06-09,269.0643005371094,272.25,274.20001220703125,269.6600036621094,272.8500061035156,5728300
2025-06-10,265.0814514160156,268.2200012207031,273.75,266.8399963378906,272.07000732421875,6309700
2025-06-11,262.7984924316406,265.9100036621094,269.510009765625,265.4100036621094,268.5,6568100
2025-06-12,263.78680419921875,266.9100036621094,269.0199890136719,263.3999938964844,264.70001220703125,8054000
2025-06-13,255.3763427734375,258.3999938964844,265.70001220703125,258.0,263.4800109863281,7659300
2025-06-16,260.792236328125,263.8800048828125,263.9800109863281,259.9599914550781,260.3900146484375,7177000
2025-06-17,259.68536376953125,262.760009765625,270.5,262.1000061035156,263.8500061035156,9110100
2025-06-18,256.8702087402344,259.5,265.0799865722656,257.4700012207031,264.79998779296875,7628000
2025-06-20,257.98870849609375,260.6300048828125,262.8699951171875,259.260009765625,260.69000244140625,12859200
2025-06-23,260.7405700683594,263.4100036621094,264.739990234375,258.75,260.6400146484375,9283800
2025-06-24,268.42193603515625,271.1700134277344,273.3800048828125,265.44000244140625,265.7099914550781,9713900
2025-06-25,265.0464782714844,267.760009765625,274.0,266.9800109863281,272.0,6074300
2025-06-26,267.9962463378906,270.739990234375,271.010009765625,265.1600036621094,268.7799987792969,6708000
2025-06-27,270.6491394042969,273.4200134277344,274.1700134277344,269.42999267578125,271.8599853515625,21741400
2025-06-30,269.9264831542969,272.69000244140625,276.3800048828125,270.3999938964844,274.4599914550781,8541900
2025-07-01,269.1544494628906,271.9100036621094,274.0,270.6400146484375,272.0799865722656,6256800
2025-07-02,266.4817810058594,269.2099914550781,271.7099914550781,265.6499938964844,271.5199890136719,6115200
2025-07-03,269.3919677734375,272.1499938964844,274.7300109863281,269.32000732421875,269.70001220703125,5031800
2025-07-07,267.0657653808594,269.79998779296875,274.0,268.2099914550781,271.510009765625,6283500
2025-07-08,270.87677001953125,273.6499938964844,276.79998779296875,269.7300109863281,270.7900085449219,6661200
2025-07-09,268.1744689941406,270.9200134277344,275.55999755859375,269.3699951171875,274.3599853515625,6373600
2025-07-10,261.2948913574219,263.9700012207031,271.489990234375,263.2099914550781,270.8999938964844,7244600
2025-07-11,255.4546661376953,258.07000732421875,262.95001220703125,257.260009765625,262.5799865722656,7011200
2025-07-14,257.04833984375,259.67999267578125,262.2300109863281,257.5,258.6000061035156,6533900
2025-07-15,254.9696044921875,257.5799865722656,261.80999755859375,257.2300109863281,261.0,5201500
2025-07-16,255.33590698242188,257.95001220703125,258.9800109863281,254.52000427246094,258.92999267578125,5649500
2025-07-17,257.246337890625,259.8800048828125,260.20001220703125,256.6499938964844,257.989990234375,5837400
2025-07-18,259.72100830078125,262.3800048828125,262.9800109863281,259.1199951171875,260.29998779296875,6381200
2025-07-21,259.62200927734375,262.2799987792969,264.30999755859375,261.6400146484375,263.6199951171875,6714700
2025-07-22,260.91876220703125,263.5899963378906,265.8900146484375,262.0,263.0,5001400
2025-07-23,264.511962890625,267.2200012207031,268.4800109863281,262.5,263.9200134277344,5620700
2025-07-24,264.9870910644531,267.70001220703125,269.29998779296875,265.6400146484375,267.9800109863281,5877100
2025-07-25,266.3827819824219,269.1099853515625,271.1000061035156,267.010009765625,268.010009765625,4015400
2025-07-28,267.51123046875,270.25,270.3399963378906,266.5899963378906,269.5,4533700
2025-07-29,264.68023681640625,267.3900146484375,274.0,267.30999755859375,271.6000061035156,5137100
2025-07-30,262.1263732910156,264.80999755859375,267.7699890136719,263.3299865722656,266.8699951171875,3928200
2025-07-31,255.71200561523438,258.3299865722656,265.0400085449219,257.8599853515625,265.0,7340300
2025-08-01,248.19895935058594,250.74000549316406,255.99000549316406,250.1300048828125,254.99000549316406,7646900
2025-08-04,249.76295471191406,252.32000732421875,253.5,250.63999938964844,251.0,4403500
2025-08-05,244.98187255859375,247.49000549316406,253.2899932861328,247.00999450683594,253.00999450683594,6761000
2025-08-06,246.6448516845703,249.1699981689453,250.25999450683594,247.02000427246094,249.3699951171875,5834700
2025-08-07,238.4388885498047,240.8800048828125,253.00999450683594,236.97000122070312,250.69000244140625,10010200
2025-08-08,238.0726318359375,240.50999450683594,242.9499969482422,237.8300018310547,241.2899932861328,8812000
2025-08-11,230.3219757080078,232.67999267578125,241.8699951171875,231.57000732421875,238.9199981689453,10740100
2025-08-12,229.3123016357422,231.66000366210938,233.6699981689453,226.47999572753906,233.0,13178000
2025-08-13,234.6278839111328,237.02999877929688,237.35000610351562,229.61000061035156,233.00999450683594,10209200
2025-08-14,231.0049591064453,233.3699951171875,237.0,232.8699951171875,237.0,7544800
2025-08-15,239.9830780029297,242.44000244140625,244.5,234.6300048828125,236.14999389648438,12942800
2025-08-18,241.49754333496094,243.97000122070312,244.52000427246094,239.49000549316406,239.77000427246094,8809200
2025-08-19,243.50698852539062,246.0,248.5,243.4499969482422,245.0,8642200
2025-08-20,243.95240783691406,246.4499969482422,247.57000732421875,244.4499969482422,245.6999969482422,8195100
2025-08-21,243.33871459960938,245.8300018310547,246.2899932861328,240.02000427246094,245.0399932861328,5646800
2025-08-22,245.7737579345703,248.2899932861328,249.52999877929688,244.11000061035156,245.77999877929688,6694300
2025-08-25,245.3580322265625,247.8699951171875,249.3699951171875,246.7899932861328,249.3699951171875,4957700
2025-08-26,241.26991271972656,243.74000549316406,248.8300018310547,242.85000610351562,246.6999969482422,8862300
2025-08-27,247.6248321533203,250.16000366210938,250.3699951171875,245.61000061035156,245.75,6506900
2025-08-28,251.95053100585938,254.52999877929688,255.64999389648438,250.2899932861328,252.47999572753906,8461200
2025-08-29,253.6531219482422,256.25,257.6400146484375,252.8699951171875,255.39999389648438,7363200
2025-09-02,250.2974853515625,252.86000061035156,254.99000549316406,248.75,254.82000732421875,9312500
2025-09-03,253.85107421875,256.45001220703125,258.0,250.5500030517578,255.05999755859375,17417900
2025-09-04,241.53713989257812,244.00999450683594,245.22000122070312,234.6199951171875,240.05999755859375,30967500
2025-09-05,248.21873474121094,250.75999450683594,251.1300048828125,244.36000061035156,244.8300018310547,13029400
2025-09-08,249.71343994140625,252.27000427246094,252.94000244140625,247.3000030517578,250.8000030517578,12602200
2025-09-09,249.5055694580078,252.05999755859375,255.33999633789062,251.2100067138672,251.32000732421875,10901900
2025-09-10,240.11175537109375,242.57000732421875,253.99000549316406,241.72999572753906,252.75,11363600
2025-09-11,243.78414916992188,246.27999877929688,247.1699981689453,243.5,243.6999969482422,6944900
2025-09-12,240.2998046875,242.75999450683594,247.58999633789062,241.25,246.10000610351562,8386400
2025-09-15,240.062255859375,242.52000427246094,244.7100067138672,240.83999633789062,243.25,7244600
2025-09-16,236.88478088378906,239.30999755859375,242.67999267578125,237.24000549316406,242.52000427246094,8779800
2025-09-17,240.17291259765625,242.2100067138672,243.0,239.3800048828125,239.97000122070312,10124000
2025-09-18,242.2254638671875,244.27999877929688,247.2899932861328,242.9499969482422,244.16000366210938,9344400
2025-09-19,245.01185607910156,247.08999633789062,247.1999969482422,243.35000610351562,246.02000427246094,11813900
2025-09-22,247.58998107910156,249.69000244140625,250.47999572753906,243.16000366210938,245.27999877929688,7523800
2025-09-23,242.50311279296875,244.55999755859375,251.36000061035156,244.1300048828125,249.74000549316406,7669800
2025-09-24,243.8219451904297,245.88999938964844,248.83999633789062,243.00999450683594,245.6699981689453,6707100
2025-09-25,238.92349243164062,240.9499969482422,244.66000366210938,239.49000549316406,244.5,8145500
2025-09-26,241.38262939453125,243.42999267578125,244.52999877929688,240.35000610351562,240.69000244140625,4974600
2025-09-29,243.03857421875,245.10000610351562,245.82000732421875,242.8699951171875,244.72000122070312,6373500
2025-09-30,235.0067138671875,237.0,245.2100067138672,235.80999755859375,245.0500030517578,10801100
2025-10-01,233.70773315429688,235.69000244140625,242.47000122070312,233.50999450683594,236.49000549316406,10016600
2025-10-02,236.8708953857422,238.8800048828125,239.39999389648438,233.60000610351562,235.42999267578125,7679200
2025-10-03,238.3384552001953,240.36000061035156,242.80999755859375,238.5,238.75,8849800
2025-10-06,243.71286010742188,245.77999877929688,250.47000122070312,235.41000366210938,239.3300018310547,13922600
2025-10-07,237.72366333007812,239.74000549316406,247.36000061035156,237.5500030517578,246.47999572753906,8387400
2025-10-08,238.40785217285156,240.42999267578125,241.32000732421875,235.64999389648438,239.74000549316406,7120200
2025-10-09,243.2666473388672,245.3300018310547,245.9600067138672,237.14999389648438,239.27000427246094,7929100
2025-10-10,239.6473388671875,241.67999267578125,249.0500030517578,240.72000122070312,246.52000427246094,7988300
2025-10-13,246.6578826904297,248.75,249.35000610351562,242.3699951171875,242.88999938964844,8276500
2025-10-14,237.75341796875,239.77000427246094,248.27999877929688,239.5500030517578,248.11000061035156,9123900
2025-10-15,234.59022521972656,236.5800018310547,241.32000732421875,235.89999389648438,240.8699951171875,8389200
2025-10-16,243.93101501464844,246.0,256.739990234375,242.6699981689453,253.19000244140625,24869700
2025-10-17,241.0355682373047,243.0800018310547,250.77999877929688,242.16000366210938,246.57000732421875,10851200
2025-10-20,252.14137268066406,254.27999877929688,255.39999389648438,244.3000030517578,245.0,9963900
2025-10-21,261.1946105957031,263.4100036621094,267.1300048828125,254.0,254.5,13354700
2025-10-22,254.48153686523438,256.6400146484375,262.3999938964844,256.510009765625,262.20001220703125,9370000
2025-10-23,252.9049072265625,255.0500030517578,258.55999755859375,254.1199951171875,257.6000061035156,6110100
2025-10-24,252.68675231933594,254.8300018310547,258.5,254.0,257.4200134277344,5490800
2025-10-27,253.3213653564453,255.47000122070312,258.1000061035156,254.9199981689453,257.0799865722656,4942400
2025-10-28,252.12155151367188,254.25999450683594,258.8399963378906,254.13999938964844,255.47000122070312,6435600
2025-10-29,249.3450927734375,251.4600067138672,253.57000732421875,249.0399932861328,252.0,7904200
2025-10-30,254.49142456054688,256.6499938964844,259.2799987792969,250.0,250.5,7767800
2025-10-31,258.2198181152344,260.4100036621094,261.82000732421875,252.6300048828125,254.8000030517578,6878300
2025-11-03,259.1419677734375,261.3399963378906,261.55999755859375,255.10000610351562,260.0,7054300
2025-11-04,252.30003356933594,254.44000244140625,259.260009765625,253.4600067138672,258.1499938964844,6792200
2025-11-05,250.55482482910156,252.67999267578125,256.8299865722656,252.00999450683594,254.6999969482422,5241200
2025-11-06,237.25762939453125,239.27000427246094,250.5399932861328,234.47999572753906,250.5399932861328,11041800
2025-11-07,237.86248779296875,239.8800048828125,240.97000122070312,235.7899932861328,236.14999389648438,5741500
2025-11-10,239.67709350585938,241.7100067138672,241.91000366210938,235.0800018310547,240.0,6486600
2025-11-11,242.44361877441406,244.5,245.6999969482422,241.16000366210938,241.89999389648438,5762800
2025-11-12,243.95086669921875,246.02000427246094,248.42999267578125,243.67999267578125,245.74000549316406,4278200
2025-11-13,238.40785217285156,240.42999267578125,245.89999389648438,239.91000366210938,245.25,5542100
2025-11-14,241.61070251464844,243.66000366210938,245.17999267578125,237.4199981689453,238.30999755859375,5512900
2025-11-17,235.0364532470703,237.02999877929688,242.8300018310547,235.58999633789062,242.07000732421875,5280900
2025-11-18,231.53614807128906,233.5,237.7899932861328,230.27000427246094,236.24000549316406,8045100
2025-11-19,225.9634246826172,227.8800048828125,232.27999877929688,225.05999755859375,232.0,9710700
2025-11-20,223.47451782226562,225.3699951171875,231.07000732421875,223.3000030517578,229.25,7521100
2025-11-21,225.19989013671875,227.11000061035156,228.67999267578125,221.9600067138672,224.86000061035156,7479300
2025-11-24,224.91233825683594,226.82000732421875,228.83999633789062,225.0399932861328,227.33999633789062,8563300
2025-11-25,232.1509246826172,234.1199951171875,234.6300048828125,226.52000427246094,226.8000030517578,10233000
2025-11-26,226.23114013671875,228.14999389648438,232.82000732421875,226.0,230.50999450683594,8506600
2025-11-28,228.60104370117188,230.5399932861328,232.55999755859375,228.6300048828125,229.0,3691500
2025-12-01,230.87179565429688,232.8300018310547,234.25,228.60000610351562,228.6699981689453,5634700
2025-12-02,232.73597717285156,234.7100067138672,236.64999389648438,231.6199951171875,233.02000427246094,7626200
2025-12-03,236.71224975585938,238.72000122070312,239.25999450683594,233.16000366210938,235.36000061035156,13782000
2025-12-04,245.3787384033203,247.4600067138672,248.97000122070312,237.60000610351562,243.69000244140625,20912100
2025-12-05,258.37847900390625,260.57000732421875,261.8800048828125,249.5,250.8300018310547,15852400
2025-12-08,257.3471984863281,259.5299987792969,264.2799987792969,256.3399963378906,261.8800048828125,10805400
2025-12-09,258.8246765136719,261.0199890136719,262.25,259.0,260.0,8045900
2025-12-10,261.9779357910156,264.20001220703125,265.92999267578125,259.1499938964844,260.75,8894700
2025-12-11,260.14349365234375,262.3500061035156,267.8999938964844,260.7699890136719,263.5,7783800
2025-12-12,260.0245056152344,262.2300109863281,264.489990234375,260.9100036621094,263.5199890136719,6006600
2025-12-15,252.43885803222656,254.5800018310547,262.2799987792969,253.08999633789062,261.2099914550781,10271800
2025-12-16,252.76608276367188,254.91000366210938,255.86000061035156,252.11000061035156,254.0,6145300
2025-12-17,255.9689178466797,258.1400146484375,261.9700012207031,256.25,256.3299865722656,6269000
2025-12-18,256.09405517578125,257.8500061035156,260.07000732421875,256.1600036621094,258.4200134277344,5654200
2025-12-19,258.1400146484375,259.9100036621094,262.0400085449219,255.5,260.67999267578125,20732100
2025-12-22,262.8279113769531,264.6300048828125,264.6300048828125,258.4100036621094,260.6199951171875,5664200
2025-12-23,261.6360168457031,263.42999267578125,264.239990234375,260.5199890136719,262.7200012207031,4745100
2025-12-24,263.4535827636719,265.260009765625,266.29998779296875,262.54998779296875,263.2300109863281,2076600
2025-12-26,264.26800537109375,266.0799865722656,267.9100036621094,264.79998779296875,264.79998779296875,2456400
2025-12-29,264.4169921875,266.2300109863281,269.1099853515625,264.7099914550781,264.7099914550781,4300100
2025-12-30,264.109130859375,265.9200134277344,268.2799987792969,265.3299865722656,266.6600036621094,3291800
2025-12-31,263.1059875488281,264.9100036621094,266.1000061035156,264.3900146484375,265.2900085449219,3367900
2026-01-02,251.8928680419922,253.6199951171875,265.3800048828125,252.47999572753906,265.0,9680600
2026-01-05,254.514892578125,256.260009765625,259.5899963378906,252.30999755859375,253.6199951171875,6421500
2026-01-06,261.1096496582031,262.8999938964844,263.54998779296875,255.0,255.1999969482422,6103300
2026-01-07,264.3077087402344,266.1199951171875,267.8299865722656,263.5,263.5,5976200
2026-01-08,258.75579833984375,260.5299987792969,265.20001220703125,260.4100036621094,264.3999938964844,5243500
2026-01-09,258.1698303222656,259.94000244140625,261.0299987792969,256.510009765625,260.0,5174400
2026-01-12,257.63348388671875,259.3999938964844,261.55999755859375,255.77000427246094,259.0,4927700
2026-01-13,239.41839599609375,241.05999755859375,260.9100036621094,240.36000061035156,257.6600036621094,13661000
2026-01-14,237.9385528564453,239.57000732421875,242.24000549316406,236.4600067138672,239.17999267578125,10149300
2026-01-15,231.93966674804688,233.52999877929688,238.83999633789062,231.6699981689453,237.02000427246094,11489600
2026-01-16,225.56338500976562,227.11000061035156,232.9499969482422,226.44000244140625,232.9499969482422,13902600
2026-01-20,218.57135009765625,220.07000732421875,227.94000244140625,219.36000061035156,223.5399932861328,13050800
2026-01-21,220.071044921875,221.5800018310547,223.38999938964844,218.9600067138672,220.14999389648438,12616600
2026-01-22,226.53671264648438,228.08999633789062,228.72000122070312,221.11000061035156,222.24000549316406,9483000
2026-01-23,226.49697875976562,228.0500030517578,230.85000610351562,226.64999389648438,226.77999877929688,9408000
2026-01-26,227.83778381347656,229.39999389648438,230.9499969482422,227.58999633789062,229.42999267578125,7239600
2026-01-27,226.9737091064453,228.52999877929688,235.74000549316406,226.27000427246094,231.94000244140625,9838400
2026-01-28,226.40762329101562,227.9600067138672,231.86000061035156,227.6699981689453,229.38999938964844,8465900
2026-01-29,212.6221160888672,214.0800018310547,217.27999877929688,208.77999877929688,216.6699981689453,18555600
2026-01-30,210.8443145751953,212.2899932861328,215.5500030517578,211.02999877929688,214.16000366210938,11090400
2026-02-02,209.3743896484375,210.80999755859375,216.88999938964844,209.8000030517578,214.35000610351562,7950900
2026-02-03,195.0426788330078,196.3800048828125,205.55999755859375,193.11000061035156,205.0,20194200
2026-02-04,198.08181762695312,199.44000244140625,200.6699981689453,187.27999877929688,193.30999755859375,23010000
2026-02-05,188.6763153076172,189.97000122070312,199.55999755859375,188.7899932861328,193.99000549316406,21956300
2026-02-06,190.0469207763672,191.35000610351562,194.60000610351562,187.1199951171875,191.6300048828125,13652600
2026-02-09,192.7086639404297,194.02999877929688,195.1999969482422,185.72999572753906,189.3000030517578,12112000
2026-02-10,192.1326141357422,193.4499969482422,199.10000610351562,190.75,191.89999389648438,13393000
2026-02-11,183.74014282226562,185.0,193.6699981689453,181.80999755859375,193.14999389648438,16350200
2026-02-12,184.16722106933594,185.42999267578125,188.32000732421875,180.24000549316406,185.9600067138672,16849100
2026-02-13,188.4280242919922,189.72000122070312,193.4499969482422,184.3000030517578,186.44000244140625,14822900
2026-02-17,183.0349884033203,184.2899932861328,193.0,183.1699981689453,190.97000122070312,13692900
2026-02-18,186.5111541748047,187.7899932861328,188.13999938964844,181.86000061035156,183.8800048828125,9852900
2026-02-19,184.02818298339844,185.2899932861328,186.9499969482422,183.22999572753906,186.60000610351562,9565100
2026-02-20,183.89906311035156,185.16000366210938,191.72999572753906,183.72999572753906,185.32000732421875,10816200
2026-02-23,176.94674682617188,178.16000366210938,182.47000122070312,174.57000732421875,181.27000427246094,15498600
2026-02-24,184.1573028564453,185.4199981689453,188.6699981689453,176.27999877929688,177.63999938964844,15564700
2026-02-25,190.44419860839844,191.75,192.60000610351562,182.25999450683594,183.0,21875100
2026-02-26,198.1116180419922,199.47000122070312,201.0399932861328,191.3300018310547,196.75999450683594,26680500
2026-02-27,193.46348571777344,194.7899932861328,195.9199981689453,189.9199981689453,191.91000366210938,16346500
2026-03-02,191.63601684570312,192.9499969482422,195.94000244140625,190.67999267578125,192.5,9932700
2026-03-03,194.71490478515625,196.0500030517578,198.6699981689453,189.5800018310547,190.75,13208900
2026-03-04,191.76513671875,193.0800018310547,196.47000122070312,192.10000610351562,195.10000610351562,11583700
2026-03-05,200.01853942871094,201.38999938964844,204.4199981689453,194.24000549316406,194.36000061035156,15860900
2026-03-06,200.733642578125,202.11000061035156,202.9600067138672,197.3699951171875,200.7899932861328,9657400
2026-03-09,197.4362335205078,198.7899932861328,203.6699981689453,195.8699951171875,198.55999755859375,10754800
2026-03-10,193.5826873779297,194.91000366210938,199.57000732421875,190.60000610351562,197.25999450683594,14467400
2026-03-11,192.8079833984375,194.1300048828125,199.5500030517578,191.2899932861328,196.39999389648438,9580000
2026-03-12,197.9228973388672,199.27999877929688,204.86000061035156,193.14999389648438,194.1300048828125,26309700
2026-03-13,191.51683044433594,192.8300018310547,201.0,191.75,199.72999572753906,14834700
2026-03-16,196.9893035888672,198.33999633789062,198.6300048828125,195.14999389648438,195.14999389648438,13419600
2026-03-17,193.97994995117188,195.30999755859375,202.3800048828125,194.4499969482422,198.22000122070312,11559300
2026-03-18,193.0165557861328,194.33999633789062,196.14999389648438,192.63999938964844,193.39999389648438,10525100
2026-03-19,193.66213989257812,194.99000549316406,200.39999389648438,193.3000030517578,195.58999633789062,9254300
2026-03-20,194.04946899414062,195.3800048828125,195.6699981689453,190.0,193.2100067138672,20201100
2026-03-23,193.850830078125,195.17999267578125,198.0500030517578,192.0,197.08999633789062,13976200
2026-03-24,181.77365112304688,183.02000427246094,192.13999938964844,182.2899932861328,192.13999938964844,18631400
2026-03-25,180.72085571289062,181.9600067138672,187.38999938964844,179.85000610351562,185.6999969482422,12565200
2026-03-26,184.3758087158203,185.63999938964844,187.47000122070312,179.52999877929688,181.17999267578125,10330700
2026-03-27,178.08889770507812,179.30999755859375,184.11000061035156,178.82000732421875,184.0,9902000
2026-03-30,183.7699432373047,185.02999877929688,186.38999938964844,179.5800018310547,180.10000610351562,11617700
2026-03-31,185.39878845214844,186.6699981689453,188.5,182.30999755859375,184.89999389648438,11041400
2026-04-01,184.97171020507812,186.24000549316406,188.97999572753906,183.00999450683594,186.85000610351562,11677700
2026-04-02,185.90530395507812,187.17999267578125,187.5800018310547,181.5800018310547,185.3000030517578,11635500
2026-04-06,183.7699432373047,185.02999877929688,188.13999938964844,183.60000610351562,187.5,14391000
2026-04-07,181.7140655517578,182.9600067138672,186.5800018310547,182.02000427246094,184.9499969482422,12344600
2026-04-08,175.16891479492188,176.3699951171875,186.77000427246094,175.77999877929688,186.5,13472100
2026-04-09,170.1109161376953,170.85000610351562,174.2899932861328,167.1199951171875,173.1699981689453,20855400
2026-04-10,164.2463836669922,164.9600067138672,171.25999450683594,163.52000427246094,171.25999450683594,18109300
2026-04-13,172.0723876953125,172.82000732421875,173.39999389648438,165.77000427246094,167.0500030517578,12390800
2026-04-14,170.56890869140625,171.30999755859375,177.5,170.5,175.2100067138672,13123600
2026-04-15,176.8317108154297,177.60000610351562,179.6199951171875,172.8800048828125,174.22000122070312,14340300
2026-04-16,180.43603515625,181.22000122070312,184.5500030517578,178.57000732421875,184.0,11866700
2026-04-17,181.35206604003906,182.13999938964844,187.97999572753906,181.02999877929688,185.42999267578125,17225700
2026-04-20,185.46420288085938,186.27000427246094,189.0,182.1199951171875,182.5,14382300
2026-04-21,186.30055236816406,187.11000061035156,193.55999755859375,184.10000610351562,186.60000610351562,12073700
2026-04-22,188.9789276123047,189.8000030517578,191.14999389648438,187.02999877929688,188.1999969482422,14565900
2026-04-23,172.55030822753906,173.3000030517578,178.8699951171875,170.64999389648438,177.55999755859375,22719900
2026-04-24,177.3892822265625,178.16000366210938,178.4499969482422,174.39999389648438,175.6199951171875,10817600
2026-04-27,179.40054321289062,180.17999267578125,184.2899932861328,177.50999450683594,178.25999450683594,11907000
2026-04-28,180.53561401367188,181.32000732421875,184.4199981689453,181.32000732421875,182.42999267578125,8711700
2026-04-29,180.43603515625,181.22000122070312,181.77999877929688,177.35000610351562,179.1999969482422,6882800
2026-04-30,175.76632690429688,176.52999877929688,178.69000244140625,173.0,178.3000030517578,14408300
2026-05-01,183.02481079101562,183.82000732421875,186.0399932861328,178.75,182.19000244140625,12324400
2026-05-04,184.67759704589844,185.47999572753906,190.30999755859375,183.97000122070312,184.24000549316406,8444700
2026-05-05,186.18109130859375,186.99000549316406,187.38999938964844,181.10000610351562,185.5500030517578,9740800
2026-05-06,180.4061737060547,181.19000244140625,187.10000610351562,179.5800018310547,185.52000427246094,11303400
2026-05-07,185.5338897705078,186.33999633789062,188.5800018310547,184.0,184.60000610351562,13955100
2026-05-08,181.03346252441406,181.82000732421875,181.8699951171875,176.8800048828125,179.67999267578125,15123900
2026-05-11,176.72218322753906,177.49000549316406,182.5,176.30999755859375,179.91000366210938,11145000
2026-05-12,170.56890869140625,171.30999755859375,177.5800018310547,170.5800018310547,177.5800018310547,10214000
2026-05-13,165.12257385253906,165.83999633789062,169.77999877929688,164.75,169.77999877929688,11951900
2026-05-14,166.85504150390625,167.5800018310547,169.35000610351562,164.3300018310547,166.0,9749400
2026-05-15,172.75938415527344,173.50999450683594,175.97000122070312,169.0,169.25,13883400
2026-05-18,178.7035675048828,179.47999572753906,180.77999877929688,171.8000030517578,172.88999938964844,13671200
2026-05-19,178.64382934570312,179.4199981689453,187.44000244140625,178.80999755859375,185.0,17510800
2026-05-20,179.32089233398438,180.10000610351562,180.30999755859375,173.33999633789062,176.0399932861328,13025300
2026-05-21,175.5472869873047,176.30999755859375,177.33999633789062,171.99000549316406,175.3800048828125,10949100
2026-05-22,179.291015625,180.07000732421875,183.35000610351562,177.67999267578125,179.83999633789062,10176700
2026-05-26,178.3052978515625,179.0800018310547,182.36000061035156,177.67999267578125,178.42999267578125,13617200
2026-05-27,176.74208068847656,177.50999450683594,183.9199981689453,176.88999938964844,178.0,18524900
2026-05-28,175.4078826904297,176.1699981689453,182.47999572753906,171.64999389648438,178.42999267578125,22559400
2026-05-29,190.27330017089844,191.10000610351562,194.13999938964844,180.02000427246094,180.24000549316406,33998900
2026-06-01,208.69326782226562,209.60000610351562,211.33999633789062,198.2100067138672,198.75,27594800
2026-06-02,199.97116088867188,200.83999633789062,204.38999938964844,195.75999450683594,201.02000427246094,19216600
2026-06-03,189.78541564941406,190.61000061035156,197.67999267578125,189.72999572753906,197.27000427246094,14154400
2026-06-04,187.9334716796875,188.75,198.08999633789062,186.11000061035156,197.80999755859375,14453600
2026-06-05,184.85684204101562,185.66000366210938,192.50999450683594,184.8300018310547,189.8000030517578,13183900
2026-06-08,181.7602996826172,182.5500030517578,185.02000427246094,181.7100067138672,183.91000366210938,11177800
2026-06-09,174.59144592285156,175.35000610351562,182.4600067138672,171.55999755859375,179.5,15427800
2026-06-10,170.18060302734375,170.9199981689453,175.52999877929688,170.02999877929688,170.60000610351562,10820500
2026-06-11,166.15768432617188,166.4499969482422,168.97999572753906,163.30999755859375,168.27000427246094,16666000
2026-06-12,165.59866333007812,165.88999938964844,166.5399932861328,161.39999389648438,164.74000549316406,13589400
2026-06-15,164.26101684570312,164.5500030517578,169.9499969482422,164.1699981689453,166.02999877929688,13541800
2026-06-16,161.42601013183594,161.7100067138672,166.3000030517578,160.5,164.05999755859375,16385300
2026-06-17,154.7477569580078,155.02000427246094,161.42999267578125,154.22999572753906,160.25,19986200
2026-06-18,151.51344299316406,151.77999877929688,154.47000122070312,149.8000030517578,152.72999572753906,57940800
2026-06-22,149.85635375976562,150.1199951171875,153.8699951171875,146.32000732421875,150.16000366210938,20502800
2026-06-23,153.1505584716797,153.4199981689453,155.17999267578125,150.85000610351562,151.64999389648438,20720700
2026-06-24,152.49171447753906,152.75999450683594,157.05999755859375,150.39999389648438,151.80999755859375,13146800
2026-06-25,149.92623901367188,150.19000244140625,154.0,148.77999877929688,150.00999450683594,11324700
2026-06-26,158.0918731689453,158.3699951171875,158.4600067138672,151.49000549316406,151.49000549316406,21267900
2026-06-29,157.6526336669922,157.92999267578125,161.75999450683594,157.6999969482422,160.27000427246094,12664100
2026-06-30,156.38487243652344,156.66000366210938,157.69000244140625,154.07000732421875,155.08999633789062,13690500
2026-07-01,162.94332885742188,163.22999572753906,165.80999755859375,161.1999969482422,162.22000122070312,14164600
2026-07-02,165.8182830810547,166.11000061035156,167.2100067138672,162.0,163.0,10486300
2026-07-06,165.3590850830078,165.64999389648438,167.72000122070312,162.3699951171875,163.99000549316406,10595500
2026-07-07,169.2222900390625,169.52000427246094,172.3800048828125,167.67999267578125,169.22000122070312,13057900
2026-07-08,166.28746032714844,166.5800018310547,167.52999877929688,164.77999877929688,167.3699951171875,9792400
2026-07-09,162.21461486816406,162.5,163.8000030517578,156.47999572753906,158.3300018310547,13858600
2026-07-10,163.03318786621094,163.32000732421875,166.3000030517578,162.4199981689453,165.60000610351562,8321500
2026-07-13,170.9193115234375,171.22000122070312,172.75999450683594,165.9199981689453,165.9199981689453,14020700
2026-07-14,167.26573181152344,167.55999755859375,171.35000610351562,161.47000122070312,162.49000549316406,13507900
2026-07-15,166.7067108154297,167.0,172.8000030517578,166.55999755859375,170.52000427246094,13328100
2026-07-16,172.37673950195312,172.67999267578125,174.5399932861328,166.8800048828125,170.83999633789062,12057500
2026-07-17,170.4700927734375,170.77000427246094,175.42999267578125,169.75,171.5,10191500
2026-07-20,173.4847869873047,173.7899932861328,175.38999938964844,166.5,167.86000061035156,13426500
2026-07-21,169.76133728027344,170.05999755859375,172.42999267578125,166.92999267578125,167.05999755859375,12831800
2026-07-22,162.7137451171875,163.0,169.57000732421875,162.2100067138672,169.47000122070312,12194500
2026-07-23,156.65438842773438,156.92999267578125,165.8800048828125,155.14999389648438,165.0500030517578,12775000
2026-07-24,163.37258911132812,163.66000366210938,164.4499969482422,159.5500030517578,160.3800048828125,10899100
2026-07-27,173.29513549804688,173.60000610351562,176.9499969482422,167.13999938964844,168.0,17312000
2026-07-28,181.18124389648438,181.5,184.5399932861328,176.91000366210938,176.91000366210938,17204600
2026-07-29,188.04917907714844,188.3800048828125,190.17999267578125,182.00999450683594,182.00999450683594,18139500
2026-07-30,180.39263916015625,180.7100067138672,182.50999450683594,175.89999389648438,180.99000549316406,12182400
2026-07-31,183.6968231201172,184.02000427246094,184.4499969482422,177.02999877929688,177.6999969482422,9691500
2026-08-03,185.62342834472656,185.9499969482422,193.6999969482422,185.89999389648438,188.99000549316406,12908000
2026-08-04,190.6545867919922,190.99000549316406,191.2899932861328,183.0,183.08999633789062,9326900
2026-08-05,192.64108276367188,192.97999572753906,194.94000244140625,190.42999267578125,193.27999877929688,9605500
2026-08-06,186.44200134277344,186.77000427246094,187.02000427246094,183.0,183.44000244140625,13297600
2026-08-07,192.40151977539062,192.74000549316406,194.6999969482422,190.60000610351562,191.08999633789062,11392800
2026-08-10,197.1631317138672,197.50999450683594,198.17999267578125,190.0,190.1699981689453,9706600
2026-08-11,197.12319946289062,197.47000122070312,199.38999938964844,195.5,196.94000244140625,11171600
2026-08-12,192.98049926757812,193.32000732421875,196.5,191.77999877929688,192.0,12787900
2026-08-13,201.016357421875,201.3699951171875,202.99000549316406,191.38999938964844,196.83999633789062,15058700
2026-08-14,195.86541748046875,196.2100067138672,204.39999389648438,195.32000732421875,202.75,8664800
2026-08-17,190.63462829589844,190.97000122070312,194.94000244140625,189.91000366210938,193.8300018310547,14378800
2026-08-18,195.79554748535156,196.13999938964844,199.41000366210938,193.22999572753906,194.08999633789062,14152900
2026-08-19,205.72805786132812,206.08999633789062,207.9499969482422,194.2100067138672,194.2100067138672,17843600
2026-08-20,205.0692138671875,205.42999267578125,207.8800048828125,203.0,205.22000122070312,11482300
2026-08-21,208.8026580810547,209.1699981689453,211.07000732421875,204.72999572753906,205.5800018310547,9685400
2026-08-24,208.69285583496094,209.05999755859375,213.1699981689453,207.38999938964844,208.4199981689453,9580200
2026-08-25,205.32876586914062,205.69000244140625,210.30999755859375,204.75999450683594,205.85000610351562,10081800
2026-08-26,205.25888061523438,205.6199951171875,206.44000244140625,198.9499969482422,199.94000244140625,14888900
2026-08-27,251.60736083984375,252.0500030517578,254.47999572753906,230.0500030517578,230.0500030517578,55517500
2026-08-28,255.5504150390625,256.0,263.5299987792969,249.0,250.47000122070312,34362700
2026-08-31,257.08770751953125,257.5400085449219,262.2799987792969,254.38999938964844,254.38999938964844,22471500
2026-09-01,257.6567077636719,258.1099853515625,262.32000732421875,254.25,255.00999450683594,15897500
2026-09-02,256.478759765625,256.92999267578125,264.54998779296875,253.60000610351562,259.3800048828125,14393700
2026-09-03,263.9656066894531,264.42999267578125,268.2699890136719,261.6000061035156,261.9800109863281,16028300
2026-09-04,258.7747497558594,259.2300109863281,263.6000061035156,257.82000732421875,263.3599853515625,10490600
2026-09-08,248.6824951171875,249.1199951171875,254.0,245.88999938964844,253.72000122070312,17482700
2026-09-09,243.73121643066406,244.16000366210938,254.8000030517578,243.4499969482422,249.77999877929688,11853700
2026-09-10,242.5732421875,243.0,248.5,241.75,245.35000610351562,10732600
2026-09-11,247.2849578857422,247.72000122070312,250.5500030517578,242.02000427246094,242.02000427246094,9738300
2026-09-14,258.9743957519531,259.42999267578125,260.17999267578125,251.5,255.75,12963700
2026-09-15,255.20101928710938,255.64999389648438,262.3399963378906,255.0800018310547,256.8900146484375,11502800
2026-09-16,250.09999084472656,250.5399932861328,256.3999938964844,249.60000610351562,251.85000610351562,9423800
2026-09-17,242.85000610351562,242.85000610351562,247.0,241.52000427246094,244.17999267578125,16611300
2026-09-18,237.9199981689453,237.9199981689453,244.25,236.5500030517578,244.25,21962400
2026-09-21,236.4199981689453,236.4199981689453,241.33999633789062,236.25,239.8000030517578,10581900
2026-09-22,233.27999877929688,233.27999877929688,242.44000244140625,229.80999755859375,241.5,13635600
2026-09-23,237.5800018310547,237.5800018310547,241.1199951171875,234.24000549316406,234.4199981689453,12353500
2026-09-24,238.22000122070312,238.22000122070312,242.08999633789062,237.0,240.63999938964844,11074000
2026-09-25,234.02000427246094,234.02000427246094,239.3699951171875,233.3800048828125,237.02999877929688,8735500
2026-09-28,227.27000427246094,227.27000427246094,230.57000732421875,221.17999267578125,224.97000122070312,10327500
2026-09-29,225.30999755859375,225.30999755859375,228.97999572753906,223.42999267578125,227.27000427246094,13506300
2026-09-30,229.57000732421875,229.57000732421875,233.75999450683594,224.42999267578125,225.39999389648438,11228200
2026-10-01,236.69000244140625,236.69000244140625,239.4499969482422,230.75,235.27999877929688,9571200
2026-10-02,234.69000244140625,234.69000244140625,239.0,233.1699981689453,238.11000061035156,7901800
2026-10-05,229.7899932861328,229.7899932861328,235.02000427246094,227.80999755859375,234.42999267578125,6365500
2026-10-06,224.99000549316406,224.99000549316406,233.0,222.88999938964844,231.75,7296800
2026-10-07,224.55999755859375,224.55999755859375,226.5,221.52999877929688,225.24000549316406,5187200
