Date,Adj Close,Close,High,Low,Open,Volume
2015-01-02,77.70574951171875,78.44999694824219,78.93000030517578,77.69999694824219,78.58000183105469,18177500
2015-01-05,76.45771026611328,77.19000244140625,79.25,76.86000061035156,77.9800033569336,26452200
2015-01-06,75.42758178710938,76.1500015258789,77.58999633789062,75.36000061035156,77.2300033569336,27399300
2015-01-07,75.42758178710938,76.1500015258789,77.36000061035156,75.81999969482422,76.76000213623047,22045300
2015-01-08,77.43831634521484,78.18000030517578,78.2300033569336,76.08000183105469,76.73999786376953,23961000
2015-01-09,77.00248718261719,77.73999786376953,78.62000274658203,77.19999694824219,78.19999694824219,21157000
2015-01-12,75.99217224121094,76.72000122070312,78.0,76.20999908447266,77.83999633789062,19190200
2015-01-13,75.72472381591797,76.44999694824219,78.08000183105469,75.8499984741211,77.2300033569336,25179600
2015-01-14,75.55634307861328,76.27999877929688,77.19999694824219,76.02999877929688,76.41999816894531,25918600
2015-01-15,73.34750366210938,74.05000305175781,76.56999969482422,73.54000091552734,76.4000015258789,34134000
2015-01-16,74.46678161621094,75.18000030517578,75.31999969482422,73.83999633789062,74.04000091552734,21791500
2015-01-20,75.51671600341797,76.23999786376953,76.30999755859375,74.81999969482422,75.72000122070312,22821600
2015-01-21,76.01197814941406,76.73999786376953,77.30000305175781,75.8499984741211,76.16000366210938,25096700
2015-01-22,76.9133529663086,77.6500015258789,77.75,76.68000030517578,77.16999816894531,19519500
2015-01-23,77.0916519165039,77.83000183105469,78.19000244140625,77.04000091552734,77.6500015258789,16746500
2015-01-26,76.76478576660156,77.5,78.47000122070312,77.29000091552734,77.9800033569336,19260800
2015-01-27,75.06109619140625,75.77999877929688,76.87999725341797,75.62999725341797,76.70999908447266,20110000
2015-01-28,75.51671600341797,76.23999786376953,77.63999938964844,76.0,76.9000015258789,53306400
2015-01-29,77.2600326538086,78.0,78.0199966430664,74.20999908447266,76.8499984741211,61293500
2015-01-30,75.1898422241211,75.91000366210938,78.16000366210938,75.75,78.0,42649500
2015-02-02,74.27857208251953,74.98999786376953,76.13999938964844,73.75,76.11000061035156,41955300
2015-02-03,74.6846923828125,75.4000015258789,75.58000183105469,73.86000061035156,75.19000244140625,26957700
2015-02-04,74.91250610351562,75.62999725341797,76.3499984741211,75.01000213623047,75.08999633789062,20277400
2015-02-05,74.89271545410156,75.61000061035156,75.9800033569336,75.20999908447266,75.70999908447266,15062600
2015-02-06,73.76350402832031,74.47000122070312,75.69999694824219,74.25,75.68000030517578,21211000
2015-02-09,73.73380279541016,74.44000244140625,74.83000183105469,73.44999694824219,74.05000305175781,16194300
2015-02-10,74.47667694091797,75.19000244140625,75.33999633789062,74.5,74.8499984741211,15811300
2015-02-11,75.7841567993164,76.51000213623047,76.75,75.02999877929688,75.08999633789062,20877400
2015-02-12,75.50682830810547,76.2300033569336,76.87000274658203,75.88999938964844,76.86000061035156,17235000
2015-02-13,75.0214614868164,75.73999786376953,76.4800033569336,75.5,76.45999908447266,18621900
2015-02-17,74.88280487060547,75.5999984741211,76.91000366210938,75.08000183105469,75.30000305175781,25254400
2015-02-18,75.98226165771484,76.70999908447266,76.9000015258789,75.44999694824219,75.94000244140625,22426400
2015-02-19,78.66656494140625,79.41999816894531,79.83999633789062,76.94999694824219,76.98999786376953,45851200
2015-02-20,79.14202117919922,79.9000015258789,80.33999633789062,79.19999694824219,79.55000305175781,36931700
2015-02-23,78.09204864501953,78.83999633789062,80.19000244140625,78.37999725341797,79.95999908447266,24139100
2015-02-24,77.70574951171875,78.44999694824219,79.4800033569336,78.0999984741211,78.5,18897100
2015-02-25,78.80522918701172,79.55999755859375,80.19999694824219,78.5,78.5,25593800
2015-02-26,79.64716339111328,80.41000366210938,81.37000274658203,79.72000122070312,79.87999725341797,31111900
2015-02-27,78.2208251953125,78.97000122070312,81.2300033569336,78.62000274658203,80.68000030517578,30739200
2015-03-02,78.99343872070312,79.75,79.86000061035156,78.5199966430664,79.0,21662500
2015-03-03,78.8448486328125,79.5999984741211,79.69999694824219,78.5199966430664,79.61000061035156,18635000
2015-03-04,80.13251495361328,80.9000015258789,81.1500015258789,78.8499984741211,79.30000305175781,28126700
2015-03-05,80.43956756591797,81.20999908447266,81.98999786376953,81.05000305175781,81.2300033569336,27825700
2015-03-06,79.25096893310547,80.01000213623047,81.33000183105469,79.83000183105469,80.9000015258789,24488600
2015-03-09,78.68637084960938,79.44000244140625,79.91000366210938,78.62999725341797,79.68000030517578,18925100
2015-03-10,76.8143081665039,77.55000305175781,79.26000213623047,77.55000305175781,78.5,23067100
2015-03-11,76.8341064453125,77.56999969482422,78.43000030517578,77.26000213623047,77.80000305175781,20215700
2015-03-12,78.18120574951172,78.93000030517578,79.05000305175781,77.91000366210938,78.0999984741211,16093300
2015-03-13,77.30955505371094,78.05000305175781,79.37999725341797,77.68000030517578,78.5999984741211,18557300
2015-03-16,77.32936096191406,78.06999969482422,78.12000274658203,77.36000061035156,77.95999908447266,19305400
2015-03-17,78.60712432861328,79.36000061035156,79.77999877929688,78.33999633789062,78.36000061035156,22170000
2015-03-18,80.14241790771484,80.91000366210938,81.23999786376953,79.16999816894531,79.25,36912400
2015-03-19,81.9649658203125,82.75,83.0,81.0,81.12000274658203,42099500
2015-03-20,83.0050048828125,83.80000305175781,84.5999984741211,83.06999969482422,83.38999938964844,44466300
2015-03-23,83.62903594970703,84.43000030517578,84.95999908447266,83.30000305175781,83.91999816894531,27357300
2015-03-24,84.50067138671875,85.30999755859375,86.06999969482422,84.5199966430664,84.70999908447266,32576500
2015-03-25,82.13334655761719,82.91999816894531,85.5199966430664,82.91999816894531,85.5,37436100
2015-03-26,82.22248840332031,83.01000213623047,83.7699966430664,82.13999938964844,82.72000122070312,32794800
2015-03-27,82.50975036621094,83.30000305175781,83.94999694824219,82.87999725341797,83.37999725341797,18372600
2015-03-30,82.41069793701172,83.19999694824219,84.33999633789062,82.41000366210938,83.80999755859375,24527700
2015-03-31,81.43997955322266,82.22000122070312,83.5,82.20999908447266,82.9000015258789,19734300
2015-04-01,80.89520263671875,81.66999816894531,82.72000122070312,80.87000274658203,82.5,22058200
2015-04-02,80.78624725341797,81.55999755859375,82.55999755859375,81.44000244140625,82.25,19664100
2015-04-06,81.65790557861328,82.44000244140625,82.80999755859375,80.80000305175781,80.80000305175781,19062900
2015-04-07,81.53904724121094,82.31999969482422,83.41999816894531,82.22000122070312,82.6500015258789,17467000
2015-04-08,81.49942779541016,82.27999877929688,83.0999984741211,81.83999633789062,82.62999725341797,18966700
2015-04-09,81.39046478271484,82.16999816894531,82.80000305175781,81.70999908447266,82.5,15927300
2015-04-10,81.2616958618164,82.04000091552734,82.61000061035156,81.91000366210938,82.20999908447266,12529700
2015-04-13,82.22248840332031,83.01000213623047,83.94000244140625,81.91999816894531,81.93000030517578,26883100
2015-04-14,82.72765350341797,83.5199966430664,83.69000244140625,82.44000244140625,83.16999816894531,19634200
2015-04-15,81.92533874511719,82.70999908447266,83.66000366210938,82.2699966430664,83.55000305175781,22390900
2015-04-16,81.52912902832031,82.30999755859375,83.06999969482422,82.1500015258789,82.47000122070312,13769700
2015-04-17,80.01364135742188,80.77999877929688,82.11000061035156,80.37000274658203,81.4800033569336,24215000
2015-04-20,82.3017349243164,83.08999633789062,83.1500015258789,81.23999786376953,81.54000091552734,28796800
2015-04-21,82.82672882080078,83.62000274658203,84.48999786376953,83.54000091552734,84.0,27171900
2015-04-22,83.82714080810547,84.62999725341797,84.73999786376953,83.6500015258789,84.31999969482422,45548000
2015-04-23,81.62818145751953,82.41000366210938,85.58999633789062,82.41000366210938,84.0999984741211,73728100
2015-04-24,80.75652313232422,81.52999877929688,82.94000244140625,81.4800033569336,82.7699966430664,29660400
2015-04-27,81.1329345703125,81.91000366210938,82.93000030517578,81.62999725341797,81.87000274658203,25446000
2015-04-28,79.91459655761719,80.68000030517578,81.9000015258789,80.2300033569336,81.83000183105469,23775300
2015-04-29,79.70658874511719,80.47000122070312,81.38999938964844,79.5199966430664,80.01000213623047,26430300
2015-04-30,78.022705078125,78.7699966430664,80.95999908447266,78.31999969482422,80.01000213623047,28999000
2015-05-01,78.24064636230469,78.98999786376953,79.76000213623047,78.11000061035156,79.23999786376953,24136400
2015-05-04,78.06233978271484,78.80999755859375,79.69000244140625,78.62999725341797,79.33000183105469,14692000
2015-05-05,76.82420349121094,77.55999755859375,78.80000305175781,77.22000122070312,78.55000305175781,22311300
2015-05-06,77.35906219482422,78.0999984741211,78.80999755859375,77.05000305175781,77.97000122070312,28663000
2015-05-07,77.68592834472656,78.43000030517578,78.94000244140625,77.55999755859375,78.0,19749400
2015-05-08,77.76518249511719,78.51000213623047,79.2300033569336,78.02999877929688,79.0999984741211,19943600
2015-05-11,77.26993560791016,78.01000213623047,79.02999877929688,77.93000030517578,78.4800033569336,18874100
2015-05-12,76.72515869140625,77.45999908447266,77.88999938964844,76.79000091552734,77.87000274658203,21285300
2015-05-13,77.69583892822266,78.44000244140625,78.52999877929688,77.6500015258789,77.72000122070312,21512300
2015-05-14,80.59806060791016,81.37000274658203,81.8499984741211,78.66999816894531,78.94000244140625,49438000
2015-05-15,79.65706634521484,80.41999816894531,81.5199966430664,80.18000030517578,81.41000366210938,27069900
2015-05-18,80.1126937866211,80.87999725341797,81.37999725341797,80.2300033569336,80.33000183105469,21613700
2015-05-19,79.86506652832031,80.62999725341797,81.69000244140625,80.55000305175781,81.25,17955400
2015-05-20,79.78583526611328,80.55000305175781,81.0999984741211,79.45999908447266,80.47000122070312,23056900
2015-05-21,79.71649932861328,80.4800033569336,80.91999816894531,80.08000183105469,80.19000244140625,13402700
2015-05-22,79.77592468261719,80.54000091552734,81.30999755859375,80.25,80.3499984741211,19567900
2015-05-26,78.57740783691406,79.33000183105469,80.5999984741211,79.08000183105469,80.43000030517578,16321300
2015-05-27,79.78583526611328,80.55000305175781,80.66000366210938,79.43000030517578,79.5999984741211,14160900
2015-05-28,79.38963317871094,80.1500015258789,81.06999969482422,80.0,80.25,11982000
2015-05-29,78.4387435913086,79.19000244140625,80.06999969482422,78.87999725341797,79.94999694824219,16134600
2015-06-01,79.52828979492188,80.29000091552734,80.37999725341797,78.66000366210938,79.30000305175781,18119000
2015-06-02,79.67687225341797,80.44000244140625,81.3499984741211,79.55999755859375,79.76000213623047,18923300
2015-06-03,81.65790557861328,82.44000244140625,82.52999877929688,81.25,81.3499984741211,31775000
2015-06-04,81.2716064453125,82.05000305175781,82.94999694824219,81.51000213623047,82.13999938964844,20863900
2015-06-05,81.36075592041016,82.13999938964844,82.45999908447266,81.51000213623047,81.87000274658203,16143100
2015-06-08,79.90470123291016,80.66999816894531,82.0,80.12999725341797,81.81999969482422,16915500
2015-06-09,79.90470123291016,80.66999816894531,81.19000244140625,79.31999969482422,80.5999984741211,16497500
2015-06-10,81.38056182861328,82.16000366210938,82.5999984741211,80.80999755859375,80.83000183105469,21531200
2015-06-11,81.0536880493164,81.83000183105469,82.9000015258789,81.36000061035156,82.30999755859375,18656800
2015-06-12,80.75652313232422,81.52999877929688,82.08999633789062,81.19999694824219,81.37000274658203,11417900
2015-06-15,79.9443130493164,80.70999908447266,80.93000030517578,80.06999969482422,80.55000305175781,18805100
2015-06-16,80.2909927368164,81.05999755859375,81.51000213623047,80.44999694824219,80.81999969482422,13693700
2015-06-17,81.01408386230469,81.79000091552734,82.22000122070312,81.33999633789062,81.76000213623047,18350300
2015-06-18,82.12346649169922,82.91000366210938,83.19000244140625,81.56999969482422,81.63999938964844,26782600
2015-06-19,81.72724151611328,82.51000213623047,82.9800033569336,82.12000274658203,82.83000183105469,23353200
2015-06-22,83.93608856201172,84.73999786376953,84.97000122070312,83.30999755859375,83.41000366210938,29383100
2015-06-23,87.0462875366211,87.87999725341797,87.97000122070312,84.76000213623047,84.95999908447266,50667900
2015-06-24,88.01699829101562,88.86000061035156,89.25,87.44999694824219,87.66000366210938,41370200
2015-06-25,87.14535522460938,87.9800033569336,89.4000015258789,87.83999633789062,89.26000213623047,27302000
2015-06-26,87.17505645751953,88.01000213623047,88.33999633789062,86.83000183105469,88.12000274658203,38214600
2015-06-29,84.98604583740234,85.80000305175781,87.5,85.7300033569336,86.61000061035156,35957900
2015-06-30,84.95631408691406,85.7699966430664,86.69999694824219,85.56999969482422,86.5999984741211,23016500
2015-07-01,86.08551025390625,86.91000366210938,87.94999694824219,86.48999786376953,86.7699966430664,25260000
2015-07-02,86.4618911743164,87.29000091552734,87.44000244140625,86.33999633789062,87.4000015258789,16908800
2015-07-06,86.71942138671875,87.55000305175781,88.19000244140625,86.38999938964844,86.48999786376953,24635900
2015-07-07,86.3925552368164,87.22000122070312,87.8499984741211,85.2300033569336,87.80000305175781,33059900
2015-07-08,84.83744812011719,85.6500015258789,86.75,85.44999694824219,86.29000091552734,24399300
2015-07-09,85.06526947021484,85.87999725341797,87.5999984741211,85.6500015258789,86.7300033569336,23307400
2015-07-10,87.1156234741211,87.94999694824219,88.22000122070312,86.7699966430664,87.3499984741211,23245900
2015-07-13,89.24523162841797,90.0999984741211,90.22000122070312,88.41999816894531,88.66000366210938,29976700
2015-07-14,88.82920837402344,89.68000030517578,90.80000305175781,89.6500015258789,90.45999908447266,26627800
2015-07-15,88.90846252441406,89.76000213623047,90.98999786376953,89.41999816894531,90.0,30886600
2015-07-16,89.98812103271484,90.8499984741211,90.86000061035156,89.7699966430664,90.27999877929688,21804100
2015-07-17,94.06903839111328,94.97000122070312,95.38999938964844,92.54000091552734,92.55000305175781,54001600
2015-07-20,96.98115539550781,97.91000366210938,98.5999984741211,95.36000061035156,95.8499984741211,54860500
2015-07-21,97.45658874511719,98.38999938964844,99.23999786376953,97.13999938964844,98.94999694824219,39453300
2015-07-22,96.119384765625,97.04000091552734,97.58000183105469,95.91999816894531,96.73999786376953,28299500
2015-07-23,94.53457641601562,95.44000244140625,97.44999694824219,94.80999755859375,96.95999908447266,29418800
2015-07-24,96.0302505493164,96.94999694824219,97.76000213623047,95.87999725341797,97.3499984741211,33444900
2015-07-27,93.27661895751953,94.16999816894531,96.61000061035156,93.83000183105469,96.58000183105469,38585400
2015-07-28,94.38600158691406,95.29000091552734,95.55999755859375,93.30999755859375,94.83999633789062,35236000
2015-07-29,96.06986999511719,96.98999786376953,97.27999877929688,94.73999786376953,96.31999969482422,64648300
2015-07-30,94.30675506591797,95.20999908447266,95.80999755859375,91.80000305175781,94.91000366210938,86211300
2015-07-31,93.11814880371094,94.01000213623047,96.33000183105469,93.94999694824219,94.94999694824219,46509000
2015-08-03,93.24690246582031,94.13999938964844,95.08000183105469,92.80000305175781,93.52999877929688,29343100
2015-08-04,93.16765594482422,94.05999755859375,94.7300033569336,93.33000183105469,93.79000091552734,20136000
2015-08-05,95.52508544921875,96.44000244140625,97.08999633789062,95.18000030517578,95.25,29813200
2015-08-06,94.21761322021484,95.12000274658203,98.73999786376953,94.41999816894531,97.18000030517578,42271300
2015-08-07,93.4053955078125,94.30000305175781,95.4000015258789,93.61000061035156,95.37999725341797,23199100
2015-08-10,93.2568130493164,94.1500015258789,95.9000015258789,93.62999725341797,95.68000030517578,21624200
2015-08-11,92.73184204101562,93.62000274658203,94.76000213623047,92.9000015258789,93.7300033569336,22491000
2015-08-12,93.29644012451172,94.19000244140625,94.44000244140625,91.19000244140625,92.69999694824219,27050500
2015-08-13,92.54365539550781,93.43000030517578,94.7300033569336,93.3499984741211,94.05000305175781,17451800
2015-08-14,93.52423858642578,94.41999816894531,94.72000122070312,93.20999908447266,93.54000091552734,15929700
2015-08-17,93.0389175415039,93.93000030517578,94.45999908447266,93.38999938964844,94.41999816894531,18313500
2015-08-18,94.26713562011719,95.16999816894531,95.8499984741211,94.04000091552734,94.08000183105469,22278800
2015-08-19,94.40579986572266,95.30999755859375,96.0999984741211,94.16000366210938,94.62999725341797,23251300
2015-08-20,89.70085906982422,90.55999755859375,94.7699966430664,90.45999908447266,93.54000091552734,44598200
2015-08-21,85.24356079101562,86.05999755859375,89.18000030517578,85.61000061035156,87.5199966430664,62778700
2015-08-24,81.31122589111328,82.08999633789062,82.08999633789062,72.0,77.02999877929688,83710700
2015-08-25,82.21258544921875,83.0,87.66999816894531,83.0,86.94999694824219,52021200
2015-08-26,86.36284637451172,87.19000244140625,87.45999908447266,83.26000213623047,85.94999694824219,45124300
2015-08-27,88.8787612915039,89.7300033569336,90.05999755859375,87.19000244140625,89.0999984741211,42431400
2015-08-28,90.1466064453125,91.01000213623047,91.4800033569336,89.79000091552734,89.87999725341797,33215900
2015-08-31,88.58158874511719,89.43000030517578,91.05000305175781,88.88999938964844,90.5999984741211,32850700
2015-09-01,86.4024658203125,87.2300033569336,89.38999938964844,86.5,86.8499984741211,36097400
2015-09-02,89.03722381591797,89.88999938964844,89.88999938964844,87.62999725341797,88.80999755859375,27190500
2015-09-03,87.3137435913086,88.1500015258789,89.81999969482422,87.7300033569336,89.76000213623047,27048200
2015-09-04,87.42268371582031,88.26000213623047,88.38999938964844,86.69999694824219,87.19999694824219,27328700
2015-09-08,88.6806411743164,89.52999877929688,90.23999786376953,88.83000183105469,89.69000244140625,27012500
2015-09-09,89.58201599121094,90.44000244140625,91.9800033569336,90.16999816894531,90.77999877929688,32551100
2015-09-10,91.10741424560547,91.9800033569336,92.05999755859375,89.62999725341797,90.06999969482422,26437400
2015-09-11,91.1767349243164,92.05000305175781,92.08000183105469,91.12999725341797,91.68000030517578,21185000
2015-09-14,91.43428039550781,92.30999755859375,92.62000274658203,91.5999984741211,92.30999755859375,20127900
2015-09-15,92.01866149902344,92.9000015258789,93.25,91.79000091552734,92.37000274658203,18859400
2015-09-16,92.5634536743164,93.44999694824219,93.5999984741211,92.62999725341797,92.9000015258789,16321200
2015-09-17,93.44499206542969,94.33999633789062,95.51000213623047,92.9000015258789,93.37000274658203,27841800
2015-09-18,93.50443267822266,94.4000015258789,95.19000244140625,93.05000305175781,93.19999694824219,62300000
2015-09-21,94.6435317993164,95.55000305175781,96.48999786376953,94.5199966430664,94.62000274658203,28790000
2015-09-22,92.07810974121094,92.95999908447266,94.68000030517578,91.91999816894531,93.7699966430664,36888900
2015-09-23,93.07852172851562,93.97000122070312,94.31999969482422,92.80000305175781,93.4000015258789,21701400
2015-09-24,93.51434326171875,94.41000366210938,94.7699966430664,92.23999786376953,93.05999755859375,29106000
2015-09-25,91.88990783691406,92.7699966430664,95.8499984741211,92.05999755859375,95.79000091552734,28961600
2015-09-28,88.36368560791016,89.20999908447266,92.29000091552734,88.18000030517578,92.08000183105469,41199900
2015-09-29,85.84778594970703,86.66999816894531,90.05999755859375,85.72000122070312,89.0999984741211,42281800
2015-09-30,89.0471420288086,89.9000015258789,90.0199966430664,88.01000213623047,88.44000244140625,36169100
2015-10-01,90.08716583251953,90.94999694824219,90.94999694824219,88.36000061035156,90.05000305175781,29283700
2015-10-02,91.19654846191406,92.06999969482422,92.19999694824219,88.37000274658203,88.9000015258789,37881700
2015-10-05,93.11814880371094,94.01000213623047,94.2699966430664,92.66000366210938,92.94000244140625,27292500
2015-10-06,91.91962432861328,92.80000305175781,94.16999816894531,92.33999633789062,94.08000183105469,22172800
2015-10-07,91.52342224121094,92.4000015258789,93.66000366210938,91.37000274658203,93.11000061035156,24129300
2015-10-08,91.59275817871094,92.47000122070312,93.22000122070312,90.47000122070312,91.88999938964844,27290500
2015-10-09,92.3554458618164,93.23999786376953,93.73999786376953,92.23999786376953,92.9000015258789,20012900
2015-10-12,93.36576843261719,94.26000213623047,94.5999984741211,92.66999816894531,93.31999969482422,18449600
2015-10-13,93.22710418701172,94.12000274658203,95.37000274658203,93.55000305175781,93.66000366210938,19480300
2015-10-14,93.17757415771484,94.06999969482422,95.19999694824219,93.61000061035156,94.08000183105469,19253400
2015-10-15,95.04963684082031,95.95999908447266,96.30000305175781,94.9000015258789,94.98999786376953,27557500
2015-10-16,96.61466217041016,97.54000091552734,97.58999633789062,95.3499984741211,96.18000030517578,25412900
2015-10-19,97.53583526611328,98.47000122070312,98.56999969482422,96.91999816894531,97.18000030517578,23729900
2015-10-20,96.07978057861328,97.0,99.58999633789062,96.55999755859375,98.7300033569336,30881800
2015-10-21,96.188720703125,97.11000061035156,98.18000030517578,96.47000122070312,97.37000274658203,21917800
2015-10-22,98.72444152832031,99.66999816894531,99.7300033569336,97.55000305175781,97.79000091552734,26392100
2015-10-23,101.22055053710938,102.19000244140625,102.8499984741211,100.16000366210938,101.91000366210938,42809700
2015-10-26,102.78553771972656,103.7699966430664,103.80999755859375,101.55000305175781,102.19999694824219,25961200
2015-10-27,102.7162094116211,103.69999694824219,104.0999984741211,102.4000015258789,102.94000244140625,23795500
2015-10-28,103.21146392822266,104.19999694824219,104.4800033569336,102.91999816894531,103.9000015258789,24081500
2015-10-29,103.88502502441406,104.87999725341797,105.12000274658203,103.5199966430664,103.95999908447266,20316700
2015-10-30,101.00261688232422,101.97000122070312,104.72000122070312,101.6500015258789,104.51000213623047,33487100
2015-11-02,102.32991790771484,103.30999755859375,103.47000122070312,101.18000030517578,101.72000122070312,24003900
2015-11-03,101.6068344116211,102.58000183105469,103.6500015258789,102.4000015258789,103.22000122070312,21242300
2015-11-04,102.95392608642578,103.94000244140625,104.13999938964844,102.4800033569336,103.19000244140625,43469300
2015-11-05,107.72821044921875,108.76000213623047,110.6500015258789,107.94999694824219,108.80000305175781,63232900
2015-11-06,106.0839614868164,107.0999984741211,108.73999786376953,105.91000366210938,108.04000091552734,35084300
2015-11-09,105.479736328125,106.48999786376953,108.25,105.86000061035156,107.0,26383500
2015-11-10,106.88628387451172,107.91000366210938,108.1500015258789,105.23999786376953,105.95999908447266,25031700
2015-11-11,107.97583770751953,109.01000213623047,109.87000274658203,107.11000061035156,108.2699966430664,25057100
2015-11-12,106.9952163696289,108.0199966430664,109.38999938964844,108.0,108.4800033569336,20924700
2015-11-13,102.96382904052734,103.94999694824219,108.25,103.83000183105469,107.70999908447266,30278400
2015-11-16,103.05299377441406,104.04000091552734,104.16999816894531,100.47000122070312,103.31999969482422,49309200
2015-11-17,104.13264465332031,105.12999725341797,106.19999694824219,104.13999938964844,104.62000274658203,26807200
2015-11-18,106.74761199951172,107.7699966430664,107.87999725341797,105.38999938964844,105.80000305175781,23836500
2015-11-19,105.2519302368164,106.26000213623047,107.7300033569336,105.94999694824219,107.36000061035156,25520600
2015-11-20,106.30187225341797,107.31999969482422,107.87000274658203,106.62000274658203,106.83999633789062,22129600
2015-11-23,105.93539428710938,106.94999694824219,107.47000122070312,106.08000183105469,107.19000244140625,19897200
2015-11-24,104.73685455322266,105.73999786376953,106.48999786376953,104.38999938964844,106.0,23577300
2015-11-25,104.40999603271484,105.41000366210938,106.5999984741211,105.0999984741211,106.33000183105469,15150800
2015-11-27,104.4496078491211,105.44999694824219,105.95999908447266,104.86000061035156,105.77999877929688,5913100
2015-11-30,103.25109100341797,104.23999786376953,106.0999984741211,103.75,105.83999633789062,20383200
2015-12-01,106.10379028320312,107.12000274658203,107.1500015258789,104.5,104.83000183105469,22781900
2015-12-02,105.0637435913086,106.06999969482422,107.91999816894531,105.79000091552734,107.0,24429100
2015-12-03,103.38976287841797,104.37999725341797,106.8499984741211,103.3499984741211,106.2699966430664,23236500
2015-12-04,105.17269134521484,106.18000030517578,107.7300033569336,104.11000061035156,104.80999755859375,21224700
2015-12-07,104.60810089111328,105.61000061035156,106.83000183105469,104.66000366210938,106.4800033569336,15474900
2015-12-08,105.479736328125,106.48999786376953,106.91000366210938,103.94999694824219,104.0,20401800
2015-12-09,103.60767364501953,104.5999984741211,106.44000244140625,103.55000305175781,106.18000030517578,23517300
2015-12-10,104.41991424560547,105.41999816894531,106.4000015258789,104.41000366210938,105.05000305175781,17454300
2015-12-11,101.15120697021484,102.12000274658203,104.33999633789062,101.91000366210938,104.1500015258789,26427700
2015-12-14,103.66710662841797,104.66000366210938,104.73999786376953,101.45999908447266,102.29000091552734,24648100
2015-12-15,103.55815887451172,104.55000305175781,105.80000305175781,104.27999877929688,105.30000305175781,21764300
2015-12-16,105.77690887451172,106.79000091552734,107.08999633789062,104.19000244140625,105.37000274658203,22680500
2015-12-17,105.21231079101562,106.22000122070312,107.75,106.12999725341797,107.48999786376953,21675700
2015-12-18,103.05299377441406,104.04000091552734,106.58999633789062,103.97000122070312,106.08000183105469,35994200
2015-12-21,103.77606201171875,104.7699966430664,105.1500015258789,103.5999984741211,104.91000366210938,16138800
2015-12-22,104.50904846191406,105.51000213623047,105.66000366210938,104.80999755859375,105.22000122070312,14597100
2015-12-23,103.63739013671875,104.62999725341797,106.11000061035156,103.86000061035156,105.88999938964844,19599700
2015-12-24,104.023681640625,105.0199966430664,105.31999969482422,104.5,104.73999786376953,6501800
2015-12-28,104.9250717163086,105.93000030517578,105.9800033569336,104.52999877929688,105.0199966430664,13069700
2015-12-29,106.24244689941406,107.26000213623047,107.73999786376953,106.25,106.41999816894531,17179900
2015-12-30,105.21231079101562,106.22000122070312,107.25,106.05999755859375,107.0,13115000
2015-12-31,103.66710662841797,104.66000366210938,106.16999816894531,104.62000274658203,106.0,18391100
2016-01-04,101.25025177001953,102.22000122070312,102.23999786376953,99.75,101.94999694824219,37912400
2016-01-05,101.75541687011719,102.7300033569336,103.70999908447266,101.66999816894531,102.88999938964844,23258200
2016-01-06,101.99314880371094,102.97000122070312,103.7699966430664,100.9000015258789,101.12999725341797,25096200
2016-01-07,96.9910659790039,97.91999816894531,101.43000030517578,97.30000305175781,100.5,45172900
2016-01-08,96.40665435791016,97.33000183105469,100.5,97.02999877929688,99.87999725341797,35402300
2016-01-11,96.58494567871094,97.51000213623047,98.5999984741211,95.38999938964844,97.91000366210938,29932400
2016-01-12,98.42729949951172,99.37000274658203,99.95999908447266,97.55000305175781,99.0,28395400
2016-01-13,94.53457641601562,95.44000244140625,100.58000183105469,95.20999908447266,100.58000183105469,33410600
2016-01-14,97.43678283691406,98.37000274658203,98.87000274658203,92.44999694824219,95.8499984741211,48658600
2016-01-15,94.06903839111328,94.97000122070312,96.37999725341797,93.54000091552734,93.9800033569336,46132800
2016-01-19,94.35627746582031,95.26000213623047,97.41999816894531,93.91999816894531,96.52999877929688,30998300
2016-01-20,93.45491790771484,94.3499984741211,95.0,89.37000274658203,92.83000183105469,59051400
2016-01-21,93.26671600341797,94.16000366210938,95.98999786376953,92.62000274658203,94.91000366210938,30518900
2016-01-22,97.01087188720703,97.94000244140625,98.06999969482422,95.48999786376953,96.41000366210938,30495400
2016-01-25,96.08968353271484,97.01000213623047,99.4800033569336,96.93000030517578,98.72000122070312,32482000
2016-01-26,96.41655731201172,97.33999633789062,97.87999725341797,95.66000366210938,97.76000213623047,26877100
2016-01-27,93.5539779663086,94.44999694824219,97.8499984741211,94.2300033569336,97.79000091552734,58699400
2016-01-28,108.07489776611328,109.11000061035156,110.33999633789062,104.80999755859375,107.19999694824219,107475300
2016-01-29,111.14550018310547,112.20999908447266,112.83999633789062,108.83999633789062,108.98999786376953,62739500
2016-02-01,113.99816131591797,115.08999633789062,115.72000122070312,112.01000213623047,112.2699966430664,46132700
2016-02-02,113.522705078125,114.61000061035156,117.58999633789062,113.19999694824219,114.80000305175781,59778600
2016-02-03,111.62094116210938,112.69000244140625,115.33999633789062,109.75,115.2699966430664,56919300
2016-02-04,109.44180297851562,110.48999786376953,111.94000244140625,109.25,111.80000305175781,38890200
2016-02-05,103.08270263671875,104.06999969482422,109.58000183105469,103.18000030517578,109.51000213623047,76894700
2016-02-08,98.80369567871094,99.75,102.68000030517578,97.45999908447266,100.41000366210938,71229700
2016-02-09,98.59568786621094,99.54000091552734,102.4000015258789,96.81999969482422,97.13999938964844,62709000
2016-02-10,100.04182434082031,101.0,103.25,100.23999786376953,101.55000305175781,45179400
2016-02-11,100.94319915771484,101.91000366210938,105.11000061035156,98.87999725341797,99.5999984741211,43670600
2016-02-12,101.04224395751953,102.01000213623047,104.23999786376953,101.08999633789062,103.73999786376953,36176800
2016-02-16,100.64603424072266,101.61000061035156,103.93000030517578,100.23999786376953,103.80000305175781,45687200
2016-02-17,104.20197296142578,105.19999694824219,105.72000122070312,100.4000015258789,102.0199966430664,44073400
2016-02-18,102.48839569091797,103.47000122070312,106.0,103.02999877929688,105.80000305175781,29593500
2016-02-19,103.57797241210938,104.56999969482422,105.0199966430664,102.05999755859375,102.55000305175781,32404500
2016-02-22,106.14338684082031,107.16000366210938,108.25,105.33999633789062,105.48999786376953,35709700
2016-02-23,104.45951843261719,105.45999908447266,107.47000122070312,105.12000274658203,106.8499984741211,25319300
2016-02-24,105.86604309082031,106.87999725341797,106.94999694824219,102.73999786376953,104.20999908447266,34412400
2016-02-25,107.04475402832031,108.06999969482422,108.06999969482422,105.61000061035156,107.11000061035156,29906300
2016-02-26,106.89618682861328,107.91999816894531,109.44999694824219,107.16000366210938,108.69999694824219,26686200
2016-02-29,105.9056625366211,106.91999816894531,108.91000366210938,106.75,107.5999984741211,32779000
2016-03-01,108.77816772460938,109.81999969482422,109.81999969482422,107.5999984741211,107.83000183105469,26817300
2016-03-02,108.90692138671875,109.94999694824219,110.55000305175781,108.7699966430664,109.68000030517578,25670200
2016-03-03,108.54043579101562,109.58000183105469,110.30000305175781,108.54000091552734,110.25,21353100
2016-03-04,107.3617172241211,108.38999938964844,110.05000305175781,107.93000030517578,110.05000305175781,24938900
2016-03-07,104.72695922851562,105.7300033569336,108.06999969482422,104.72000122070312,108.06999969482422,31436400
2016-03-08,104.9250717163086,105.93000030517578,107.37000274658203,104.4000015258789,104.77999877929688,25617000
2016-03-09,106.49008178710938,107.51000213623047,107.51000213623047,105.48999786376953,106.69999694824219,20493300
2016-03-10,106.30187225341797,107.31999969482422,108.66000366210938,105.7699966430664,107.91000366210938,24854300
2016-03-11,108.3720474243164,109.41000366210938,109.41999816894531,107.91999816894531,108.4800033569336,20697600
2016-03-14,108.84748840332031,109.88999938964844,110.33000183105469,108.7699966430664,109.27999877929688,17249400
2016-03-15,109.6200942993164,110.66999816894531,110.83000183105469,108.83999633789062,109.11000061035156,17618500
2016-03-16,111.11577606201172,112.18000030517578,112.5,110.0999984741211,110.48999786376953,24744800
2016-03-17,109.96678161621094,111.0199966430664,112.69000244140625,110.7300033569336,112.1500015258789,24241200
2016-03-18,110.39268493652344,111.44999694824219,112.41999816894531,110.2699966430664,111.55999755859375,36256900
2016-03-21,110.78890228271484,111.8499984741211,112.37000274658203,111.02999877929688,111.66000366210938,18448000
2016-03-22,111.18509674072266,112.25,112.87999725341797,111.16999816894531,111.36000061035156,19001100
2016-03-23,111.47236633300781,112.54000091552734,113.19000244140625,112.0,112.01000213623047,18562000
2016-03-24,111.9775161743164,113.05000305175781,113.08999633789062,111.68000030517578,112.12999725341797,17839100
2016-03-28,112.61144256591797,113.69000244140625,114.58999633789062,112.94999694824219,113.31999969482422,21351800
2016-03-29,115.0381851196289,116.13999938964844,116.31999969482422,113.63999938964844,113.83000183105469,29825300
2016-03-30,113.61185455322266,114.69999694824219,116.98999786376953,114.36000061035156,116.7300033569336,33235200
2016-03-31,113.01753997802734,114.0999984741211,115.01000213623047,113.7699966430664,114.69999694824219,21207500
2016-04-01,114.95894622802734,116.05999755859375,116.16999816894531,113.3499984741211,113.75,24760500
2016-04-04,111.48226165771484,112.55000305175781,114.55000305175781,111.61000061035156,114.06999969482422,48487900
2016-04-05,111.15538787841797,112.22000122070312,113.31999969482422,111.9000015258789,112.11000061035156,22962400
2016-04-06,112.6312484741211,113.70999908447266,113.80999755859375,112.41999816894531,112.47000122070312,20814600
2016-04-07,112.56192779541016,113.63999938964844,114.88999938964844,113.06999969482422,113.79000091552734,20714500
2016-04-08,109.5804672241211,110.62999725341797,114.33000183105469,109.9000015258789,114.25,48497800
2016-04-11,107.9560317993164,108.98999786376953,110.91000366210938,108.7699966430664,110.69999694824219,39762300
2016-04-12,109.5606689453125,110.61000061035156,111.16000366210938,108.98999786376953,109.33999633789062,26248100
2016-04-13,109.46161651611328,110.51000213623047,112.6500015258789,106.5199966430664,112.2300033569336,88227400
2016-04-14,109.7884750366211,110.83999633789062,112.04000091552734,110.26000213623047,110.62000274658203,28473300
2016-04-15,108.59986114501953,109.63999938964844,110.97000122070312,109.19999694824219,110.79000091552734,20922800
2016-04-18,109.40217590332031,110.44999694824219,110.80999755859375,109.19999694824219,109.73999786376953,21167200
2016-04-19,111.22471618652344,112.29000091552734,112.44999694824219,109.16000366210938,111.0999984741211,30210500
2016-04-20,111.35347747802734,112.41999816894531,113.2699966430664,111.55999755859375,112.43000030517578,21027900
2016-04-21,112.36381530761719,113.44000244140625,114.04000091552734,112.30999755859375,112.55000305175781,20875200
2016-04-22,109.5111312866211,110.55999755859375,111.75,109.01000213623047,111.20999908447266,38458200
2016-04-25,109.05550384521484,110.0999984741211,110.66999816894531,109.06999969482422,109.87000274658203,21017900
2016-04-26,107.72821044921875,108.76000213623047,110.5,108.1500015258789,110.48999786376953,22521500
2016-04-27,107.85697174072266,108.88999938964844,108.94000244140625,106.30999755859375,107.94000244140625,52213100
2016-04-28,115.62260437011719,116.7300033569336,120.79000091552734,116.2300033569336,119.58000183105469,87110100
2016-04-29,116.46454620361328,117.58000183105469,117.83999633789062,115.83999633789062,116.81999969482422,37140600
2016-05-02,117.44513702392578,118.56999969482422,118.7300033569336,116.56999969482422,117.83000183105469,28095200
2016-05-03,116.31596374511719,117.43000030517578,118.16000366210938,117.0199966430664,117.5199966430664,24117500
2016-05-04,116.93997192382812,118.05999755859375,118.30000305175781,116.56999969482422,116.61000061035156,23448400
2016-05-05,116.6923599243164,117.80999755859375,118.9800033569336,117.25,118.04000091552734,22056700
2016-05-06,118.35640716552734,119.48999786376953,119.63999938964844,117.11000061035156,117.16000366210938,26395600
2016-05-09,118.1087875366211,119.23999786376953,120.27999877929688,118.9000015258789,119.54000091552734,21138100
2016-05-10,119.35684967041016,120.5,120.5,119.0,119.62000274658203,23220000
2016-05-11,118.3861312866211,119.5199966430664,121.08000183105469,119.41999816894531,120.41000366210938,22038400
2016-05-12,119.138916015625,120.27999877929688,120.83999633789062,118.9000015258789,119.9800033569336,22035500
2016-05-13,118.67337799072266,119.80999755859375,120.63999938964844,119.68000030517578,120.37999725341797,18124300
2016-05-16,117.54419708251953,118.66999816894531,119.61000061035156,117.3499984741211,119.37999725341797,31247800
2016-05-17,116.2367172241211,117.3499984741211,119.01000213623047,117.19999694824219,118.81999969482422,21328600
2016-05-18,116.53388977050781,117.6500015258789,118.2699966430664,116.7300033569336,116.80000305175781,21642300
2016-05-19,115.70183563232422,116.80999755859375,117.48999786376953,115.87999725341797,117.05000305175781,20544100
2016-05-20,116.2367172241211,117.3499984741211,117.98999786376953,116.94999694824219,116.95999908447266,18944800
2016-05-23,114.86980438232422,115.97000122070312,117.5999984741211,115.94000244140625,117.41999816894531,20441000
2016-05-24,116.58340454101562,117.69999694824219,117.7300033569336,116.12000274658203,116.23999786376953,20183600
2016-05-25,116.77159881591797,117.88999938964844,118.66999816894531,117.37999725341797,118.12999725341797,20019800
2016-05-26,118.33660125732422,119.47000122070312,119.76000213623047,117.91999816894531,118.23999786376953,18481300
2016-05-27,118.24746704101562,119.37999725341797,119.8499984741211,119.01000213623047,119.55999755859375,13493600
2016-05-31,117.68286895751953,118.80999755859375,120.0999984741211,118.12000274658203,119.45999908447266,23547600
2016-06-01,117.65315246582031,118.77999877929688,119.08000183105469,117.81999969482422,118.5,15029500
2016-06-02,117.8017349243164,118.93000030517578,119.44000244140625,118.22000122070312,118.69000244140625,13228300
2016-06-03,117.3460922241211,118.47000122070312,118.9800033569336,117.86000061035156,118.9800033569336,14135100
2016-06-06,117.6630630493164,118.79000091552734,119.43000030517578,118.36000061035156,118.62000274658203,12744700
2016-06-07,116.64283752441406,117.76000213623047,119.30000305175781,117.66999816894531,119.23999786376953,17103000
2016-06-08,117.266845703125,118.38999938964844,118.5999984741211,117.2699966430664,117.76000213623047,14505600
2016-06-09,117.43524932861328,118.55999755859375,118.68000030517578,117.70999908447266,118.12999725341797,13859200
2016-06-10,115.5136489868164,116.62000274658203,118.11000061035156,116.26000213623047,117.54000091552734,18510800
2016-06-13,112.86897277832031,113.94999694824219,115.4800033569336,113.30999755859375,115.0,31718200
2016-06-14,113.84957885742188,114.94000244140625,114.94999694824219,113.58000183105469,114.06999969482422,17618500
2016-06-15,113.51280212402344,114.5999984741211,115.44000244140625,114.06999969482422,115.30000305175781,19819400
2016-06-16,113.30482482910156,114.38999938964844,114.5,112.94000244140625,113.87000274658203,19236300
2016-06-17,111.94779205322266,113.0199966430664,114.43000030517578,112.55999755859375,114.41999816894531,24644300
2016-06-20,112.29447937011719,113.37000274658203,114.72000122070312,112.75,113.7699966430664,20785400
2016-06-21,113.29490661621094,114.37999725341797,115.20999908447266,113.97000122070312,114.12000274658203,19166300
2016-06-22,112.8293685913086,113.91000366210938,114.73999786376953,113.61000061035156,114.6500015258789,14846300
2016-06-23,113.9882583618164,115.08000183105469,115.08999633789062,113.54000091552734,114.37000274658203,16176900
2016-06-24,111.01671600341797,112.08000183105469,113.68000030517578,111.0,111.01000213623047,40643100
2016-06-27,107.93622589111328,108.97000122070312,111.56999969482422,108.2300033569336,111.56999969482422,36130400
2016-06-28,111.6308364868164,112.69999694824219,112.75,110.55000305175781,110.62999725341797,26813800
2016-06-29,113.07699584960938,114.16000366210938,114.25,113.04000091552734,113.37000274658203,20968300
2016-06-30,113.19583892822266,114.27999877929688,115.18000030517578,113.66999816894531,114.66999816894531,23192700
2016-07-01,113.10670471191406,114.19000244140625,115.12999725341797,113.80999755859375,114.19999694824219,14980000
2016-07-05,113.11660766601562,114.19999694824219,114.19999694824219,112.97000122070312,113.94000244140625,14207000
2016-07-06,115.59288787841797,116.69999694824219,116.79000091552734,112.97000122070312,113.36000061035156,24337600
2016-07-07,114.75096130371094,115.8499984741211,116.97000122070312,115.36000061035156,116.62999725341797,16630200
2016-07-08,116.12776184082031,117.23999786376953,117.5,115.8499984741211,116.43000030517578,18142600
2016-07-11,116.75177764892578,117.87000274658203,118.69999694824219,117.5,117.70999908447266,17711600
2016-07-12,116.81121826171875,117.93000030517578,118.72000122070312,117.56999969482422,118.62999725341797,15217700
2016-07-13,115.672119140625,116.77999877929688,118.4000015258789,116.68000030517578,118.38999938964844,16207700
2016-07-14,116.17729187011719,117.29000091552734,117.63999938964844,116.69999694824219,117.5,14579700
2016-07-15,115.75137329101562,116.86000061035156,118.27999877929688,116.58000183105469,117.73999786376953,16646000
2016-07-18,118.2375717163086,119.37000274658203,119.61000061035156,116.88999938964844,117.31999969482422,20868400
2016-07-19,119.4657974243164,120.61000061035156,120.8499984741211,118.66000366210938,118.98999786376953,21541300
2016-07-20,120.76335906982422,121.91999816894531,122.19999694824219,120.55999755859375,121.25,20046500
2016-07-21,119.4657974243164,120.61000061035156,122.0999984741211,120.25,121.91999816894531,17801700
2016-07-22,119.85208892822266,121.0,121.01000213623047,119.30999755859375,119.9000015258789,18422400
2016-07-25,120.47611999511719,121.62999725341797,121.8499984741211,117.77999877929688,121.38999938964844,18487400
2016-07-26,120.07002258300781,121.22000122070312,122.06999969482422,120.75,122.0,17612000
2016-07-27,122.16988372802734,123.33999633789062,125.0,121.51000213623047,122.41999816894531,52654200
2016-07-28,123.81415557861328,125.0,128.3300018310547,123.62999725341797,127.5199966430664,78955800
2016-07-29,122.76420593261719,123.94000244140625,125.83999633789062,123.70999908447266,124.6500015258789,35058800
2016-08-01,123.13069152832031,124.30999755859375,124.58000183105469,122.86000061035156,123.8499984741211,25006900
2016-08-02,121.9222640991211,123.08999633789062,124.80000305175781,122.06999969482422,124.05999755859375,23968400
2016-08-03,121.34777069091797,122.51000213623047,123.91999816894531,122.30999755859375,123.08999633789062,18525300
2016-08-04,123.18021392822266,124.36000061035156,124.79000091552734,122.51000213623047,122.94000244140625,21066000
2016-08-05,123.96272277832031,125.1500015258789,125.83999633789062,124.62000274658203,124.9800033569336,20184000
2016-08-08,124.07167053222656,125.26000213623047,125.44999694824219,124.55000305175781,125.25,15233900
2016-08-09,123.87357330322266,125.05999755859375,126.08999633789062,124.52999877929688,125.33999633789062,19621000
2016-08-10,123.69528198242188,124.87999725341797,125.4800033569336,124.54000091552734,125.06999969482422,10670100
2016-08-11,123.71510314941406,124.9000015258789,125.37999725341797,124.75,125.19999694824219,11729500
2016-08-12,123.69528198242188,124.87999725341797,125.0,124.18000030517578,124.69999694824219,12159000
2016-08-15,122.72459411621094,123.9000015258789,124.91999816894531,123.69999694824219,124.91000366210938,19295100
2016-08-16,122.1302719116211,123.30000305175781,123.91999816894531,122.77999877929688,123.5,14222400
2016-08-17,123.19012451171875,124.37000274658203,124.37999725341797,122.8499984741211,123.66000366210938,13794200
2016-08-18,122.73448944091797,123.91000366210938,124.26000213623047,123.63999938964844,124.01000213623047,12400800
2016-08-19,122.38780975341797,123.55999755859375,124.16000366210938,123.27999877929688,123.5999984741211,11688300
2016-08-22,122.97220611572266,124.1500015258789,124.83000183105469,123.11000061035156,123.33000183105469,14386400
2016-08-23,123.19012451171875,124.37000274658203,125.08999633789062,124.25,124.51000213623047,13309500
2016-08-24,122.30856323242188,123.4800033569336,124.69000244140625,123.08999633789062,124.47000122070312,12243700
2016-08-25,122.71467590332031,123.88999938964844,124.37000274658203,123.0999984741211,123.12000274658203,10730800
2016-08-26,123.77452850341797,124.95999908447266,125.19000244140625,123.91000366210938,124.05000305175781,17504800
2016-08-29,125.33953094482422,126.54000091552734,126.7300033569336,124.3499984741211,124.3499984741211,15925900
2016-08-30,124.64616394042969,125.83999633789062,126.5999984741211,125.1500015258789,126.5999984741211,17804300
2016-08-31,124.92353057861328,126.12000274658203,126.22000122070312,125.0999984741211,125.5999984741211,14200600
2016-09-01,124.9730453491211,126.16999816894531,126.62999725341797,125.5999984741211,126.37999725341797,13536100
2016-09-02,125.3098373413086,126.51000213623047,126.86000061035156,126.0,126.8499984741211,12118800
2016-09-06,128.49928283691406,129.72999572753906,129.94000244140625,126.47000122070312,126.66999816894531,26278400
2016-09-07,129.80674743652344,131.0500030517578,131.97999572753906,129.9499969482422,130.0399932861328,27990800
2016-09-08,129.03411865234375,130.27000427246094,131.0800018310547,129.80999755859375,130.9199981689453,15676600
2016-09-09,125.89421844482422,127.0999984741211,129.9499969482422,127.0999984741211,129.7100067138672,27100700
2016-09-12,127.46916198730469,128.69000244140625,128.75999450683594,125.75,125.95999908447266,21252800
2016-09-13,126.00318145751953,127.20999908447266,128.35000610351562,126.66000366210938,128.02999877929688,18016200
2016-09-14,126.55787658691406,127.7699966430664,128.8000030517578,126.88999938964844,126.88999938964844,15691100
2016-09-15,127.13238525390625,128.35000610351562,129.10000610351562,127.66999816894531,127.9800033569336,15077200
2016-09-16,127.84554290771484,129.07000732421875,129.17999267578125,128.1999969482422,128.1999969482422,24119200
2016-09-19,127.42953491210938,128.64999389648438,129.94000244140625,128.25999450683594,129.91000366210938,14958800
2016-09-20,127.41961669921875,128.63999938964844,129.1699981689453,128.02999877929688,128.64999389648438,11083800
2016-09-21,128.7073211669922,129.94000244140625,130.00999450683594,128.38999938964844,129.1300048828125,14068300
2016-09-22,128.84596252441406,130.0800018310547,130.72999572753906,129.55999755859375,130.5,15538300
2016-09-23,126.74607849121094,127.95999908447266,128.60000610351562,127.30000305175781,127.55999755859375,28326300
2016-09-26,126.10224151611328,127.30999755859375,128.16000366210938,126.80000305175781,127.37000274658203,15064900
2016-09-27,127.46916198730469,128.69000244140625,129.00999450683594,127.43000030517578,127.61000061035156,15637100
2016-09-28,128.00401306152344,129.22999572753906,129.47000122070312,128.39999389648438,129.2100067138672,12047600
2016-09-29,126.87483978271484,128.08999633789062,129.2899932861328,127.55000305175781,129.17999267578125,14532200
2016-09-30,127.05313110351562,128.27000427246094,128.58999633789062,127.44999694824219,128.02999877929688,18402900
2016-10-03,127.54839324951172,128.77000427246094,129.08999633789062,127.80000305175781,128.3800048828125,13156900
2016-10-04,126.97389221191406,128.19000244140625,129.27999877929688,127.55000305175781,129.1699981689453,14307500
2016-10-05,127.25122833251953,128.47000122070312,128.8000030517578,127.83000183105469,128.25,12386800
2016-10-06,127.51869201660156,128.74000549316406,129.05999755859375,128.0800018310547,128.42999267578125,11682700
2016-10-07,127.76629638671875,128.99000549316406,129.25,128.3300018310547,129.0399932861328,12804400
2016-10-10,129.00442504882812,130.24000549316406,130.6999969482422,129.1999969482422,129.67999267578125,15138700
2016-10-11,127.6573486328125,128.8800048828125,130.63999938964844,128.22999572753906,130.22999572753906,17537900
2016-10-12,127.82572174072266,129.0500030517578,129.66000366210938,128.4600067138672,129.00999450683594,11073000
2016-10-13,126.60739135742188,127.81999969482422,128.25,126.75,128.2100067138672,17139300
2016-10-14,126.66681671142578,127.87999725341797,128.9499969482422,127.58000183105469,128.49000549316406,13345300
2016-10-17,126.33003997802734,127.54000091552734,128.47000122070312,127.31999969482422,128.1999969482422,11351700
2016-10-18,127.35025787353516,128.57000732421875,129.38999938964844,128.00999450683594,128.67999267578125,13504000
2016-10-19,128.8756561279297,130.11000061035156,130.47000122070312,128.60000610351562,128.74000549316406,16752300
2016-10-20,128.76670837402344,130.0,130.66000366210938,129.5,130.07000732421875,13167500
2016-10-21,130.8170928955078,132.07000732421875,132.1300048828125,129.6999969482422,129.77999877929688,19088800
2016-10-24,132.01559448242188,133.27999877929688,133.41000366210938,132.14999389648438,132.72000122070312,17470200
2016-10-25,131.03497314453125,132.2899932861328,133.5,132.22000122070312,133.5,13336800
2016-10-26,129.79684448242188,131.0399932861328,132.25999450683594,130.94000244140625,131.63999938964844,13084700
2016-10-27,128.4596710205078,129.69000244140625,131.8000030517578,129.27000427246094,131.74000549316406,16741400
2016-10-28,130.04444885253906,131.2899932861328,132.97000122070312,129.92999267578125,130.5,24545500
2016-10-31,129.74732971191406,130.99000549316406,132.1199951171875,130.8800048828125,132.00999450683594,15669000
2016-11-01,128.2714385986328,129.5,131.94000244140625,128.64999389648438,131.41000366210938,22077800
2016-11-02,125.96356201171875,127.16999816894531,130.22999572753906,126.27999877929688,130.22999572753906,39640900
2016-11-03,118.86157989501953,120.0,123.27999877929688,119.5,122.0,63766300
2016-11-04,119.60446166992188,120.75,121.93000030517578,119.25,119.58999633789062,30545500
2016-11-07,120.9911880493164,122.1500015258789,123.20999908447266,121.3499984741211,122.83000183105469,23008900
2016-11-08,123.04154205322266,124.22000122070312,124.61000061035156,121.54000091552734,122.02999877929688,19460800
2016-11-09,122.01141357421875,123.18000030517578,123.80999755859375,120.51000213623047,121.5,31916000
2016-11-10,119.65400695800781,120.80000305175781,124.18000030517578,115.2699966430664,123.93000030517578,67846700
2016-11-11,117.89087677001953,119.0199966430664,120.69999694824219,118.1500015258789,119.52999877929688,32840100
2016-11-14,113.9882583618164,115.08000183105469,119.12999725341797,113.55000305175781,119.12999725341797,51377000
2016-11-15,116.088134765625,117.19999694824219,118.48999786376953,115.83000183105469,116.7300033569336,34681400
2016-11-16,115.2363052368164,116.33999633789062,117.87999725341797,114.20999908447266,114.4800033569336,32397900
2016-11-17,116.67254638671875,117.79000091552734,117.79000091552734,116.01000213623047,116.80999755859375,18597800
2016-11-18,115.90985107421875,117.0199966430664,119.12999725341797,116.83999633789062,118.38999938964844,22879300
2016-11-21,120.61477661132812,121.7699966430664,121.94999694824219,117.80000305175781,118.19999694824219,35415400
2016-11-22,120.31763458251953,121.47000122070312,122.9800033569336,120.9000015258789,122.4000015258789,26089200
2016-11-23,119.69361877441406,120.83999633789062,121.30999755859375,119.94000244140625,121.2300033569336,15672100
2016-11-25,119.23798370361328,120.37999725341797,121.13999938964844,120.06999969482422,121.01000213623047,8658600
2016-11-28,119.26769256591797,120.41000366210938,121.69000244140625,119.81999969482422,120.12000274658203,18101300
2016-11-29,119.72334289550781,120.87000274658203,122.0999984741211,120.4000015258789,120.56999969482422,18891000
2016-11-30,117.29656219482422,118.41999816894531,121.79000091552734,117.94999694824219,120.31999969482422,30188900
2016-12-01,114.00807189941406,115.0999984741211,118.44999694824219,114.0,118.37999725341797,43277000
2016-12-02,114.30522155761719,115.4000015258789,116.4800033569336,114.30000305175781,115.11000061035156,25070400
2016-12-05,116.31596374511719,117.43000030517578,117.56999969482422,115.06999969482422,115.94999694824219,20201500
2016-12-06,116.19709777832031,117.30999755859375,117.80000305175781,116.33000183105469,117.69000244140625,19131200
2016-12-07,116.8310317993164,117.94999694824219,117.94999694824219,116.56999969482422,117.0,21913700
2016-12-08,117.78192138671875,118.91000366210938,119.5,117.63999938964844,117.9800033569336,22442800
2016-12-09,118.54462432861328,119.68000030517578,119.94000244140625,118.94999694824219,119.22000122070312,17464700
2016-12-12,116.65274047851562,117.7699966430664,119.23999786376953,117.6500015258789,119.22000122070312,17805500
2016-12-13,119.16863250732422,120.30999755859375,121.5199966430664,117.61000061035156,117.86000061035156,29768000
2016-12-14,119.06959533691406,120.20999908447266,121.69000244140625,118.8499984741211,120.0,25913100
2016-12-15,119.42616271972656,120.56999969482422,122.5,119.62999725341797,120.08000183105469,20139600
2016-12-16,118.73281860351562,119.87000274658203,121.5,119.2699966430664,120.9000015258789,25324300
2016-12-19,118.1087875366211,119.23999786376953,120.36000061035156,118.51000213623047,119.8499984741211,15918100
2016-12-20,117.960205078125,119.08999633789062,119.7699966430664,118.80000305175781,119.5,13684400
2016-12-21,117.91069030761719,119.04000091552734,119.19999694824219,118.4800033569336,118.91999816894531,10767600
2016-12-22,116.2862548828125,117.4000015258789,118.98999786376953,116.93000030517578,118.86000061035156,16258600
2016-12-23,116.1574935913086,117.2699966430664,117.55999755859375,116.30000305175781,117.0,10890000
2016-12-27,116.89046478271484,118.01000213623047,118.68000030517578,116.86000061035156,116.95999908447266,12051500
2016-12-28,115.81080627441406,116.91999816894531,118.25,116.6500015258789,118.19000244140625,12087400
2016-12-29,115.24620056152344,116.3499984741211,117.52999877929688,116.05999755859375,117.0,9934900
2016-12-30,113.95854187011719,115.05000305175781,116.83000183105469,114.7699966430664,116.5999984741211,18684100
2017-01-03,115.75137329101562,116.86000061035156,117.83999633789062,115.51000213623047,116.02999877929688,20663900
2017-01-04,117.56401824951172,118.69000244140625,119.66000366210938,117.29000091552734,117.55000305175781,19630900
2017-01-05,119.52523040771484,120.66999816894531,120.94999694824219,118.31999969482422,118.86000061035156,19492200
2017-01-06,122.2392349243164,123.41000366210938,123.87999725341797,120.02999877929688,120.9800033569336,28545300
2017-01-09,123.71510314941406,124.9000015258789,125.43000030517578,123.04000091552734,123.55000305175781,22880400
2017-01-10,123.17030334472656,124.3499984741211,125.5,124.27999877929688,124.81999969482422,17324600
2017-01-11,124.89380645751953,126.08999633789062,126.12000274658203,124.05999755859375,124.3499984741211,18356500
2017-01-12,125.41877746582031,126.62000274658203,126.7300033569336,124.80000305175781,125.61000061035156,18653900
2017-01-13,127.12246704101562,128.33999633789062,129.27000427246094,127.37000274658203,127.48999786376953,24884300
2017-01-17,126.65691375732422,127.87000274658203,128.33999633789062,127.4000015258789,128.0399932861328,15294500
2017-01-18,126.70645141601562,127.91999816894531,128.42999267578125,126.83999633789062,128.41000366210938,13145900
2017-01-19,126.33995819091797,127.55000305175781,128.35000610351562,127.44999694824219,128.22999572753906,12195500
2017-01-20,125.83478546142578,127.04000091552734,128.47999572753906,126.77999877929688,128.10000610351562,19097200
2017-01-23,127.70684051513672,128.92999267578125,129.25,126.94999694824219,127.30999755859375,16593600
2017-01-24,128.14268493652344,129.3699951171875,129.89999389648438,128.3800048828125,129.3800048828125,15162700
2017-01-25,130.232666015625,131.47999572753906,131.74000549316406,129.77000427246094,130.0,18731300
2017-01-26,131.52032470703125,132.77999877929688,133.13999938964844,131.44000244140625,131.6300048828125,20020100
2017-01-27,130.92604064941406,132.17999267578125,132.9499969482422,131.0800018310547,132.67999267578125,19539500
2017-01-30,129.7374267578125,130.97999572753906,131.5800018310547,129.60000610351562,131.5800018310547,18956100
2017-01-31,129.08370971679688,130.32000732421875,130.66000366210938,129.52000427246094,130.1699981689453,19790500
2017-02-01,131.966064453125,133.22999572753906,133.49000549316406,130.67999267578125,132.25,50139800
2017-02-02,129.59873962402344,130.83999633789062,135.49000549316406,130.39999389648438,133.22000122070312,54366400
2017-02-03,129.7374267578125,130.97999572753906,132.85000610351562,130.75999450683594,131.24000549316406,24804900
2017-02-06,130.80715942382812,132.05999755859375,132.05999755859375,130.3000030517578,130.97999572753906,17058500
2017-02-07,130.5892791748047,131.83999633789062,133.0,131.66000366210938,132.24000549316406,14596400
2017-02-08,132.9268341064453,134.1999969482422,134.44000244140625,132.44000244140625,132.60000610351562,22390600
2017-02-09,132.86744689941406,134.13999938964844,134.5,133.30999755859375,134.49000549316406,16470600
2017-02-10,132.9169921875,134.19000244140625,134.94000244140625,133.67999267578125,134.10000610351562,15061900
2017-02-13,132.7783203125,134.0500030517578,134.6999969482422,133.6999969482422,134.6999969482422,13526200
2017-02-14,132.5802001953125,133.85000610351562,134.22999572753906,132.5500030517578,134.10000610351562,14364900
2017-02-15,132.17405700683594,133.44000244140625,133.6999969482422,132.66000366210938,133.4499969482422,13226500
2017-02-16,132.57028198242188,133.83999633789062,133.8699951171875,133.02000427246094,133.07000732421875,12831100
2017-02-17,132.2632293701172,133.52999877929688,134.08999633789062,133.1699981689453,133.5,12276500
2017-02-21,132.45140075683594,133.72000122070312,133.91000366210938,132.89999389648438,133.5,14759100
2017-02-22,134.82864379882812,136.1199951171875,136.7899932861328,133.4600067138672,133.60000610351562,27360100
2017-02-23,134.0758819580078,135.36000061035156,136.1199951171875,134.3300018310547,135.88999938964844,18422500
2017-02-24,134.1551055908203,135.44000244140625,135.6199951171875,134.16000366210938,134.16000366210938,12625700
2017-02-27,135.1159210205078,136.41000366210938,137.17999267578125,135.02000427246094,135.25999450683594,14306700
2017-02-28,134.25411987304688,135.5399932861328,136.80999755859375,134.75,136.7899932861328,16112100
2017-03-01,136.11631774902344,137.4199981689453,137.47999572753906,136.3000030517578,136.47000122070312,16257000
2017-03-02,135.4625701904297,136.75999450683594,137.82000732421875,136.30999755859375,137.08999633789062,12294800
2017-03-03,135.8686981201172,137.1699981689453,137.3300018310547,136.0800018310547,136.6300048828125,11160600
2017-03-06,136.11631774902344,137.4199981689453,137.8300018310547,136.50999450683594,136.8800048828125,12748200
2017-03-07,135.9974365234375,137.3000030517578,138.3699951171875,136.99000549316406,137.02999877929688,13527100
2017-03-08,136.41346740722656,137.72000122070312,137.99000549316406,137.0500030517578,137.14999389648438,10184500
2017-03-09,136.92855834960938,138.24000549316406,138.57000732421875,137.39999389648438,137.72000122070312,15535300
2017-03-10,137.4733428955078,138.7899932861328,139.49000549316406,138.22000122070312,138.91000366210938,16314100
2017-03-13,138.275634765625,139.60000610351562,139.67999267578125,138.6699981689453,138.7100067138672,10955500
2017-03-14,137.998291015625,139.32000732421875,139.4600067138672,138.52000427246094,139.4600067138672,12944000
2017-03-15,138.39451599121094,139.72000122070312,140.10000610351562,138.49000549316406,139.2899932861328,19344800
2017-03-16,138.6619415283203,139.99000549316406,140.25,139.72999572753906,140.1999969482422,13612900
2017-03-17,138.5133514404297,139.83999633789062,140.33999633789062,139.6999969482422,140.33999633789062,20592800
2017-03-20,138.61244201660156,139.94000244140625,140.19000244140625,139.25,139.7100067138672,12099500
2017-03-21,137.1959686279297,138.50999450683594,142.30999755859375,138.39999389648438,141.14999389648438,29894800
2017-03-22,138.26573181152344,139.58999633789062,139.7899932861328,137.60000610351562,137.92999267578125,17055400
2017-03-23,138.206298828125,139.52999877929688,140.38999938964844,139.08999633789062,139.47999572753906,13022800
2017-03-24,139.0086212158203,140.33999633789062,141.02000427246094,139.75999450683594,140.0800018310547,16664700
2017-03-27,138.9888153076172,140.32000732421875,140.64999389648438,138.77000427246094,139.0500030517578,12800500
2017-03-28,140.41513061523438,141.75999450683594,141.9499969482422,140.00999450683594,140.36000061035156,14679400
2017-03-29,141.2967071533203,142.64999389648438,142.86000061035156,141.42999267578125,141.99000549316406,16527600
2017-03-30,141.05897521972656,142.41000366210938,142.9499969482422,141.85000610351562,142.39999389648438,12404000
2017-03-31,140.70237731933594,142.0500030517578,142.6300048828125,141.88999938964844,142.30999755859375,11478300
2017-04-03,140.93020629882812,142.27999877929688,142.47000122070312,140.82000732421875,141.92999267578125,13564000
2017-04-04,140.38540649414062,141.72999572753906,142.08999633789062,141.27000427246094,141.86000061035156,12948600
2017-04-05,140.50428771972656,141.85000610351562,143.44000244140625,141.2899932861328,142.25999450683594,17158100
2017-04-06,139.83071899414062,141.1699981689453,142.22000122070312,140.91000366210938,142.11000061035156,15103400
2017-04-07,139.44444274902344,140.77999877929688,141.5500030517578,140.24000549316406,141.1999969482422,11818300
2017-04-10,139.70196533203125,141.0399932861328,141.42999267578125,140.6300048828125,141.0,9039400
2017-04-11,138.5926055908203,139.9199981689453,141.02999877929688,138.80999755859375,140.8000030517578,16638100
2017-04-12,138.25582885742188,139.5800018310547,140.39999389648438,139.44000244140625,139.72000122070312,11612500
2017-04-13,138.06761169433594,139.38999938964844,140.5800018310547,139.3300018310547,139.6199951171875,10965600
2017-04-17,140.07838439941406,141.4199981689453,141.5500030517578,139.75,139.75999450683594,11519700
2017-04-18,139.62274169921875,140.9600067138672,141.91000366210938,140.61000061035156,141.27000427246094,14807500
2017-04-19,140.92031860351562,142.27000427246094,143.0399932861328,141.27000427246094,141.35000610351562,15563900
2017-04-20,142.43580627441406,143.8000030517578,144.25,142.69000244140625,142.9499969482422,15968200
2017-04-21,142.3169403076172,143.67999267578125,144.1699981689453,142.27000427246094,143.89999389648438,12382000
2017-04-24,144.08995056152344,145.47000122070312,145.6699981689453,144.33999633789062,144.9600067138672,14407200
2017-04-25,145.10031127929688,146.49000549316406,147.14999389648438,145.7899932861328,145.7899932861328,17767500
2017-04-26,145.1696014404297,146.55999755859375,147.58999633789062,146.08999633789062,147.08999633789062,12395000
2017-04-27,146.29876708984375,147.6999969482422,147.75,146.13999938964844,146.6699981689453,11275100
2017-04-28,148.82460021972656,150.25,151.52999877929688,149.07000732421875,149.5,30652200
2017-05-01,151.01365661621094,152.4600067138672,152.57000732421875,151.4199981689453,151.74000549316406,25218300
2017-05-02,151.3306121826172,152.77999877929688,153.44000244140625,151.66000366210938,153.33999633789062,21870400
2017-05-03,150.35989379882812,151.8000030517578,153.60000610351562,151.33999633789062,153.60000610351562,29782500
2017-05-04,149.4189453125,150.85000610351562,151.52000427246094,148.72000122070312,150.1699981689453,36225500
2017-05-05,148.81471252441406,150.24000549316406,151.6300048828125,149.7899932861328,151.4499969482422,17148500
2017-05-08,149.6269073486328,151.05999755859375,151.0800018310547,149.74000549316406,150.7100067138672,15827500
2017-05-09,149.05239868164062,150.47999572753906,152.58999633789062,150.2100067138672,151.49000549316406,17453900
2017-05-10,148.86424255371094,150.2899932861328,150.52000427246094,148.86000061035156,150.22999572753906,12080700
2017-05-11,148.6165771484375,150.0399932861328,150.64999389648438,149.41000366210938,150.30999755859375,11841900
2017-05-12,148.90383911132812,150.3300018310547,150.4600067138672,149.6300048828125,150.39999389648438,9598200
2017-05-15,148.76519775390625,150.19000244140625,151.47999572753906,149.77000427246094,150.1699981689453,15064700
2017-05-16,148.35906982421875,149.77999877929688,150.2100067138672,149.02999877929688,150.11000061035156,14550800
2017-05-17,143.47586059570312,144.85000610351562,148.6699981689453,144.4199981689453,148.0,28300100
2017-05-18,146.25917053222656,147.66000366210938,148.14999389648438,144.50999450683594,144.72000122070312,23031600
2017-05-19,146.65538024902344,148.05999755859375,149.38999938964844,147.9600067138672,148.4499969482422,16187900
2017-05-22,146.83367919921875,148.24000549316406,148.58999633789062,147.69000244140625,148.0800018310547,12586700
2017-05-23,146.665283203125,148.07000732421875,148.80999755859375,147.25,148.52000427246094,12817800
2017-05-24,148.6165771484375,150.0399932861328,150.22999572753906,148.4199981689453,148.50999450683594,17862400
2017-05-25,150.51841735839844,151.9600067138672,152.58999633789062,149.9499969482422,150.3000030517578,19891400
2017-05-26,150.68679809570312,152.1300048828125,152.25,151.14999389648438,152.22999572753906,14996200
2017-05-30,150.9344024658203,152.3800048828125,152.89999389648438,151.63999938964844,151.97000122070312,13226000
2017-05-31,150.0231170654297,151.4600067138672,153.35000610351562,151.08999633789062,152.6999969482422,18023900
2017-06-01,150.0924835205078,151.52999877929688,152.2899932861328,150.3000030517578,151.75,14530600
2017-06-02,152.15269470214844,153.61000061035156,153.6300048828125,151.3000030517578,151.85000610351562,16854400
2017-06-05,152.17254638671875,153.6300048828125,154.7100067138672,153.41000366210938,153.63999938964844,12520400
2017-06-06,151.36033630371094,152.80999755859375,154.52000427246094,152.47999572753906,153.41000366210938,13457100
2017-06-07,151.66738891601562,153.1199951171875,153.75,152.33999633789062,153.27000427246094,12066700
2017-06-08,153.2423095703125,154.7100067138672,154.72999572753906,153.10000610351562,154.0800018310547,17799400
2017-06-09,148.18077087402344,149.60000610351562,155.58999633789062,146.61000061035156,154.77000427246094,35577700
2017-06-12,147.03175354003906,148.44000244140625,149.1999969482422,144.55999755859375,148.1699981689453,33170200
2017-06-13,149.25051879882812,150.67999267578125,151.17999267578125,148.89999389648438,150.14999389648438,20483400
2017-06-14,148.82460021972656,150.25,152.39999389648438,149.0500030517578,151.25999450683594,20808800
2017-06-15,148.3788604736328,149.8000030517578,150.0399932861328,146.3699951171875,147.6699981689453,18994200
2017-06-16,149.21090698242188,150.63999938964844,150.8300018310547,148.60000610351562,149.58999633789062,22882400
2017-06-19,151.41976928710938,152.8699951171875,153.57000732421875,151.7100067138672,151.7100067138672,19026500
2017-06-20,150.80563354492188,152.25,153.83999633789062,152.2100067138672,152.8800048828125,14743900
2017-06-21,152.44989013671875,153.91000366210938,154.0800018310547,151.8800048828125,152.36000061035156,15039800
2017-06-22,151.94473266601562,153.39999389648438,154.5500030517578,152.91000366210938,153.00999450683594,13005500
2017-06-23,153.59889221191406,155.07000732421875,155.1999969482422,152.64999389648438,152.72000122070312,18027000
2017-06-26,152.1328887939453,153.58999633789062,156.5,153.1999969482422,156.25,18049700
2017-06-27,149.1514892578125,150.5800018310547,153.30999755859375,150.38999938964844,152.83999633789062,19360800
2017-06-28,151.78623962402344,153.24000549316406,153.47000122070312,149.86000061035156,150.9199981689453,16719100
2017-06-29,149.6071014404297,151.0399932861328,152.5,148.9199981689453,152.27999877929688,23973500
2017-06-30,149.54766845703125,150.97999572753906,151.9199981689453,150.05999755859375,151.89999389648438,17666000
2017-07-03,147.02186584472656,148.42999267578125,152.14999389648438,147.8000030517578,151.72000122070312,13862700
2017-07-05,148.91372680664062,150.33999633789062,150.85000610351562,148.1300048828125,149.0,14334300
2017-07-06,147.40818786621094,148.82000732421875,150.0399932861328,148.0,149.02999877929688,14951800
2017-07-07,150.00331115722656,151.44000244140625,151.99000549316406,149.19000244140625,149.25,13615900
2017-07-10,152.0437774658203,153.5,153.97999572753906,151.50999450683594,151.69000244140625,13378700
2017-07-11,153.79696655273438,155.27000427246094,155.4199981689453,152.91000366210938,153.3699951171875,13667700
2017-07-12,157.39254760742188,158.89999389648438,159.16000366210938,156.1999969482422,156.49000549316406,22739400
2017-07-13,157.74911499023438,159.25999450683594,159.77999877929688,158.4199981689453,158.74000549316406,13929200
2017-07-14,158.45237731933594,159.97000122070312,160.32000732421875,159.3300018310547,160.1300048828125,16371200
2017-07-17,158.2146759033203,159.72999572753906,160.77999877929688,158.80999755859375,160.25,12858800
2017-07-18,161.31500244140625,162.86000061035156,163.72999572753906,159.4199981689453,159.66000366210938,23722900
2017-07-19,162.58282470703125,164.13999938964844,165.6999969482422,163.1699981689453,163.58999633789062,26273600
2017-07-20,162.96914672851562,164.52999877929688,165.0,162.80999755859375,164.8000030517578,18523100
2017-07-21,162.87010192871094,164.42999267578125,165.0500030517578,163.75,164.16000366210938,14744000
2017-07-24,164.4251708984375,166.0,166.1699981689453,164.30999755859375,164.63999938964844,17367000
2017-07-25,163.71200561523438,165.27999877929688,165.5399932861328,163.86000061035156,165.00999450683594,15383200
2017-07-26,164.0388946533203,165.61000061035156,166.00999450683594,164.10000610351562,166.00999450683594,35236900
2017-07-27,168.82308959960938,170.44000244140625,175.49000549316406,167.5,174.6999969482422,68910700
2017-07-28,170.81398010253906,172.4499969482422,173.42999267578125,169.0500030517578,169.07000732421875,24557600
2017-07-31,167.6443634033203,169.25,172.72000122070312,168.5500030517578,172.0,25478900
2017-08-01,168.24855041503906,169.86000061035156,170.47000122070312,169.0500030517578,169.82000732421875,14385000
2017-08-02,167.69387817382812,169.3000030517578,170.5500030517578,166.91000366210938,170.3000030517578,17433800
2017-08-03,166.9906005859375,168.58999633789062,169.6999969482422,168.25,169.3000030517578,10793800
2017-08-04,168.0108642578125,169.6199951171875,170.05999755859375,168.69000244140625,168.97000122070312,10777700
2017-08-07,170.3484649658203,171.97999572753906,172.05999755859375,169.66000366210938,169.9499969482422,12787800
2017-08-08,169.60556030273438,171.22999572753906,173.0500030517578,170.6199951171875,171.8800048828125,14393500
2017-08-09,169.55606079101562,171.17999267578125,171.4499969482422,169.55999755859375,169.97999572753906,10815000
2017-08-10,165.8118896484375,167.39999389648438,170.58999633789062,166.85000610351562,170.05999755859375,20832700
2017-08-11,166.48545837402344,168.0800018310547,168.82000732421875,166.85000610351562,167.9499969482422,13791200
2017-08-14,169.13011169433594,170.75,171.0800018310547,169.2899932861328,170.08999633789062,12954200
2017-08-15,169.37774658203125,171.0,171.5,170.00999450683594,171.49000549316406,8729200
2017-08-16,168.3872528076172,170.0,171.3800048828125,169.24000549316406,171.25,15779900
2017-08-17,165.32656860351562,166.91000366210938,169.86000061035156,166.85000610351562,169.33999633789062,17216000
2017-08-18,165.8218231201172,167.41000366210938,168.6699981689453,166.2100067138672,166.83999633789062,15093600
2017-08-21,166.18829345703125,167.77999877929688,168.0,165.82000732421875,167.16000366210938,11907500
2017-08-22,168.03067016601562,169.63999938964844,169.8699951171875,167.14999389648438,168.27999877929688,11391000
2017-08-23,167.10948181152344,168.7100067138672,169.36000061035156,168.1999969482422,168.83999633789062,9856500
2017-08-24,166.148681640625,167.74000549316406,169.2899932861328,166.41000366210938,168.8800048828125,14030400
2017-08-25,164.74215698242188,166.32000732421875,168.3800048828125,166.17999267578125,167.86000061035156,12614500
2017-08-28,165.65345764160156,167.24000549316406,167.6999969482422,166.3300018310547,166.91000366210938,8553700
2017-08-29,166.4557342529297,168.0500030517578,168.42999267578125,165.0,165.25,11121000
2017-08-30,168.30799865722656,169.9199981689453,170.17999267578125,167.6300048828125,168.1699981689453,11138300
2017-08-31,170.33856201171875,171.97000122070312,172.14999389648438,170.05999755859375,170.39999389648438,17226500
2017-09-01,170.3880615234375,172.02000427246094,172.9199981689453,171.30999755859375,172.39999389648438,11677600
2017-09-05,169.10040283203125,170.72000122070312,172.38999938964844,169.5500030517578,171.27000427246094,13210900
2017-09-06,170.4573974609375,172.08999633789062,172.47999572753906,169.57000732421875,170.91000366210938,13906300
2017-09-07,171.5668182373047,173.2100067138672,173.30999755859375,170.27000427246094,171.94000244140625,18049500
2017-09-08,169.32821655273438,170.9499969482422,173.49000549316406,170.8000030517578,173.08999633789062,10998500
2017-09-11,171.8639373779297,173.50999450683594,173.88999938964844,172.1999969482422,172.39999389648438,12372000
2017-09-12,171.3191680908203,172.9600067138672,174.0,171.75,173.75999450683594,11186300
2017-09-13,171.40829467773438,173.0500030517578,173.1699981689453,172.05999755859375,173.00999450683594,9119300
2017-09-14,169.33815002441406,170.9600067138672,172.27999877929688,170.5,172.25999450683594,15615700
2017-09-15,170.01170349121094,171.63999938964844,172.33999633789062,170.25999450683594,170.8800048828125,15660500
2017-09-18,168.39712524414062,170.00999450683594,172.07000732421875,169.33999633789062,171.99000549316406,12954000
2017-09-19,170.88333129882812,172.52000427246094,172.55999755859375,170.36000061035156,170.6199951171875,13168600
2017-09-20,170.53668212890625,172.1699981689453,173.0500030517578,170.6999969482422,172.5,12264100
2017-09-21,169.48670959472656,171.11000061035156,172.27000427246094,170.00999450683594,171.69000244140625,11161400
2017-09-22,168.92210388183594,170.5399932861328,171.72999572753906,169.22000122070312,170.2100067138672,12097100
2017-09-25,161.32485961914062,162.8699951171875,169.3000030517578,161.55999755859375,169.24000549316406,41251600
2017-09-26,162.65219116210938,164.2100067138672,165.5,162.77999877929688,164.5,23363300
2017-09-27,166.0892333984375,167.67999267578125,168.33999633789062,165.57000732421875,165.89999389648438,19242500
2017-09-28,167.1292724609375,168.72999572753906,169.07000732421875,167.16000366210938,167.94000244140625,12178700
2017-09-29,169.2489776611328,170.8699951171875,171.66000366210938,168.80999755859375,168.8300018310547,15340400
2017-10-02,167.8622589111328,169.47000122070312,171.8699951171875,168.75,171.38999938964844,13392300
2017-10-03,168.3476104736328,169.9600067138672,170.72999572753906,169.1999969482422,169.3000030517578,8190300
2017-10-04,166.82220458984375,168.4199981689453,170.6699981689453,168.2899932861328,169.8300018310547,12127900
2017-10-05,169.61549377441406,171.24000549316406,171.30999755859375,168.60000610351562,169.17999267578125,14580600
2017-10-06,170.59608459472656,172.22999572753906,172.3699951171875,169.75,170.25,13124500
2017-10-09,170.86354064941406,172.5,174.8800048828125,172.0,172.6999969482422,14570400
2017-10-10,169.96214294433594,171.58999633789062,173.1999969482422,170.8000030517578,173.0,11341100
2017-10-11,171.10125732421875,172.74000549316406,172.77999877929688,171.39999389648438,171.9499969482422,11283700
2017-10-12,170.91307067871094,172.5500030517578,173.85000610351562,172.2899932861328,172.61000061035156,10351000
2017-10-13,172.091796875,173.74000549316406,174.64999389648438,173.1999969482422,173.4499969482422,13658300
2017-10-16,172.86434936523438,174.52000427246094,175.0,174.05999755859375,174.49000549316406,11498800
2017-10-17,174.4392852783203,176.11000061035156,176.1300048828125,174.36000061035156,174.7100067138672,15990100
2017-10-18,174.36004638671875,176.02999877929688,176.74000549316406,175.75,176.64999389648438,12752400
2017-10-19,172.90396118164062,174.55999755859375,176.02999877929688,172.6300048828125,174.92999267578125,14048400
2017-10-20,173.3199920654297,174.97999572753906,175.8800048828125,174.6300048828125,175.5,12602200
2017-10-23,169.6451873779297,171.27000427246094,175.33999633789062,171.25,175.1999969482422,13852700
2017-10-24,170.17018127441406,171.8000030517578,173.24000549316406,171.5,172.3000030517578,12267900
2017-10-25,168.98153686523438,170.60000610351562,172.25,168.88999938964844,171.89999389648438,15868200
2017-10-26,169.0112762451172,170.6300048828125,172.2899932861328,170.38999938964844,171.3800048828125,11833100
2017-10-27,176.19248962402344,177.8800048828125,178.2100067138672,173.89999389648438,174.14999389648438,30285300
2017-10-30,178.1636199951172,179.8699951171875,180.69000244140625,177.61000061035156,179.25999450683594,24353200
2017-10-31,178.35179138183594,180.05999755859375,180.8000030517578,178.94000244140625,180.57000732421875,20174200
2017-11-01,180.9271240234375,182.66000366210938,182.89999389648438,180.57000732421875,182.36000061035156,40918300
2017-11-02,177.22259521484375,178.9199981689453,181.94000244140625,177.33999633789062,180.6300048828125,35529900
2017-11-03,177.22259521484375,178.9199981689453,179.86000061035156,176.7100067138672,179.2899932861328,17822100
2017-11-06,178.46075439453125,180.1699981689453,180.4499969482422,178.30999755859375,178.55999755859375,13312700
2017-11-07,178.54002380371094,180.25,180.75,178.9600067138672,180.5,12928200
2017-11-08,177.85653686523438,179.55999755859375,180.35000610351562,179.11000061035156,179.7899932861328,10494100
2017-11-09,177.59901428222656,179.3000030517578,179.39999389648438,177.08999633789062,178.30999755859375,12610300
2017-11-10,176.76698303222656,178.4600067138672,179.10000610351562,177.9600067138672,178.35000610351562,11070200
2017-11-13,177.07400512695312,178.77000427246094,179.0399932861328,177.3000030517578,177.5,9523400
2017-11-14,176.38070678710938,178.07000732421875,178.97000122070312,177.17999267578125,178.1300048828125,9585900
2017-11-15,176.26181030273438,177.9499969482422,178.57000732421875,176.39999389648438,176.66000366210938,10253700
2017-11-16,177.8862762451172,179.58999633789062,179.8300018310547,178.5,178.75999450683594,15607600
2017-11-17,177.30184936523438,179.0,179.97999572753906,178.89999389648438,179.3000030517578,13018000
2017-11-20,177.04434204101562,178.74000549316406,179.5,178.10000610351562,178.8699951171875,10052400
2017-11-21,180.1347198486328,181.86000061035156,181.88999938964844,178.99000549316406,179.14999389648438,14504000
2017-11-22,179.1541290283203,180.8699951171875,181.72999572753906,180.44000244140625,181.3000030517578,10376300
2017-11-24,181.04600524902344,182.77999877929688,183.14999389648438,180.2899932861328,180.39999389648438,9426300
2017-11-27,181.2936248779297,183.02999877929688,183.72999572753906,181.99000549316406,182.55999755859375,12344500
2017-11-28,180.6894073486328,182.4199981689453,184.25,182.08999633789062,183.50999450683594,14379700
2017-11-29,173.4685821533203,175.1300048828125,181.97000122070312,174.0,181.88999938964844,41933500
2017-11-30,175.49911499023438,177.17999267578125,178.27999877929688,175.1999969482422,176.85000610351562,25307600
2017-12-01,173.4388427734375,175.10000610351562,177.47999572753906,172.33999633789062,176.02999877929688,20182500
2017-12-04,169.84332275390625,171.47000122070312,176.57000732421875,170.7899932861328,176.2899932861328,24459400
2017-12-05,171.19039916992188,172.8300018310547,175.3800048828125,169.00999450683594,170.4499969482422,20184900
2017-12-06,174.38973999023438,176.05999755859375,176.77000427246094,171.89999389648438,172.5,20255800
2017-12-07,178.43106079101562,180.13999938964844,180.38999938964844,175.8000030517578,175.8000030517578,20404500
2017-12-08,177.30184936523438,179.0,182.27999877929688,178.74000549316406,181.52999877929688,19883800
2017-12-11,177.34146118164062,179.0399932861328,180.22000122070312,178.8000030517578,179.3000030517578,13168600
2017-12-12,175.28123474121094,176.9600067138672,179.17999267578125,176.60000610351562,178.60000610351562,16854100
2017-12-13,176.60848999023438,178.3000030517578,179.16000366210938,177.25,177.3000030517578,14615700
2017-12-14,176.69766235351562,178.38999938964844,180.36000061035156,177.67999267578125,178.2899932861328,13591000
2017-12-15,178.4706573486328,180.17999267578125,180.49000549316406,178.36000061035156,179.02000427246094,28463100
2017-12-18,179.1046142578125,180.82000732421875,181.3000030517578,179.75,181.00999450683594,17265400
2017-12-19,177.8070068359375,179.50999450683594,180.0800018310547,178.22000122070312,179.9499969482422,14920600
2017-12-20,176.20240783691406,177.88999938964844,179.80999755859375,177.36000061035156,179.80999755859375,11860500
2017-12-21,175.76654052734375,177.4499969482422,178.67999267578125,177.0500030517578,177.94000244140625,11600700
2017-12-22,175.51895141601562,177.1999969482422,177.52999877929688,176.22999572753906,177.13999938964844,8509500
2017-12-26,174.32044982910156,175.99000549316406,177.0,174.6699981689453,176.6300048828125,8897300
2017-12-27,175.93495178222656,177.6199951171875,178.44000244140625,176.25999450683594,176.5500030517578,9496100
2017-12-28,176.2321014404297,177.9199981689453,178.94000244140625,177.67999267578125,177.9499969482422,12220800
2017-12-29,174.78598022460938,176.4600067138672,178.85000610351562,176.4600067138672,178.0,10261500
2018-01-02,179.69886779785156,181.4199981689453,181.5800018310547,177.5500030517578,177.67999267578125,18151900
2018-01-03,182.91806030273438,184.6699981689453,184.77999877929688,181.3300018310547,181.8800048828125,16886600
2018-01-04,182.581298828125,184.3300018310547,186.2100067138672,184.10000610351562,184.89999389648438,13880900
2018-01-05,185.07737731933594,186.85000610351562,186.89999389648438,184.92999267578125,185.58999633789062,13574500
2018-01-08,186.49380493164062,188.27999877929688,188.89999389648438,186.3300018310547,187.1999969482422,17994700
2018-01-09,186.0876922607422,187.8699951171875,188.8000030517578,187.10000610351562,188.6999969482422,12393100
2018-01-10,186.05799865722656,187.83999633789062,187.88999938964844,185.6300048828125,186.94000244140625,10529900
2018-01-11,185.98866271972656,187.77000427246094,188.39999389648438,187.3800048828125,188.39999389648438,9588600
2018-01-12,177.66836547851562,179.3699951171875,181.47999572753906,177.39999389648438,178.05999755859375,77551300
2018-01-16,176.69766235351562,178.38999938964844,181.75,178.0399932861328,181.5,36183800
2018-01-17,175.91514587402344,177.60000610351562,179.32000732421875,175.8000030517578,179.25999450683594,27992400
2018-01-18,178.0942840576172,179.8000030517578,180.97999572753906,177.0800018310547,178.1300048828125,23304900
2018-01-19,179.57008361816406,181.2899932861328,182.3699951171875,180.1699981689453,180.85000610351562,26826500
2018-01-22,183.6114044189453,185.3699951171875,185.38999938964844,180.41000366210938,180.8000030517578,21059500
2018-01-23,187.55369567871094,189.35000610351562,189.5500030517578,185.5500030517578,186.0500030517578,25678800
2018-01-24,184.78024291992188,186.5500030517578,190.66000366210938,186.52000427246094,189.88999938964844,24334500
2018-01-25,185.701416015625,187.47999572753906,188.6199951171875,186.60000610351562,187.9499969482422,17377700
2018-01-26,188.19749450683594,190.0,190.0,186.80999755859375,187.75,17759200
2018-01-29,184.21563720703125,185.97999572753906,188.83999633789062,185.6300048828125,188.75,20453200
2018-01-30,185.34481811523438,187.1199951171875,188.17999267578125,181.83999633789062,187.6199951171875,20858600
2018-01-31,185.11700439453125,186.88999938964844,189.8300018310547,185.22000122070312,188.3699951171875,43275100
2018-02-01,191.2581787109375,193.08999633789062,195.32000732421875,187.88999938964844,188.22000122070312,54211300
2018-02-02,188.47482299804688,190.27999877929688,194.2100067138672,189.97999572753906,192.0399932861328,26677500
2018-02-05,179.54042053222656,181.25999450683594,190.61000061035156,180.61000061035156,186.92999267578125,33128200
2018-02-06,183.55197143554688,185.30999755859375,185.77000427246094,177.74000549316406,178.57000732421875,37758500
2018-02-07,178.4706573486328,180.17999267578125,185.0800018310547,179.9499969482422,184.14999389648438,27601900
2018-02-08,169.9522705078125,171.5800018310547,181.83999633789062,171.47999572753906,181.00999450683594,38478300
2018-02-09,174.4392852783203,176.11000061035156,176.89999389648438,167.17999267578125,174.75999450683594,39887600
2018-02-12,174.73641967773438,176.41000366210938,177.5500030517578,171.83999633789062,177.05999755859375,32092100
2018-02-13,171.50733947753906,173.14999389648438,175.97000122070312,173.10000610351562,175.6199951171875,21809400
2018-02-14,177.81692504882812,179.52000427246094,179.80999755859375,173.2100067138672,173.4499969482422,28929700
2018-02-15,178.25274658203125,179.9600067138672,180.5,176.83999633789062,180.5,20922100
2018-02-16,175.6774139404297,177.36000061035156,179.8800048828125,176.3000030517578,178.99000549316406,20645300
2018-02-20,174.34024047851562,176.00999450683594,177.9499969482422,175.11000061035156,175.77000427246094,21204900
2018-02-21,176.22219848632812,177.91000366210938,181.27000427246094,176.39999389648438,176.7100067138672,23200800
2018-02-22,177.29196166992188,178.99000549316406,180.2100067138672,177.41000366210938,178.6999969482422,18464200
2018-02-23,181.5511474609375,183.2899932861328,183.38999938964844,179.50999450683594,179.89999389648438,19007300
2018-02-26,183.17559814453125,184.92999267578125,185.66000366210938,183.22000122070312,184.5800018310547,17599700
2018-02-27,179.73854064941406,181.4600067138672,184.6999969482422,181.4600067138672,184.4499969482422,15849800
2018-02-28,176.62832641601562,178.32000732421875,182.8800048828125,178.13999938964844,182.3000030517578,18783000
2018-03-01,174.27090454101562,175.94000244140625,180.1199951171875,174.41000366210938,179.00999450683594,23201600
2018-03-02,174.94442749023438,176.6199951171875,177.11000061035156,172.99000549316406,173.2899932861328,20025900
2018-03-05,178.6885528564453,180.39999389648438,181.14999389648438,175.88999938964844,176.1999969482422,16189300
2018-03-06,178.07444763183594,179.77999877929688,182.3800048828125,179.11000061035156,181.77999877929688,15086800
2018-03-07,181.9672088623047,183.7100067138672,183.82000732421875,178.07000732421875,178.74000549316406,19097300
2018-03-08,180.6101531982422,182.33999633789062,184.39999389648438,181.4499969482422,183.55999755859375,17225900
2018-03-09,183.47276306152344,185.22999572753906,185.50999450683594,183.2100067138672,183.91000366210938,18526300
2018-03-12,183.0072021484375,184.75999450683594,186.10000610351562,184.22000122070312,185.22999572753906,15301200
2018-03-13,180.15451049804688,181.8800048828125,185.99000549316406,181.11000061035156,185.61000061035156,18067500
2018-03-14,182.44261169433594,184.19000244140625,184.25,181.85000610351562,182.60000610351562,16821700
2018-03-15,182.11578369140625,183.86000061035156,184.0,182.19000244140625,183.24000549316406,15614300
2018-03-16,183.33407592773438,185.08999633789062,185.3300018310547,183.41000366210938,184.49000549316406,24403400
2018-03-19,170.92295837402344,172.55999755859375,177.1699981689453,170.05999755859375,177.00999450683594,88140100
2018-03-20,166.55479431152344,168.14999389648438,170.1999969482422,161.9499969482422,167.47000122070312,129851800
2018-03-21,167.7830047607422,169.38999938964844,173.39999389648438,163.3000030517578,164.8000030517578,106598800
2018-03-22,163.32571411132812,164.88999938964844,170.27000427246094,163.72000122070312,166.1300048828125,73743000
2018-03-23,157.87789916992188,159.38999938964844,166.60000610351562,159.02000427246094,165.44000244140625,53609700
2018-03-26,158.5415496826172,160.05999755859375,161.10000610351562,149.02000427246094,160.82000732421875,126116600
2018-03-27,150.7759246826172,152.22000122070312,162.85000610351562,150.75,156.30999755859375,79117000
2018-03-28,151.57821655273438,153.02999877929688,155.8800048828125,150.8000030517578,151.64999389648438,60029200
2018-03-29,158.27407836914062,159.7899932861328,161.4199981689453,154.13999938964844,155.14999389648438,59434300
2018-04-02,153.9158477783203,155.38999938964844,159.1999969482422,154.11000061035156,157.80999755859375,36796000
2018-04-03,154.62899780273438,156.11000061035156,157.38999938964844,150.80999755859375,156.5500030517578,42543900
2018-04-04,153.6286163330078,155.10000610351562,155.55999755859375,150.50999450683594,152.02999877929688,49885600
2018-04-05,157.828369140625,159.33999633789062,161.57000732421875,156.64999389648438,161.55999755859375,41449600
2018-04-06,155.70864868164062,157.1999969482422,161.4199981689453,156.80999755859375,157.72999572753906,41644800
2018-04-09,156.43174743652344,157.92999267578125,160.52999877929688,156.0399932861328,157.82000732421875,34915200
2018-04-10,163.47430419921875,165.0399932861328,165.97999572753906,157.00999450683594,157.92999267578125,57889300
2018-04-11,164.74215698242188,166.32000732421875,168.64999389648438,163.25,165.36000061035156,56144600
2018-04-12,162.31539916992188,163.8699951171875,167.4499969482422,163.10000610351562,166.97999572753906,38263000
2018-04-13,162.95921325683594,164.52000427246094,165.6999969482422,163.77000427246094,164.5800018310547,19990600
2018-04-16,163.2662811279297,164.8300018310547,165.77999877929688,163.38999938964844,165.72000122070312,18119400
2018-04-17,167.0599822998047,168.66000366210938,169.0,165.66000366210938,165.8300018310547,22743000
2018-04-18,164.78175354003906,166.36000061035156,168.1199951171875,165.77000427246094,166.8800048828125,20969600
2018-04-19,166.50527954101562,168.10000610351562,168.3300018310547,165.1999969482422,166.1999969482422,22235000
2018-04-20,164.70252990722656,166.27999877929688,168.42999267578125,165.80999755859375,167.7899932861328,19119400
2018-04-23,164.26669311523438,165.83999633789062,168.4499969482422,165.08999633789062,167.27000427246094,23088100
2018-04-24,158.17503356933594,159.69000244140625,166.10000610351562,158.19000244140625,165.42999267578125,35079900
2018-04-25,158.17503356933594,159.69000244140625,161.05999755859375,156.19000244140625,160.13999938964844,41083600
2018-04-26,172.50778198242188,174.16000366210938,176.27000427246094,170.8000030517578,173.22000122070312,77556900
2018-04-27,171.94320678710938,173.58999633789062,177.10000610351562,172.60000610351562,176.80999755859375,29804700
2018-04-30,170.3682861328125,172.0,175.72000122070312,171.7100067138672,173.7899932861328,20750500
2018-05-01,172.2106170654297,173.86000061035156,174.02000427246094,170.22999572753906,172.0,26025900
2018-05-02,174.399658203125,176.07000732421875,178.0800018310547,174.1999969482422,174.25,30424500
2018-05-03,172.36912536621094,174.02000427246094,176.1199951171875,172.1199951171875,175.1300048828125,24026100
2018-05-04,174.93453979492188,176.61000061035156,176.97999572753906,173.05999755859375,173.0800018310547,17677800
2018-05-07,176.28164672851562,177.97000122070312,179.5,177.1699981689453,177.35000610351562,18697200
2018-05-08,177.22259521484375,178.9199981689453,179.0399932861328,177.11000061035156,178.25,15577200
2018-05-09,180.9271240234375,182.66000366210938,183.00999450683594,178.77999877929688,179.6699981689453,23282800
2018-05-10,183.76991271972656,185.52999877929688,186.1300048828125,182.5,183.14999389648438,21071400
2018-05-11,185.21603393554688,186.99000549316406,188.32000732421875,184.17999267578125,184.85000610351562,21207800
2018-05-14,184.86936950683594,186.63999938964844,187.86000061035156,186.1999969482422,187.7100067138672,15646700
2018-05-15,182.57139587402344,184.32000732421875,185.2899932861328,183.1999969482422,184.8800048828125,15429400
2018-05-16,181.4620361328125,183.1999969482422,184.32000732421875,182.66000366210938,183.6999969482422,16975500
2018-05-17,182.01669311523438,183.75999450683594,184.05999755859375,182.22000122070312,182.67999267578125,14840700
2018-05-18,180.94692993164062,182.67999267578125,184.19000244140625,182.61000061035156,183.49000549316406,13130500
2018-05-21,182.73977661132812,184.49000549316406,185.3000030517578,183.1300048828125,183.77000427246094,13532900
2018-05-22,182.05633544921875,183.8000030517578,185.4199981689453,183.42999267578125,184.92999267578125,12731400
2018-05-23,185.1269073486328,186.89999389648438,186.91000366210938,182.17999267578125,182.5,16628100
2018-05-24,184.16610717773438,185.92999267578125,186.8000030517578,185.02999877929688,185.8800048828125,12354700
2018-05-25,183.16567993164062,184.9199981689453,186.3300018310547,184.4499969482422,186.02000427246094,10965100
2018-05-29,183.9779052734375,185.74000549316406,186.80999755859375,183.7100067138672,184.33999633789062,16398900
2018-05-30,185.88958740234375,187.6699981689453,188.0,185.25,186.5399932861328,13736900
2018-05-31,189.9606170654297,191.77999877929688,192.72000122070312,187.47999572753906,187.8699951171875,30782600
2018-06-01,192.14964294433594,193.99000549316406,194.5500030517578,192.07000732421875,193.07000732421875,17307200
2018-06-04,191.44638061523438,193.27999877929688,193.97999572753906,191.47000122070312,191.83999633789062,18939800
2018-06-05,191.10960388183594,192.94000244140625,195.0,192.6199951171875,194.3000030517578,15544300
2018-06-06,189.5247802734375,191.33999633789062,192.52999877929688,189.11000061035156,191.02999877929688,22558900
2018-06-07,186.3947296142578,188.17999267578125,190.97000122070312,186.77000427246094,190.75,21503200
2018-06-08,187.30604553222656,189.10000610351562,189.47999572753906,186.42999267578125,187.52999877929688,12677100
2018-06-11,189.72288513183594,191.5399932861328,192.60000610351562,188.8000030517578,188.80999755859375,12928900
2018-06-12,190.57472229003906,192.39999389648438,193.27999877929688,191.55999755859375,192.1699981689453,11562700
2018-06-13,190.58465576171875,192.41000366210938,194.5,191.91000366210938,192.74000549316406,15853800
2018-06-14,194.94285583496094,196.80999755859375,197.27999877929688,192.91000366210938,193.10000610351562,19120900
2018-06-15,193.99200439453125,195.85000610351562,197.07000732421875,194.63999938964844,195.7899932861328,21860900
2018-06-18,196.4286651611328,198.30999755859375,199.5800018310547,194.1300048828125,194.8000030517578,16826000
2018-06-19,195.61643981933594,197.49000549316406,197.9600067138672,193.7899932861328,196.24000549316406,19994000
2018-06-20,200.08364868164062,202.0,203.5500030517578,198.80999755859375,199.10000610351562,28230900
2018-06-21,199.58840942382812,201.5,203.38999938964844,200.08999633789062,202.75999450683594,19045700
2018-06-22,199.8261260986328,201.74000549316406,202.24000549316406,199.30999755859375,201.16000366210938,17420200
2018-06-25,194.48727416992188,196.35000610351562,200.0,193.11000061035156,200.0,25275100
2018-06-26,197.1121063232422,199.0,199.10000610351562,196.22999572753906,197.60000610351562,17897600
2018-06-27,193.9821319580078,195.83999633789062,200.75,195.8000030517578,199.17999267578125,18734400
2018-06-28,194.36837768554688,196.22999572753906,197.33999633789062,193.25999450683594,195.17999267578125,18172400
2018-06-29,192.4765167236328,194.32000732421875,197.60000610351562,193.9600067138672,197.32000732421875,15811600
2018-07-02,195.4876708984375,197.36000061035156,197.4499969482422,192.22000122070312,193.3699951171875,13961600
2018-07-03,190.901611328125,192.72999572753906,195.39999389648438,192.52000427246094,194.5500030517578,13489500
2018-07-05,196.5673370361328,198.4499969482422,198.64999389648438,194.02999877929688,194.74000549316406,19684200
2018-07-06,201.30197143554688,203.22999572753906,203.63999938964844,197.6999969482422,198.4499969482422,19740100
2018-07-09,202.7976837158203,204.74000549316406,205.8000030517578,202.1199951171875,204.92999267578125,18149400
2018-07-10,201.6090087890625,203.5399932861328,204.91000366210938,202.25999450683594,204.5,13190100
2018-07-11,200.61849975585938,202.5399932861328,204.5,201.75,202.22000122070312,12927400
2018-07-12,204.9569549560547,206.9199981689453,207.0800018310547,203.19000244140625,203.42999267578125,15454700
2018-07-13,205.35321044921875,207.32000732421875,208.42999267578125,206.4499969482422,207.80999755859375,11486800
2018-07-16,205.26406860351562,207.22999572753906,208.72000122070312,206.83999633789062,207.5,11078200
2018-07-17,207.99786376953125,209.99000549316406,210.4600067138672,204.83999633789062,204.89999389648438,15349900
2018-07-18,207.37384033203125,209.36000061035156,210.99000549316406,208.44000244140625,209.82000732421875,15334900
2018-07-19,206.11587524414062,208.08999633789062,209.99000549316406,207.75999450683594,208.77000427246094,11350400
2018-07-20,207.9483184814453,209.94000244140625,211.5,208.5,208.85000610351562,16163900
2018-07-23,208.90911865234375,210.91000366210938,211.6199951171875,208.8000030517578,210.5800018310547,16732000
2018-07-24,212.63348388671875,214.6699981689453,216.1999969482422,212.60000610351562,215.11000061035156,28468700
2018-07-25,215.43663024902344,217.5,218.6199951171875,214.27000427246094,215.72000122070312,58954200
2018-07-26,174.5878448486328,176.25999450683594,180.1300048828125,173.75,174.88999938964844,169803700
2018-07-27,173.23085021972656,174.88999938964844,179.92999267578125,173.0,179.8699951171875,60073700
2018-07-30,169.43719482421875,171.05999755859375,175.3000030517578,166.55999755859375,175.3000030517578,65280800
2018-07-31,170.94277954101562,172.5800018310547,174.24000549316406,170.0,170.6699981689453,40356500
2018-08-01,170.0215606689453,171.64999389648438,175.0800018310547,170.89999389648438,173.92999267578125,34042100
2018-08-02,174.69680786132812,176.3699951171875,176.7899932861328,170.27000427246094,170.67999267578125,32400000
2018-08-03,176.0934295654297,177.77999877929688,178.85000610351562,176.14999389648438,177.69000244140625,24763400
2018-08-06,183.9283905029297,185.69000244140625,185.7899932861328,178.3800048828125,178.97000122070312,49716200
2018-08-07,182.0662078857422,183.80999755859375,188.3000030517578,183.72000122070312,186.5,33398600
2018-08-08,183.42324829101562,185.17999267578125,186.85000610351562,183.75999450683594,184.75,22205200
2018-08-09,181.35304260253906,183.08999633789062,186.57000732421875,182.47999572753906,185.85000610351562,19732100
2018-08-10,178.54991149902344,180.25999450683594,182.10000610351562,179.4199981689453,182.0399932861328,21500400
2018-08-13,178.34193420410156,180.0500030517578,182.61000061035156,178.89999389648438,180.10000610351562,17423300
2018-08-14,179.391845703125,181.11000061035156,181.99000549316406,178.6199951171875,180.7100067138672,19102000
2018-08-15,177.8268280029297,179.52999877929688,180.8699951171875,174.77999877929688,179.33999633789062,33020200
2018-08-16,173.0426483154297,174.6999969482422,180.5,174.00999450683594,180.4199981689453,31351800
2018-08-17,172.15121459960938,173.8000030517578,176.22000122070312,172.0399932861328,174.5,24893200
2018-08-20,170.86354064941406,172.5,174.57000732421875,170.91000366210938,174.0399932861328,21518000
2018-08-21,170.98239135742188,172.6199951171875,174.1699981689453,171.38999938964844,172.80999755859375,19578500
2018-08-22,171.99270629882812,173.63999938964844,174.24000549316406,172.1300048828125,172.2100067138672,16894100
2018-08-23,171.25970458984375,172.89999389648438,175.5500030517578,172.8300018310547,173.08999633789062,18053600
2018-08-24,172.99313354492188,174.64999389648438,174.82000732421875,172.9199981689453,173.6999969482422,14631600
2018-08-27,175.77645874023438,177.4600067138672,178.6699981689453,175.7899932861328,175.99000549316406,17921900
2018-08-28,174.5878448486328,176.25999450683594,178.24000549316406,175.8300018310547,178.10000610351562,15910700
2018-08-29,174.2312469482422,175.89999389648438,176.7899932861328,174.75,176.3000030517578,18494100
2018-08-30,175.9547576904297,177.63999938964844,179.7899932861328,175.6999969482422,175.89999389648438,24216500
2018-08-31,174.06288146972656,175.72999572753906,177.6199951171875,174.97999572753906,177.14999389648438,18065200
2018-09-04,169.5362548828125,171.16000366210938,173.88999938964844,168.8000030517578,173.5,29809000
2018-09-05,165.593994140625,167.17999267578125,171.1300048828125,166.6699981689453,169.49000549316406,31226700
2018-09-06,160.98809814453125,162.52999877929688,166.97999572753906,160.0,166.97999572753906,41514800
2018-09-07,161.4932403564453,163.0399932861328,164.6300048828125,160.16000366210938,160.30999755859375,24300600
2018-09-10,162.62245178222656,164.17999267578125,165.00999450683594,162.16000366210938,163.50999450683594,20197700
2018-09-11,164.36575317382812,165.94000244140625,167.19000244140625,163.72000122070312,163.94000244140625,20457100
2018-09-12,160.463134765625,162.0,164.49000549316406,161.8000030517578,163.25,24078100
2018-09-13,159.82919311523438,161.36000061035156,163.32000732421875,160.86000061035156,162.0,25453800
2018-09-14,160.7800750732422,162.32000732421875,162.83999633789062,160.33999633789062,161.72000122070312,21770400
2018-09-17,159.05657958984375,160.5800018310547,162.05999755859375,159.77000427246094,161.9199981689453,21005300
2018-09-18,158.77926635742188,160.3000030517578,161.75999450683594,158.8699951171875,159.38999938964844,22465200
2018-09-19,161.51304626464844,163.05999755859375,163.44000244140625,159.47999572753906,160.0800018310547,19629000
2018-09-20,164.44497680664062,166.02000427246094,166.4499969482422,164.47000122070312,164.5,18936000
2018-09-21,161.3843231201172,162.92999267578125,167.25,162.80999755859375,166.63999938964844,45994800
2018-09-24,163.8407745361328,165.41000366210938,165.6999969482422,160.8800048828125,161.02999877929688,19222800
2018-09-25,163.34552001953125,164.91000366210938,165.58999633789062,161.14999389648438,161.99000549316406,27622800
2018-09-26,165.36614990234375,166.9499969482422,169.3000030517578,164.2100067138672,164.3000030517578,25252200
2018-09-27,167.2382354736328,168.83999633789062,171.77000427246094,167.2100067138672,167.5500030517578,27266900
2018-09-28,162.8997802734375,164.4600067138672,168.7899932861328,162.55999755859375,168.3300018310547,34265600
2018-10-01,160.89895629882812,162.44000244140625,165.8800048828125,161.25999450683594,163.02999877929688,26407700
2018-10-02,157.8184814453125,159.3300018310547,162.27999877929688,158.6699981689453,161.5800018310547,36031000
2018-10-03,160.88906860351562,162.42999267578125,163.66000366210938,159.52999877929688,160.0,23109500
2018-10-04,157.343017578125,158.85000610351562,161.4600067138672,157.35000610351562,161.4600067138672,25739600
2018-10-05,155.83743286132812,157.3300018310547,160.89999389648438,156.1999969482422,159.2100067138672,25744000
2018-10-08,155.75819396972656,157.25,158.33999633789062,154.38999938964844,155.5399932861328,24046000
2018-10-09,156.4020233154297,157.89999389648438,160.58999633789062,157.4199981689453,157.69000244140625,18844400
2018-10-10,149.94390869140625,151.3800048828125,157.69000244140625,151.30999755859375,156.82000732421875,30610000
2018-10-11,151.89520263671875,153.35000610351562,154.80999755859375,149.16000366210938,150.1300048828125,35338900
2018-10-12,152.281494140625,153.74000549316406,156.88999938964844,151.3000030517578,156.72999572753906,25293500
2018-10-15,152.06358337402344,153.52000427246094,155.57000732421875,152.5500030517578,153.32000732421875,15433500
2018-10-16,157.27369689941406,158.77999877929688,159.4600067138672,155.00999450683594,155.39999389648438,19180100
2018-10-17,157.90762329101562,159.4199981689453,160.49000549316406,157.9499969482422,159.55999755859375,17592000
2018-10-18,153.4503173828125,154.9199981689453,158.66000366210938,153.27999877929688,158.50999450683594,21675100
2018-10-19,152.58856201171875,154.0500030517578,157.35000610351562,153.5500030517578,155.86000061035156,19761300
2018-10-22,153.3116455078125,154.77999877929688,157.33999633789062,154.4600067138672,154.75999450683594,15424700
2018-10-23,152.92532348632812,154.38999938964844,154.77000427246094,150.85000610351562,151.22000122070312,19095000
2018-10-24,144.65455627441406,146.0399932861328,154.64999389648438,145.60000610351562,154.27999877929688,27744600
2018-10-25,149.51797485351562,150.9499969482422,152.2100067138672,147.0,147.72999572753906,22105700
2018-10-26,143.9908905029297,145.3699951171875,149.0,143.8000030517578,145.82000732421875,31303300
2018-10-29,140.7419891357422,142.08999633789062,148.8300018310547,139.02999877929688,148.5,31336800
2018-10-30,144.8328399658203,146.22000122070312,146.63999938964844,139.74000549316406,139.94000244140625,50528300
2018-10-31,150.3500213623047,151.7899932861328,156.39999389648438,148.9600067138672,155.0,60101300
2018-11-01,150.31036376953125,151.75,152.75,149.35000610351562,151.52000427246094,25640800
2018-11-02,148.92367553710938,150.35000610351562,154.1300048828125,148.9600067138672,151.8000030517578,24708700
2018-11-05,147.2694854736328,148.67999267578125,150.19000244140625,147.44000244140625,150.10000610351562,15971200
2018-11-06,148.51754760742188,149.94000244140625,150.97000122070312,148.0,149.30999755859375,16667100
2018-11-07,150.0924835205078,151.52999877929688,153.00999450683594,149.8300018310547,151.57000732421875,21877400
2018-11-08,146.4671630859375,147.8699951171875,150.94000244140625,146.74000549316406,150.49000549316406,24145800
2018-11-09,143.5847930908203,144.9600067138672,147.75999450683594,144.07000732421875,146.75,17326900
2018-11-12,140.20712280273438,141.5500030517578,145.0399932861328,140.49000549316406,144.47999572753906,18542100
2018-11-13,140.8113555908203,142.16000366210938,144.8800048828125,141.6199951171875,142.0,15141700
2018-11-14,142.85182189941406,144.22000122070312,145.5800018310547,141.5500030517578,143.6999969482422,22068400
2018-11-15,142.48533630371094,143.85000610351562,144.83999633789062,140.8300018310547,142.3300018310547,30320300
2018-11-16,138.206298828125,139.52999877929688,141.77000427246094,137.77000427246094,141.07000732421875,37250600
2018-11-19,130.302001953125,131.5500030517578,137.75,131.2100067138672,137.61000061035156,44362700
2018-11-20,131.17364501953125,132.42999267578125,134.16000366210938,126.8499984741211,127.02999877929688,41939500
2018-11-21,133.5409698486328,134.82000732421875,137.19000244140625,134.1300048828125,134.39999389648438,25469700
2018-11-23,130.4803009033203,131.72999572753906,134.5,131.25999450683594,133.64999389648438,11886100
2018-11-26,135.086181640625,136.3800048828125,137.0,132.77999877929688,133.0,24263600
2018-11-27,133.71926879882812,135.0,136.61000061035156,133.7100067138672,135.75,20750300
2018-11-28,135.4625701904297,136.75999450683594,136.7899932861328,131.85000610351562,136.27999877929688,29847500
2018-11-29,137.36436462402344,138.67999267578125,139.99000549316406,135.66000366210938,135.9199981689453,24238700
2018-11-30,139.2760467529297,140.61000061035156,140.97000122070312,137.36000061035156,138.25999450683594,25732600
2018-12-03,139.75148010253906,141.08999633789062,143.67999267578125,140.75999450683594,143.0,24819200
2018-12-04,136.62149047851562,137.92999267578125,143.38999938964844,137.16000366210938,140.72999572753906,30307400
2018-12-06,138.3053741455078,139.6300048828125,139.6999969482422,133.6699981689453,133.82000732421875,28218100
2018-12-07,136.11631774902344,137.4199981689453,140.8699951171875,136.66000366210938,139.25,21195500
2018-12-10,140.50428771972656,141.85000610351562,143.0500030517578,139.00999450683594,139.60000610351562,26422200
2018-12-11,140.73211669921875,142.0800018310547,143.8800048828125,141.10000610351562,143.8800048828125,20300300
2018-12-12,143.12916564941406,144.5,147.19000244140625,142.50999450683594,143.0800018310547,23696900
2018-12-13,143.63430786132812,145.00999450683594,145.85000610351562,143.19000244140625,145.57000732421875,18148600
2018-12-14,142.69332885742188,144.05999755859375,146.00999450683594,142.50999450683594,143.33999633789062,21785800
2018-12-17,138.8600311279297,140.19000244140625,144.9199981689453,138.4199981689453,143.0800018310547,24334000
2018-12-18,142.297119140625,143.66000366210938,145.92999267578125,139.8300018310547,141.0800018310547,24709100
2018-12-19,131.97596740722656,133.24000549316406,144.91000366210938,132.5,141.2100067138672,57404900
2018-12-20,132.13442993164062,133.39999389648438,135.57000732421875,130.0,130.6999969482422,40297900
2018-12-21,123.76463317871094,124.94999694824219,134.89999389648438,123.41999816894531,133.38999938964844,56901500
2018-12-24,122.883056640625,124.05999755859375,129.74000549316406,123.0199966430664,123.0999984741211,22066000
2018-12-26,132.9070281982422,134.17999267578125,134.24000549316406,125.88999938964844,126.0,39723400
2018-12-27,133.24383544921875,134.52000427246094,134.99000549316406,129.6699981689453,132.44000244140625,31202500
2018-12-28,131.93634033203125,133.1999969482422,135.9199981689453,132.1999969482422,135.33999633789062,22627600
2018-12-31,129.84634399414062,131.08999633789062,134.63999938964844,129.9499969482422,134.4499969482422,24625300
2019-01-02,134.392822265625,135.67999267578125,137.50999450683594,128.55999755859375,128.99000549316406,28146200
2019-01-03,130.49020385742188,131.74000549316406,137.1699981689453,131.1199951171875,134.69000244140625,22717900
2019-01-04,136.6413116455078,137.9499969482422,138.0,133.75,134.00999450683594,29002100
2019-01-07,136.7403564453125,138.0500030517578,138.8699951171875,135.91000366210938,137.55999755859375,20089300
2019-01-08,141.1778564453125,142.52999877929688,143.13999938964844,139.5399932861328,139.88999938964844,26263800
2019-01-09,142.86172485351562,144.22999572753906,144.6999969482422,141.27000427246094,142.9499969482422,22205900
2019-01-10,142.83200073242188,144.1999969482422,144.55999755859375,140.83999633789062,143.0800018310547,16125000
2019-01-11,142.43580627441406,143.8000030517578,145.36000061035156,142.57000732421875,143.14999389648438,12908000
2019-01-14,144.01072692871094,145.38999938964844,146.57000732421875,141.27000427246094,142.0,20520300
2019-01-15,147.5369415283203,148.9499969482422,150.67999267578125,145.99000549316406,146.00999450683594,24069000
2019-01-16,146.1403045654297,147.5399932861328,149.64999389648438,147.0,149.0,18025700
2019-01-17,146.89309692382812,148.3000030517578,149.0,146.5,146.9499969482422,15787900
2019-01-18,148.6165771484375,150.0399932861328,152.42999267578125,148.5500030517578,149.75,31029600
2019-01-22,146.1700439453125,147.57000732421875,151.52999877929688,146.3699951171875,149.1999969482422,22378700
2019-01-23,142.93106079101562,144.3000030517578,148.8000030517578,143.05999755859375,148.27999877929688,20098400
2019-01-24,144.446533203125,145.8300018310547,146.44000244140625,142.52000427246094,144.63999938964844,20955500
2019-01-25,147.59637451171875,149.00999450683594,149.8300018310547,146.5399932861328,147.47999572753906,22237200
2019-01-28,146.07098388671875,147.47000122070312,148.9600067138672,146.2100067138672,148.0500030517578,15508500
2019-01-29,142.82211303710938,144.19000244140625,148.10000610351562,143.42999267578125,148.08999633789062,17632100
2019-01-30,148.99298095703125,150.4199981689453,150.9499969482422,145.6999969482422,146.22000122070312,44613200
2019-01-31,165.10865783691406,166.69000244140625,171.67999267578125,165.0,165.60000610351562,77233600
2019-02-01,164.137939453125,165.7100067138672,169.10000610351562,165.66000366210938,165.83999633789062,30806500
2019-02-04,167.6443634033203,169.25,169.3000030517578,163.6199951171875,165.6999969482422,20036000
2019-02-05,169.5362548828125,171.16000366210938,171.97999572753906,168.69000244140625,169.14999389648438,22557000
2019-02-06,168.87258911132812,170.49000549316406,172.47000122070312,169.27000427246094,171.1999969482422,13281200
2019-02-07,164.80157470703125,166.3800048828125,169.24000549316406,165.25,168.1999969482422,17517600
2019-02-08,165.74256896972656,167.3300018310547,167.3699951171875,164.2100067138672,164.47000122070312,12561400
2019-02-11,164.2171630859375,165.7899932861328,168.3000030517578,165.0800018310547,167.89999389648438,12811200
2019-02-12,163.47430419921875,165.0399932861328,168.33999633789062,164.5,166.86000061035156,16292300
2019-02-13,162.5135040283203,164.07000732421875,166.22000122070312,163.72999572753906,165.3800048828125,14205100
2019-02-14,162.39466857910156,163.9499969482422,164.8699951171875,162.25,163.19000244140625,12755200
2019-02-15,160.95840454101562,162.5,164.6999969482422,160.86000061035156,164.50999450683594,15504400
2019-02-19,160.75039672851562,162.2899932861328,164.14999389648438,160.3300018310547,160.5,14345400
2019-02-20,161.017822265625,162.55999755859375,163.72000122070312,161.25,162.25,11770700
2019-02-21,158.521728515625,160.0399932861328,162.24000549316406,159.58999633789062,161.92999267578125,15607800
2019-02-22,160.3541717529297,161.88999938964844,162.41000366210938,160.30999755859375,160.5800018310547,15858500
2019-02-25,163.05825805664062,164.6199951171875,166.07000732421875,162.89999389648438,163.07000732421875,18737100
2019-02-26,162.5729522705078,164.1300048828125,166.24000549316406,163.8000030517578,164.33999633789062,13784100
2019-02-27,161.26544189453125,162.80999755859375,163.92999267578125,160.41000366210938,162.89999389648438,12697500
2019-02-28,159.91835021972656,161.4499969482422,163.5,160.86000061035156,162.3699951171875,11114200
2019-03-01,160.74046325683594,162.27999877929688,163.1300048828125,161.69000244140625,162.60000610351562,11097800
2019-03-04,165.78216552734375,167.3699951171875,167.5,163.8300018310547,163.89999389648438,18894700
2019-03-05,169.63528442382812,171.25999450683594,171.8800048828125,166.5500030517578,167.3699951171875,28187900
2019-03-06,170.87342834472656,172.50999450683594,173.57000732421875,171.27000427246094,172.89999389648438,21531700
2019-03-07,167.52548217773438,169.1300048828125,171.74000549316406,167.61000061035156,171.5,18306500
2019-03-08,167.99105834960938,169.60000610351562,169.6199951171875,165.97000122070312,166.1999969482422,13184800
2019-03-11,170.43760681152344,172.07000732421875,174.3000030517578,171.5800018310547,171.60000610351562,18884000
2019-03-12,170.28904724121094,171.9199981689453,173.8000030517578,171.22000122070312,172.08999633789062,12155300
2019-03-13,171.7252655029297,173.3699951171875,174.02999877929688,172.1199951171875,172.32000732421875,11973300
2019-03-14,168.55560302734375,170.1699981689453,171.14999389648438,168.16000366210938,169.75999450683594,18037400
2019-03-15,164.40536499023438,165.97999572753906,167.5800018310547,162.50999450683594,167.16000366210938,37135400
2019-03-18,158.94764709472656,160.47000122070312,163.89999389648438,159.27999877929688,163.57000732421875,37524200
2019-03-19,160.03724670410156,161.57000732421875,163.82000732421875,160.82000732421875,161.47999572753906,25611500
2019-03-20,163.87049865722656,165.44000244140625,166.1199951171875,161.24000549316406,161.5,20211500
2019-03-21,164.5044403076172,166.0800018310547,166.38999938964844,163.75,164.88999938964844,16223000
2019-03-22,162.7809295654297,164.33999633789062,167.4199981689453,164.08999633789062,165.64999389648438,16389200
2019-03-25,164.71240234375,166.2899932861328,166.5399932861328,162.0,163.0,12631200
2019-03-26,166.0892333984375,167.67999267578125,169.4499969482422,166.35000610351562,167.35000610351562,15437900
2019-03-27,164.2964324951172,165.8699951171875,168.94000244140625,164.7899932861328,167.85000610351562,10620300
2019-03-28,163.9794464111328,165.5500030517578,166.72000122070312,163.3300018310547,164.57000732421875,10443000
2019-03-29,165.10865783691406,166.69000244140625,167.19000244140625,164.80999755859375,166.38999938964844,13455500
2019-04-01,167.09957885742188,168.6999969482422,168.89999389648438,167.27999877929688,167.8300018310547,10381500
2019-04-02,172.54737854003906,174.1999969482422,174.89999389648438,169.5500030517578,170.13999938964844,23946500
2019-04-03,171.89364624023438,173.5399932861328,177.9600067138672,172.9499969482422,174.5,27391100
2019-04-04,174.35011291503906,176.02000427246094,178.0,175.52999877929688,176.02000427246094,17847700
2019-04-05,174.052978515625,175.72000122070312,177.0,175.10000610351562,176.8800048828125,9594100
2019-04-08,173.27047729492188,174.92999267578125,175.5,174.22999572753906,175.2100067138672,7297400
2019-04-09,175.8953094482422,177.5800018310547,179.19000244140625,175.5500030517578,175.6199951171875,19751000
2019-04-10,176.133056640625,177.82000732421875,178.7899932861328,176.5399932861328,178.17999267578125,11701500
2019-04-11,175.8260040283203,177.50999450683594,178.39999389648438,177.0,178.24000549316406,8071000
2019-04-12,177.4009246826172,179.10000610351562,179.6300048828125,177.9499969482422,178.0,12329800
2019-04-15,177.94566345214844,179.64999389648438,180.5,176.8699951171875,178.5,10834800
2019-04-16,177.173095703125,178.8699951171875,180.1699981689453,178.3000030517578,179.0,11215200
2019-04-17,177.08396911621094,178.77999877929688,180.74000549316406,178.36000061035156,179.60000610351562,9973700
2019-04-18,176.58868408203125,178.27999877929688,178.8800048828125,177.33999633789062,178.8000030517578,11655600
2019-04-22,179.71871948242188,181.44000244140625,181.6699981689453,178.25,178.25,13389900
2019-04-23,182.0364990234375,183.77999877929688,184.22000122070312,181.47999572753906,182.74000549316406,19954800
2019-04-24,180.847900390625,182.5800018310547,185.13999938964844,181.64999389648438,184.49000549316406,37289900
2019-04-25,191.4265899658203,193.25999450683594,198.47999572753906,192.1199951171875,196.97999572753906,54148800
2019-04-26,189.6733856201172,191.49000549316406,192.89999389648438,189.08999633789062,192.5,22075000
2019-04-29,192.93215942382812,194.77999877929688,195.41000366210938,190.64999389648438,190.9499969482422,19641300
2019-04-30,191.5652313232422,193.39999389648438,197.38999938964844,192.27999877929688,194.19000244140625,23494700
2019-05-01,191.19874572753906,193.02999877929688,196.17999267578125,193.00999450683594,194.77999877929688,15996600
2019-05-02,190.70350646972656,192.52999877929688,194.0,189.75,193.0,13209500
2019-05-03,193.61558532714844,195.47000122070312,196.16000366210938,193.7100067138672,194.3800048828125,14575400
2019-05-06,192.0406951904297,193.8800048828125,194.27999877929688,190.5500030517578,191.24000549316406,13994900
2019-05-07,187.9696807861328,189.77000427246094,192.89999389648438,187.85000610351562,192.5399932861328,16253000
2019-05-08,187.74185180664062,189.5399932861328,190.72000122070312,188.5500030517578,189.38999938964844,12505700
2019-05-09,186.8603057861328,188.64999389648438,189.77000427246094,186.25999450683594,187.1999969482422,12967000
2019-05-10,186.55323791503906,188.33999633789062,190.0,184.58999633789062,188.25,12578500
2019-05-13,179.8177490234375,181.5399932861328,185.42999267578125,180.83999633789062,183.5,16833300
2019-05-14,179.0154571533203,180.72999572753906,183.49000549316406,178.10000610351562,182.52000427246094,17628100
2019-05-15,184.50291442871094,186.27000427246094,187.27999877929688,180.02000427246094,180.4199981689453,16746900
2019-05-16,185.21603393554688,186.99000549316406,188.5800018310547,185.0500030517578,185.0500030517578,12953100
2019-05-17,183.54209899902344,185.3000030517578,187.5800018310547,184.27999877929688,184.83999633789062,10485400
2019-05-20,180.98655700683594,182.72000122070312,184.22999572753906,181.3699951171875,181.8800048828125,10352000
2019-05-21,183.066650390625,184.82000732421875,185.6999969482422,183.88999938964844,184.57000732421875,7502800
2019-05-22,183.56192016601562,185.32000732421875,186.74000549316406,183.61000061035156,184.72999572753906,9213800
2019-05-23,179.1541290283203,180.8699951171875,183.89999389648438,179.6699981689453,182.4199981689453,12768800
2019-05-24,179.34230041503906,181.05999755859375,183.6300048828125,180.8300018310547,182.3300018310547,8807700
2019-05-28,182.5614776611328,184.30999755859375,184.7100067138672,181.4499969482422,181.5399932861328,14843300
2019-05-29,180.46160888671875,182.19000244140625,184.55999755859375,181.35000610351562,183.5,12797700
2019-05-30,181.2738037109375,183.00999450683594,183.47999572753906,180.88999938964844,183.0800018310547,8581500
2019-05-31,175.78639221191406,177.47000122070312,180.5399932861328,177.16000366210938,180.27999877929688,15226500
2019-06-03,162.59274291992188,164.14999389648438,175.0500030517578,161.00999450683594,175.0,56059600
2019-06-04,165.91094970703125,167.5,168.27999877929688,160.83999633789062,163.7100067138672,46044300
2019-06-05,166.57461547851562,168.1699981689453,168.72000122070312,164.6300048828125,167.47999572753906,19758300
2019-06-06,166.7331085205078,168.3300018310547,169.6999969482422,167.22999572753906,168.3000030517578,12446400
2019-06-07,171.7054443359375,173.35000610351562,173.8699951171875,168.83999633789062,170.1699981689453,16917300
2019-06-10,173.1614990234375,174.82000732421875,177.86000061035156,173.8000030517578,174.75,14767900
2019-06-11,176.41041564941406,178.10000610351562,179.97999572753906,176.7899932861328,178.47999572753906,15266600
2019-06-12,173.37942504882812,175.0399932861328,179.27000427246094,172.8800048828125,178.3800048828125,17699800
2019-06-13,175.78639221191406,177.47000122070312,178.02999877929688,174.61000061035156,175.52999877929688,12253600
2019-06-14,179.60975646972656,181.3300018310547,181.83999633789062,180.0,180.50999450683594,16773700
2019-06-17,187.21688842773438,189.00999450683594,189.5,184.41000366210938,185.00999450683594,29459900
2019-06-18,186.68203735351562,188.47000122070312,194.52999877929688,187.27999877929688,194.0,37571400
2019-06-19,185.701416015625,187.47999572753906,188.10000610351562,184.5500030517578,187.0,21417100
2019-06-20,187.7319793701172,189.52999877929688,191.16000366210938,187.63999938964844,190.9499969482422,14635700
2019-06-21,189.32669067382812,191.13999938964844,192.0,188.75,188.75,22751200
2019-06-24,190.77284240722656,192.60000610351562,193.97999572753906,191.57000732421875,192.4199981689453,15509000
2019-06-25,187.04847717285156,188.83999633789062,193.13999938964844,188.1300048828125,192.8800048828125,16750300
2019-06-26,185.8797149658203,187.66000366210938,190.75999450683594,187.30999755859375,189.5399932861328,12808600
2019-06-27,187.70220947265625,189.5,198.8800048828125,188.27000427246094,189.8800048828125,11159000
2019-06-28,191.16903686523438,193.0,193.1999969482422,189.94000244140625,190.5500030517578,16378900
2019-07-01,191.16903686523438,193.0,195.27999877929688,191.92999267578125,195.2100067138672,14181800
2019-07-02,193.1500701904297,195.0,195.0,192.7100067138672,193.0,9050000
2019-07-03,195.32920837402344,197.1999969482422,197.39999389648438,194.16000366210938,194.16000366210938,10246100
2019-07-05,194.53677368164062,196.39999389648438,197.07000732421875,194.1699981689453,196.17999267578125,11164100
2019-07-08,193.90284729003906,195.75999450683594,196.67999267578125,193.63999938964844,195.19000244140625,9723900
2019-07-09,197.32012939453125,199.2100067138672,199.4600067138672,194.88999938964844,194.97000122070312,14698600
2019-07-10,200.8067169189453,202.72999572753906,202.9600067138672,199.6699981689453,200.0,20571700
2019-07-11,199.32095336914062,201.22999572753906,203.8000030517578,200.2100067138672,203.25999450683594,13678500
2019-07-12,202.92645263671875,204.8699951171875,205.3000030517578,199.16000366210938,199.67999267578125,15366300
2019-07-15,201.9755401611328,203.91000366210938,205.3300018310547,201.82000732421875,204.25,16030300
2019-07-16,201.9062042236328,203.83999633789062,205.47000122070312,203.10000610351562,203.88999938964844,12132700
2019-07-17,199.8855743408203,201.8000030517578,204.36000061035156,201.58999633789062,204.17999267578125,12083700
2019-07-18,198.87525939941406,200.77999877929688,202.47000122070312,199.3800048828125,200.14999389648438,11937900
2019-07-19,196.47821044921875,198.36000061035156,202.3300018310547,198.07000732421875,202.17999267578125,12098300
2019-07-22,200.40065002441406,202.32000732421875,202.57000732421875,198.80999755859375,199.91000366210938,13589000
2019-07-23,200.44024658203125,202.36000061035156,204.24000549316406,200.9600067138672,202.83999633789062,14583700
2019-07-24,202.71844482421875,204.66000366210938,204.80999755859375,197.22000122070312,197.6300048828125,32532500
2019-07-25,198.805908203125,200.7100067138672,208.66000366210938,198.25999450683594,206.6999969482422,39889900
2019-07-26,197.85499572753906,199.75,202.8800048828125,196.25,200.19000244140625,24434000
2019-07-29,194.08114624023438,195.94000244140625,199.6300048828125,195.3000030517578,199.0,16530800
2019-07-30,195.17068481445312,197.0399932861328,198.7100067138672,193.5,195.38999938964844,11903600
2019-07-31,192.3874053955078,194.22999572753906,198.75999450683594,192.67999267578125,196.9499969482422,14593500
2019-08-01,190.901611328125,192.72999572753906,198.47000122070312,190.8800048828125,194.1699981689453,17777000
2019-08-02,187.22677612304688,189.02000427246094,192.6199951171875,188.07000732421875,191.10000610351562,15297000
2019-08-05,180.00595092773438,181.72999572753906,185.6699981689453,179.33999633789062,184.69000244140625,23086700
2019-08-06,182.75955200195312,184.50999450683594,185.7899932861328,183.08999633789062,183.69000244140625,18035700
2019-08-07,183.3935089111328,185.14999389648438,186.3699951171875,181.22000122070312,183.60000610351562,15833200
2019-08-08,188.35597229003906,190.16000366210938,190.33999633789062,184.0500030517578,186.6199951171875,14828900
2019-08-09,186.06790161132812,187.85000610351562,190.97999572753906,187.1199951171875,190.0,11058800
2019-08-12,183.6114044189453,185.3699951171875,187.58999633789062,184.4600067138672,186.85000610351562,10930900
2019-08-13,186.6622314453125,188.4499969482422,191.3800048828125,185.3699951171875,185.52000427246094,13577000
2019-08-14,178.0051727294922,179.7100067138672,185.99000549316406,179.30999755859375,185.8000030517578,18903700
2019-08-15,180.8577880859375,182.58999633789062,183.1999969482422,180.02999877929688,180.9499969482422,12925900
2019-08-16,181.95726013183594,183.6999969482422,185.10000610351562,182.36000061035156,183.75,12654600
2019-08-19,184.40380859375,186.1699981689453,187.5,184.85000610351562,186.00999450683594,9691200
2019-08-20,182.0662078857422,183.80999755859375,186.0,182.38999938964844,185.4499969482422,10083400
2019-08-21,181.80868530273438,183.5500030517578,185.89999389648438,183.13999938964844,185.0,8398200
2019-08-22,180.31300354003906,182.0399932861328,184.11000061035156,179.91000366210938,183.42999267578125,10821400
2019-08-23,176.0636749267578,177.75,183.1300048828125,176.66000366210938,180.83999633789062,17323400
2019-08-26,178.64891052246094,180.36000061035156,180.5,178.24000549316406,179.39999389648438,8773600
2019-08-27,179.58004760742188,181.3000030517578,184.0399932861328,181.00999450683594,181.92999267578125,14399600
2019-08-28,180.03567504882812,181.75999450683594,181.9499969482422,178.9199981689453,180.52999877929688,9386100
2019-08-29,183.80953979492188,185.57000732421875,186.0800018310547,183.47000122070312,183.77000427246094,10128700
2019-08-30,183.90855407714844,185.6699981689453,186.8000030517578,183.4600067138672,186.77999877929688,10774500
2019-09-03,180.65968322753906,182.38999938964844,185.6699981689453,182.11000061035156,184.0,9779400
2019-09-04,185.3646240234375,187.13999938964844,187.75,183.88999938964844,184.64999389648438,11308000
2019-09-05,189.08895874023438,190.89999389648438,191.36000061035156,187.94000244140625,188.52999877929688,13876700
2019-09-06,185.71131896972656,187.49000549316406,190.2100067138672,186.35000610351562,190.2100067138672,15226800
2019-09-09,186.96925354003906,188.75999450683594,188.97999572753906,185.85000610351562,187.72999572753906,14722400
2019-09-10,184.40380859375,186.1699981689453,188.10000610351562,184.5500030517578,187.44000244140625,15455900
2019-09-11,186.70181274414062,188.49000549316406,189.44000244140625,186.0800018310547,186.4600067138672,11761700
2019-09-12,185.69151306152344,187.47000122070312,190.92999267578125,187.22999572753906,189.86000061035156,11419800
2019-09-13,185.41415405273438,187.19000244140625,187.97000122070312,186.5399932861328,187.3300018310547,11441100
2019-09-16,184.45338439941406,186.22000122070312,187.7899932861328,185.77000427246094,186.92999267578125,8444800
2019-09-17,186.29571533203125,188.0800018310547,188.32000732421875,185.5399932861328,186.66000366210938,9671100
2019-09-18,186.3551483154297,188.13999938964844,189.0800018310547,186.00999450683594,188.08999633789062,9681900
2019-09-19,188.33616638183594,190.13999938964844,191.10000610351562,188.14999389648438,188.66000366210938,10392700
2019-09-20,188.12814331054688,189.92999267578125,193.10000610351562,188.1199951171875,190.66000366210938,19934200
2019-09-23,185.0476837158203,186.82000732421875,190.10000610351562,185.2100067138672,189.33999633789062,13327600
2019-09-24,179.56024169921875,181.27999877929688,188.0399932861328,180.38999938964844,187.97999572753906,18546600
2019-09-25,181.0658416748047,182.8000030517578,183.4199981689453,177.8699951171875,181.4499969482422,18068300
2019-09-26,178.4013214111328,180.11000061035156,181.39999389648438,177.6699981689453,181.3300018310547,16083300
2019-09-27,175.4198760986328,177.10000610351562,180.75999450683594,175.66000366210938,180.49000549316406,14656200
2019-09-30,176.3905792236328,178.0800018310547,178.6699981689453,176.85000610351562,177.8699951171875,10740000
2019-10-01,174.14212036132812,175.80999755859375,179.83999633789062,174.8800048828125,179.14999389648438,17073000
2019-10-02,172.94358825683594,174.60000610351562,176.52999877929688,173.08999633789062,174.83999633789062,16151700
2019-10-03,177.67823791503906,179.3800048828125,179.83999633789062,173.6300048828125,175.57000732421875,16086300
2019-10-04,178.7381134033203,180.4499969482422,180.97999572753906,178.10000610351562,179.5500030517578,10430200
2019-10-07,177.97537231445312,179.67999267578125,181.17999267578125,178.08999633789062,180.0,9178300
2019-10-08,176.0636749267578,177.75,180.3699951171875,177.72000122070312,178.25999450683594,9466900
2019-10-09,178.143798828125,179.85000610351562,180.72000122070312,177.94000244140625,179.16000366210938,7556900
2019-10-10,178.3220977783203,180.02999877929688,181.61000061035156,179.1699981689453,180.32000732421875,8605000
2019-10-11,182.44261169433594,184.19000244140625,186.49000549316406,182.13999938964844,182.14999389648438,14930500
2019-10-14,181.54124450683594,183.27999877929688,184.6199951171875,182.57000732421875,184.1999969482422,7006000
2019-10-15,187.0980224609375,188.88999938964844,190.3800048828125,183.66000366210938,183.8000030517578,15039100
2019-10-16,187.7517852783203,189.5500030517578,189.6999969482422,186.89999389648438,188.32000732421875,10516900
2019-10-17,188.58380126953125,190.38999938964844,190.83999633789062,188.77000427246094,190.3000030517578,9603000
2019-10-18,184.08688354492188,185.85000610351562,191.49000549316406,183.9199981689453,190.22999572753906,16874200
2019-10-21,187.9597625732422,189.75999450683594,189.91000366210938,186.75,187.0399932861328,8122600
2019-10-22,180.6101531982422,182.33999633789062,190.64999389648438,181.5,190.0,19537600
2019-10-23,184.384033203125,186.14999389648438,186.3800048828125,182.0,182.00999450683594,12300400
2019-10-24,184.6118621826172,186.3800048828125,186.72999572753906,182.8000030517578,184.6199951171875,11413500
2019-10-25,186.10751342773438,187.88999938964844,189.0,185.08999633789062,185.8300018310547,8061200
2019-10-28,187.60321044921875,189.39999389648438,189.52999877929688,185.0800018310547,187.1999969482422,13657900
2019-10-29,187.5140380859375,189.30999755859375,192.52999877929688,188.47000122070312,191.69000244140625,13574900
2019-10-30,186.464111328125,188.25,190.4499969482422,185.97999572753906,189.55999755859375,28734600
2019-10-31,189.83187866210938,191.64999389648438,198.08999633789062,188.25,196.6999969482422,42286500
2019-11-01,191.78314208984375,193.6199951171875,194.11000061035156,189.91000366210938,192.85000610351562,21711800
2019-11-04,192.87274169921875,194.72000122070312,197.3699951171875,193.80999755859375,194.5500030517578,16371300
2019-11-05,192.4765167236328,194.32000732421875,195.75,193.60000610351562,195.3699951171875,9942000
2019-11-06,189.7327880859375,191.5500030517578,194.3699951171875,191.35000610351562,194.02999877929688,10973000
2019-11-07,188.61351013183594,190.4199981689453,193.44000244140625,189.47000122070312,191.91000366210938,13473000
2019-11-08,189.02951049804688,190.83999633789062,192.33999633789062,189.6999969482422,190.0,10760800
2019-11-11,187.8112335205078,189.61000061035156,190.0800018310547,188.5399932861328,189.92999267578125,8631200
2019-11-12,192.62510681152344,194.47000122070312,195.05999755859375,189.74000549316406,190.0,17615500
2019-11-13,191.35723876953125,193.19000244140625,195.6999969482422,192.74000549316406,194.6999969482422,10860700
2019-11-14,191.31764221191406,193.14999389648438,194.02999877929688,191.4499969482422,192.92999267578125,9040500
2019-11-15,193.24911499023438,195.10000610351562,195.3000030517578,193.3800048828125,194.25999450683594,11524300
2019-11-18,195.5272979736328,197.39999389648438,198.6300048828125,193.0500030517578,194.55999755859375,16167200
2019-11-19,197.42906188964844,199.32000732421875,200.0,196.86000061035156,197.39999389648438,19056800
2019-11-20,195.63624572753906,197.50999450683594,199.58999633789062,195.42999267578125,198.5800018310547,12355400
2019-11-21,196.05227661132812,197.92999267578125,199.08999633789062,196.86000061035156,197.4199981689453,12131000
2019-11-22,196.93382263183594,198.82000732421875,199.3000030517578,197.6199951171875,198.3800048828125,9959800
2019-11-25,197.8946075439453,199.7899932861328,200.97000122070312,199.25,199.52000427246094,15272300
2019-11-26,197.0823974609375,198.97000122070312,200.14999389648438,198.0399932861328,200.0,11735500
2019-11-27,200.08364868164062,202.0,203.13999938964844,199.4199981689453,199.89999389648438,12736600
2019-11-29,199.72708129882812,201.63999938964844,203.8000030517578,201.2100067138672,201.60000610351562,7985200
2019-12-02,197.8054962158203,199.6999969482422,202.17999267578125,198.0500030517578,202.1300048828125,11503400
2019-12-03,196.93382263183594,198.82000732421875,198.92999267578125,195.0800018310547,197.60000610351562,11595300
2019-12-04,196.8248748779297,198.7100067138672,200.02999877929688,198.0500030517578,200.0,8456300
2019-12-05,197.4687042236328,199.36000061035156,201.2899932861328,198.2100067138672,199.86000061035156,9740400
2019-12-06,199.14268493652344,201.0500030517578,201.57000732421875,200.05999755859375,200.5,12270600
2019-12-09,199.429931640625,201.33999633789062,203.13999938964844,200.2100067138672,200.64999389648438,11954800
2019-12-10,198.96437072753906,200.8699951171875,202.0500030517578,200.14999389648438,201.66000366210938,9475700
2019-12-11,200.34120178222656,202.25999450683594,202.6300048828125,200.27999877929688,200.27999877929688,8036800
2019-12-12,194.88348388671875,196.75,203.66000366210938,194.10000610351562,202.35000610351562,23734800
2019-12-13,192.26852416992188,194.11000061035156,196.8000030517578,193.1699981689453,196.39999389648438,18798000
2019-12-16,196.0423583984375,197.9199981689453,199.1199951171875,194.80999755859375,195.27000427246094,14911500
2019-12-17,196.50791931152344,198.38999938964844,199.0,196.1300048828125,198.83999633789062,10175700
2019-12-18,200.57891845703125,202.5,204.3000030517578,200.08999633789062,200.08999633789062,23274400
2019-12-19,204.1051483154297,206.05999755859375,206.3000030517578,202.50999450683594,202.77999877929688,16514600
2019-12-20,204.34288024902344,206.3000030517578,207.7100067138672,203.42999267578125,207.47999572753906,27306900
2019-12-23,204.2239990234375,206.17999267578125,208.58999633789062,205.67999267578125,206.6999969482422,13348900
2019-12-24,203.17405700683594,205.1199951171875,206.7899932861328,205.0,206.3000030517578,6046300
2019-12-26,205.8187255859375,207.7899932861328,207.82000732421875,205.30999755859375,205.57000732421875,9350700
2019-12-27,206.1258087158203,208.10000610351562,208.92999267578125,206.58999633789062,208.6699981689453,10284200
2019-12-30,202.47079467773438,204.41000366210938,207.89999389648438,203.89999389648438,207.86000061035156,10524300
2019-12-31,203.3028564453125,205.25,205.55999755859375,203.60000610351562,204.0,8953500
2020-01-02,207.7898406982422,209.77999877929688,209.7899932861328,206.27000427246094,206.75,12077100
2020-01-03,206.6903839111328,208.6699981689453,210.39999389648438,206.9499969482422,207.2100067138672,11188400
2020-01-06,210.58309936523438,212.60000610351562,212.77999877929688,206.52000427246094,206.6999969482422,17058900
2020-01-07,211.03875732421875,213.05999755859375,214.5800018310547,211.75,212.82000732421875,14912400
2020-01-08,213.17825317382812,215.22000122070312,216.24000549316406,212.61000061035156,213.0,13475000
2020-01-09,216.22903442382812,218.3000030517578,218.3800048828125,216.27999877929688,217.5399932861328,12642800
2020-01-10,215.99127197265625,218.05999755859375,219.8800048828125,217.4199981689453,219.1999969482422,12119400
2020-01-13,219.80477905273438,221.91000366210938,221.97000122070312,219.2100067138672,219.60000610351562,14463400
2020-01-14,216.98179626464844,219.05999755859375,222.3800048828125,218.6300048828125,221.61000061035156,13288900
2020-01-15,219.05198669433594,221.14999389648438,221.67999267578125,220.13999938964844,220.61000061035156,10036500
2020-01-16,219.66610717773438,221.77000427246094,222.6300048828125,220.38999938964844,222.57000732421875,10015300
2020-01-17,220.03256225585938,222.13999938964844,222.2899932861328,220.52999877929688,222.02999877929688,15905900
2020-01-21,219.33924865722656,221.44000244140625,222.3699951171875,219.1199951171875,222.16000366210938,14275800
2020-01-22,219.22036743164062,221.32000732421875,222.75,221.27999877929688,222.30999755859375,12212800
2020-01-23,217.67515563964844,219.75999450683594,221.49000549316406,219.27000427246094,220.75,11195000
2020-01-24,215.87245178222656,217.94000244140625,221.77999877929688,216.11000061035156,220.8000030517578,11905800
2020-01-27,212.83155822753906,214.8699951171875,216.05999755859375,212.5,213.10000610351562,13810700
2020-01-28,215.723876953125,217.7899932861328,218.74000549316406,213.52000427246094,216.13999938964844,13413800
2020-01-29,221.11224365234375,223.22999572753906,224.1999969482422,218.4499969482422,221.44000244140625,33181300
2020-01-30,207.54220581054688,209.52999877929688,211.42999267578125,204.75,206.52999877929688,48775500
2020-01-31,199.99452209472656,201.91000366210938,208.69000244140625,201.05999755859375,208.42999267578125,31359900
2020-02-03,202.25291442871094,204.19000244140625,205.13999938964844,202.5,203.44000244140625,15495600
2020-02-04,207.83935546875,209.8300018310547,210.60000610351562,205.1999969482422,206.6199951171875,19628900
2020-02-05,208.1167449951172,210.11000061035156,212.72999572753906,208.7100067138672,212.50999450683594,12538200
2020-02-06,208.84970092773438,210.85000610351562,211.19000244140625,209.33999633789062,210.47000122070312,10567500
2020-02-07,210.31565856933594,212.3300018310547,212.82000732421875,209.92999267578125,210.3000030517578,12242500
2020-02-10,211.03875732421875,213.05999755859375,213.8000030517578,210.66000366210938,211.52000427246094,11856400
2020-02-11,205.22442626953125,207.19000244140625,210.86000061035156,206.50999450683594,210.19000244140625,25030800
2020-02-12,208.7605438232422,210.75999450683594,211.22000122070312,207.39999389648438,207.85000610351562,13813700
2020-02-13,211.1179962158203,213.13999938964844,214.3300018310547,209.17999267578125,209.52000427246094,15396600
2020-02-14,212.1481170654297,214.17999267578125,214.92999267578125,212.64999389648438,214.0,10741700
2020-02-18,215.73374938964844,217.8000030517578,217.97999572753906,213.39999389648438,213.5500030517578,15609200
2020-02-19,215.42669677734375,217.49000549316406,218.32000732421875,216.11000061035156,217.99000549316406,12135100
2020-02-20,212.54434204101562,214.5800018310547,218.77000427246094,212.9499969482422,216.52000427246094,13109200
2020-02-21,208.18606567382812,210.17999267578125,214.24000549316406,208.8300018310547,213.47999572753906,14092300
2020-02-24,198.81581115722656,200.72000122070312,203.64999389648438,198.1699981689453,201.8000030517578,23080100
2020-02-25,194.9032745361328,196.77000427246094,203.5,195.9499969482422,202.25,21433500
2020-02-26,195.32920837402344,197.1999969482422,201.2100067138672,195.49000549316406,197.19000244140625,16524500
2020-02-27,187.94989013671875,189.75,195.8800048828125,189.5,191.82000732421875,21682600
2020-02-28,190.64407348632812,192.47000122070312,192.74000549316406,181.82000732421875,182.6999969482422,32568900
2020-03-02,194.576416015625,196.44000244140625,196.57000732421875,188.85000610351562,194.02999877929688,24949000
2020-03-03,184.1265106201172,185.88999938964844,197.24000549316406,183.97000122070312,196.22000122070312,27984100
2020-03-04,189.94081115722656,191.75999450683594,191.8300018310547,186.38999938964844,189.1699981689453,23062500
2020-03-05,183.41331481933594,185.1699981689453,188.99000549316406,183.88999938964844,186.77999877929688,19333400
2020-03-06,179.3720245361328,181.08999633789062,183.77999877929688,176.25999450683594,178.3300018310547,24559600
2020-03-09,167.8919677734375,169.5,175.0,165.19000244140625,169.60000610351562,29949000
2020-03-10,176.4995574951172,178.19000244140625,178.2899932861328,169.5,174.6699981689453,24517800
2020-03-11,168.6249542236328,170.24000549316406,175.8800048828125,167.66000366210938,174.00999450683594,20373900
2020-03-12,153.0045623779297,154.47000122070312,166.60000610351562,154.33999633789062,159.5399932861328,43266300
2020-03-13,168.6645965576172,170.27999877929688,170.7899932861328,157.60000610351562,163.52999877929688,35028600
2020-03-16,144.6248321533203,146.00999450683594,159.1300048828125,143.10000610351562,152.32000732421875,39120400
2020-03-17,148.00247192382812,149.4199981689453,153.94000244140625,140.0,150.74000549316406,34255600
2020-03-18,145.56581115722656,146.9600067138672,148.17999267578125,137.10000610351562,139.75,37553100
2020-03-19,151.6772918701172,153.1300048828125,159.92999267578125,144.8000030517578,146.6199951171875,39862300
2020-03-20,148.30953979492188,149.72999572753906,159.27000427246094,148.0,156.02000427246094,32568400
2020-03-23,146.69500732421875,148.10000610351562,152.30999755859375,142.25,149.66000366210938,29830800
2020-03-24,159.45278930664062,160.97999572753906,161.30999755859375,152.57000732421875,155.2100067138672,30440400
2020-03-25,154.7281036376953,156.2100067138672,162.99000549316406,153.05999755859375,158.9199981689453,35184300
2020-03-26,161.7904052734375,163.33999633789062,164.0,157.02000427246094,158.25,26556800
2020-03-27,155.30255126953125,156.7899932861328,160.08999633789062,154.75,158.1999969482422,24879900
2020-03-30,164.37567138671875,165.9499969482422,166.75,158.05999755859375,159.17999267578125,22515200
2020-03-31,165.21759033203125,166.8000030517578,170.92999267578125,164.1999969482422,165.47999572753906,23676300
2020-04-01,158.08590698242188,159.60000610351562,164.14999389648438,158.0399932861328,161.6199951171875,19507600
2020-04-02,156.6892852783203,158.19000244140625,161.35000610351562,155.9199981689453,159.10000610351562,20886300
2020-04-03,152.71731567382812,154.17999267578125,157.91000366210938,150.8300018310547,157.14999389648438,25983300
2020-04-06,163.9794464111328,165.5500030517578,166.1999969482422,158.50999450683594,160.14999389648438,28453600
2020-04-07,167.22836303710938,168.8300018310547,173.38999938964844,166.00999450683594,171.7899932861328,31411900
2020-04-08,172.62661743164062,174.27999877929688,175.0,167.74000549316406,171.25,21664200
2020-04-09,173.5279998779297,175.19000244140625,177.0800018310547,171.57000732421875,175.89999389648438,23534300
2020-04-13,173.13177490234375,174.7899932861328,175.0,169.4499969482422,173.6699981689453,19355400
2020-04-14,176.479736328125,178.1699981689453,181.22999572753906,176.6199951171875,178.97999572753906,21011800
2020-04-15,175.29110717773438,176.97000122070312,178.19000244140625,172.82000732421875,175.19000244140625,17423000
2020-04-16,174.57794189453125,176.25,178.0500030517578,172.50999450683594,177.9499969482422,23593200
2020-04-17,177.53961181640625,179.24000549316406,180.27999877929688,176.66000366210938,179.1999969482422,20974800
2020-04-20,176.54905700683594,178.24000549316406,180.5,176.77000427246094,177.41000366210938,16110700
2020-04-21,169.1796417236328,170.8000030517578,175.3800048828125,168.33999633789062,175.25,24850500
2020-04-22,180.55075073242188,182.27999877929688,184.77999877929688,178.13999938964844,178.4499969482422,33242000
2020-04-23,183.37374877929688,185.1300048828125,187.0500030517578,183.14999389648438,184.0800018310547,21426600
2020-04-24,188.266845703125,190.07000732421875,190.41000366210938,180.8300018310547,183.22999572753906,28792000
2020-04-27,185.72122192382812,187.5,193.75,187.41000366210938,192.66000366210938,29197800
2020-04-28,181.17477416992188,182.91000366210938,189.1999969482422,182.55999755859375,188.66000366210938,21731000
2020-04-29,192.3477783203125,194.19000244140625,196.91000366210938,190.0,190.92999267578125,45954500
2020-04-30,202.76797485351562,204.7100067138672,209.69000244140625,201.57000732421875,206.9199981689453,46230100
2020-05-01,200.35107421875,202.27000427246094,207.27999877929688,199.0500030517578,201.60000610351562,30415600
2020-05-04,203.31272888183594,205.25999450683594,205.91000366210938,198.75999450683594,200.1999969482422,19250700
2020-05-05,205.1055908203125,207.07000732421875,210.3800048828125,206.5,207.02000427246094,21071200
2020-05-06,206.4922637939453,208.47000122070312,211.60000610351562,206.66000366210938,208.1199951171875,21857000
2020-05-07,209.25579833984375,211.25999450683594,211.60000610351562,209.0399932861328,211.16000366210938,15152000
2020-05-08,210.33547973632812,212.35000610351562,213.2100067138672,210.85000610351562,212.24000549316406,12506000
2020-05-11,211.15757751464844,213.17999267578125,215.0,210.3699951171875,210.88999938964844,12911900
2020-05-12,208.10682678222656,210.10000610351562,215.27999877929688,210.0,213.2899932861328,14704600
2020-05-13,203.1542510986328,205.10000610351562,210.77999877929688,202.11000061035156,209.42999267578125,20684600
2020-05-14,204.84803771972656,206.80999755859375,206.92999267578125,200.69000244140625,202.55999755859375,17178900
2020-05-15,208.87940979003906,210.8800048828125,211.33999633789062,204.1199951171875,205.27000427246094,19383200
2020-05-18,211.1675262451172,213.19000244140625,214.63999938964844,210.94000244140625,212.14999389648438,20151900
2020-05-19,214.82247924804688,216.8800048828125,220.49000549316406,212.8300018310547,213.27000427246094,31843200
2020-05-20,227.788330078125,229.97000122070312,231.33999633789062,223.19000244140625,223.5,50162900
2020-05-21,229.1948699951172,231.38999938964844,237.1999969482422,231.1999969482422,234.72000122070312,47782600
2020-05-22,232.6814422607422,234.91000366210938,235.99000549316406,228.74000549316406,231.50999450683594,33925600
2020-05-26,229.9971466064453,232.1999969482422,240.89999389648438,231.6699981689453,239.77000427246094,33178300
2020-05-27,226.96621704101562,229.13999938964844,230.55999755859375,221.1300048828125,229.07000732421875,34697600
2020-05-28,223.32110595703125,225.4600067138672,231.6300048828125,224.0,224.3000030517578,29377200
2020-05-29,222.95457458496094,225.08999633789062,227.49000549316406,222.8800048828125,225.1999969482422,23241500
2020-06-01,229.7099151611328,231.91000366210938,232.44000244140625,223.5,224.58999633789062,18223800
2020-06-02,230.51222229003906,232.72000122070312,233.0,226.55999755859375,230.94000244140625,20919000
2020-06-03,227.9765167236328,230.16000366210938,232.64999389648438,228.52999877929688,232.11000061035156,15380300
2020-06-04,224.14321899414062,226.2899932861328,231.6300048828125,224.61000061035156,229.55999755859375,17041500
2020-06-05,228.58074951171875,230.77000427246094,231.35000610351562,225.30999755859375,226.7100067138672,16750400
2020-06-08,229.2047119140625,231.39999389648438,231.5500030517578,227.41000366210938,229.02999877929688,15466500
2020-06-09,236.40577697753906,238.6699981689453,239.77000427246094,230.41000366210938,231.52000427246094,27462900
2020-06-10,234.48419189453125,236.72999572753906,241.2100067138672,235.27999877929688,240.9600067138672,20720700
2020-06-11,222.30084228515625,224.42999267578125,232.88999938964844,223.5500030517578,229.94000244140625,26708200
2020-06-12,226.41151428222656,228.5800018310547,231.66000366210938,224.5,229.89999389648438,22091400
2020-06-15,230.29432678222656,232.5,233.77000427246094,224.8000030517578,225.08999633789062,15340300
2020-06-16,233.41444396972656,235.64999389648438,238.4600067138672,233.0,237.13999938964844,15236700
2020-06-17,233.29556274414062,235.52999877929688,237.58999633789062,231.72999572753906,235.0,19578100
2020-06-18,233.70167541503906,235.94000244140625,236.13999938964844,232.14999389648438,234.99000549316406,15782500
2020-06-19,236.52462768554688,238.7899932861328,240.8300018310547,235.5500030517578,237.7899932861328,30081300
2020-06-22,236.95057678222656,239.22000122070312,240.6999969482422,236.91000366210938,238.55999755859375,18917800
2020-06-23,239.94192504882812,242.24000549316406,245.19000244140625,239.86000061035156,241.27999877929688,24017900
2020-06-24,231.79989624023438,234.02000427246094,243.22000122070312,232.67999267578125,241.1999969482422,20834900
2020-06-25,233.44415283203125,235.67999267578125,237.3000030517578,232.74000549316406,234.6199951171875,18704300
2020-06-26,214.0301055908203,216.0800018310547,233.08999633789062,215.39999389648438,232.63999938964844,76343900
2020-06-29,218.54681396484375,220.63999938964844,220.75,207.11000061035156,209.75,58514300
2020-06-30,224.9158172607422,227.07000732421875,227.5,218.47000122070312,220.58999633789062,33927100
2020-07-01,235.29641723632812,237.5500030517578,239.0,227.55999755859375,228.5,43399700
2020-07-02,231.20556640625,233.4199981689453,240.0,232.61000061035156,239.0,30633600
2020-07-06,238.00050354003906,240.27999877929688,240.39999389648438,232.27000427246094,233.75999450683594,26206200
2020-07-07,238.5749969482422,240.86000061035156,247.64999389648438,238.82000732421875,239.41000366210938,27887800
2020-07-08,241.2692108154297,243.5800018310547,246.99000549316406,236.58999633789062,238.11000061035156,29791300
2020-07-09,242.1804656982422,244.5,246.52999877929688,239.24000549316406,245.0,22174900
2020-07-10,242.7450714111328,245.07000732421875,245.49000549316406,239.32000732421875,243.69000244140625,22982700
2020-07-13,236.73265075683594,239.0,250.14999389648438,238.4199981689453,247.00999450683594,24674900
2020-07-14,237.4557342529297,239.72999572753906,240.3300018310547,232.02999877929688,236.75999450683594,23378100
2020-07-15,238.00050354003906,240.27999877929688,244.82000732421875,238.0500030517578,241.5500030517578,19133600
2020-07-16,238.64431762695312,240.92999267578125,241.75999450683594,236.3300018310547,238.0,18880700
2020-07-17,239.73390197753906,242.02999877929688,244.16000366210938,237.86000061035156,241.0,18152400
2020-07-20,243.09176635742188,245.4199981689453,246.0500030517578,235.63999938964844,240.05999755859375,20872200
2020-07-21,239.45654296875,241.75,246.91000366210938,240.0800018310547,246.22000122070312,19364200
2020-07-22,237.59439086914062,239.8699951171875,241.89999389648438,238.1199951171875,240.25999450683594,15427900
2020-07-23,230.39337158203125,232.60000610351562,242.4199981689453,231.75,239.6300048828125,21771800
2020-07-24,228.52133178710938,230.7100067138672,233.49000549316406,226.89999389648438,230.19000244140625,18325800
2020-07-27,231.2848358154297,233.5,234.9499969482422,230.8300018310547,231.4600067138672,13163100
2020-07-28,227.93690490722656,230.1199951171875,234.9600067138672,229.8300018310547,234.6300048828125,14170100
2020-07-29,231.0768280029297,233.2899932861328,233.6999969482422,230.30999755859375,231.13999938964844,13588300
2020-07-30,232.2753448486328,234.5,234.88999938964844,229.0,230.22000122070312,20615300
2020-07-31,251.2634735107422,253.6699981689453,255.85000610351562,249.0,255.82000732421875,53005100
2020-08-03,249.56971740722656,251.9600067138672,255.39999389648438,250.3300018310547,252.64999389648438,23124900
2020-08-04,247.4599151611328,249.8300018310547,252.8000030517578,247.42999267578125,251.55999755859375,17183500
2020-08-05,246.7566375732422,249.1199951171875,252.27000427246094,247.77000427246094,250.19000244140625,13050100
2020-08-06,262.7633056640625,265.2799987792969,266.6000061035156,248.6699981689453,249.0399932861328,45241600
2020-08-07,265.8933410644531,268.44000244140625,278.8900146484375,263.42999267578125,264.0799865722656,72766400
2020-08-10,260.5049743652344,263.0,273.8599853515625,259.69000244140625,268.0400085449219,30248800
2020-08-11,253.70013427734375,256.1300048828125,265.9200134277344,255.1300048828125,260.19000244140625,28238300
2020-08-12,257.4245300292969,259.8900146484375,263.8999938964844,258.1099853515625,258.9700012207031,21415700
2020-08-13,258.8210754394531,261.29998779296875,265.1600036621094,259.57000732421875,261.54998779296875,17374000
2020-08-14,258.7616882324219,261.239990234375,262.6499938964844,258.67999267578125,262.30999755859375,14792700
2020-08-17,258.6824645996094,261.1600036621094,264.1000061035156,259.3999938964844,262.5,13351100
2020-08-18,259.8512268066406,262.3399963378906,265.1499938964844,259.260009765625,260.95001220703125,18690400
2020-08-19,260.0988464355469,262.5899963378906,267.9100036621094,261.3500061035156,261.3900146484375,23291500
2020-08-20,266.45794677734375,269.010009765625,269.6300048828125,261.4599914550781,261.5,20299700
2020-08-21,264.4769287109375,267.010009765625,270.489990234375,266.4200134277344,268.69000244140625,15538600
2020-08-24,268.81536865234375,271.3900146484375,277.25,268.7699890136719,271.07000732421875,23685600
2020-08-25,278.1558532714844,280.82000732421875,283.0899963378906,270.260009765625,272.4100036621094,42127200
2020-08-26,301.0268249511719,303.9100036621094,304.6700134277344,284.0,284.0,69015200
2020-08-27,290.438232421875,293.2200012207031,301.2300109863281,292.0199890136719,300.1600036621094,30301300
2020-08-28,290.87408447265625,293.6600036621094,297.2300109863281,290.9800109863281,295.0,17157400
2020-08-31,290.41851806640625,293.20001220703125,296.8800048828125,291.54998779296875,293.95001220703125,17345100
2020-09-01,292.6371765136719,295.44000244140625,301.489990234375,292.7099914550781,294.7099914550781,17295900
2020-09-02,299.6302185058594,302.5,303.6000061035156,293.04998779296875,298.8800048828125,24341400
2020-09-03,288.35821533203125,291.1199951171875,297.6000061035156,283.6300048828125,295.989990234375,32294100
2020-09-04,280.0478515625,282.7300109863281,289.0,271.1400146484375,287.25,30333700
2020-09-08,268.5874938964844,271.1600036621094,279.29998779296875,269.4200134277344,271.2799987792969,24864000
2020-09-09,271.1233215332031,273.7200012207031,278.4800109863281,271.3500061035156,275.7699890136719,22918800
2020-09-10,265.546630859375,268.0899963378906,279.1600036621094,267.0299987792969,275.510009765625,24814700
2020-09-11,264.0807189941406,266.6099853515625,271.3900146484375,262.6400146484375,270.05999755859375,18913900
2020-09-14,263.62506103515625,266.1499938964844,276.6400146484375,265.70001220703125,270.95001220703125,24093800
2020-09-15,269.8356018066406,272.4200134277344,274.5199890136719,269.29998779296875,270.6700134277344,18478500
2020-09-16,261.02001953125,263.5199890136719,272.44000244140625,261.7900085449219,267.2900085449219,29183400
2020-09-17,252.40257263183594,254.82000732421875,261.5,250.19000244140625,258.2799987792969,31281400
2020-09-18,250.13427734375,252.52999877929688,259.20001220703125,250.0500030517578,258.3999938964844,28130800
2020-09-21,245.79583740234375,248.14999389648438,249.9499969482422,244.1300048828125,247.5399932861328,24709400
2020-09-22,252.33323669433594,254.75,255.32000732421875,248.22000122070312,253.30999755859375,30293100
2020-09-23,246.6575927734375,249.02000427246094,257.989990234375,248.14999389648438,255.25999450683594,19641300
2020-09-24,247.1627655029297,249.52999877929688,252.24000549316406,245.6199951171875,246.5,20006800
2020-09-25,252.40257263183594,254.82000732421875,255.75,246.61000061035156,249.39999389648438,18351300
2020-09-28,254.38363647460938,256.82000732421875,259.6000061035156,254.82000732421875,259.3999938964844,18826300
2020-09-29,259.30645751953125,261.7900085449219,263.3299865722656,256.8999938964844,257.80999755859375,20200200
2020-09-30,259.41534423828125,261.8999938964844,266.0799865722656,260.1000061035156,261.9800109863281,20142500
2020-10-01,264.10052490234375,266.6300048828125,268.3299865722656,264.79998779296875,265.3500061035156,20009800
2020-10-02,257.4739990234375,259.94000244140625,265.1499938964844,259.17999267578125,261.2099914550781,16367600
2020-10-05,262.1392822265625,264.6499938964844,264.8699951171875,260.8399963378906,262.20001220703125,12822300
2020-10-06,256.2061462402344,258.6600036621094,265.69000244140625,258.239990234375,261.7799987792969,18696900
2020-10-07,255.67127990722656,258.1199951171875,260.17999267578125,254.82000732421875,259.2099914550781,23133400
2020-10-08,261.2576904296875,263.760009765625,264.6199951171875,259.1499938964844,259.75,16312800
2020-10-09,261.94122314453125,264.45001220703125,264.75,262.1700134277344,264.5199890136719,14107800
2020-10-12,273.134033203125,275.75,280.17999267578125,267.8699951171875,270.20001220703125,31019300
2020-10-13,273.5203857421875,276.1400146484375,279.1000061035156,273.3900146484375,277.5799865722656,18063300
2020-10-14,269.2413024902344,271.82000732421875,278.75,271.5,277.6199951171875,15577800
2020-10-15,264.18963623046875,266.7200012207031,269.0400085449219,263.6700134277344,267.6000061035156,15416100
2020-10-16,263.4071960449219,265.92999267578125,271.3699951171875,265.29998779296875,267.3800048828125,16622700
2020-10-19,258.920166015625,261.3999938964844,268.54998779296875,259.8800048828125,265.5299987792969,13587000
2020-10-20,265.0216979980469,267.55999755859375,269.70001220703125,262.8800048828125,263.05999755859375,18763200
2020-10-21,276.08575439453125,278.7300109863281,283.04998779296875,276.3699951171875,279.55999755859375,28998600
2020-10-22,275.4815368652344,278.1199951171875,282.45001220703125,275.0400085449219,279.8699951171875,16720000
2020-10-23,282.0882873535156,284.7900085449219,285.239990234375,276.82000732421875,278.79998779296875,17535200
2020-10-26,274.48114013671875,277.1099853515625,285.2300109863281,274.260009765625,283.1600036621094,21322900
2020-10-27,280.6025085449219,283.2900085449219,284.510009765625,276.30999755859375,278.760009765625,16287200
2020-10-28,265.13067626953125,267.6700134277344,278.7900085449219,267.260009765625,278.7900085449219,23121800
2020-10-29,278.1658020019531,280.8299865722656,283.6000061035156,273.7799987792969,276.54998779296875,32368100
2020-10-30,260.6139221191406,263.1099853515625,276.70001220703125,259.1000061035156,274.5,47247800
2020-11-02,258.8805236816406,261.3599853515625,270.4700012207031,257.3399963378906,264.6000061035156,27165700
2020-11-03,262.7831115722656,265.29998779296875,270.04998779296875,260.8800048828125,263.1600036621094,17961900
2020-11-04,284.6536865234375,287.3800048828125,288.94000244140625,278.6199951171875,281.0,35364400
2020-11-05,291.8844299316406,294.67999267578125,297.3800048828125,288.95001220703125,291.8999938964844,23823600
2020-11-06,290.6264953613281,293.4100036621094,294.6000061035156,288.05999755859375,293.95001220703125,13891000
2020-11-09,276.1253356933594,278.7699890136719,292.5799865722656,278.5299987792969,289.8699951171875,25117700
2020-11-10,269.8454895019531,272.42999267578125,274.0,264.0,273.1000061035156,29067700
2020-11-11,273.85711669921875,276.4800109863281,278.3999938964844,272.4800109863281,273.4700012207031,14957000
2020-11-12,272.4703674316406,275.0799865722656,279.75,274.42999267578125,277.17999267578125,12899500
2020-11-13,274.3226013183594,276.95001220703125,277.760009765625,273.1000061035156,277.7200012207031,10391200
2020-11-16,276.31353759765625,278.9599914550781,279.4100036621094,274.6300048828125,275.04998779296875,12970400
2020-11-17,272.3911437988281,275.0,277.67999267578125,273.2900085449219,277.67999267578125,15040300
2020-11-18,269.389892578125,271.9700012207031,277.3900146484375,271.8399963378906,274.5199890136719,12152900
2020-11-19,270.3506774902344,272.94000244140625,273.4700012207031,269.19000244140625,271.0199890136719,12963700
2020-11-20,267.1414489746094,269.70001220703125,273.0,269.4100036621094,272.55999755859375,18114700
2020-11-23,265.8833923339844,268.42999267578125,270.95001220703125,264.5299987792969,270.8900146484375,20990800
2020-11-24,274.29290771484375,276.9200134277344,277.82000732421875,267.8699951171875,268.489990234375,16930400
2020-11-25,272.9754943847656,275.5899963378906,280.17999267578125,272.6499938964844,278.1400146484375,12467000
2020-11-27,275.17449951171875,277.80999755859375,279.1300048828125,274.82000732421875,277.3900146484375,7808400
2020-11-30,274.34246826171875,276.9700012207031,277.70001220703125,271.010009765625,276.0299987792969,16693300
2020-12-01,283.8315734863281,286.54998779296875,289.29998779296875,278.9599914550781,279.1600036621094,20738900
2020-12-02,284.7923583984375,287.5199890136719,291.7799987792969,280.8299865722656,285.3599853515625,17361600
2020-12-03,279.1761474609375,281.8500061035156,286.6499938964844,281.07000732421875,286.25,12921700
2020-12-04,277.0465087890625,279.70001220703125,283.4599914550781,279.29998779296875,280.29998779296875,10880300
2020-12-07,282.8706970214844,285.5799865722656,288.489990234375,278.20001220703125,279.19000244140625,13007700
2020-12-08,280.7113952636719,283.3999938964844,286.42999267578125,281.54998779296875,286.010009765625,10747700
2020-12-09,275.2834167480469,277.9200134277344,287.6300048828125,271.75,283.6600036621094,25189700
2020-12-10,274.4909362792969,277.1199951171875,278.7300109863281,271.8599853515625,275.5400085449219,20065100
2020-12-11,270.9548034667969,273.54998779296875,276.4800109863281,270.25,274.5299987792969,14391400
2020-12-14,271.5887756347656,274.19000244140625,277.2200012207031,271.55999755859375,273.3699951171875,16376900
2020-12-15,272.9358825683594,275.54998779296875,276.0799865722656,267.4700012207031,274.8299865722656,23979500
2020-12-16,273.0547790527344,275.6700134277344,277.8599853515625,272.510009765625,274.760009765625,15885000
2020-12-17,271.87603759765625,274.4800109863281,280.44000244140625,273.6099853515625,277.07000732421875,16377800
2020-12-18,273.77783203125,276.3999938964844,278.0,271.1400146484375,275.7699890136719,26693200
2020-12-21,270.20208740234375,272.7900085449219,274.6700134277344,267.7900085449219,272.9800109863281,16553700
2020-12-22,264.5561828613281,267.0899963378906,271.5,264.6300048828125,271.5,17312900
2020-12-23,265.5664978027344,268.1099853515625,272.1700134277344,266.2300109863281,266.8900146484375,14329000
2020-12-24,264.8631591796875,267.3999938964844,270.3999938964844,266.20001220703125,268.8800048828125,6702000
2020-12-28,274.3721923828125,277.0,277.29998779296875,265.6600036621094,268.739990234375,23299700
2020-12-29,274.1542053222656,276.7799987792969,280.510009765625,276.2799987792969,276.95001220703125,16383000
2020-12-30,269.290771484375,271.8699951171875,278.0799865722656,271.7099914550781,277.95001220703125,11803800
2020-12-31,270.56854248046875,273.1600036621094,277.0899963378906,269.80999755859375,272.0,12900400
2021-01-04,266.3886413574219,268.94000244140625,275.0,265.20001220703125,274.7799987792969,15106100
2021-01-05,268.3993225097656,270.9700012207031,272.3999938964844,268.2099914550781,268.2900085449219,9871600
2021-01-06,260.81201171875,263.30999755859375,267.75,260.010009765625,262.0,24354100
2021-01-07,266.1905517578125,268.739990234375,271.6099853515625,264.7799987792969,265.8999938964844,15789800
2021-01-08,265.0316162109375,267.57000732421875,268.95001220703125,263.17999267578125,268.30999755859375,18528300
2021-01-11,254.40342712402344,256.8399963378906,263.4700012207031,255.89999389648438,260.4800109863281,30412300
2021-01-12,248.7079620361328,251.08999633789062,259.7200012207031,250.3000030517578,256.6300048828125,26383500
2021-01-13,249.2527313232422,251.63999938964844,253.9499969482422,249.1999969482422,251.5500030517578,19528900
2021-01-14,243.3096160888672,245.63999938964844,255.02999877929688,244.61000061035156,253.39999389648438,29739400
2021-01-15,248.97535705566406,251.36000061035156,253.86000061035156,247.16000366210938,247.89999389648438,24942900
2021-01-19,258.6230163574219,261.1000061035156,262.20001220703125,252.72000122070312,256.8999938964844,28028500
2021-01-20,264.94244384765625,267.4800109863281,270.32000732421875,263.6000061035156,268.92999267578125,25199900
2021-01-21,270.28131103515625,272.8699951171875,273.6000061035156,267.489990234375,269.260009765625,20838700
2021-01-22,271.8959045410156,274.5,278.4700012207031,272.0,272.010009765625,21954000
2021-01-25,275.37261962890625,278.010009765625,280.1000061035156,271.510009765625,278.1400146484375,19087000
2021-01-26,279.3742370605469,282.04998779296875,285.3900146484375,277.80999755859375,278.1400146484375,19373600
2021-01-27,269.5582580566406,272.1400146484375,283.45001220703125,268.1199951171875,282.5299987792969,35346200
2021-01-28,262.4859924316406,265.0,286.7900085449219,264.70001220703125,277.17999267578125,37758800
2021-01-29,255.8792266845703,258.3299865722656,266.55999755859375,254.85000610351562,265.29998779296875,30389500
2021-02-01,259.52435302734375,262.010009765625,264.1700134277344,254.91000366210938,259.5199890136719,22914300
2021-02-02,264.54620361328125,267.0799865722656,268.8500061035156,263.2699890136719,264.0,17320800
2021-02-03,264.1203308105469,266.6499938964844,269.20001220703125,263.8399963378906,265.6199951171875,14223400
2021-02-04,263.96185302734375,266.489990234375,268.1600036621094,264.0,267.010009765625,16060000
2021-02-05,265.556640625,268.1000061035156,269.1700134277344,265.6700134277344,266.79998779296875,12454400
2021-02-08,264.0509948730469,266.5799865722656,269.8599853515625,265.0,268.75,13755200
2021-02-09,266.8937683105469,269.45001220703125,273.3900146484375,265.75,266.44000244140625,14613400
2021-02-10,269.290771484375,271.8699951171875,273.79998779296875,267.7200012207031,272.45001220703125,14687200
2021-02-11,267.82489013671875,270.3900146484375,273.5799865722656,268.489990234375,271.8900146484375,12828600
2021-02-12,267.9338073730469,270.5,271.17999267578125,268.3399963378906,270.5199890136719,9097600
2021-02-16,271.3708801269531,273.9700012207031,276.6000061035156,270.04998779296875,270.79998779296875,15417200
2021-02-17,270.9747619628906,273.57000732421875,273.9700012207031,269.5799865722656,271.239990234375,12763200
2021-02-18,266.8343811035156,269.3900146484375,271.95001220703125,266.0299987792969,269.57000732421875,15249100
2021-02-19,259.0786437988281,261.55999755859375,270.2699890136719,260.1499938964844,269.8599853515625,25622600
2021-02-22,257.86029052734375,260.3299865722656,263.07000732421875,257.5299987792969,257.95001220703125,17434900
2021-02-23,263.33782958984375,265.8599853515625,267.4599914550781,254.9600067138672,259.5,21924600
2021-02-24,261.802490234375,264.30999755859375,266.3800048828125,258.3900146484375,262.3299865722656,15736100
2021-02-25,252.2738037109375,254.69000244140625,266.94000244140625,254.0399932861328,262.29998779296875,19053100
2021-02-26,255.176025390625,257.6199951171875,265.54998779296875,256.4700012207031,256.4700012207031,26619500
2021-03-01,262.3968505859375,264.9100036621094,266.6499938964844,257.8999938964844,260.82000732421875,22157300
2021-03-02,256.5428771972656,259.0,266.7099914550781,258.6499938964844,265.7799987792969,15191700
2021-03-03,252.98695373535156,255.41000366210938,260.989990234375,255.10000610351562,260.2900085449219,15513500
2021-03-04,255.19578552246094,257.6400146484375,266.489990234375,253.5,256.4700012207031,31626500
2021-03-05,261.7727966308594,264.2799987792969,265.45001220703125,255.61000061035156,260.6700134277344,26820100
2021-03-08,252.8878936767578,255.30999755859375,265.5799865722656,255.0500030517578,265.54998779296875,18391800
2021-03-09,263.21893310546875,265.739990234375,268.5299987792969,259.80999755859375,261.17999267578125,22039700
2021-03-10,262.38690185546875,264.8999938964844,268.9700012207031,262.8699951171875,268.6400146484375,14210300
2021-03-11,271.28173828125,273.8800048828125,277.8999938964844,267.82000732421875,268.1099853515625,21834000
2021-03-12,265.8536682128906,268.3999938964844,269.739990234375,264.0199890136719,269.1400146484375,20600200
2021-03-15,271.1529846191406,273.75,275.9599914550781,268.5,269.0799865722656,16844800
2021-03-16,276.6304931640625,279.2799987792969,282.1400146484375,274.79998779296875,276.0799865722656,22437700
2021-03-17,281.315673828125,284.010009765625,286.2300109863281,275.4100036621094,275.7099914550781,21315000
2021-03-18,275.97674560546875,278.6199951171875,285.19000244140625,278.2799987792969,279.8699951171875,18728300
2021-03-19,287.3577575683594,290.1099853515625,292.79998779296875,281.20001220703125,281.2200012207031,38930500
2021-03-22,290.7552795410156,293.5400085449219,299.7099914550781,286.75,290.45001220703125,28273100
2021-03-23,287.8728942871094,290.6300048828125,298.0,289.80999755859375,293.1499938964844,23000900
2021-03-24,279.4633483886719,282.1400146484375,291.7200012207031,281.1600036621094,291.0,18675000
2021-03-25,276.0955505371094,278.739990234375,288.05999755859375,277.75,280.9800109863281,24505600
2021-03-26,280.33502197265625,283.0199890136719,284.5,277.7699890136719,278.29998779296875,17629200
2021-03-29,288.06109619140625,290.82000732421875,293.17999267578125,284.70001220703125,285.7699890136719,21718800
2021-03-30,285.2677917480469,288.0,292.4700012207031,286.70001220703125,289.8299865722656,17474500
2021-03-31,291.7358093261719,294.5299987792969,296.5,288.6099853515625,289.989990234375,19498200
2021-04-01,295.8266906738281,298.6600036621094,302.3999938964844,296.6000061035156,298.3999938964844,17616000
2021-04-05,305.97943115234375,308.9100036621094,310.7699890136719,300.67999267578125,300.8900146484375,28237000
2021-04-06,303.3545837402344,306.260009765625,311.3500061035156,305.25,308.8399963378906,17335200
2021-04-07,310.11981201171875,313.0899963378906,314.25,305.5,306.3399963378906,22855200
2021-04-08,310.0504455566406,313.0199890136719,315.8800048828125,310.04998779296875,314.8500061035156,20894100
2021-04-09,309.4957580566406,312.4599914550781,314.739990234375,310.3299865722656,311.3999938964844,15988600
2021-04-12,308.5844421386719,311.5400085449219,312.1499938964844,307.92999267578125,311.04998779296875,10881900
2021-04-13,306.82135009765625,309.760009765625,314.42999267578125,309.32000732421875,312.2099914550781,14036900
2021-04-14,299.94720458984375,302.82000732421875,308.0299987792969,301.95001220703125,307.29998779296875,17421400
2021-04-15,304.8997802734375,307.82000732421875,310.1400146484375,304.1000061035156,306.3399963378906,14558300
2021-04-16,303.2752685546875,306.17999267578125,308.95001220703125,304.6099853515625,308.1700134277344,13059200
2021-04-19,299.3726806640625,302.239990234375,307.70001220703125,300.55999755859375,305.010009765625,14553500
2021-04-20,299.77874755859375,302.6499938964844,305.1000061035156,297.2099914550781,301.989990234375,16796400
2021-04-21,298.61004638671875,301.4700012207031,301.9800109863281,297.3900146484375,301.95001220703125,14863500
2021-04-22,293.7070007324219,296.5199890136719,302.9200134277344,296.0400085449219,301.3299865722656,16375400
2021-04-23,298.27325439453125,301.1300048828125,302.5899963378906,297.1499938964844,298.760009765625,17536800
2021-04-26,300.1650695800781,303.0400085449219,305.79998779296875,301.55999755859375,303.3399963378906,16172600
2021-04-27,300.6900939941406,303.57000732421875,305.3399963378906,301.1099853515625,304.2799987792969,15309300
2021-04-28,304.1866149902344,307.1000061035156,310.9200134277344,305.3699951171875,307.3599853515625,33907200
2021-04-29,326.38397216796875,329.510009765625,331.80999755859375,321.6099853515625,330.1199951171875,56526800
2021-04-30,321.99603271484375,325.0799865722656,329.82000732421875,324.5,326.1400146484375,26332400
2021-05-03,319.519775390625,322.5799865722656,328.54998779296875,321.8399963378906,326.1700134277344,18719500
2021-05-04,315.3397521972656,318.3599853515625,322.19000244140625,313.1199951171875,320.0199890136719,24032600
2021-05-05,312.0314025878906,315.0199890136719,321.05999755859375,314.489990234375,318.19000244140625,15577600
2021-05-06,316.9840393066406,320.0199890136719,320.239990234375,313.2699890136719,314.5199890136719,19012200
2021-05-07,316.0529479980469,319.0799865722656,322.94000244140625,318.75,322.3800048828125,15916700
2021-05-10,303.0673522949219,305.9700012207031,314.5799865722656,304.8299865722656,314.3500061035156,24239200
2021-05-11,303.6220397949219,306.5299987792969,306.8399963378906,299.69000244140625,300.75,18920100
2021-05-12,299.6796875,302.54998779296875,304.9599914550781,298.19000244140625,301.1300048828125,24645500
2021-05-13,302.3640441894531,305.260009765625,308.8599853515625,302.7699890136719,306.0799865722656,18079200
2021-05-14,312.94268798828125,315.94000244140625,316.8500061035156,309.0799865722656,309.5400085449219,19245700
2021-05-17,312.4672546386719,315.4599914550781,315.67999267578125,311.5799865722656,313.54998779296875,15401300
2021-05-18,307.01947021484375,309.9599914550781,316.5,309.80999755859375,315.5899963378906,14522400
2021-05-19,310.6150207519531,313.5899963378906,314.6600036621094,303.57000732421875,304.19000244140625,19106200
2021-05-20,315.5873718261719,318.6099853515625,319.25,313.1600036621094,313.5799865722656,17320200
2021-05-21,313.22998046875,316.2300109863281,319.92999267578125,315.80999755859375,319.2900085449219,13600900
2021-05-24,321.55029296875,324.6300048828125,325.95001220703125,318.0299987792969,318.2099914550781,16445400
2021-05-25,324.6802978515625,327.7900085449219,329.17999267578125,324.79998779296875,327.0799865722656,16437000
2021-05-26,324.5515441894531,327.6600036621094,329.8299865722656,325.82000732421875,328.3500061035156,9686900
2021-05-27,329.59326171875,332.75,333.7799987792969,326.760009765625,328.0,20477700
2021-05-28,325.61138916015625,328.7300109863281,332.8699951171875,328.3299865722656,331.0,12037400
2021-06-01,326.007568359375,329.1300048828125,331.4200134277344,326.6400146484375,330.1499938964844,11765900
2021-06-02,326.0273742675781,329.1499938964844,331.8699951171875,327.1199951171875,330.3800048828125,11654300
2021-06-03,322.9468994140625,326.0400085449219,327.3800048828125,323.4800109863281,325.7799987792969,12610800
2021-06-04,327.216064453125,330.3500061035156,332.4599914550781,325.17999267578125,325.8999938964844,13289400
2021-06-07,333.3868713378906,336.5799865722656,337.69000244140625,328.92999267578125,329.4800109863281,20136700
2021-06-08,330.5144348144531,333.67999267578125,338.29998779296875,332.239990234375,336.70001220703125,14580500
2021-06-09,327.11700439453125,330.25,336.79998779296875,330.0,335.739990234375,13727900
2021-06-10,329.3060302734375,332.4599914550781,333.94000244140625,328.54998779296875,330.7900085449219,13240200
2021-06-11,328.117431640625,331.260009765625,332.8299865722656,328.92999267578125,332.5799865722656,13587900
2021-06-14,333.5751037597656,336.7699890136719,336.82000732421875,329.80999755859375,331.8999938964844,12250800
2021-06-15,333.5553283691406,336.75,339.9200134277344,335.0299987792969,336.989990234375,15795200
2021-06-16,327.9391174316406,331.0799865722656,337.54998779296875,328.7200012207031,336.70001220703125,17232200
2021-06-17,333.3175964355469,336.510009765625,337.9800109863281,330.1499938964844,330.489990234375,17794100
2021-06-18,326.5325622558594,329.6600036621094,336.1499938964844,329.0,334.5299987792969,23039500
2021-06-21,329.13763427734375,332.2900085449219,332.9200134277344,327.6499938964844,331.0899963378906,11337500
2021-06-22,335.8136291503906,339.0299987792969,339.9200134277344,332.6000061035156,332.69000244140625,15345300
2021-06-23,337.35888671875,340.5899963378906,343.4200134277344,338.20001220703125,339.3500061035156,14817800
2021-06-24,339.9242858886719,343.17999267578125,344.8999938964844,341.7900085449219,341.8500061035156,12329100
2021-06-25,338.1314392089844,341.3699951171875,344.1199951171875,339.67999267578125,342.5899963378906,14594400
2021-06-28,352.26611328125,355.6400146484375,358.1400146484375,341.7699890136719,342.4599914550781,29156100
2021-06-29,348.5516662597656,351.8900146484375,356.739990234375,349.04998779296875,356.2699890136719,21417300
2021-06-30,344.4113464355469,347.7099914550781,352.9200134277344,347.1700134277344,352.1700134277344,15107500
2021-07-01,351.02801513671875,354.3900146484375,354.6700134277344,346.5,346.82000732421875,17137000
2021-07-02,351.33502197265625,354.70001220703125,356.44000244140625,352.6199951171875,355.1000061035156,11521300
2021-07-06,349.4332275390625,352.7799987792969,358.7900085449219,349.17999267578125,356.5,13488500
2021-07-07,347.16497802734375,350.489990234375,356.489990234375,350.0,355.260009765625,14218900
2021-07-08,342.3708190917969,345.6499938964844,348.3299865722656,342.55999755859375,345.7300109863281,14406500
2021-07-09,347.0956726074219,350.4200134277344,350.7099914550781,345.2699890136719,345.32000732421875,13018700
2021-07-12,349.80963134765625,353.1600036621094,354.19000244140625,349.6400146484375,351.2300109863281,10018600
2021-07-13,348.7497863769531,352.0899963378906,358.489990234375,348.79998779296875,351.5,11456000
2021-07-14,344.3321533203125,347.6300048828125,355.20001220703125,346.7300109863281,354.55999755859375,13894200
2021-07-15,341.1921691894531,344.4599914550781,349.2300109863281,340.2200012207031,349.2300109863281,14781600
2021-07-16,337.9234619140625,341.1600036621094,345.989990234375,340.1400146484375,344.9100036621094,11026100
2021-07-19,333.75341796875,336.95001220703125,339.7900085449219,334.5400085449219,337.57000732421875,14372300
2021-07-20,338.418701171875,341.6600036621094,343.45001220703125,334.5,338.79998779296875,11024300
2021-07-21,342.94537353515625,346.2300109863281,346.5199890136719,341.25,341.5,9279700
2021-07-22,347.85833740234375,351.19000244140625,351.5400085449219,345.2099914550781,346.67999267578125,12385400
2021-07-23,366.2818908691406,369.7900085449219,375.3299865722656,357.19000244140625,360.9100036621094,33694300
2021-07-26,368.926513671875,372.4599914550781,374.44000244140625,368.2200012207031,369.5799865722656,14925200
2021-07-27,364.3206787109375,367.80999755859375,373.1499938964844,364.54998779296875,371.9100036621094,15705400
2021-07-28,369.7387390136719,373.2799987792969,377.54998779296875,366.92999267578125,374.55999755859375,29676900
2021-07-29,354.92071533203125,358.32000732421875,365.5199890136719,356.739990234375,361.0,33413200
2021-07-30,352.9198913574219,356.29998779296875,360.7300109863281,352.94000244140625,354.0,15976200
2021-08-02,348.61114501953125,351.95001220703125,359.3999938964844,350.739990234375,358.1000061035156,13180400
2021-08-03,347.9078369140625,351.239990234375,353.7699890136719,347.70001220703125,352.7300109863281,12406100
2021-08-04,355.5150451660156,358.9200134277344,360.4800109863281,351.510009765625,352.4200134277344,14180600
2021-08-05,359.5265808105469,362.9700012207031,363.8999938964844,356.8999938964844,359.6400146484375,10247200
2021-08-06,360.06146240234375,363.510009765625,365.1499938964844,361.3999938964844,361.3999938964844,8925000
2021-08-09,358.1795349121094,361.6099853515625,365.7799987792969,360.75,363.760009765625,7798900
2021-08-10,357.70404052734375,361.1300048828125,364.1000061035156,359.0400085449219,361.8299865722656,7469900
2021-08-11,356.5450744628906,359.9599914550781,362.3599853515625,357.80999755859375,362.1000061035156,8400300
2021-08-12,359.2095947265625,362.6499938964844,363.0,357.1099853515625,358.45001220703125,7170700
2021-08-13,359.7345886230469,363.17999267578125,364.6600036621094,361.4800109863281,362.9700012207031,7195700
2021-08-16,363.0824890136719,366.55999755859375,366.95001220703125,357.3800048828125,362.5199890136719,11222100
2021-08-17,355.0494689941406,358.45001220703125,364.6700134277344,355.07000732421875,362.9800109863281,12328700
2021-08-18,352.07794189453125,355.45001220703125,359.8599853515625,355.1499938964844,356.25,10042400
2021-08-19,351.75103759765625,355.1199951171875,357.57000732421875,351.0,351.3500061035156,12004500
2021-08-20,355.960693359375,359.3699951171875,359.989990234375,353.30999755859375,354.6000061035156,8697700
2021-08-23,359.9029846191406,363.3500061035156,365.69000244140625,359.1000061035156,359.44000244140625,10942000
2021-08-24,362.0424499511719,365.510009765625,367.9599914550781,361.8399963378906,363.6600036621094,9235100
2021-08-25,364.8951721191406,368.3900146484375,370.8599853515625,365.3999938964844,365.6000061035156,9684500
2021-08-26,360.9232177734375,364.3800048828125,369.44000244140625,364.1300048828125,368.3800048828125,7888700
2021-08-27,369.09490966796875,372.6300048828125,373.739990234375,364.0799865722656,365.1000061035156,11219100
2021-08-30,377.0487365722656,380.6600036621094,381.489990234375,370.5199890136719,372.55999755859375,13547300
2021-08-31,375.7809143066406,379.3800048828125,382.760009765625,378.79998779296875,379.95001220703125,12345400
2021-09-01,378.4255676269531,382.04998779296875,384.3299865722656,378.80999755859375,379.5899963378906,11567200
2021-09-02,371.7197570800781,375.2799987792969,381.75,374.05999755859375,381.5,14832900
2021-09-03,372.6905212402344,376.260009765625,377.1600036621094,373.1099853515625,374.75,7509600
2021-09-07,378.5543212890625,382.17999267578125,382.9599914550781,373.1499938964844,375.8800048828125,10793800
2021-09-08,373.9880676269531,377.57000732421875,380.8699951171875,374.7900085449219,380.1600036621094,11067200
2021-09-09,374.4139709472656,378.0,379.8299865722656,376.57000732421875,377.6400146484375,9098900
2021-09-10,375.0974426269531,378.69000244140625,383.7900085449219,378.260009765625,381.3599853515625,11549600
2021-09-13,372.9381408691406,376.510009765625,381.75,374.3500061035156,381.67999267578125,13026300
2021-09-14,372.9579162597656,376.5299987792969,378.5899963378906,375.1099853515625,377.3999938964844,8711600
2021-09-15,370.3727111816406,373.9200134277344,377.55999755859375,367.6700134277344,377.0,17940300
2021-09-16,369.5208435058594,373.05999755859375,373.55999755859375,369.7099914550781,372.7900085449219,11934200
2021-09-17,361.2599792480469,364.7200012207031,371.4100036621094,361.5899963378906,371.4100036621094,26299000
2021-09-20,352.3255310058594,355.70001220703125,361.0299987792969,349.79998779296875,359.29998779296875,19822800
2021-09-21,354.08868408203125,357.4800109863281,360.0400085449219,355.19000244140625,358.5,11751900
2021-09-22,339.9539794921875,343.2099914550781,349.8399963378906,340.69000244140625,347.2300109863281,43692900
2021-09-23,342.677978515625,345.9599914550781,349.6700134277344,343.0,345.3599853515625,21806300
2021-09-24,349.611572265625,352.9599914550781,354.3500061035156,342.3699951171875,343.239990234375,18801900
2021-09-27,350.2256774902344,353.5799865722656,355.1499938964844,347.0799865722656,349.80999755859375,15205800
2021-09-28,337.4183349609375,340.6499938964844,349.6000061035156,338.9200134277344,347.9700012207031,21710300
2021-09-29,336.3881530761719,339.6099853515625,345.2300109863281,338.8800048828125,343.1499938964844,14452200
2021-09-30,336.1702880859375,339.3900146484375,342.79998779296875,338.1499938964844,340.45001220703125,16547100
2021-10-01,339.7559509277344,343.010009765625,345.0199890136719,338.6400146484375,341.6099853515625,14905300
2021-10-04,323.1351013183594,326.2300109863281,335.94000244140625,322.70001220703125,335.5299987792969,42885000
2021-10-05,329.8013000488281,332.9599914550781,335.17999267578125,326.1600036621094,328.5799865722656,35377900
2021-10-06,330.474853515625,333.6400146484375,334.3800048828125,325.79998779296875,329.739990234375,26443000
2021-10-07,326.0968017578125,329.2200012207031,338.8399963378906,328.9800109863281,337.0,28307500
2021-10-08,326.91888427734375,330.04998779296875,333.3999938964844,328.7099914550781,331.510009765625,15946100
2021-10-11,322.362548828125,325.45001220703125,330.4599914550781,325.30999755859375,327.6300048828125,14708200
2021-10-12,320.69842529296875,323.7699890136719,324.3800048828125,317.3699951171875,323.0299987792969,31658700
2021-10-13,321.461181640625,324.5400085449219,327.0,322.6600036621094,326.9700012207031,14761500
2021-10-14,325.4132995605469,328.5299987792969,330.5199890136719,327.1000061035156,328.3599853515625,14302200
2021-10-15,321.6790466308594,324.760009765625,329.07000732421875,322.510009765625,328.67999267578125,21596400
2021-10-18,332.1587219238281,335.3399963378906,335.8900146484375,327.5,328.95001220703125,21585000
2021-10-19,336.7644958496094,339.989990234375,342.4599914550781,337.2799987792969,339.6499938964844,18786300
2021-10-20,337.5470886230469,340.7799987792969,343.9800109863281,339.45001220703125,343.45001220703125,13639500
2021-10-21,338.63665771484375,341.8800048828125,342.30999755859375,337.79998779296875,340.2799987792969,16354400
2021-10-22,321.53045654296875,324.6099853515625,329.6300048828125,321.1099853515625,326.3500061035156,35224500
2021-10-25,325.5717468261719,328.69000244140625,329.55999755859375,319.7200012207031,320.29998779296875,38409000
2021-10-26,312.8139343261719,315.80999755859375,330.2099914550781,309.6000061035156,328.260009765625,65654000
2021-10-27,309.25799560546875,312.2200012207031,319.25,312.05999755859375,314.19000244140625,29971800
2021-10-28,313.9134826660156,316.9200134277344,325.5199890136719,308.1099853515625,312.989990234375,50806800
2021-10-29,320.5003967285156,323.57000732421875,326.0,319.6000061035156,320.19000244140625,37059400
2021-11-01,326.84954833984375,329.9800109863281,333.45001220703125,326.0,326.0400085449219,31518900
2021-11-02,324.96759033203125,328.0799865722656,334.7900085449219,323.79998779296875,331.3800048828125,28353000
2021-11-03,328.4739990234375,331.6199951171875,332.1499938964844,323.20001220703125,327.489990234375,20786500
2021-11-04,332.66387939453125,335.8500061035156,337.2699890136719,332.6499938964844,334.010009765625,22495300
2021-11-05,337.8937683105469,341.1300048828125,346.7900085449219,339.6400146484375,340.30999755859375,26872800
2021-11-08,335.4075622558594,338.6199951171875,344.7900085449219,338.3399963378906,344.4200134277344,18342500
2021-11-09,332.18841552734375,335.3699951171875,341.30999755859375,334.4700012207031,340.0,17556700
2021-11-10,324.53173828125,327.6400146484375,333.19000244140625,325.510009765625,332.489990234375,21872600
2021-11-11,324.63079833984375,327.739990234375,332.4599914550781,327.0,329.82000732421875,12376600
2021-11-12,337.6560363769531,340.8900146484375,341.8599853515625,329.7799987792969,330.17999267578125,25414300
2021-11-15,344.2627868652344,347.55999755859375,353.6499938964844,343.20001220703125,344.3399963378906,25076600
2021-11-16,339.7063903808594,342.9599914550781,346.6499938964844,340.8699951171875,343.8299865722656,18181100
2021-11-17,337.53717041015625,340.7699890136719,347.29998779296875,340.1000061035156,344.239990234375,13602800
2021-11-18,335.4769287109375,338.69000244140625,342.4599914550781,335.29998779296875,339.7200012207031,17487200
2021-11-19,342.024169921875,345.29998779296875,352.1000061035156,339.8999938964844,342.20001220703125,26488500
2021-11-22,337.7749328613281,341.010009765625,353.8299865722656,340.510009765625,349.04998779296875,27116800
2021-11-23,334.0506286621094,337.25,341.3999938964844,333.5,338.92999267578125,17225000
2021-11-24,337.8244323730469,341.05999755859375,341.7799987792969,332.80999755859375,336.0,13566200
2021-11-26,329.9598388671875,333.1199951171875,337.75,331.8999938964844,335.79998779296875,14750700
2021-11-29,334.8231506347656,338.0299987792969,340.6700134277344,335.30999755859375,336.8900146484375,16650900
2021-11-30,321.38189697265625,324.4599914550781,335.80999755859375,323.42999267578125,335.0,25390000
2021-12-01,307.6534118652344,310.6000061035156,330.5,310.2900085449219,330.2900085449219,30329600
2021-12-02,307.4454345703125,310.3900146484375,314.6000061035156,307.20001220703125,311.3999938964844,24396200
2021-12-03,303.9290466308594,306.8399963378906,313.75,299.5,313.7300109863281,27471000
2021-12-06,314.85443115234375,317.8699951171875,320.1000061035156,306.3399963378906,308.1300048828125,21758300
2021-12-07,319.7475891113281,322.80999755859375,326.5400085449219,321.0,321.57000732421875,18794000
2021-12-08,327.42401123046875,330.55999755859375,332.75,323.07000732421875,325.0,19937700
2021-12-09,326.6910400390625,329.82000732421875,336.1300048828125,328.0,329.5400085449219,16879200
2021-12-10,326.6217041015625,329.75,335.0299987792969,326.3699951171875,332.55999755859375,14528000
2021-12-13,331.3166809082031,334.489990234375,341.0899963378906,329.5899963378906,330.95001220703125,22948700
2021-12-14,330.5738525390625,333.739990234375,335.70001220703125,327.6499938964844,328.04998779296875,20461000
2021-12-15,338.418701171875,341.6600036621094,342.1099853515625,323.9800109863281,332.489990234375,24681300
2021-12-16,331.72283935546875,334.8999938964844,344.4599914550781,333.739990234375,338.9800109863281,22635000
2021-12-17,330.6234130859375,333.7900085449219,337.1099853515625,330.75,332.79998779296875,40012600
2021-12-20,322.362548828125,325.45001220703125,329.8999938964844,322.5299987792969,329.7799987792969,17901800
2021-12-21,331.0295104980469,334.20001220703125,336.0,323.75,326.4100036621094,16116800
2021-12-22,327.3150939941406,330.45001220703125,334.510009765625,328.260009765625,333.79998779296875,16764600
2021-12-23,332.0596618652344,335.239990234375,336.6700134277344,328.3599853515625,330.1000061035156,13987700
2021-12-27,342.8958435058594,346.17999267578125,347.8699951171875,338.010009765625,338.8500061035156,17795000
2021-12-28,342.93548583984375,346.2200012207031,352.7099914550781,345.20001220703125,346.6300048828125,16637600
2021-12-29,339.6866455078125,342.94000244140625,349.69000244140625,341.6400146484375,346.9100036621094,10747000
2021-12-30,341.09307861328125,344.3599853515625,347.2300109863281,343.2200012207031,344.0,10593300
2021-12-31,333.1590576171875,336.3500061035156,343.44000244140625,336.2699890136719,343.0199890136719,12870500
2022-01-03,335.32830810546875,338.5400085449219,341.0799865722656,337.19000244140625,338.29998779296875,14537900
2022-01-04,333.33740234375,336.5299987792969,343.0899963378906,331.8699951171875,339.95001220703125,15998000
2022-01-05,321.09466552734375,324.1700134277344,335.760009765625,323.8399963378906,333.0199890136719,20564500
2022-01-06,329.3060302734375,332.4599914550781,339.1700134277344,322.7200012207031,322.82000732421875,27962800
2022-01-07,328.64239501953125,331.7900085449219,337.0,328.8800048828125,332.739990234375,14722000
2022-01-10,324.95770263671875,328.07000732421875,328.3399963378906,315.42999267578125,325.30999755859375,24942400
2022-01-11,331.19793701171875,334.3699951171875,334.6300048828125,325.2799987792969,326.7799987792969,16226800
2022-01-12,330.09844970703125,333.260009765625,336.3699951171875,330.0299987792969,335.17999267578125,14104900
2022-01-13,323.3827819824219,326.4800109863281,335.6300048828125,325.760009765625,334.9800109863281,14797100
2022-01-14,328.7513427734375,331.8999938964844,332.7300109863281,321.2099914550781,321.7900085449219,16868500
2022-01-18,315.1318054199219,318.1499938964844,324.2099914550781,317.6400146484375,323.2900085449219,22645600
2022-01-19,316.5581359863281,319.5899963378906,327.1000061035156,319.3299865722656,319.5799865722656,20814700
2022-01-20,313.556884765625,316.55999755859375,327.82000732421875,315.9800109863281,323.8999938964844,16925000
2022-01-21,300.2939147949219,303.1700134277344,318.30999755859375,303.0400085449219,314.80999755859375,28710700
2022-01-24,305.7813415527344,308.7099914550781,309.5299987792969,289.010009765625,297.8399963378906,38878100
2022-01-25,297.30255126953125,300.1499938964844,306.2300109863281,297.5799865722656,299.95001220703125,25108500
2022-01-26,291.83489990234375,294.6300048828125,307.510009765625,290.8500061035156,307.010009765625,28348800
2022-01-27,291.84478759765625,294.6400146484375,301.7099914550781,294.260009765625,297.75,21629900
2022-01-28,298.8476867675781,301.7099914550781,301.8999938964844,293.0299987792969,295.6199951171875,21871600
2022-01-31,310.28814697265625,313.260009765625,313.7900085449219,299.32000732421875,300.67999267578125,21579500
2022-02-01,315.9737548828125,319.0,319.6600036621094,312.1199951171875,314.55999755859375,18023800
2022-02-02,319.9357604980469,323.0,328.0,316.8699951171875,327.82000732421875,58458300
2022-02-03,235.50440979003906,237.75999450683594,248.0,235.75,244.64999389648438,188119900
2022-02-04,234.84075927734375,237.08999633789062,242.61000061035156,230.11000061035156,234.97000122070312,89342200
2022-02-07,222.77630615234375,224.91000366210938,238.3000030517578,224.00999450683594,237.6999969482422,88613800
2022-02-08,218.09117126464844,220.17999267578125,225.77000427246094,216.14999389648438,220.85000610351562,94729700
2022-02-09,229.79904174804688,232.0,233.3699951171875,222.2100067138672,224.1999969482422,86563300
2022-02-10,225.90635681152344,228.07000732421875,235.0,226.6999969482422,228.27000427246094,49310400
2022-02-11,217.4671630859375,219.5500030517578,230.4199981689453,218.77000427246094,228.4600067138672,46156900
2022-02-14,215.6346893310547,217.6999969482422,221.0,214.77999877929688,219.30999755859375,38184000
2022-02-15,218.9033966064453,221.0,221.14999389648438,215.05999755859375,220.47000122070312,42685500
2022-02-16,214.48570251464844,216.5399932861328,217.4600067138672,212.36000061035156,212.41000366210938,45817500
2022-02-17,205.73948669433594,207.7100067138672,217.5,207.16000366210938,214.02000427246094,38747500
2022-02-18,204.20419311523438,206.16000366210938,210.75,205.17999267578125,209.38999938964844,37128400
2022-02-22,200.16290283203125,202.0800018310547,207.47999572753906,200.05999755859375,202.33999633789062,39852400
2022-02-23,196.5673370361328,198.4499969482422,206.94000244140625,198.0500030517578,204.16000366210938,44481400
2022-02-24,205.6305389404297,207.60000610351562,208.35000610351562,190.22000122070312,191.05999755859375,49957200
2022-02-25,208.48321533203125,210.47999572753906,211.32000732421875,203.17999267578125,204.94000244140625,37627600
2022-02-28,209.02798461914062,211.02999877929688,213.14999389648438,206.8300018310547,207.67999267578125,34239800
2022-03-01,201.55950927734375,203.49000549316406,211.75,202.22000122070312,209.8699951171875,27094900
2022-03-02,206.13568115234375,208.11000061035156,209.14999389648438,202.02000427246094,204.77999877929688,29452100
2022-03-03,201.04444885253906,202.97000122070312,209.0800018310547,201.4199981689453,209.02000427246094,27263500
2022-03-04,198.1620635986328,200.05999755859375,205.88999938964844,198.7899932861328,202.3699951171875,32130900
2022-03-07,185.69151306152344,187.47000122070312,200.88999938964844,187.27999877929688,200.7899932861328,38560600
2022-03-08,188.4847412109375,190.2899932861328,196.6999969482422,186.11000061035156,187.85000610351562,37508100
2022-03-09,196.6168670654297,198.5,199.10000610351562,193.9199981689453,195.74000549316406,31894700
2022-03-10,193.3580780029297,195.2100067138672,196.27999877929688,191.07000732421875,194.83999633789062,24853000
2022-03-11,185.83016967773438,187.61000061035156,193.55999755859375,186.6699981689453,192.63999938964844,34694500
2022-03-14,184.85951232910156,186.6300048828125,192.2899932861328,185.82000732421875,187.02999877929688,31010500
2022-03-15,190.20823669433594,192.02999877929688,192.27999877929688,185.91000366210938,190.8000030517578,31721700
2022-03-16,201.6981964111328,203.6300048828125,203.72999572753906,194.52000427246094,194.6999969482422,40640300
2022-03-17,205.8682403564453,207.83999633789062,208.0399932861328,201.11000061035156,201.6999969482422,29499700
2022-03-18,214.43618774414062,216.49000549316406,216.8000030517578,206.0,206.6999969482422,52128000
2022-03-21,209.483642578125,211.49000549316406,214.7100067138672,207.6300048828125,214.5,30142300
2022-03-22,214.5946807861328,216.64999389648438,219.4600067138672,210.17999267578125,211.3699951171875,31998800
2022-03-23,211.43495178222656,213.4600067138672,216.8000030517578,212.16000366210938,213.3300018310547,23717300
2022-03-24,217.4869842529297,219.57000732421875,220.6699981689453,214.7899932861328,215.0,31502300
2022-03-25,219.71563720703125,221.82000732421875,225.5,218.88999938964844,220.50999450683594,40039000
2022-03-28,221.46881103515625,223.58999633789062,224.0399932861328,219.5399932861328,222.1300048828125,26224100
2022-03-29,227.67938232421875,229.86000061035156,230.88999938964844,225.2899932861328,226.07000732421875,31417900
2022-03-30,225.6884307861328,227.85000610351562,231.14999389648438,226.7100067138672,228.91000366210938,25588000
2022-03-31,220.25051879882812,222.36000061035156,228.49000549316406,222.25999450683594,228.4499969482422,24192300
2022-04-01,222.71690368652344,224.85000610351562,227.27999877929688,222.6999969482422,224.5500030517578,19544800
2022-04-04,231.67111206054688,233.88999938964844,234.35000610351562,225.86000061035156,225.97999572753906,28054800
2022-04-05,229.64059448242188,231.83999633789062,236.86000061035156,231.02000427246094,234.0800018310547,29727200
2022-04-06,221.18157958984375,223.3000030517578,228.99000549316406,221.41000366210938,226.91000366210938,28995100
2022-04-07,220.83489990234375,222.9499969482422,225.52000427246094,218.55999755859375,223.92999267578125,21037200
2022-04-08,220.22080993652344,222.3300018310547,225.1300048828125,220.02999877929688,222.3800048828125,18375700
2022-04-11,214.40647888183594,216.4600067138672,220.61000061035156,215.22000122070312,218.4199981689453,20516600
2022-04-12,212.10850524902344,214.13999938964844,222.02999877929688,213.1300048828125,220.24000549316406,20128800
2022-04-13,212.95045471191406,214.99000549316406,216.61000061035156,211.3300018310547,211.82000732421875,19231800
2022-04-14,208.18606567382812,210.17999267578125,214.99000549316406,210.0,214.88999938964844,18379500
2022-04-18,208.77047729492188,210.77000427246094,213.3800048828125,208.3000030517578,210.0,16580800
2022-04-19,215.24842834472656,217.30999755859375,218.42999267578125,209.0,210.52000427246094,20089900
2022-04-20,198.51866149902344,200.4199981689453,214.16000366210938,198.9199981689453,213.61000061035156,43036500
2022-04-21,186.2858123779297,188.07000732421875,202.97000122070312,185.5800018310547,201.60000610351562,49954100
2022-04-22,182.36338806152344,184.11000061035156,192.72000122070312,183.27000427246094,190.3699951171875,36426800
2022-04-25,185.21603393554688,186.99000549316406,187.17999267578125,181.66000366210938,182.72999572753906,29281100
2022-04-26,179.2333526611328,180.9499969482422,187.19000244140625,179.5,186.6300048828125,31747400
2022-04-27,173.290283203125,174.9499969482422,181.2100067138672,169.0,174.42999267578125,71062900
2022-04-28,203.77828979492188,205.72999572753906,208.52999877929688,192.89999389648438,202.9199981689453,100890600
2022-04-29,198.56817626953125,200.47000122070312,212.47999572753906,199.89999389648438,204.4600067138672,49193400
2022-05-02,209.12705993652344,211.1300048828125,211.8800048828125,200.99000549316406,201.1699981689453,49915300
2022-05-03,210.0185089111328,212.02999877929688,214.89999389648438,208.08999633789062,210.4499969482422,41556300
2022-05-04,221.29054260253906,223.41000366210938,224.3000030517578,206.9600067138672,210.64999389648438,41375900
2022-05-05,206.3040771484375,208.27999877929688,220.1699981689453,206.16000366210938,218.74000549316406,41129200
2022-05-06,201.83685302734375,203.77000427246094,209.3800048828125,201.02000427246094,207.33999633789062,34747200
2022-05-09,194.3485870361328,196.2100067138672,202.57000732421875,195.5800018310547,199.83999633789062,36303200
2022-05-10,195.77491760253906,197.64999389648438,202.9600067138672,194.19000244140625,199.50999450683594,34452500
2022-05-11,186.94944763183594,188.74000549316406,200.6699981689453,188.27000427246094,196.3300018310547,31153400
2022-05-12,189.42572021484375,191.24000549316406,198.0500030517578,184.77999877929688,187.05999755859375,38262200
2022-05-13,196.73574829101562,198.6199951171875,199.88999938964844,191.27999877929688,192.5800018310547,24549800
2022-05-16,198.14227294921875,200.0399932861328,205.3699951171875,195.92999267578125,197.0500030517578,27112600
2022-05-17,200.69778442382812,202.6199951171875,205.4600067138672,198.36000061035156,202.1199951171875,24872700
2022-05-18,190.41627502441406,192.24000549316406,201.0,191.6300048828125,200.0,23960000
2022-05-19,189.4752655029297,191.2899932861328,195.2899932861328,189.60000610351562,191.1999969482422,24446900
2022-05-20,191.70388793945312,193.5399932861328,197.91000366210938,187.8699951171875,194.97000122070312,31465600
2022-05-23,194.36837768554688,196.22999572753906,196.99000549316406,191.24000549316406,195.19000244140625,25059200
2022-05-24,179.56024169921875,181.27999877929688,183.67999267578125,176.11000061035156,180.5500030517578,50406300
2022-05-25,182.08602905273438,183.8300018310547,185.4499969482422,179.32000732421875,180.39999389648438,28030200
2022-05-26,189.8120574951172,191.6300048828125,192.8300018310547,182.25999450683594,182.8800048828125,23056500
2022-05-27,193.27883911132812,195.1300048828125,195.3300018310547,189.8000030517578,191.36000061035156,22562700
2022-05-31,191.802978515625,193.63999938964844,197.60000610351562,192.00999450683594,194.88999938964844,26131100
2022-06-01,186.8504180908203,188.63999938964844,199.52999877929688,185.0,196.50999450683594,36623500
2022-06-02,196.97344970703125,198.86000061035156,200.94000244140625,187.72999572753906,188.4499969482422,31951600
2022-06-03,188.97010803222656,190.77999877929688,196.61000061035156,189.77999877929688,195.97999572753906,19465000
2022-06-06,192.4071807861328,194.25,196.9199981689453,188.39999389648438,193.99000549316406,30574200
2022-06-07,193.7938995361328,195.64999389648438,196.52999877929688,191.49000549316406,191.92999267578125,18828700
2022-06-08,194.77450561523438,196.63999938964844,202.02999877929688,194.41000366210938,194.6699981689453,22267200
2022-06-09,182.2544403076172,184.0,199.4499969482422,183.67999267578125,194.27999877929688,23501600
2022-06-10,173.90440368652344,175.57000732421875,183.10000610351562,175.02000427246094,183.0399932861328,27450800
2022-06-13,162.7017059326172,164.25999450683594,172.5800018310547,164.02999877929688,170.58999633789062,31749300
2022-06-14,162.1767120361328,163.72999572753906,166.75,161.36000061035156,166.02999877929688,27244300
2022-06-15,167.743408203125,169.35000610351562,172.16000366210938,163.97999572753906,167.1999969482422,30008300
2022-06-16,159.34385681152344,160.8699951171875,165.0800018310547,159.61000061035156,163.72000122070312,26944100
2022-06-17,162.1865997314453,163.74000549316406,165.89999389648438,159.89999389648438,161.67999267578125,31374200
2022-06-21,155.5601043701172,157.0500030517578,167.75999450683594,155.97000122070312,165.92999267578125,50724900
2022-06-22,154.3715057373047,155.85000610351562,160.7899932861328,155.44000244140625,158.3800048828125,47267800
2022-06-23,157.24395751953125,158.75,159.75,154.25,156.27000427246094,40499200
2022-06-24,168.54574584960938,170.16000366210938,170.25,161.3000030517578,161.72999572753906,68736000
2022-06-27,167.88209533691406,169.49000549316406,171.75,168.00999450683594,171.32000732421875,29174600
2022-06-28,159.1556396484375,160.67999267578125,171.3000030517578,160.61000061035156,169.89999389648438,27744500
2022-06-29,162.3847198486328,163.94000244140625,166.3300018310547,160.32000732421875,163.57000732421875,28595200
2022-06-30,159.7202606201172,161.25,165.22999572753906,158.49000549316406,162.14999389648438,35250600
2022-07-01,158.51181030273438,160.02999877929688,160.6199951171875,155.0,160.30999755859375,31423900
2022-07-05,166.5944061279297,168.19000244140625,168.25,157.02000427246094,158.13999938964844,28618600
2022-07-06,168.159423828125,169.77000427246094,171.58999633789062,165.4600067138672,168.1999969482422,23085900
2022-07-07,170.5564727783203,172.19000244140625,172.72000122070312,167.77999877929688,169.4499969482422,24083400
2022-07-08,169.2589111328125,170.8800048828125,172.39999389648438,168.14999389648438,169.97999572753906,19249200
2022-07-11,161.3347930908203,162.8800048828125,167.49000549316406,161.91000366210938,167.07000732421875,21885600
2022-07-12,161.72109985351562,163.27000427246094,165.91000366210938,162.10000610351562,164.8000030517578,16639700
2022-07-13,161.93898010253906,163.49000549316406,164.97999572753906,159.61000061035156,160.16000366210938,16555100
2022-07-14,156.55059814453125,158.0500030517578,162.58999633789062,157.27999877929688,161.22000122070312,23765200
2022-07-15,163.13751220703125,164.6999969482422,164.97999572753906,159.82000732421875,160.5399932861328,23342800
2022-07-18,165.6434783935547,167.22999572753906,171.69000244140625,165.63999938964844,166.75,23574300
2022-07-19,174.11239624023438,175.77999877929688,176.49000549316406,169.50999450683594,170.3699951171875,25933700
2022-07-20,181.35304260253906,183.08999633789062,183.60000610351562,176.6999969482422,177.49000549316406,24784300
2022-07-21,181.43228149414062,183.1699981689453,183.85000610351562,178.8699951171875,180.6300048828125,27195800
2022-07-22,167.66415405273438,169.27000427246094,175.60000610351562,168.41000366210938,173.07000732421875,42583900
2022-07-25,165.06903076171875,166.64999389648438,170.57000732421875,164.80999755859375,169.0,26166300
2022-07-26,157.64015197753906,159.14999389648438,166.0,157.9499969482422,165.94000244140625,28468400
2022-07-27,167.97122192382812,169.5800018310547,170.8699951171875,162.02000427246094,162.58999633789062,43846600
2022-07-28,159.1952667236328,160.72000122070312,161.50999450683594,154.85000610351562,161.05999755859375,73214300
2022-07-29,157.59063720703125,159.10000610351562,160.13999938964844,155.1699981689453,157.69000244140625,42065400
2022-08-01,158.41278076171875,159.92999267578125,165.19000244140625,155.22999572753906,157.25,40596700
2022-08-02,158.6702880859375,160.19000244140625,162.24000549316406,158.00999450683594,158.30999755859375,27374500
2022-08-03,167.1986083984375,168.8000030517578,169.5399932861328,161.57000732421875,162.69000244140625,31721900
2022-08-04,168.95184326171875,170.57000732421875,172.14999389648438,166.8000030517578,168.3000030517578,23938200
2022-08-05,165.524658203125,167.11000061035156,171.61000061035156,165.8000030517578,166.99000549316406,25832700
2022-08-08,168.63485717773438,170.25,177.50999450683594,167.1300048828125,168.0,27299100
2022-08-09,166.9311981201172,168.52999877929688,169.52999877929688,166.60000610351562,168.9499969482422,18655100
2022-08-10,176.64808654785156,178.33999633789062,180.47999572753906,173.9499969482422,175.99000549316406,30262100
2022-08-11,175.8061981201172,177.49000549316406,183.10000610351562,176.3699951171875,179.7100067138672,24079100
2022-08-12,178.78762817382812,180.5,181.4600067138672,178.91000366210938,180.80999755859375,21274000
2022-08-15,179.17391967773438,180.88999938964844,181.44000244140625,178.1999969482422,178.9600067138672,15878700
2022-08-16,177.76739501953125,179.47000122070312,180.99000549316406,177.0399932861328,179.44000244140625,21156700
2022-08-17,173.1912384033203,174.85000610351562,178.13999938964844,174.1699981689453,176.75999450683594,20118100
2022-08-18,173.0030059814453,174.66000366210938,175.75999450683594,171.86000061035156,174.33999633789062,18844500
2022-08-19,166.36660766601562,167.9600067138672,172.32000732421875,167.0500030517578,170.1999969482422,26240800
2022-08-22,161.50318908691406,163.0500030517578,165.49000549316406,162.25999450683594,165.49000549316406,19499700
2022-08-23,159.58155822753906,161.11000061035156,165.0500030517578,160.6999969482422,162.47999572753906,18111800
2022-08-24,161.711181640625,163.25999450683594,165.4600067138672,159.77000427246094,160.60000610351562,20891500
2022-08-25,167.17881774902344,168.77999877929688,168.8800048828125,164.02000427246094,165.17999267578125,15550500
2022-08-26,160.24522399902344,161.77999877929688,170.9199981689453,161.6699981689453,168.47999572753906,24023600
2022-08-29,157.6599884033203,159.1699981689453,163.0500030517578,159.00999450683594,160.66000366210938,20052700
2022-08-30,155.66908264160156,157.16000366210938,161.66000366210938,155.91000366210938,160.35000610351562,19567900
2022-08-31,161.3843231201172,162.92999267578125,167.83999633789062,162.13999938964844,167.07000732421875,40953000
2022-09-01,163.79122924804688,165.36000061035156,167.36000061035156,160.35000610351562,163.5800018310547,30145700
2022-09-02,158.79908752441406,160.32000732421875,167.92999267578125,159.22000122070312,167.4499969482422,22634200
2022-09-06,157.03594970703125,158.5399932861328,161.69000244140625,157.69000244140625,160.10000610351562,19339800
2022-09-07,158.86842346191406,160.38999938964844,160.9600067138672,156.80999755859375,157.75999450683594,16831200
2022-09-08,160.52255249023438,162.05999755859375,162.22999572753906,157.74000549316406,158.7100067138672,22530800
2022-09-09,167.54530334472656,169.14999389648438,169.5399932861328,163.02000427246094,163.25,22086800
2022-09-12,167.35711669921875,168.9600067138672,171.38999938964844,167.27999877929688,167.38999938964844,23220400
2022-09-13,151.6772918701172,153.1300048828125,161.6300048828125,152.6699981689453,161.5399932861328,44444100
2022-09-14,150.0330352783203,151.47000122070312,153.5399932861328,149.0500030517578,153.3300018310547,43064200
2022-09-15,148.13124084472656,149.5500030517578,154.1999969482422,148.6999969482422,149.8000030517578,34606300
2022-09-16,144.9021759033203,146.2899932861328,148.5800018310547,144.2899932861328,148.0500030517578,40122800
2022-09-19,146.61575317382812,148.02000427246094,148.5800018310547,145.10000610351562,145.24000549316406,22169500
2022-09-20,144.70407104492188,146.08999633789062,148.83999633789062,145.22000122070312,145.77999877929688,23217400
2022-09-21,140.77174377441406,142.1199951171875,149.60000610351562,142.0,146.38999938964844,38338600
2022-09-22,141.46511840820312,142.82000732421875,144.5800018310547,140.8699951171875,141.5500030517578,34418500
2022-09-23,139.0779266357422,140.41000366210938,142.6199951171875,138.88999938964844,141.4199981689453,31710700
2022-09-26,135.0762939453125,136.3699951171875,142.24000549316406,136.19000244140625,140.1199951171875,30497000
2022-09-27,133.12493896484375,134.39999389648438,139.4199981689453,134.1199951171875,137.9199981689453,30826500
2022-09-28,140.26658630371094,141.61000061035156,142.02999877929688,134.27000427246094,134.6199951171875,32658500
2022-09-29,135.1159210205078,136.41000366210938,139.83999633789062,135.1999969482422,139.36000061035156,38985400
2022-09-30,134.392822265625,135.67999267578125,140.99000549316406,135.5,136.0500030517578,33166400
2022-10-03,137.2950439453125,138.61000061035156,139.6199951171875,136.10000610351562,137.13999938964844,27723100
2022-10-04,138.9491729736328,140.27999877929688,142.38999938964844,139.33999633789062,140.49000549316406,34670700
2022-10-05,137.66151428222656,138.97999572753906,140.2100067138672,134.77999877929688,138.24000549316406,27979300
2022-10-06,137.75067138671875,139.07000732421875,141.4499969482422,136.60000610351562,137.72000122070312,36231100
2022-10-07,132.18399047851562,133.4499969482422,138.2899932861328,132.44000244140625,136.75999450683594,33214800
2022-10-10,132.52076721191406,133.7899932861328,136.11000061035156,131.8699951171875,133.5500030517578,24024000
2022-10-11,127.320556640625,128.5399932861328,132.66000366210938,126.98999786376953,131.6199951171875,38481400
2022-10-12,126.29043579101562,127.5,129.6699981689453,126.25,128.32000732421875,34605200
2022-10-13,129.05392456054688,130.2899932861328,131.13999938964844,122.52999877929688,123.52999877929688,34325700
2022-10-14,125.55745697021484,126.76000213623047,131.7899932861328,126.5199966430664,131.0,23559400
2022-10-17,132.7683563232422,134.0399932861328,134.7899932861328,130.17999267578125,130.3000030517578,29612200
2022-10-18,131.5401611328125,132.8000030517578,137.83999633789062,131.39999389648438,137.08999633789062,25445000
2022-10-19,131.966064453125,133.22999572753906,137.0,132.22000122070312,132.88999938964844,30691000
2022-10-20,130.28219604492188,131.52999877929688,136.77000427246094,131.30999755859375,132.92999267578125,26356300
2022-10-21,128.77659606933594,130.00999450683594,130.1199951171875,125.44000244140625,126.30999755859375,46348600
2022-10-24,128.4893798828125,129.72000122070312,133.47999572753906,124.56999969482422,127.25,63563400
2022-10-25,136.20545959472656,137.50999450683594,138.35000610351562,130.58999633789062,130.8800048828125,38433200
2022-10-26,128.58843994140625,129.82000732421875,135.5500030517578,128.52999877929688,131.67999267578125,82791500
2022-10-27,97.01087188720703,97.94000244140625,102.5,96.37999725341797,97.9800033569336,232316600
2022-10-28,98.2589111328125,99.19999694824219,100.8499984741211,97.51000213623047,99.58000183105469,95928300
2022-10-31,92.2762222290039,93.16000366210938,99.31999969482422,92.5999984741211,98.22000122070312,121361400
2022-11-01,94.29685974121094,95.19999694824219,97.48999786376953,93.55000305175781,94.33000183105469,110189600
2022-11-02,89.68106079101562,90.54000091552734,95.19999694824219,90.4800033569336,94.20999908447266,71821100
2022-11-03,88.0665283203125,88.91000366210938,90.45999908447266,88.41000366210938,90.08000183105469,60664000
2022-11-04,89.9286880493164,90.79000091552734,91.38999938964844,88.08999633789062,90.3499984741211,55638100
2022-11-07,95.80242919921875,96.72000122070312,96.87999725341797,93.0999984741211,94.77999877929688,81987300
2022-11-08,95.55480194091797,96.47000122070312,97.80000305175781,94.79000091552734,95.91999816894531,52088300
2022-11-09,100.50737762451172,101.47000122070312,104.9000015258789,100.73999786376953,101.72000122070312,107677300
2022-11-10,110.80872344970703,111.87000274658203,112.75,104.61000061035156,107.12000274658203,80671000
2022-11-11,111.94779205322266,113.0199966430664,114.9000015258789,108.80999755859375,109.2300033569336,59961700
2022-11-14,113.13642120361328,114.22000122070312,116.2699966430664,110.80000305175781,110.98999786376953,53395000
2022-11-15,115.96929931640625,117.08000183105469,118.73999786376953,114.41000366210938,116.06999969482422,50670500
2022-11-16,112.15582275390625,113.2300033569336,116.08000183105469,112.66000366210938,114.5,33287800
2022-11-17,110.39268493652344,111.44999694824219,112.33000183105469,109.80000305175781,110.41000366210938,35093800
2022-11-18,110.98701477050781,112.05000305175781,114.31999969482422,110.62000274658203,113.80000305175781,33357700
2022-11-21,108.81777954101562,109.86000061035156,112.37000274658203,109.19000244140625,111.5199966430664,24351100
2022-11-22,110.38279724121094,111.44000244140625,111.62000274658203,108.31999969482422,109.86000061035156,29029000
2022-11-23,111.17518615722656,112.23999786376953,112.66999816894531,110.7300033569336,111.72000122070312,21343100
2022-11-25,110.35306549072266,111.41000366210938,112.7300033569336,111.0199966430664,111.30000305175781,12007600
2022-11-28,107.74801635742188,108.77999877929688,112.04000091552734,108.37999725341797,110.77999877929688,23309400
2022-11-29,108.42157745361328,109.45999908447266,110.94000244140625,108.54000091552734,109.54000091552734,23899200
2022-11-30,116.97960662841797,118.0999984741211,118.16000366210938,109.37999725341797,109.51000213623047,43348600
2022-12-01,119.29740142822266,120.44000244140625,121.19999694824219,118.4000015258789,119.19999694824219,36551400
2022-12-02,122.31847381591797,123.48999786376953,124.04000091552734,117.61000061035156,117.83000183105469,39950500
2022-12-05,121.26851654052734,122.43000030517578,124.66999816894531,121.3499984741211,121.75,35474900
2022-12-06,113.03736877441406,114.12000274658203,120.55000305175781,113.73999786376953,119.91000366210938,43689200
2022-12-07,112.84916687011719,113.93000030517578,115.87999725341797,112.87999725341797,113.76000213623047,29461100
2022-12-08,114.23587799072266,115.33000183105469,117.33999633789062,114.58999633789062,116.38999938964844,30619400
2022-12-09,114.80047607421875,115.9000015258789,117.54000091552734,113.87000274658203,115.30000305175781,26033400
2022-12-12,113.62176513671875,114.70999908447266,115.72000122070312,113.13999938964844,115.18000030517578,24747100
2022-12-13,119.01016235351562,120.1500015258789,123.30000305175781,118.63999938964844,122.12999725341797,44701100
2022-12-14,120.43649291992188,121.58999633789062,124.13999938964844,119.38999938964844,119.38999938964844,36922000
2022-12-15,115.04810333251953,116.1500015258789,118.62999725341797,114.01000213623047,118.33000183105469,34531000
2022-12-16,118.29698944091797,119.43000030517578,123.30999755859375,118.81999969482422,120.2300033569336,67064000
2022-12-19,113.39395141601562,114.4800033569336,117.80000305175781,114.33000183105469,116.83000183105469,29769900
2022-12-20,115.97918701171875,117.08999633789062,117.33000183105469,112.45999908447266,113.26000213623047,28742500
2022-12-21,118.62386322021484,119.76000213623047,120.33999633789062,115.62000274658203,116.69999694824219,20392800
2022-12-22,116.00889587402344,117.12000274658203,118.62000274658203,114.37999725341797,117.19999694824219,23618100
2022-12-23,116.920166015625,118.04000091552734,118.18000030517578,115.54000091552734,116.02999877929688,17796600
2022-12-27,115.77117919921875,116.87999725341797,118.5999984741211,116.05000305175781,117.93000030517578,21392300
2022-12-28,114.52312469482422,115.62000274658203,118.1500015258789,115.51000213623047,116.25,19612500
2022-12-29,119.1191177368164,120.26000213623047,121.02999877929688,115.7699966430664,116.4000015258789,22366200
2022-12-30,119.19835662841797,120.33999633789062,120.41999816894531,117.73999786376953,118.16000366210938,19583800
2023-01-03,123.55661010742188,124.73999786376953,126.37000274658203,122.27999877929688,122.81999969482422,35528500
2023-01-04,126.16165924072266,127.37000274658203,129.0500030517578,125.8499984741211,127.37999725341797,32397100
2023-01-05,125.7357406616211,126.94000244140625,128.52000427246094,124.54000091552734,126.12999725341797,25447100
2023-01-06,128.7865447998047,130.02000427246094,130.3300018310547,126.04000091552734,128.97000122070312,27584500
2023-01-09,128.24176025390625,129.47000122070312,132.9499969482422,129.27999877929688,131.16000366210938,26649100
2023-01-10,131.7283172607422,132.99000549316406,133.44000244140625,127.1500015258789,127.2699966430664,28684400
2023-01-11,131.62928771972656,132.88999938964844,133.85000610351562,130.33999633789062,130.9600067138672,25423000
2023-01-12,135.41305541992188,136.7100067138672,137.67999267578125,131.75999450683594,133.44000244140625,30757700
2023-01-13,135.6804962158203,136.97999572753906,137.38999938964844,134.83999633789062,134.97000122070312,22423800
2023-01-17,134.0758819580078,135.36000061035156,136.75,134.25,136.17999267578125,21147600
2023-01-18,131.75802612304688,133.02000427246094,137.25,132.8000030517578,135.80999755859375,20215500
2023-01-19,134.85836791992188,136.14999389648438,137.4499969482422,132.13999938964844,132.49000549316406,28625200
2023-01-20,138.0477752685547,139.3699951171875,139.94000244140625,134.61000061035156,135.88999938964844,28688600
2023-01-23,141.9108123779297,143.27000427246094,143.75999450683594,138.66000366210938,139.2899932861328,27470100
2023-01-24,141.78204345703125,143.13999938964844,145.0,141.36000061035156,141.69000244140625,21970200
2023-01-25,140.15762329101562,141.5,143.1699981689453,140.30999755859375,141.22000122070312,26622000
2023-01-26,145.902587890625,147.3000030517578,147.50999450683594,143.3000030517578,144.39999389648438,25482100
2023-01-27,150.3004608154297,151.74000549316406,153.19000244140625,147.38999938964844,148.24000549316406,35771900
2023-01-30,145.6648406982422,147.05999755859375,151.1199951171875,146.9499969482422,149.41000366210938,28040100
2023-01-31,147.5567626953125,148.97000122070312,149.8800048828125,147.52000427246094,147.9499969482422,29842100
2023-02-01,151.66738891601562,153.1199951171875,153.5800018310547,147.05999755859375,148.02999877929688,55661000
2023-02-02,186.97918701171875,188.77000427246094,197.16000366210938,180.16000366210938,183.3800048828125,150475700
2023-02-03,184.7604217529297,186.52999877929688,196.77000427246094,182.88999938964844,183.47000122070312,76809700
2023-02-06,184.29489135742188,186.05999755859375,190.6999969482422,185.52000427246094,186.52999877929688,42483800
2023-02-07,189.8021240234375,191.6199951171875,193.77999877929688,184.39999389648438,185.5800018310547,47080700
2023-02-08,181.68984985351562,183.42999267578125,190.8300018310547,182.9199981689453,190.0,36139100
2023-02-09,176.2321014404297,177.9199981689453,186.64999389648438,177.27000427246094,186.1300048828125,37118800
2023-02-10,172.4978485107422,174.14999389648438,178.88999938964844,173.35000610351562,176.35000610351562,33433600
2023-02-13,177.72775268554688,179.42999267578125,181.0,175.82000732421875,178.22000122070312,31463200
2023-02-14,177.7772979736328,179.47999572753906,181.50999450683594,175.8800048828125,177.16000366210938,24034600
2023-02-15,175.47930908203125,177.16000366210938,178.19000244140625,175.3300018310547,176.4199981689453,25308900
2023-02-16,170.80409240722656,172.44000244140625,175.85000610351562,171.7899932861328,172.75,25827500
2023-02-17,171.2399444580078,172.8800048828125,173.17999267578125,169.6999969482422,170.22000122070312,24171300
2023-02-21,170.447509765625,172.0800018310547,178.1699981689453,171.8800048828125,174.30999755859375,34592600
2023-02-22,169.49661254882812,171.1199951171875,172.75999450683594,169.69000244140625,171.07000732421875,22433200
2023-02-23,170.40786743164062,172.0399932861328,173.69000244140625,169.3800048828125,172.0,20017800
2023-02-24,168.77354431152344,170.38999938964844,170.72000122070312,167.66000366210938,168.63999938964844,19791300
2023-02-27,167.93162536621094,169.5399932861328,173.1199951171875,169.05999755859375,171.8800048828125,19277000
2023-02-28,173.28038024902344,174.94000244140625,177.5500030517578,171.8699951171875,171.89999389648438,46051100
2023-03-01,171.77481079101562,173.4199981689453,177.85000610351562,173.0500030517578,174.58999633789062,30998400
2023-03-02,172.874267578125,174.52999877929688,175.00999450683594,171.42999267578125,172.3800048828125,17352000
2023-03-03,183.49253845214844,185.25,186.6199951171875,177.0500030517578,178.9199981689453,45877700
2023-03-06,183.14588928222656,184.89999389648438,189.66000366210938,184.63999938964844,188.0,33209400
2023-03-07,182.75955200195312,184.50999450683594,190.36000061035156,184.00999450683594,189.0,36701500
2023-03-08,183.2152099609375,184.97000122070312,185.25999450683594,181.33999633789062,182.8699951171875,19432400
2023-03-09,179.96633911132812,181.69000244140625,188.92999267578125,180.3000030517578,186.35000610351562,26582800
2023-03-10,177.8070068359375,179.50999450683594,184.77000427246094,178.8000030517578,181.00999450683594,25665000
2023-03-13,179.18385314941406,180.89999389648438,183.77999877929688,174.82000732421875,177.9600067138672,24728000
2023-03-14,192.1793670654297,194.02000427246094,194.32000732421875,186.55999755859375,187.5800018310547,41642600
2023-03-15,195.87399291992188,197.75,197.77999877929688,190.83999633789062,192.9499969482422,42123600
2023-03-16,202.98585510253906,204.92999267578125,205.75999450683594,196.08999633789062,198.25999450683594,50447100
2023-03-17,193.75428771972656,195.61000061035156,201.89999389648438,195.42999267578125,200.55999755859375,50141100
2023-03-20,195.93341064453125,197.80999755859375,199.36000061035156,193.63999938964844,198.47999572753906,25186300
2023-03-21,200.24215698242188,202.16000366210938,203.5500030517578,197.9499969482422,203.1999969482422,31827000
2023-03-22,197.91444396972656,199.80999755859375,207.3699951171875,199.6699981689453,202.5,28477800
2023-03-23,202.342041015625,204.27999877929688,207.8800048828125,202.14999389648438,202.83999633789062,27389700
2023-03-24,204.05560302734375,206.00999450683594,207.5800018310547,203.5500030517578,205.17999267578125,27716400
2023-03-27,200.91567993164062,202.83999633789062,205.86000061035156,201.36000061035156,204.80999755859375,18527200
2023-03-28,198.7761688232422,200.67999267578125,201.02999877929688,197.89999389648438,200.14999389648438,19127300
2023-03-29,203.4019012451172,205.35000610351562,205.72000122070312,202.5399932861328,203.55999755859375,18851100
2023-03-30,205.8682403564453,207.83999633789062,208.08999633789062,202.82000732421875,203.3800048828125,22608300
2023-03-31,209.92935180664062,211.94000244140625,212.1699981689453,206.77000427246094,207.24000549316406,25440300
2023-04-03,211.04864501953125,213.07000732421875,213.49000549316406,208.1999969482422,208.83999633789062,17924600
2023-04-04,212.6829833984375,214.72000122070312,216.24000549316406,212.5399932861328,213.38999938964844,21026400
2023-04-05,209.4737091064453,211.47999572753906,215.19000244140625,209.94000244140625,214.14999389648438,19396600
2023-04-06,214.0498809814453,216.10000610351562,216.94000244140625,208.64999389648438,209.25,26104400
2023-04-10,212.7127227783203,214.75,215.66000366210938,210.66000366210938,214.7100067138672,16106100
2023-04-11,211.82125854492188,213.85000610351562,216.02000427246094,213.41000366210938,215.47999572753906,16710100
2023-04-12,211.9698028564453,214.0,216.83999633789062,212.5800018310547,214.83999633789062,18972200
2023-04-13,218.25958251953125,220.35000610351562,221.14999389648438,215.69000244140625,215.72999572753906,23310400
2023-04-14,219.38877868652344,221.49000549316406,222.11000061035156,217.5500030517578,217.8800048828125,21591200
2023-04-17,216.78372192382812,218.86000061035156,220.97999572753906,217.1300048828125,219.7899932861328,15481900
2023-04-18,215.82289123535156,217.88999938964844,220.44000244140625,216.2100067138672,219.91000366210938,12281000
2023-04-19,213.65370178222656,215.6999969482422,217.3300018310547,212.92999267578125,213.47000122070312,15898100
2023-04-20,211.04864501953125,213.07000732421875,216.75,212.77000427246094,213.47999572753906,16475400
2023-04-21,210.87033081054688,212.88999938964844,213.41000366210938,209.5800018310547,210.2100067138672,17717200
2023-04-24,210.77127075195312,212.7899932861328,213.9199981689453,210.7100067138672,213.67999267578125,15750900
2023-04-25,205.58103942871094,207.5500030517578,211.25999450683594,207.1300048828125,210.82000732421875,19198200
2023-04-26,207.4134521484375,209.39999389648438,214.11000061035156,208.8800048828125,212.5,41992700
2023-04-27,236.2968292236328,238.55999755859375,241.69000244140625,236.77000427246094,239.88999938964844,71196500
2023-04-28,238.04014587402344,240.32000732421875,240.42999267578125,235.75,239.00999450683594,39554000
2023-05-01,240.87298583984375,243.17999267578125,244.0,236.4600067138672,238.6199951171875,29143900
2023-05-02,236.97039794921875,239.24000549316406,244.9199981689453,238.99000549316406,243.17999267578125,24350100
2023-05-03,234.7813262939453,237.02999877929688,241.75,232.75,239.47000122070312,34463900
2023-05-04,231.30462646484375,233.52000427246094,238.1999969482422,232.92999267578125,236.05999755859375,17889400
2023-05-05,230.57164001464844,232.77999877929688,234.67999267578125,229.85000610351562,232.24000549316406,27000500
2023-05-08,231.05702209472656,233.27000427246094,235.6199951171875,230.27000427246094,231.4199981689453,16400500
2023-05-09,231.15603637695312,233.3699951171875,235.8800048828125,231.0800018310547,231.4600067138672,16865600
2023-05-10,230.86880493164062,233.0800018310547,236.75,230.72000122070312,236.1699981689453,19119000
2023-05-11,233.55311584472656,235.7899932861328,238.2100067138672,232.3000030517578,233.0500030517578,20449000
2023-05-12,231.5918731689453,233.80999755859375,236.9600067138672,231.4499969482422,236.74000549316406,16161400
2023-05-15,236.59397888183594,238.86000061035156,240.25999450683594,235.3300018310547,236.9199981689453,20653200
2023-05-16,236.55435180664062,238.82000732421875,239.63999938964844,235.52000427246094,235.7899932861328,18163800
2023-05-17,240.1895294189453,242.49000549316406,243.83999633789062,238.13999938964844,238.4499969482422,21193100
2023-05-18,244.5081787109375,246.85000610351562,247.08999633789062,241.19000244140625,241.3000030517578,22943300
2023-05-19,243.3096160888672,245.63999938964844,248.69000244140625,243.41000366210938,247.47000122070312,21733600
2023-05-22,245.9642333984375,248.32000732421875,253.57000732421875,245.1199951171875,245.41000366210938,27738500
2023-05-23,244.39923095703125,246.74000549316406,251.61000061035156,246.64999389648438,246.80999755859375,17748100
2023-05-24,246.84580993652344,249.2100067138672,249.58999633789062,244.9499969482422,245.27999877929688,17724300
2023-05-25,250.29278564453125,252.69000244140625,255.6199951171875,249.1699981689453,253.39999389648438,22371400
2023-05-26,259.5540466308594,262.0400085449219,262.30999755859375,252.7100067138672,252.92999267578125,25727200
2023-05-30,260.029541015625,262.5199890136719,268.6499938964844,261.2900085449219,265.25,23816500
2023-05-31,262.2086181640625,264.7200012207031,265.0,258.45001220703125,260.0,25473700
2023-06-01,270.0238037109375,272.6099853515625,274.0,265.8900146484375,265.8999938964844,25609500
2023-06-02,270.0238037109375,272.6099853515625,275.3500061035156,271.1199951171875,272.6600036621094,19416900
2023-06-05,268.81536865234375,271.3900146484375,275.57000732421875,269.55999755859375,270.29998779296875,20742900
2023-06-06,268.54791259765625,271.1199951171875,276.57000732421875,269.69000244140625,270.1400146484375,19419000
2023-06-07,261.0992736816406,263.6000061035156,274.25,262.79998779296875,271.6700134277344,26163600
2023-06-08,262.0699462890625,264.5799865722656,267.6499938964844,258.8800048828125,260.6199951171875,20899400
2023-06-09,262.43646240234375,264.95001220703125,267.95001220703125,261.70001220703125,262.4800109863281,16949800
2023-06-12,268.47857666015625,271.04998779296875,271.75,265.3299865722656,267.1700134277344,15442500
2023-06-13,268.7460632324219,271.32000732421875,275.7200012207031,269.0899963378906,274.8800048828125,16164000
2023-06-14,270.7567138671875,273.3500061035156,274.989990234375,268.32000732421875,271.8900146484375,19175100
2023-06-15,279.1563415527344,281.8299865722656,283.989990234375,271.4200134277344,272.29998779296875,25973500
2023-06-16,278.334228515625,281.0,287.8500061035156,280.1300048828125,284.75,43127700
2023-06-20,281.6325988769531,284.3299865722656,284.79998779296875,276.2200012207031,278.7300109863281,20701600
2023-06-21,278.9682312011719,281.6400146484375,284.0,278.3599853515625,283.5299987792969,20556200
2023-06-22,282.1773986816406,284.8800048828125,285.260009765625,277.7900085449219,279.0799865722656,17563100
2023-06-23,285.99090576171875,288.7300109863281,289.6700134277344,278.95001220703125,281.510009765625,51092000
2023-06-26,275.82818603515625,278.4700012207031,289.7900085449219,277.6000061035156,288.70001220703125,24232700
2023-06-27,284.3268127441406,287.04998779296875,289.3500061035156,280.6499938964844,282.010009765625,26108300
2023-06-28,282.5835266113281,285.2900085449219,289.54998779296875,284.05999755859375,284.82000732421875,16722100
2023-06-29,278.85919189453125,281.5299987792969,286.57000732421875,280.69000244140625,284.5,15395700
2023-06-30,284.2574768066406,286.9800109863281,289.04998779296875,284.4200134277344,284.760009765625,19694900
2023-07-03,283.3065490722656,286.0199890136719,289.3999938964844,284.8500061035156,286.70001220703125,8629300
2023-07-05,291.577392578125,294.3699951171875,298.1199951171875,286.3599853515625,287.6499938964844,33865500
2023-07-06,289.219970703125,291.989990234375,298.1199951171875,291.30999755859375,295.8900146484375,47600500
2023-07-07,287.7737731933594,290.5299987792969,296.20001220703125,288.6600036621094,292.17999267578125,25586000
2023-07-10,291.3099670410156,294.1000061035156,298.1300048828125,287.04998779296875,295.54998779296875,37058300
2023-07-11,295.46014404296875,298.2900085449219,300.17999267578125,291.8999938964844,293.8999938964844,27585900
2023-07-12,306.4053039550781,309.3399963378906,309.45001220703125,300.1000061035156,301.75,36677100
2023-07-13,310.4367370605469,313.4100036621094,316.239990234375,310.2900085449219,313.6199951171875,30281000
2023-07-14,305.9397888183594,308.8699951171875,314.8800048828125,307.3599853515625,311.7900085449219,23054100
2023-07-17,307.67315673828125,310.6199951171875,311.7099914550781,304.7099914550781,307.5400085449219,25323100
2023-07-18,309.0896301269531,312.04998779296875,314.20001220703125,307.6199951171875,310.8800048828125,20731900
2023-07-19,313.0120544433594,316.010009765625,318.67999267578125,310.5199890136719,313.0299987792969,21763700
2023-07-20,299.6500244140625,302.5199890136719,315.5400085449219,302.2200012207031,313.5,23836900
2023-07-21,291.46844482421875,294.260009765625,305.4599914550781,291.20001220703125,304.57000732421875,42139300
2023-07-24,288.8435363769531,291.6099853515625,297.5199890136719,288.29998779296875,295.7799987792969,24915700
2023-07-25,291.6763916015625,294.4700012207031,298.29998779296875,291.8599853515625,295.19000244140625,19585600
2023-07-26,295.7375183105469,298.57000732421875,301.7699890136719,291.8999938964844,301.19000244140625,47256900
2023-07-27,308.75286865234375,311.7099914550781,325.3500061035156,309.8399963378906,325.1199951171875,64229200
2023-07-28,322.3922424316406,325.4800109863281,326.20001220703125,314.25,316.8800048828125,39220300
2023-07-31,315.57757568359375,318.6000061035156,325.6600036621094,317.5899963378906,323.69000244140625,25799600
2023-08-01,319.6485290527344,322.7099914550781,324.1400146484375,314.6600036621094,317.5400085449219,22817900
2023-08-02,311.32818603515625,314.30999755859375,318.3900146484375,310.6499938964844,318.0,20461100
2023-08-03,310.21881103515625,313.19000244140625,315.95001220703125,309.92999267578125,309.92999267578125,15180200
2023-08-04,307.78216552734375,310.7300109863281,318.4100036621094,310.20001220703125,314.9599914550781,17612800
2023-08-07,313.556884765625,316.55999755859375,317.07000732421875,310.4599914550781,313.2300109863281,16236500
2023-08-08,309.674072265625,312.6400146484375,317.8900146484375,310.1099853515625,314.3999938964844,15183500
2023-08-09,302.3145751953125,305.2099914550781,313.6300048828125,302.8500061035156,312.8800048828125,19955800
2023-08-10,302.83953857421875,305.739990234375,312.3399963378906,303.8699951171875,307.94000244140625,14358900
2023-08-11,298.77838134765625,301.6400146484375,304.7200012207031,300.3599853515625,302.57000732421875,14046300
2023-08-14,303.28521728515625,306.19000244140625,306.2099914550781,298.25,300.9800109863281,15641900
2023-08-15,299.08544921875,301.95001220703125,307.2300109863281,300.0299987792969,306.1400146484375,11623600
2023-08-16,291.49810791015625,294.2900085449219,301.0799865722656,294.2799987792969,300.20001220703125,18547700
2023-08-17,282.3854064941406,285.0899963378906,296.04998779296875,284.95001220703125,293.04998779296875,23950100
2023-08-18,280.5628967285156,283.25,285.69000244140625,274.3800048828125,279.0299987792969,35347900
2023-08-21,287.1497802734375,289.8999938964844,290.5,281.8500061035156,283.45001220703125,20181500
2023-08-22,284.8716125488281,287.6000061035156,292.8999938964844,286.75,292.54998779296875,12980200
2023-08-23,291.4485778808594,294.239990234375,297.3999938964844,287.6700134277344,288.5,18287000
2023-08-24,284.0296325683594,286.75,299.4599914550781,286.6400146484375,298.5,18360900
2023-08-25,282.7914733886719,285.5,288.3900146484375,276.0299987792969,286.1300048828125,23701400
2023-08-28,287.50634765625,290.260009765625,291.45001220703125,285.79998779296875,288.0,14239300
2023-08-29,295.1630554199219,297.989990234375,299.1499938964844,288.17999267578125,288.5799865722656,20844500
2023-08-30,292.30047607421875,295.1000061035156,298.2900085449219,293.42999267578125,297.1700134277344,17717000
2023-08-31,293.08294677734375,295.8900146484375,301.1000061035156,295.6600036621094,295.79998779296875,17229900
2023-09-01,293.5683288574219,296.3800048828125,301.739990234375,294.4700012207031,299.3699951171875,12842300
2023-09-05,297.30255126953125,300.1499938964844,301.3900146484375,295.510009765625,297.0199890136719,14956000
2023-09-06,296.33184814453125,299.1700134277344,303.29998779296875,295.6600036621094,301.7099914550781,15418100
2023-09-07,295.8366394042969,298.6700134277344,307.04998779296875,292.2200012207031,298.0,33748700
2023-09-08,295.06396484375,297.8900146484375,305.25,296.7799987792969,299.2200012207031,17548000
2023-09-11,304.6422424316406,307.55999755859375,309.0400085449219,301.2799987792969,301.4100036621094,19489300
2023-09-12,298.7982482910156,301.6600036621094,308.6600036621094,300.2300109863281,306.3299865722656,13480400
2023-09-13,302.1659851074219,305.05999755859375,307.17999267578125,301.32000732421875,302.3599853515625,13210900
2023-09-14,308.7627258300781,311.7200012207031,312.8699951171875,305.0299987792969,306.739990234375,19343100
2023-09-15,297.4609680175781,300.30999755859375,312.0,298.75,311.6099853515625,28131100
2023-09-18,299.6796875,302.54998779296875,303.6000061035156,297.79998779296875,298.19000244140625,14234200
2023-09-19,302.17584228515625,305.07000732421875,306.1700134277344,299.80999755859375,302.4800109863281,15924400
2023-09-20,296.82708740234375,299.6700134277344,308.05999755859375,299.42999267578125,305.04998779296875,19379500
2023-09-21,292.9244689941406,295.7300109863281,300.260009765625,293.2699890136719,295.70001220703125,21319600
2023-09-22,296.24267578125,299.0799865722656,305.3800048828125,298.2699890136719,299.29998779296875,25369600
2023-09-25,297.9760437011719,300.8299865722656,300.95001220703125,293.70001220703125,295.6400146484375,18987000
2023-09-26,296.123779296875,298.9599914550781,300.29998779296875,296.010009765625,297.6600036621094,19417200
2023-09-27,294.9153747558594,297.739990234375,301.29998779296875,286.7900085449219,300.45001220703125,36429800
2023-09-28,301.076416015625,303.9599914550781,306.3299865722656,296.70001220703125,298.94000244140625,22167100
2023-09-29,297.3619689941406,300.2099914550781,310.6400146484375,299.3599853515625,307.3800048828125,25373700
2023-10-02,303.9092102050781,306.82000732421875,307.17999267578125,301.6300048828125,302.739990234375,16265600
2023-10-03,298.0850524902344,300.94000244140625,306.7699890136719,299.6400146484375,304.260009765625,17362300
2023-10-04,302.6810302734375,305.5799865722656,306.8999938964844,298.5,298.7300109863281,16880500
2023-10-05,301.8985290527344,304.7900085449219,306.2099914550781,299.5,304.6300048828125,19130000
2023-10-06,312.43756103515625,315.42999267578125,316.30999755859375,300.9100036621094,301.44000244140625,21803900
2023-10-09,315.3397521972656,318.3599853515625,320.3299865722656,311.82000732421875,312.5,22503700
2023-10-10,318.7867126464844,321.8399963378906,324.6600036621094,318.1600036621094,319.1199951171875,19038000
2023-10-11,324.71002197265625,327.82000732421875,328.8399963378906,322.95001220703125,323.010009765625,22036300
2023-10-12,321.08477783203125,324.1600036621094,330.5400085449219,322.69000244140625,328.0,20530500
2023-10-13,311.70458984375,314.69000244140625,325.04998779296875,312.3699951171875,323.5299987792969,21341000
2023-10-16,318.10333251953125,321.1499938964844,321.82000732421875,315.5199890136719,318.6400146484375,16536100
2023-10-17,320.92626953125,324.0,324.3999938964844,317.29998779296875,318.17999267578125,16387800
2023-10-18,313.96295166015625,316.9700012207031,325.94000244140625,315.55999755859375,321.3900146484375,16851000
2023-10-19,309.8424377441406,312.80999755859375,321.8900146484375,311.75,319.8800048828125,18709200
2023-10-20,305.7218933105469,308.6499938964844,315.29998779296875,306.4700012207031,314.1400146484375,22312300
2023-10-23,311.0310363769531,314.010009765625,317.3599853515625,307.260009765625,309.5,17796800
2023-10-24,309.5848388671875,312.54998779296875,318.3500061035156,310.6300048828125,316.7799987792969,19525500
2023-10-25,296.68841552734375,299.5299987792969,310.8800048828125,298.8399963378906,310.0,42192500
2023-10-26,285.61444091796875,288.3500061035156,295.0,279.3999938964844,295.0,66684100
2023-10-27,293.91497802734375,296.7300109863281,299.30999755859375,292.9700012207031,294.4800109863281,29596300
2023-10-30,299.7886962890625,302.6600036621094,309.3999938964844,299.04998779296875,299.0899963378906,28435100
2023-10-31,298.4118957519531,301.2699890136719,303.67999267578125,296.8599853515625,303.30999755859375,19434200
2023-11-01,308.89154052734375,311.8500061035156,312.739990234375,301.8500061035156,301.8500061035156,20434600
2023-11-02,307.9208679199219,310.8699951171875,318.82000732421875,308.3299865722656,317.29998779296875,21631800
2023-11-03,311.615478515625,314.6000061035156,315.54998779296875,311.0199890136719,312.54998779296875,16764300
2023-11-06,312.8040466308594,315.79998779296875,318.3299865722656,314.45001220703125,315.9800109863281,12887700
2023-11-07,315.79541015625,318.82000732421875,321.0,315.1199951171875,317.05999755859375,14055600
2023-11-08,316.7463073730469,319.7799987792969,321.3299865722656,314.8800048828125,318.1400146484375,13609700
2023-11-09,317.50897216796875,320.54998779296875,324.17999267578125,318.79998779296875,319.4200134277344,16103100
2023-11-10,325.6509704589844,328.7699890136719,329.1000061035156,319.4599914550781,319.94000244140625,19096200
2023-11-13,326.0670166015625,329.19000244140625,332.3299865722656,325.70001220703125,326.20001220703125,16908900
2023-11-14,333.11944580078125,336.30999755859375,338.1000061035156,333.3299865722656,334.5400085449219,17179400
2023-11-15,329.5536193847656,332.7099914550781,338.3999938964844,330.0199890136719,337.92999267578125,14531200
2023-11-16,331.0195617675781,334.19000244140625,334.5799865722656,326.3800048828125,329.3699951171875,18932600
2023-11-17,331.8615417480469,335.0400085449219,335.5,329.3500061035156,330.260009765625,14494400
2023-11-20,336.7448425292969,339.9700012207031,341.8699951171875,334.19000244140625,334.8900146484375,16960500
2023-11-21,333.7831726074219,336.9800109863281,339.8999938964844,335.8999938964844,338.3299865722656,12027900
2023-11-22,338.2503356933594,341.489990234375,342.9200134277344,338.5799865722656,339.2099914550781,10702700
2023-11-24,335.0212707519531,338.2300109863281,341.8599853515625,336.7699890136719,340.1300048828125,5467500
2023-11-27,331.5247802734375,334.70001220703125,339.8999938964844,334.20001220703125,336.17999267578125,15684500
2023-11-28,335.7740173339844,338.989990234375,339.3800048828125,333.3999938964844,333.3999938964844,12637200
2023-11-29,329.0484619140625,332.20001220703125,339.8999938964844,330.7799987792969,339.69000244140625,16024500
2023-11-30,324.04638671875,327.1499938964844,333.5,322.3999938964844,331.8900146484375,23146400
2023-12-01,321.7385559082031,324.82000732421875,326.8599853515625,320.760009765625,325.4800109863281,15276400
2023-12-04,316.9840393066406,320.0199890136719,320.8599853515625,313.6600036621094,317.2900085449219,19037100
2023-12-05,315.2704162597656,318.2900085449219,321.8800048828125,315.3900146484375,318.9800109863281,16952100
2023-12-06,314.4384460449219,317.45001220703125,322.25,317.0400085449219,321.92999267578125,11294300
2023-12-07,323.49169921875,326.5899963378906,328.239990234375,317.7699890136719,317.7699890136719,15905100
2023-12-08,329.59326171875,332.75,333.1700134277344,323.0,323.0899963378906,14087400
2023-12-11,322.1940612792969,325.2799987792969,329.8900146484375,320.0,329.3999938964844,25802500
2023-12-12,331.04931640625,334.2200012207031,334.4700012207031,324.55999755859375,324.6000061035156,18485500
2023-12-13,331.5643310546875,334.739990234375,338.3699951171875,332.6400146484375,333.92999267578125,16353300
2023-12-14,330.0092468261719,333.1700134277344,334.70001220703125,328.6400146484375,333.8500061035156,19607300
2023-12-15,331.7426452636719,334.9200134277344,338.6600036621094,331.2200012207031,331.989990234375,31776900
2023-12-18,341.35064697265625,344.6199951171875,347.55999755859375,337.0199890136719,337.4800109863281,18993900
2023-12-19,347.03619384765625,350.3599853515625,353.6000061035156,345.1199951171875,345.5799865722656,17729400
2023-12-20,345.9664306640625,349.2799987792969,354.9599914550781,347.7900085449219,348.6499938964844,16369900
2023-12-21,350.7308044433594,354.0899963378906,356.4100036621094,349.2099914550781,352.9800109863281,15289600
2023-12-22,350.03753662109375,353.3900146484375,357.20001220703125,351.2200012207031,355.5799865722656,11772800
2023-12-26,351.4637756347656,354.8299865722656,356.9800109863281,353.45001220703125,354.989990234375,9898600
2023-12-27,354.4353332519531,357.8299865722656,359.0,355.30999755859375,356.07000732421875,13207900
2023-12-28,354.92071533203125,358.32000732421875,361.8999938964844,357.80999755859375,359.70001220703125,11798800
2023-12-29,350.60205078125,353.9599914550781,360.0,351.82000732421875,358.989990234375,14987100
2024-01-02,343.0047912597656,346.2900085449219,353.1600036621094,340.010009765625,351.32000732421875,19042200
2024-01-03,341.2020263671875,344.4700012207031,347.95001220703125,343.17999267578125,344.9800109863281,15451100
2024-01-04,343.826904296875,347.1199951171875,348.1499938964844,343.3999938964844,344.5,12099900
2024-01-05,348.61114501953125,351.95001220703125,353.5,346.260009765625,346.989990234375,13920700
2024-01-08,355.25750732421875,358.6600036621094,358.9800109863281,352.04998779296875,354.70001220703125,13890200
2024-01-09,354.0390625,357.42999267578125,360.6400146484375,355.3599853515625,356.3999938964844,13463900
2024-01-10,366.9553527832031,370.4700012207031,372.94000244140625,359.0799865722656,360.1700134277344,22117200
2024-01-11,366.16302490234375,369.6700134277344,372.7799987792969,362.92999267578125,372.1300048828125,17205400
2024-01-12,370.9372863769531,374.489990234375,377.05999755859375,369.5400085449219,370.1600036621094,19310000
2024-01-16,363.97393798828125,367.4599914550781,375.6099853515625,367.2300109863281,373.6499938964844,15306900
2024-01-17,364.8753662109375,368.3699951171875,368.5400085449219,358.6099853515625,366.29998779296875,12724800
2024-01-18,372.5617370605469,376.1300048828125,376.8500061035156,370.95001220703125,371.489990234375,16354300
2024-01-19,379.8122863769531,383.45001220703125,384.3599853515625,377.9700012207031,379.0,21670800
2024-01-22,378.15814208984375,381.7799987792969,390.3500061035156,381.1600036621094,387.95001220703125,17680500
2024-01-23,381.5456848144531,385.20001220703125,388.3800048828125,382.0799865722656,384.6199951171875,15506100
2024-01-24,386.9934997558594,390.70001220703125,396.1499938964844,387.80999755859375,390.0,15698500
2024-01-25,389.4499816894531,393.17999267578125,395.489990234375,385.6600036621094,390.1700134277344,15091100
2024-01-26,390.40087890625,394.1400146484375,396.7900085449219,391.5899963378906,394.3500061035156,13163700
2024-01-29,397.2155456542969,401.0199890136719,402.92999267578125,393.1000061035156,394.989990234375,18742400
2024-01-30,396.26470947265625,400.05999755859375,406.3599853515625,399.57000732421875,403.5899963378906,18614700
2024-01-31,386.43878173828125,390.1400146484375,398.0,387.1000061035156,389.0,20180800
2024-02-01,391.03472900390625,394.7799987792969,400.5,393.04998779296875,393.94000244140625,29727100
2024-02-02,470.48382568359375,474.989990234375,485.9599914550781,453.010009765625,459.6000061035156,84707600
2024-02-05,455.0516357421875,459.4100036621094,471.8999938964844,459.2200012207031,469.8800048828125,40832400
2024-02-06,450.4061584472656,454.7200012207031,467.1199951171875,453.0,464.0,21655200
2024-02-07,465.1350402832031,469.5899963378906,471.5199890136719,456.17999267578125,458.0,23066000
2024-02-08,465.54119873046875,470.0,470.5899963378906,465.0299987792969,468.32000732421875,18815100
2024-02-09,463.6690673828125,468.1099853515625,473.5899963378906,467.4700012207031,472.95001220703125,18413100
2024-02-12,464.4516906738281,468.8999938964844,479.1499938964844,466.5799865722656,468.19000244140625,19382000
2024-02-13,455.7548828125,460.1199951171875,467.8900146484375,455.0899963378906,456.8699951171875,20916600
2024-02-14,468.79010009765625,473.2799987792969,474.1099853515625,466.0899963378906,467.92999267578125,16858400
2024-02-15,479.43804931640625,484.0299987792969,488.6199951171875,472.2200012207031,475.2799987792969,24212300
2024-02-16,468.8296813964844,473.32000732421875,478.9599914550781,469.2099914550781,478.1099853515625,23324600
2024-02-20,467.2745666503906,471.75,476.17999267578125,466.55999755859375,469.7200012207031,18015500
2024-02-21,464.08172607421875,468.0299987792969,469.0,461.7900085449219,466.5,12921800
2024-02-22,482.0290222167969,486.1300048828125,489.989990234375,476.05999755859375,480.239990234375,21625800
2024-02-23,479.94677734375,484.0299987792969,494.3599853515625,482.3500061035156,488.04998779296875,18374300
2024-02-26,477.6760559082031,481.739990234375,486.1400146484375,480.6000061035156,483.4700012207031,12101400
2024-02-27,482.9412536621094,487.04998779296875,487.2699890136719,479.9200134277344,479.9800109863281,10809600
2024-02-28,479.9368591308594,484.0199890136719,491.04998779296875,482.75,485.0,12715500
2024-02-29,485.9953308105469,490.1300048828125,491.70001220703125,482.6099853515625,488.44000244140625,17732000
2024-03-01,498.0626220703125,502.29998779296875,504.25,491.8500061035156,492.1099853515625,16273600
2024-03-04,493.9873352050781,498.19000244140625,504.4200134277344,496.4200134277344,503.0,12324100
2024-03-05,486.0845642089844,490.2200012207031,495.5799865722656,487.8900146484375,495.0,15325300
2024-03-06,491.90509033203125,496.0899963378906,502.9700012207031,494.2900085449219,497.6300048828125,11757900
2024-03-07,507.8692321777344,512.1900024414062,519.8499755859375,501.3800048828125,503.2799987792969,18586400
2024-03-08,501.681884765625,505.95001220703125,523.5700073242188,499.3500061035156,514.1900024414062,18597100
2024-03-11,479.5104675292969,483.5899963378906,497.32000732421875,476.0,497.010009765625,20428300
2024-03-12,495.5342102050781,499.75,502.30999755859375,484.7300109863281,493.260009765625,15448200
2024-03-13,491.38946533203125,495.57000732421875,500.9800109863281,491.0299987792969,495.3900146484375,12090700
2024-03-14,487.6810302734375,491.8299865722656,501.3500061035156,488.1600036621094,500.260009765625,12620000
2024-03-15,480.0162048339844,484.1000061035156,491.8299865722656,481.29998779296875,489.010009765625,29153600
2024-03-18,492.78753662109375,496.9800109863281,497.4200134277344,486.80999755859375,491.9100036621094,11755300
2024-03-19,492.0538024902344,496.239990234375,496.6300048828125,481.2799987792969,488.1700134277344,10903100
2024-03-20,501.25543212890625,505.5199890136719,508.20001220703125,495.1700134277344,499.5,11711100
2024-03-21,503.47662353515625,507.760009765625,515.0399780273438,506.010009765625,514.7100219726562,9712500
2024-03-22,505.28125,509.5799865722656,509.9700012207031,504.3399963378906,507.0,8120600
2024-03-25,498.77655029296875,503.0199890136719,507.2200012207031,500.239990234375,505.7900085449219,8380600
2024-03-26,491.7067565917969,495.8900146484375,510.0,495.2099914550781,505.1300048828125,11205400
2024-03-27,489.69384765625,493.8599853515625,499.8900146484375,488.07000732421875,499.29998779296875,9989700
2024-03-28,481.48370361328125,485.5799865722656,492.8900146484375,485.1499938964844,492.8399963378906,15212800
2024-04-01,487.2049865722656,491.3500061035156,497.42999267578125,481.7799987792969,487.20001220703125,9247000
2024-04-02,493.17425537109375,497.3699951171875,497.5299987792969,484.6499938964844,485.1000061035156,11081000
2024-04-03,502.4652099609375,506.739990234375,507.239990234375,498.75,498.92999267578125,12099200
2024-04-04,506.6099853515625,510.9200134277344,530.0,510.5799865722656,516.4199829101562,26476300
2024-04-05,522.891357421875,527.3400268554688,530.7000122070312,514.4099731445312,516.8599853515625,19263300
2024-04-08,514.8695678710938,519.25,531.489990234375,518.8900146484375,529.280029296875,13260600
2024-04-09,512.5394287109375,516.9000244140625,525.8699951171875,506.739990234375,522.22998046875,10863800
2024-04-10,515.44482421875,519.8300170898438,522.5599975585938,505.79998779296875,509.2900085449219,11418500
2024-04-11,518.74658203125,523.1599731445312,523.8599853515625,517.2899780273438,521.1099853515625,10369500
2024-04-12,507.5816345214844,511.8999938964844,520.1900024414062,509.3299865722656,517.75,11984500
2024-04-15,496.0101318359375,500.2300109863281,518.530029296875,497.2799987792969,516.719970703125,13512900
2024-04-16,495.54412841796875,499.760009765625,504.7699890136719,497.1099853515625,498.1099853515625,9847900
2024-04-17,490.0012512207031,494.1700134277344,503.1600036621094,487.1400146484375,503.1000061035156,12193700
2024-04-18,497.56689453125,501.79998779296875,512.2100219726562,499.0400085449219,499.82000732421875,14808700
2024-04-19,477.0117492675781,481.07000732421875,502.79998779296875,475.7300109863281,502.79998779296875,25215400
2024-04-22,477.6661682128906,481.7300109863281,492.010009765625,473.3999938964844,489.7200012207031,17271100
2024-04-23,491.9150085449219,496.1000061035156,498.760009765625,488.9700012207031,491.25,15079200
2024-04-24,489.3369445800781,493.5,510.0,484.5799865722656,508.05999755859375,37772700
2024-04-25,437.6566162109375,441.3800048828125,445.7699890136719,414.5,421.3999938964844,82890700
2024-04-26,439.55047607421875,443.2900085449219,446.44000244140625,431.9599914550781,441.4599914550781,32691400
2024-04-29,428.9704284667969,432.6199951171875,439.760009765625,428.55999755859375,439.55999755859375,21502600
2024-04-30,426.5411682128906,430.1700134277344,439.6199951171875,429.7200012207031,431.04998779296875,18429500
2024-05-01,435.48504638671875,439.19000244140625,449.9599914550781,427.1099853515625,428.6000061035156,20344900
2024-05-02,437.9540100097656,441.67999267578125,443.9599914550781,432.2799987792969,438.8399963378906,15221300
2024-05-03,448.1473388671875,451.9599914550781,454.1700134277344,443.8500061035156,445.92999267578125,16489100
2024-05-06,461.7515869140625,465.67999267578125,466.1600036621094,453.3399963378906,455.5799865722656,15094600
2024-05-07,464.2900085449219,468.239990234375,471.5299987792969,461.30999755859375,466.2900085449219,13406800
2024-05-08,468.6131896972656,472.6000061035156,475.5799865722656,463.0,463.5,11683900
2024-05-09,471.409423828125,475.4200134277344,476.0799865722656,467.6300048828125,470.0,9437700
2024-05-10,472.18280029296875,476.20001220703125,477.5,469.6000061035156,477.0899963378906,10750000
2024-05-13,464.06195068359375,468.010009765625,473.3500061035156,462.8500061035156,472.75,14668800
2024-05-14,467.8695068359375,471.8500061035156,472.5400085449219,460.0799865722656,463.3699951171875,10478600
2024-05-15,477.4777526855469,481.5400085449219,482.5,471.20001220703125,474.9800109863281,13100500
2024-05-16,469.2379150390625,473.2300109863281,477.69000244140625,472.75,475.0,16608200
2024-05-17,467.9290466308594,471.9100036621094,472.79998779296875,468.4200134277344,470.8299865722656,10807300
2024-05-20,464.8848876953125,468.8399963378906,473.20001220703125,467.0400085449219,469.95001220703125,11745100
2024-05-21,460.71044921875,464.6300048828125,470.70001220703125,462.2699890136719,467.1199951171875,11742200
2024-05-22,463.8338928222656,467.7799987792969,473.7200012207031,465.6499938964844,467.8699951171875,10078600
2024-05-23,461.8507385253906,465.7799987792969,474.3599853515625,461.5400085449219,472.8800048828125,11747900
2024-05-24,474.1858215332031,478.2200012207031,479.8500061035156,466.29998779296875,467.6199951171875,12024300
2024-05-28,475.8714599609375,479.9200134277344,480.8599853515625,474.8399963378906,476.5799865722656,10175800
2024-05-29,470.3583679199219,474.3599853515625,479.8500061035156,473.70001220703125,474.6600036621094,9226200
2024-05-30,463.1100158691406,467.04998779296875,471.7300109863281,464.7099914550781,471.6700134277344,10719600
2024-05-31,462.8918762207031,466.8299865722656,469.1199951171875,454.4599914550781,465.79998779296875,16919800
2024-06-03,473.4619140625,477.489990234375,479.6000061035156,468.239990234375,470.8599853515625,11279400
2024-06-04,472.96612548828125,476.989990234375,478.8900146484375,473.2300109863281,477.0,7088700
2024-06-05,490.8837585449219,495.05999755859375,496.6499938964844,483.9100036621094,484.45001220703125,15690500
2024-06-06,489.59466552734375,493.760009765625,502.82000732421875,490.8900146484375,492.9800109863281,10667300
2024-06-07,488.80145263671875,492.9599914550781,498.9100036621094,490.1700134277344,495.9100036621094,9380700
2024-06-10,498.3601379394531,502.6000061035156,502.6600036621094,493.4100036621094,493.8599853515625,11220900
2024-06-11,503.1890563964844,507.4700012207031,507.6000061035156,498.2699890136719,500.1600036621094,9673700
2024-06-12,504.5474853515625,508.8399963378906,514.010009765625,504.4700012207031,513.989990234375,11983200
2024-06-13,499.8475036621094,504.1000061035156,509.3599853515625,501.3599853515625,505.7099914550781,9954600
2024-06-14,500.4033203125,504.1600036621094,507.1499938964844,500.75,502.6499938964844,10243300
2024-06-17,502.8548889160156,506.6300048828125,510.75,496.010009765625,501.6700134277344,11266600
2024-06-18,495.7680969238281,499.489990234375,506.0,495.0199890136719,504.55999755859375,13060400
2024-06-20,497.961669921875,501.70001220703125,503.6700134277344,496.7699890136719,502.0,11801200
2024-06-21,491.09326171875,494.7799987792969,503.45001220703125,492.3900146484375,503.45001220703125,22359200
2024-06-24,495.1924743652344,498.9100036621094,507.79998779296875,494.2900085449219,499.20001220703125,13525300
2024-06-25,506.79534912109375,510.6000061035156,510.7099914550781,495.5,497.04998779296875,12063200
2024-06-26,509.2964782714844,513.1199951171875,513.8099975585938,504.67999267578125,506.6499938964844,8882300
2024-06-27,515.6885375976562,519.5599975585938,522.8800048828125,513.9000244140625,514.25,10121200
2024-06-28,500.4627990722656,504.2200012207031,521.8800048828125,503.8399963378906,517.1500244140625,15855100
2024-07-01,500.91943359375,504.67999267578125,506.5799865722656,493.1700134277344,504.95001220703125,10328200
2024-07-02,505.7035217285156,509.5,510.5,499.45001220703125,500.760009765625,7739500
2024-07-03,506.16009521484375,509.9599914550781,511.2799987792969,506.0199890136719,506.3699951171875,6005600
2024-07-05,535.8868408203125,539.9099731445312,540.8699951171875,511.6000061035156,511.6000061035156,21354100
2024-07-08,525.375732421875,529.3200073242188,542.8099975585938,526.6500244140625,542.3499755859375,14917500
2024-07-09,526.05078125,530.0,537.47998046875,528.1900024414062,533.75,8753200
2024-07-10,530.7057495117188,534.6900024414062,538.8800048828125,528.3599853515625,530.7899780273438,10983300
2024-07-11,508.87969970703125,512.7000122070312,535.4600219726562,508.3699951171875,530.8900146484375,16458300
2024-07-12,495.1527404785156,498.8699951171875,508.0899963378906,494.2300109863281,497.760009765625,19750500
2024-07-15,492.4629211425781,496.1600036621094,506.67999267578125,493.3699951171875,498.6300048828125,12539200
2024-07-16,486.1404113769531,489.7900085449219,503.95001220703125,485.7900085449219,501.5,14075800
2024-07-17,458.5475158691406,461.989990234375,479.1700134277344,459.1199951171875,479.1700134277344,28076600
2024-07-18,472.30426025390625,475.8500061035156,479.239990234375,464.5400085449219,475.0,19267200
2024-07-19,473.2373046875,476.7900085449219,486.7099914550781,475.7099914550781,476.05999755859375,15149400
2024-07-22,483.7681884765625,487.3999938964844,492.05999755859375,483.8999938964844,486.5799865722656,12023100
2024-07-23,485.048583984375,488.69000244140625,495.2200012207031,487.7200012207031,489.8399963378906,9455500
2024-07-24,457.8328552246094,461.2699890136719,476.29998779296875,460.5799865722656,472.30999755859375,17649700
2024-07-25,450.031494140625,453.4100036621094,463.54998779296875,442.6499938964844,463.260009765625,18240500
2024-07-26,462.2298889160156,465.70001220703125,469.7699890136719,459.4200134277344,464.20001220703125,14222400
2024-07-29,462.2398376464844,465.7099914550781,473.9599914550781,465.0199890136719,469.8800048828125,11339600
2024-07-30,459.7386169433594,463.19000244140625,472.7300109863281,456.70001220703125,467.0,11390400
2024-07-31,471.2918395996094,474.8299865722656,476.5,466.75,471.0199890136719,24285800
2024-08-01,494.0311279296875,497.739990234375,527.1699829101562,492.1000061035156,521.0,43083100
2024-08-02,484.5027160644531,488.1400146484375,501.1499938964844,476.1499938964844,489.0,24044700
2024-08-05,472.18511962890625,475.7300109863281,483.4800109863281,450.79998779296875,451.3500061035156,21396200
2024-08-06,490.4083557128906,494.0899963378906,502.55999755859375,478.6499938964844,479.0,20955000
2024-08-07,485.2768859863281,488.9200134277344,510.1499938964844,486.8599853515625,503.1300048828125,20105300
2024-08-08,505.8326110839844,509.6300048828125,509.9599914550781,494.7200012207031,497.5,16156800
2024-08-09,513.9119262695312,517.77001953125,518.3400268554688,505.70001220703125,507.7099914550781,13696600
2024-08-12,512.10546875,515.9500122070312,518.02001953125,509.1000061035156,516.8599853515625,9767400
2024-08-13,524.6016235351562,528.5399780273438,531.5,518.1500244140625,520.010009765625,13743800
2024-08-14,522.8348999023438,526.760009765625,534.0,523.1300048828125,528.0599975585938,11444200
2024-08-15,533.326171875,537.3300170898438,539.77001953125,526.7000122070312,531.7899780273438,13482100
2024-08-16,523.4899291992188,527.4199829101562,533.6599731445312,524.6599731445312,531.9000244140625,14776700
2024-08-19,525.336181640625,529.280029296875,531.6599731445312,522.760009765625,526.8699951171875,9879700
2024-08-20,522.80517578125,526.72998046875,531.0900268554688,525.8800048828125,528.3499755859375,7944400
2024-08-21,531.1722412109375,535.1599731445312,539.4000244140625,526.9299926757812,527.1500244140625,13423300
2024-08-22,527.9664916992188,531.9299926757812,544.22998046875,528.5900268554688,537.0,15708300
2024-08-23,524.065673828125,528.0,539.8699951171875,525.0599975585938,536.9199829101562,11323900
2024-08-26,517.2369384765625,521.1199951171875,528.0,514.9500122070312,527.5999755859375,9584000
2024-08-27,515.2319946289062,519.0999755859375,524.010009765625,515.3099975585938,518.97998046875,6282700
2024-08-28,512.9293212890625,516.780029296875,521.0900268554688,512.4500122070312,517.6699829101562,9106100
2024-08-29,514.3585205078125,518.219970703125,527.2000122070312,515.6799926757812,519.0499877929688,8317400
2024-08-30,517.425537109375,521.3099975585938,523.5399780273438,515.2000122070312,521.3499755859375,9157500
2024-09-03,507.9466857910156,511.760009765625,525.489990234375,508.6199951171875,519.6400146484375,12459100
2024-09-04,508.9193420410156,512.739990234375,516.5900268554688,504.07000732421875,506.07000732421875,8335200
2024-09-05,513.0086669921875,516.8599853515625,521.6300048828125,511.1499938964844,511.7200012207031,8640900
2024-09-06,496.54229736328125,500.2699890136719,524.5800170898438,498.25,521.8800048828125,14744500
2024-09-09,501.0286560058594,504.7900085449219,511.3299865722656,502.0799865722656,506.1600036621094,11047800
2024-09-10,501.0286560058594,504.7900085449219,514.1799926757812,500.0299987792969,508.1600036621094,9899000
2024-09-11,508.01611328125,511.8299865722656,513.1199951171875,495.6000061035156,507.010009765625,10782500
2024-09-12,521.6834716796875,525.5999755859375,526.7100219726562,515.219970703125,517.0499877929688,11970500
2024-09-13,520.7108764648438,524.6199951171875,527.5800170898438,517.1099853515625,520.3400268554688,10321400
2024-09-16,529.8113403320312,533.280029296875,534.0999755859375,517.4000244140625,524.5399780273438,9527600
2024-09-17,532.83154296875,536.3200073242188,542.0999755859375,530.5700073242188,537.5999755859375,11690800
2024-09-18,534.4508666992188,537.9500122070312,544.2000122070312,533.9000244140625,537.0700073242188,10323500
2024-09-19,555.46337890625,559.0999755859375,562.0700073242188,546.52001953125,550.0,15647000
2024-09-20,557.69873046875,561.3499755859375,564.5,556.2999877929688,560.0,22066800
2024-09-23,560.7387084960938,564.4099731445312,573.97998046875,562.4099731445312,569.5,12830700
2024-09-24,559.665771484375,563.3300170898438,567.75,554.1900024414062,566.6799926757812,12993000
2024-09-25,564.6133422851562,568.3099975585938,576.8800048828125,563.719970703125,564.0499877929688,16543400
2024-09-26,564.146484375,567.8400268554688,577.4000244140625,562.3499755859375,575.72998046875,14400800
2024-09-27,563.6696166992188,567.3599853515625,570.8400268554688,564.510009765625,570.0999755859375,9398400
2024-09-30,568.7166137695312,572.4400024414062,574.6799926757812,564.7999877929688,567.7000122070312,12792300
2024-10-01,572.7203369140625,576.469970703125,583.0399780273438,570.0999755859375,577.97998046875,15259300
2024-10-02,569.0841674804688,572.8099975585938,576.0,569.3400268554688,574.8599853515625,6524700
2024-10-03,578.9793701171875,582.77001953125,583.3599853515625,568.72998046875,570.1500244140625,11581000
2024-10-04,592.063720703125,595.9400024414062,596.8499755859375,581.4299926757812,583.72998046875,14169500
2024-10-07,580.9763793945312,584.780029296875,602.9500122070312,584.0399780273438,598.219970703125,12014200
2024-10-08,589.0335693359375,592.8900146484375,593.5599975585938,585.969970703125,589.6900024414062,7857400
2024-10-09,586.6689453125,590.510009765625,594.3900146484375,581.6099853515625,593.989990234375,9529700
2024-10-10,580.0324096679688,583.8300170898438,590.22998046875,582.52001953125,587.5700073242188,7740400
2024-10-11,586.1127319335938,589.9500122070312,591.2100219726562,582.7100219726562,584.8300170898438,8587100
2024-10-14,586.5796508789062,590.4199829101562,600.0999755859375,589.9600219726562,594.219970703125,8252000
2024-10-15,582.4566650390625,586.27001953125,590.6099853515625,580.1400146484375,590.1599731445312,9564200
2024-10-16,573.0382080078125,576.7899780273438,582.0800170898438,574.030029296875,581.4000244140625,11268400
2024-10-17,573.1773071289062,576.9299926757812,584.969970703125,575.2000122070312,583.3300170898438,8701200
2024-10-18,572.7203369140625,576.469970703125,583.969970703125,575.25,581.0999755859375,7694300
2024-10-21,571.4188232421875,575.1599731445312,577.239990234375,569.1099853515625,576.030029296875,8171900
2024-10-22,578.224365234375,582.010009765625,583.530029296875,572.1199951171875,574.2899780273438,8544500
2024-10-23,560.0234375,563.6900024414062,585.0,562.5,579.969970703125,14248400
2024-10-24,564.0868530273438,567.780029296875,568.8800048828125,561.52001953125,567.1300048828125,7184700
2024-10-25,569.5213012695312,573.25,581.2899780273438,571.719970703125,573.9299926757812,11337900
2024-10-28,574.3992309570312,578.1599731445312,583.75,574.1199951171875,582.0,10925100
2024-10-29,589.4210815429688,593.280029296875,593.6699829101562,575.4000244140625,580.1500244140625,13019100
2024-10-30,587.95068359375,591.7999877929688,601.2000122070312,589.3800048828125,600.97998046875,26864900
2024-10-31,563.8881225585938,567.5800170898438,589.9000244140625,563.010009765625,585.0,26838400
2024-11-01,563.470947265625,567.1599731445312,573.6699829101562,562.5599975585938,567.6099853515625,15303200
2024-11-04,557.0330200195312,560.6799926757812,568.6900024414062,557.8900146484375,564.0999755859375,12064600
2024-11-05,568.7067260742188,572.4299926757812,573.47998046875,566.6699829101562,567.2999877929688,9775400
2024-11-06,568.3291625976562,572.0499877929688,573.0,555.1699829101562,562.75,18305400
2024-11-07,587.851318359375,591.7000122070312,594.7999877929688,575.2100219726562,576.8900146484375,14653700
2024-11-08,585.506591796875,589.3400268554688,593.0999755859375,584.52001953125,591.5399780273438,9415700
2024-11-11,579.376708984375,583.1699829101562,587.0,576.510009765625,586.3599853515625,10209100
2024-11-12,581.0159912109375,584.8200073242188,599.6599731445312,580.3800048828125,588.5399780273438,16287700
2024-11-13,576.2273559570312,580.0,585.6400146484375,575.1699829101562,582.6099853515625,10757600
2024-11-14,573.4058227539062,577.1599731445312,580.760009765625,573.010009765625,577.0,11053700
2024-11-15,550.4758911132812,554.0800170898438,572.5700073242188,551.5,571.219970703125,17712900
2024-11-18,550.7939453125,554.4000244140625,559.9000244140625,550.0900268554688,557.0399780273438,14327300
2024-11-19,557.4404296875,561.0900268554688,561.4299926757812,550.5999755859375,551.8599853515625,9522400
2024-11-20,561.8416137695312,565.52001953125,566.3499755859375,554.2000122070312,562.9299926757812,9797300
2024-11-21,559.4273681640625,563.0900268554688,570.0,549.0499877929688,569.52001953125,11154700
2024-11-22,555.5031127929688,559.1400146484375,563.8300170898438,554.5900268554688,563.5499877929688,9164000
2024-11-25,561.4342651367188,565.1099853515625,572.5900268554688,556.3900146484375,562.0999755859375,13599800
2024-11-26,569.809326171875,573.5399780273438,577.5,565.2000122070312,566.0,10356600
2024-11-27,565.4976806640625,569.2000122070312,574.97998046875,564.0999755859375,574.8900146484375,7200200
2024-11-29,570.5843505859375,574.3200073242188,578.4600219726562,566.9000244140625,569.0,7130500
2024-12-02,588.9740600585938,592.8300170898438,594.5,575.5700073242188,577.5,12522400
2024-12-03,609.6585083007812,613.6500244140625,614.2000122070312,591.25,595.0,14907200
2024-12-04,609.7877197265625,613.780029296875,617.780029296875,605.0999755859375,612.9600219726562,14697000
2024-12-05,604.9691772460938,608.9299926757812,619.9000244140625,607.0499877929688,617.0800170898438,8081200
2024-12-06,619.712646484375,623.77001953125,629.7899780273438,608.530029296875,610.0999755859375,16935500
2024-12-09,609.5790405273438,613.5700073242188,626.4000244140625,606.1699829101562,623.9199829101562,11426000
2024-12-10,615.2916259765625,619.3200073242188,625.5900268554688,612.739990234375,617.5599975585938,10938900
2024-12-11,628.564697265625,632.6799926757812,638.4000244140625,621.530029296875,623.3699951171875,10837200
2024-12-12,626.68701171875,630.7899780273438,636.6599731445312,627.2100219726562,631.5,7474700
2024-12-13,616.3148803710938,620.3499755859375,631.0800170898438,616.8900146484375,627.219970703125,8453300
2024-12-16,620.6798706054688,624.239990234375,631.1500244140625,618.5800170898438,629.97998046875,10885600
2024-12-17,615.9072875976562,619.4400024414062,632.3699951171875,616.5399780273438,626.1699829101562,12897800
2024-12-18,593.7841796875,597.1900024414062,627.3599853515625,596.3200073242188,621.0,17075500
2024-12-19,592.17333984375,595.5700073242188,611.52001953125,595.0,610.3900146484375,14958100
2024-12-20,581.9122314453125,585.25,603.1099853515625,580.0,590.5800170898438,48989400
2024-12-23,596.428955078125,599.8499755859375,601.0900268554688,586.25,589.5999755859375,10205800
2024-12-24,604.283935546875,607.75,607.989990234375,599.280029296875,602.719970703125,4726100
2024-12-26,599.9089965820312,603.3499755859375,606.2999877929688,598.9400024414062,605.47998046875,6081400
2024-12-27,596.38916015625,599.8099975585938,601.8499755859375,589.7999877929688,599.4099731445312,8084200
2024-12-30,587.8681030273438,591.239990234375,596.9400024414062,585.5800170898438,588.75,7025900
2024-12-31,582.1708374023438,585.510009765625,593.969970703125,583.8499755859375,592.27001953125,6019500
2025-01-02,595.8224487304688,599.239990234375,604.9099731445312,587.8200073242188,589.719970703125,12682300
2025-01-03,601.1817016601562,604.6300048828125,609.5,596.4099731445312,604.760009765625,11436800
2025-01-06,626.6058959960938,630.2000122070312,630.989990234375,605.6199951171875,611.8300170898438,14560800
2025-01-07,614.3661499023438,617.8900146484375,632.0999755859375,608.22998046875,631.7000122070312,12071500
2025-01-08,607.2369384765625,610.719970703125,616.4400024414062,602.7899780273438,613.4000244140625,10085800
2025-01-10,612.34765625,615.8599853515625,629.9099731445312,597.3400268554688,610.030029296875,19256600
2025-01-13,604.8606567382812,608.3300170898438,608.969970703125,598.4500122070312,607.0999755859375,10785000
2025-01-14,590.8609008789062,594.25,605.489990234375,588.5499877929688,605.0700073242188,13598000
2025-01-15,613.6005249023438,617.1199951171875,622.4600219726562,606.5,610.2100219726562,15524300
2025-01-16,607.8135986328125,611.2999877929688,616.25,609.7100219726562,611.5,8355300
2025-01-17,609.275390625,612.77001953125,624.969970703125,603.6699829101562,624.0499877929688,17280600
2025-01-21,612.9442749023438,616.4600219726562,621.5,609.010009765625,617.8300170898438,11674000
2025-01-22,619.9440307617188,623.5,633.7000122070312,619.4299926757812,623.2999877929688,12274000
2025-01-23,632.8203125,636.4500122070312,636.5999755859375,621.1500244140625,627.3599853515625,9910200
2025-01-24,643.7972412109375,647.489990234375,652.0,634.2000122070312,636.4000244140625,19065300
2025-01-27,656.1165771484375,659.8800048828125,663.8699951171875,625.0999755859375,626.6099853515625,28399200
2025-01-28,670.4843139648438,674.3300170898438,682.5800170898438,659.469970703125,666.0,20950100
2025-01-29,672.6318969726562,676.489990234375,681.0499877929688,665.6699829101562,675.0,21377800
2025-01-30,683.0819702148438,687.0,710.7899780273438,676.0999755859375,696.8200073242188,29322900
2025-01-31,685.2495727539062,689.1799926757812,705.2999877929688,685.5800170898438,691.0,19303900
2025-02-03,693.4822998046875,697.4600219726562,704.0,675.25,675.9099731445312,21415700
2025-02-04,700.1738891601562,704.1900024414062,707.7100219726562,691.6099853515625,702.5,13826300
2025-02-05,700.8500366210938,704.8699951171875,718.1400146484375,699.010009765625,703.5499877929688,17778200
2025-02-06,707.9293823242188,711.989990234375,718.9000244140625,703.5,705.8800048828125,13080700
2025-02-07,710.4451293945312,714.52001953125,725.010009765625,711.75,716.7999877929688,16427100
2025-02-10,713.3085327148438,717.4000244140625,721.2000122070312,711.3300170898438,718.5599975585938,12904300
2025-02-11,715.6948852539062,719.7999877929688,723.6599731445312,710.0399780273438,713.3200073242188,12998000
2025-02-12,721.2429809570312,725.3800048828125,727.0999755859375,712.5999755859375,715.2999877929688,12016500
2025-02-13,724.4049072265625,728.5599975585938,729.0,718.0399780273438,721.52001953125,12569100
2025-02-14,732.4686279296875,736.6699829101562,740.9099731445312,725.6199951171875,726.1400146484375,16901200
2025-02-18,712.284423828125,716.3699951171875,737.0,706.4400024414062,736.0,21938700
2025-02-19,699.7564086914062,703.77001953125,707.0,695.3900146484375,704.0999755859375,17535500
2025-02-20,690.8772583007812,694.8400268554688,705.6300048828125,693.6400146484375,697.280029296875,12587400
2025-02-21,679.6516723632812,683.5499877929688,703.8699951171875,682.3599853515625,696.5800170898438,15660400
2025-02-24,664.319580078125,668.1300048828125,687.27001953125,662.4500122070312,686.280029296875,15677000
2025-02-25,653.7501831054688,657.5,668.0,641.8599853515625,665.969970703125,20579700
2025-02-26,669.8577880859375,673.7000122070312,683.010009765625,658.0,659.6500244140625,14488700
2025-02-27,654.4859008789062,658.239990234375,688.6500244140625,657.5700073242188,682.4500122070312,12500000
2025-02-28,664.3892211914062,668.2000122070312,669.6300048828125,642.5999755859375,658.0399780273438,17534200
2025-03-03,651.3141479492188,655.0499877929688,681.25,650.8400268554688,673.6799926757812,10843800
2025-03-04,636.3500366210938,640.0,649.75,623.6500244140625,645.510009765625,21495200
2025-03-05,652.72607421875,656.469970703125,659.5,637.6599731445312,641.0,13770000
2025-03-06,624.3488159179688,627.9299926757812,650.5599975585938,624.1099853515625,648.0,13446500
2025-03-07,622.091796875,625.6599731445312,634.7899780273438,600.6099853515625,625.3699951171875,21375700
2025-03-10,594.57958984375,597.989990234375,610.1099853515625,586.8699951171875,608.0700073242188,21999900
2025-03-11,602.2555541992188,605.7100219726562,614.9299926757812,593.3300170898438,595.0499877929688,17401500
2025-03-12,616.0264892578125,619.5599975585938,633.3300170898438,609.3499755859375,629.9000244140625,15747000
2025-03-13,587.2716064453125,590.6400146484375,620.5,586.510009765625,620.25,16480300
2025-03-14,604.6721801757812,607.5999755859375,608.8599853515625,594.780029296875,602.7999877929688,12364500
2025-03-17,601.9852905273438,604.9000244140625,613.0999755859375,598.0,607.4600219726562,15473900
2025-03-18,579.5538940429688,582.3599853515625,600.25,574.6599731445312,600.0499877929688,20297700
2025-03-19,581.2456665039062,584.0599975585938,592.3200073242188,574.77001953125,584.280029296875,20537500
2025-03-20,583.17626953125,586.0,610.2000122070312,579.510009765625,582.760009765625,24336500
2025-03-21,593.376953125,596.25,597.5399780273438,580.9500122070312,583.4199829101562,25015900
2025-03-24,615.8679809570312,618.8499755859375,622.5399780273438,612.2000122070312,614.969970703125,15741300
2025-03-25,623.2921142578125,626.3099975585938,633.8800048828125,621.1799926757812,626.760009765625,15312500
2025-03-26,608.0360107421875,610.97998046875,626.75,606.6099853515625,624.8900146484375,12609800
2025-03-27,599.6764526367188,602.5800170898438,614.25,600.0999755859375,602.0,10436500
2025-03-28,573.9609985351562,576.739990234375,601.75,573.9199829101562,600.3099975585938,17602800
2025-03-31,573.582763671875,576.3599853515625,578.7000122070312,553.2999877929688,563.5,21124700
2025-04-01,583.17626953125,586.0,589.9099731445312,570.0,570.8400268554688,12836600
2025-04-02,581.1163330078125,583.9299926757812,592.6599731445312,573.3599853515625,574.9099731445312,13470800
2025-04-03,529.058349609375,531.6199951171875,552.5599975585938,530.2999877929688,546.219970703125,34777500
2025-04-04,502.2979431152344,504.7300109863281,518.0,494.20001220703125,506.6199951171875,38589800
2025-04-07,513.762451171875,516.25,539.3699951171875,481.8999938964844,485.1000061035156,36606100
2025-04-08,507.99041748046875,510.45001220703125,547.4299926757812,502.8599853515625,543.25,28034200
2025-04-09,582.9473876953125,585.77001953125,587.8900146484375,502.1099853515625,509.2699890136719,39216600
2025-04-10,543.6575927734375,546.2899780273438,581.2999877929688,535.2999877929688,575.489990234375,28173500
2025-04-11,540.9508666992188,543.5700073242188,547.4000244140625,528.5900268554688,535.510009765625,17642300
2025-04-14,528.9190063476562,531.47998046875,557.77001953125,528.280029296875,556.1699829101562,14130900
2025-04-15,519.0071411132812,521.52001953125,537.9400024414062,517.5,532.1099853515625,15558700
2025-04-16,499.88958740234375,502.30999755859375,513.3699951171875,495.6300048828125,508.510009765625,18735100
2025-04-17,499.0636291503906,501.4800109863281,507.29998779296875,498.010009765625,505.25,14593500
2025-04-21,482.32464599609375,484.6600036621094,493.5,479.79998779296875,491.3299865722656,16166000
2025-04-22,497.8693542480469,500.2799987792969,506.8800048828125,486.3599853515625,491.8699951171875,17399400
2025-04-23,517.7630615234375,520.27001953125,535.3400268554688,516.52001953125,528.530029296875,18173900
2025-04-24,530.5810546875,533.1500244140625,533.9000244140625,517.5,518.72998046875,13910000
2025-04-25,544.6329345703125,547.27001953125,549.8599853515625,536.25,546.7999877929688,17098900
2025-04-28,547.091064453125,549.739990234375,558.489990234375,540.5900268554688,555.6400146484375,15179000
2025-04-29,551.7684326171875,554.4400024414062,556.5700073242188,544.1199951171875,546.0,11835000
2025-04-30,546.3545532226562,549.0,549.0999755859375,529.5,538.4000244140625,29244000
2025-05-01,569.4528198242188,572.2100219726562,592.9500122070312,570.5,592.0800170898438,31159000
2025-05-02,594.1432495117188,597.02001953125,604.3400268554688,578.3300170898438,583.4600219726562,24739300
2025-05-05,596.3823852539062,599.27001953125,603.2100219726562,588.0499877929688,591.219970703125,13887700
2025-05-06,584.47998046875,587.3099975585938,596.030029296875,586.5800170898438,592.530029296875,10600700
2025-05-07,593.9342651367188,596.8099975585938,603.0800170898438,586.6699829101562,590.3599853515625,13139100
2025-05-08,595.1286010742188,598.010009765625,611.2999877929688,596.6199951171875,606.2899780273438,14622800
2025-05-09,589.6350708007812,592.489990234375,606.969970703125,591.7100219726562,603.719970703125,10427300
2025-05-12,636.348876953125,639.4299926757812,640.3900146484375,621.030029296875,630.9199829101562,21965100
2025-05-13,652.868896484375,656.030029296875,660.9199829101562,642.8300170898438,645.5399780273438,18570800
2025-05-14,656.1829223632812,659.3599853515625,662.6699829101562,654.3099975585938,661.2100219726562,12348200
2025-05-15,640.7775268554688,643.8800048828125,657.3099975585938,638.5800170898438,654.280029296875,14341800
2025-05-16,637.2545776367188,640.3400268554688,640.4400024414062,626.1500244140625,637.9600219726562,18519000
2025-05-19,637.3441162109375,640.4299926757812,643.0,627.7999877929688,628.25,9592400
2025-05-20,634.0300903320312,637.0999755859375,639.3499755859375,632.260009765625,636.010009765625,6743500
2025-05-21,632.4378051757812,635.5,646.6099853515625,630.1699829101562,631.7899780273438,11464600
2025-05-22,633.5026245117188,636.5700073242188,643.25,630.7100219726562,634.0499877929688,8228400
2025-05-23,624.0384521484375,627.0599975585938,632.4500122070312,622.6500244140625,624.0,8454100
2025-05-27,639.2249145507812,642.3200073242188,643.0800170898438,632.75,635.4099731445312,9508400
2025-05-28,640.4789428710938,643.5800170898438,650.8800048828125,642.5499877929688,642.5999755859375,9042900
2025-05-29,641.9417724609375,645.0499877929688,653.3200073242188,639.5,651.6500244140625,8858800
2025-05-30,644.3700561523438,647.489990234375,649.4099731445312,632.780029296875,642.5,16241000
2025-06-02,667.667236328125,670.9000244140625,673.260009765625,644.260009765625,644.3900146484375,15766300
2025-06-03,663.6367797851562,666.8499755859375,675.5800170898438,665.030029296875,671.4500122070312,11585000
2025-06-04,684.6350708007812,687.9500122070312,689.0,668.5700073242188,669.3200073242188,14031900
2025-06-05,681.3211669921875,684.6199951171875,694.3800048828125,682.25,691.6599731445312,13083100
2025-06-06,694.3480834960938,697.7100219726562,702.8099975585938,691.8699951171875,696.1699829101562,11728000
2025-06-09,690.7156982421875,694.0599975585938,705.1900024414062,693.9400024414062,698.4600219726562,12773200
2025-06-10,699.0154418945312,702.4000244140625,703.22998046875,691.5599975585938,701.3499755859375,10850100
2025-06-11,690.7952880859375,694.1400146484375,708.8699951171875,691.989990234375,703.7100219726562,9582500
2025-06-12,690.0189819335938,693.3599853515625,695.3800048828125,687.0,693.2999877929688,7322700
2025-06-13,679.5795288085938,682.8699951171875,694.5700073242188,681.010009765625,687.9500122070312,9274400
2025-06-16,699.2744140625,702.1199951171875,707.1500244140625,693.510009765625,699.3300170898438,13720300
2025-06-17,694.404296875,697.22998046875,705.969970703125,696.0599975585938,702.0,10066100
2025-06-18,692.9501953125,695.77001953125,701.5900268554688,694.9000244140625,698.1799926757812,10068300
2025-06-20,679.5845336914062,682.3499755859375,701.8200073242188,678.6699829101562,700.75,22538600
2025-06-23,695.6990356445312,698.530029296875,699.0499877929688,678.75,683.6900024414062,11080100
2025-06-24,709.3135986328125,712.2000122070312,713.1900024414062,702.1099853515625,704.8900146484375,13823200
2025-06-25,705.8078002929688,708.6799926757812,716.5800170898438,705.3800048828125,713.3200073242188,9320400
2025-06-26,723.1472778320312,726.0900268554688,728.219970703125,711.0499877929688,714.3599853515625,13964800
2025-06-27,730.6567993164062,733.6300048828125,735.4299926757812,725.8599853515625,726.52001953125,18775700
2025-06-30,735.0986938476562,738.0900268554688,747.9000244140625,734.25,744.5499877929688,15402100
2025-07-01,716.3051147460938,719.219970703125,737.75,715.3699951171875,736.8800048828125,13431200
2025-07-02,710.6780395507812,713.5700073242188,720.2999877929688,712.7999877929688,715.3300170898438,9336700
2025-07-03,716.0960083007812,719.010009765625,729.030029296875,714.4199829101562,726.6099853515625,8601700
2025-07-07,715.4386596679688,718.3499755859375,727.0,713.510009765625,717.5999755859375,9457100
2025-07-08,717.749267578125,720.6699829101562,722.9099731445312,714.8099975585938,721.5700073242188,7770700
2025-07-09,729.8102416992188,732.780029296875,737.530029296875,722.719970703125,722.719970703125,11418000
2025-07-10,724.2926025390625,727.239990234375,735.7999877929688,719.5999755859375,731.5499877929688,9913600
2025-07-11,714.6021118164062,717.510009765625,725.1599731445312,709.7000122070312,722.5,10873900
2025-07-14,717.998291015625,720.9199829101562,728.0,716.5499877929688,717.5999755859375,8939400
2025-07-15,707.5108642578125,710.3900146484375,724.469970703125,709.8200073242188,723.9000244140625,11529500
2025-07-16,700.0612182617188,702.9099731445312,713.969970703125,699.27001953125,713.3699951171875,13067600
2025-07-17,698.5672607421875,701.4099731445312,705.9000244140625,697.1099853515625,704.3900146484375,11803300
2025-07-18,701.4257202148438,704.280029296875,704.7100219726562,691.6500244140625,702.1900024414062,12779800
2025-07-21,710.0804443359375,712.969970703125,717.0,705.760009765625,706.7999877929688,9404400
2025-07-22,701.9535522460938,704.8099975585938,716.5999755859375,701.4099731445312,716.1900024414062,8921100
2025-07-23,710.68798828125,713.5800170898438,714.6300048828125,704.9299926757812,706.3699951171875,8771600
2025-07-24,711.903076171875,714.7999877929688,723.6199951171875,714.0,717.0499877929688,10920800
2025-07-25,709.7916259765625,712.6799926757812,720.6500244140625,711.9000244140625,716.9199829101562,8271700
2025-07-28,714.7216186523438,717.6300048828125,724.739990234375,712.6799926757812,715.2000122070312,8715700
2025-07-29,697.1630249023438,700.0,724.469970703125,699.9099731445312,720.0,13267000
2025-07-30,692.3924560546875,695.2100219726562,708.5,691.2000122070312,708.0900268554688,27077300
2025-07-31,770.305419921875,773.4400024414062,784.75,765.510009765625,775.2000122070312,38831100
2025-08-01,746.9703979492188,750.010009765625,766.0,745.3099975585938,760.72998046875,19028700
2025-08-04,773.2235717773438,776.3699951171875,776.8499755859375,758.4099731445312,760.0,15801700
2025-08-05,760.3658447265625,763.4600219726562,783.1300048828125,763.0,776.4500122070312,11640300
2025-08-06,768.8612060546875,771.989990234375,773.6400146484375,760.4600219726562,770.0,9733900
2025-08-07,758.7423706054688,761.8300170898438,775.0,759.5499877929688,773.489990234375,9019700
2025-08-08,766.1821899414062,769.2999877929688,769.9000244140625,758.5800170898438,762.75,7320800
2025-08-11,762.76611328125,765.8699951171875,773.4600219726562,764.6699829101562,770.0800170898438,7612000
2025-08-12,786.7982177734375,790.0,793.6699829101562,772.4299926757812,773.0,14563100
2025-08-13,776.9185180664062,780.0800170898438,795.4600219726562,778.22998046875,791.1500244140625,8811800
2025-08-14,778.960205078125,782.1300048828125,787.8099975585938,772.510009765625,777.8800048828125,8116200
2025-08-15,782.0476684570312,785.22998046875,796.25,780.8200073242188,784.1500244140625,13375400
2025-08-18,764.260009765625,767.3699951171875,775.8099975585938,756.5599975585938,775.0900268554688,16513700
2025-08-19,748.4344482421875,751.47998046875,767.1699829101562,749.3599853515625,767.1199951171875,12286700
2025-08-20,744.6895751953125,747.719970703125,750.2000122070312,731.0,747.5700073242188,11898200
2025-08-21,736.1044921875,739.0999755859375,745.5,733.1099853515625,744.7100219726562,8876300
2025-08-22,751.73095703125,754.7899780273438,756.9000244140625,734.3900146484375,739.22998046875,10612700
2025-08-25,750.2470092773438,753.2999877929688,758.8800048828125,750.1300048828125,754.8200073242188,6861200
2025-08-26,751.0437622070312,754.0999755859375,754.8699951171875,747.9400024414062,750.7999877929688,7601800
2025-08-27,744.35107421875,747.3800048828125,754.1500244140625,742.8400268554688,752.2999877929688,8315400
2025-08-28,748.06591796875,751.1099853515625,753.0499877929688,740.7999877929688,744.0,7468000
2025-08-29,735.7061767578125,738.7000122070312,747.1400146484375,735.3499755859375,745.280029296875,9070500
2025-09-02,732.1307373046875,735.1099853515625,736.0,721.72998046875,726.0399780273438,9350900
2025-09-03,734.0628662109375,737.0499877929688,740.25,733.989990234375,736.0,7699300
2025-09-04,745.6159057617188,748.6500244140625,761.1599731445312,745.8200073242188,748.5700073242188,11439100
2025-09-05,749.4004516601562,752.4500122070312,757.9500122070312,745.030029296875,752.6199951171875,9663400
2025-09-08,749.2510375976562,752.2999877929688,766.510009765625,752.02001953125,756.0,13087800
2025-09-09,762.5967407226562,765.7000122070312,766.2999877929688,753.4299926757812,757.489990234375,10999000
2025-09-10,748.9323120117188,751.97998046875,765.7000122070312,751.0,765.1300048828125,12478300
2025-09-11,747.8568115234375,750.9000244140625,757.0999755859375,748.3699951171875,754.6500244140625,7923300
2025-09-12,752.5277709960938,755.5900268554688,757.5700073242188,743.760009765625,748.72998046875,8248600
2025-09-15,761.600830078125,764.7000122070312,774.0700073242188,751.989990234375,757.469970703125,10533800
2025-09-16,775.8428955078125,779.0,781.3599853515625,765.0999755859375,767.0,11782500
2025-09-17,772.5761108398438,775.719970703125,783.2899780273438,766.3099975585938,779.989990234375,9400900
2025-09-18,777.0877685546875,780.25,788.780029296875,773.3599853515625,780.75,10955000
2025-09-19,775.2254028320312,778.3800048828125,790.7999877929688,769.1900024414062,786.4199829101562,23696800
2025-09-22,762.5733032226562,765.1599731445312,785.72998046875,764.469970703125,781.8499755859375,11706900
2025-09-23,752.8463745117188,755.4000244140625,770.5999755859375,751.0700073242188,769.25,10872600
2025-09-24,758.0885009765625,760.6599731445312,761.1099853515625,752.530029296875,757.5,8828200
2025-09-25,746.3782348632812,748.9099731445312,756.77001953125,744.5499877929688,753.4500122070312,10591100
2025-09-26,741.2356567382812,743.75,751.9299926757812,737.3499755859375,750.0,9696300
2025-09-29,740.8869018554688,743.4000244140625,750.780029296875,739.1500244140625,748.719970703125,9246800
2025-09-30,731.8973388671875,734.3800048828125,742.969970703125,726.2999877929688,742.25,16226800
2025-10-01,714.9150390625,717.3400268554688,721.8499755859375,710.2000122070312,721.489990234375,20419600
2025-10-02,724.5921020507812,727.0499877929688,727.77001953125,718.1400146484375,722.5800170898438,11415300
2025-10-03,708.1578369140625,710.5599975585938,731.0,710.1799926757812,729.6300048828125,16154300
2025-10-06,713.2406005859375,715.6599731445312,716.8800048828125,690.510009765625,705.1900024414062,21654700
2025-10-07,710.6693725585938,713.0800170898438,718.5,705.75,717.719970703125,12062900
2025-10-08,715.4132690429688,717.8400268554688,719.6500244140625,707.8099975585938,713.4500122070312,10790600
2025-10-09,731.0303344726562,733.510009765625,733.510009765625,712.4400024414062,718.280029296875,12717200
2025-10-10,702.9156494140625,705.2999877929688,735.27001953125,704.510009765625,730.9199829101562,16980100
2025-10-13,713.280517578125,715.7000122070312,719.9400024414062,707.6400146484375,713.010009765625,9251800
2025-10-14,706.25439453125,708.6500244140625,715.5499877929688,699.3300170898438,707.780029296875,8829800
2025-10-15,715.1242065429688,717.5499877929688,723.9000244140625,709.510009765625,717.0599975585938,10246800
2025-10-16,709.6627197265625,712.0700073242188,725.489990234375,703.8800048828125,717.5499877929688,9017000
2025-10-17,714.4963989257812,716.9199829101562,718.5399780273438,706.1199951171875,707.0800170898438,12232400
2025-10-20,729.6947631835938,732.1699829101562,733.77001953125,720.1799926757812,721.1900024414062,8900200
2025-10-21,730.7911376953125,733.27001953125,738.5,728.75,736.02001953125,7647300
2025-10-22,730.9306030273438,733.4099731445312,740.5999755859375,724.030029296875,733.8300170898438,8734500
2025-10-23,731.5186767578125,734.0,742.4099731445312,733.0999755859375,734.7000122070312,9856000
2025-10-24,735.8638305664062,738.3599853515625,741.2100219726562,731.1500244140625,736.7899780273438,9151300
2025-10-27,748.2817993164062,750.8200073242188,755.75,748.010009765625,749.72998046875,11321100
2025-10-28,748.8997192382812,751.4400024414062,758.4000244140625,745.52001953125,752.6300048828125,12193800
2025-10-29,749.12890625,751.6699829101562,759.1599731445312,742.510009765625,754.75,26818600
2025-10-30,664.2169189453125,666.469970703125,680.9600219726562,650.1699829101562,669.1500244140625,88440100
2025-10-31,646.1581420898438,648.3499755859375,674.8900146484375,645.5700073242188,674.510009765625,56953200
2025-11-03,635.55419921875,637.7100219726562,659.3300170898438,636.1799926757812,656.0,33003600
2025-11-04,625.1993408203125,627.3200073242188,641.739990234375,626.010009765625,628.0399780273438,27356600
2025-11-05,633.8001098632812,635.9500122070312,642.22998046875,626.5399780273438,632.3099975585938,20219900
2025-11-06,616.8475952148438,618.9400024414062,636.0,618.0,635.8499755859375,23628800
2025-11-07,619.6082763671875,621.7100219726562,622.1300048828125,601.2000122070312,616.489990234375,29946800
2025-11-10,629.624267578125,631.760009765625,635.0,618.1099853515625,631.0900268554688,19245000
2025-11-11,624.9601440429688,627.0800170898438,629.5599975585938,619.3900146484375,628.0,13302200
2025-11-12,606.9512329101562,609.010009765625,628.989990234375,607.77001953125,628.1300048828125,24493300
2025-11-13,607.8281860351562,609.8900146484375,617.6500244140625,603.0,613.0700073242188,20973800
2025-11-14,607.3997192382812,609.4600219726562,613.6799926757812,595.2000122070312,601.7899780273438,20724100
2025-11-17,599.974853515625,602.010009765625,611.6900024414062,595.4000244140625,609.0399780273438,16501300
2025-11-18,595.66943359375,597.6900024414062,603.6599731445312,583.780029296875,591.5999755859375,25500600
2025-11-19,588.3244018554688,590.3200073242188,595.3300170898438,581.25,593.719970703125,24744700
2025-11-20,587.1583862304688,589.1500244140625,606.719970703125,583.3499755859375,603.5,20603000
2025-11-21,592.2410278320312,594.25,598.1199951171875,581.8599853515625,588.5,21052600
2025-11-24,610.9775390625,613.0499877929688,616.7000122070312,597.6300048828125,598.719970703125,23554900
2025-11-25,634.0691528320312,636.219970703125,637.0499877929688,618.2999877929688,624.0,25213000
2025-11-26,631.468017578125,633.6099853515625,638.3599853515625,631.6300048828125,637.6900024414062,15209500
2025-11-28,645.759521484375,647.9500122070312,648.0499877929688,635.5,636.0800170898438,11033200
2025-12-01,638.7034912109375,640.8699951171875,645.3200073242188,637.760009765625,639.5499877929688,13029900
2025-12-02,644.9122924804688,647.0999755859375,647.8699951171875,638.0700073242188,642.3400268554688,11640900
2025-12-03,637.437744140625,639.5999755859375,648.8499755859375,637.5499877929688,644.4099731445312,11134300
2025-12-04,659.2936401367188,661.530029296875,676.0999755859375,660.0499877929688,676.0,29874600
2025-12-05,671.1434326171875,673.4199829101562,674.6900024414062,662.3900146484375,664.0,21207900
2025-12-08,664.5457763671875,666.7999877929688,676.7100219726562,665.0700073242188,669.3400268554688,13161000
2025-12-09,654.7390747070312,656.9600219726562,664.47998046875,653.3400268554688,663.77001953125,12997100
2025-12-10,647.93212890625,650.1300048828125,654.510009765625,643.4000244140625,649.9500122070312,16910900
2025-12-11,650.5034790039062,652.7100219726562,655.280029296875,640.7999877929688,643.2899780273438,13056700
2025-12-12,642.0521240234375,644.22998046875,711.0,638.6099853515625,649.7999877929688,14016900
2025-12-15,645.8473510742188,647.510009765625,653.0,638.7000122070312,645.7000122070312,15549100
2025-12-16,655.462646484375,657.1500244140625,662.5399780273438,643.2000122070312,643.5,14309100
2025-12-17,647.8322143554688,649.5,661.22998046875,649.2000122070312,655.6099853515625,15598500
2025-12-18,662.7438354492188,664.4500122070312,670.5599975585938,656.4600219726562,657.030029296875,20260300
2025-12-19,657.0784301757812,658.77001953125,671.0,658.1799926757812,666.4199829101562,49977100
2025-12-22,659.8014526367188,661.5,673.5800170898438,656.6500244140625,661.6500244140625,15659400
2025-12-23,663.2325439453125,664.9400024414062,666.0,658.25,660.0499877929688,8486800
2025-12-24,665.8358764648438,667.5499877929688,668.1799926757812,662.2000122070312,662.530029296875,5627500
2025-12-26,661.5868530273438,663.2899780273438,668.9500122070312,661.3200073242188,668.0599975585938,7133800
2025-12-29,656.9986572265625,658.6900024414062,660.25,654.3900146484375,658.010009765625,8506500
2025-12-30,664.239990234375,665.9500122070312,672.219970703125,657.8400268554688,658.6900024414062,9187500
2025-12-31,658.39501953125,660.0900268554688,665.0,659.4400024414062,664.75,7940400
2026-01-02,648.7398681640625,650.4099731445312,664.3900146484375,643.5,662.72998046875,13726500
2026-01-05,657.098388671875,658.7899780273438,664.5399780273438,647.75,651.010009765625,12213700
2026-01-06,658.9236450195312,660.6199951171875,665.52001953125,651.9000244140625,659.5700073242188,11074400
2026-01-07,647.0242919921875,648.6900024414062,659.1500244140625,644.8099975585938,655.6400146484375,12846300
2026-01-08,644.4010620117188,646.0599975585938,647.0999755859375,635.719970703125,645.8800048828125,11921700
2026-01-09,651.3831176757812,653.0599975585938,654.9500122070312,642.8499755859375,645.4400024414062,11634900
2026-01-12,640.321533203125,641.969970703125,653.969970703125,641.22998046875,652.530029296875,14797200
2026-01-13,629.4695434570312,631.0900268554688,642.27001953125,624.0999755859375,642.27001953125,18030400
2026-01-14,613.9395141601562,615.52001953125,628.4500122070312,614.8200073242188,626.5,15527900
2026-01-15,619.2059326171875,620.7999877929688,624.1699829101562,614.22998046875,618.47998046875,13076100
2026-01-16,618.6573486328125,620.25,629.0800170898438,620.0800170898438,624.1799926757812,17012500
2026-01-20,602.5687866210938,604.1199951171875,611.4000244140625,600.0,607.8800048828125,15169600
2026-01-21,611.3861083984375,612.9600219726562,618.27001953125,600.0800170898438,606.739990234375,14494700
2026-01-22,645.967041015625,647.6300048828125,660.5700073242188,626.5499877929688,629.3499755859375,21394700
2026-01-23,657.0684814453125,658.760009765625,666.489990234375,644.4500122070312,644.77001953125,22797700
2026-01-26,670.6334838867188,672.3599853515625,675.280029296875,661.2899780273438,665.1300048828125,16327400
2026-01-27,671.241943359375,672.969970703125,676.8200073242188,664.6599731445312,674.5900268554688,13297400
2026-01-28,667.0127563476562,668.72998046875,677.6799926757812,666.0999755859375,674.5,25709600
2026-01-29,736.4141845703125,738.3099975585938,744.0,712.5499877929688,737.4299926757812,59852900
2026-01-30,714.66015625,716.5,732.1699829101562,713.5900268554688,727.5,23744600
2026-02-02,704.5960083007812,706.4099731445312,721.2999877929688,703.52001953125,714.5999755859375,14365200
2026-02-03,689.923828125,691.7000122070312,717.0,686.4099731445312,707.3699951171875,13760700
2026-02-04,667.272216796875,668.989990234375,688.8300170898438,667.4600219726562,687.72998046875,16882800
2026-02-05,668.4890747070312,670.2100219726562,681.5,653.5,663.5800170898438,17131800
2026-02-06,659.7615356445312,661.4600219726562,671.989990234375,646.5,665.489990234375,18159300
2026-02-09,675.4810180664062,677.219970703125,683.3099975585938,658.780029296875,663.1799926757812,14837500
2026-02-10,668.9976806640625,670.719970703125,680.6500244140625,669.7899780273438,677.5999755859375,10455800
2026-02-11,666.9729614257812,668.6900024414062,679.27001953125,657.0999755859375,674.0,14323800
2026-02-12,648.1414184570312,649.8099975585938,676.0,645.280029296875,669.969970703125,14960100
2026-02-13,638.127197265625,639.77001953125,651.4299926757812,634.5700073242188,645.0999755859375,12336400
2026-02-17,637.6484375,639.2899780273438,642.5999755859375,628.7999877929688,639.5,12674700
2026-02-18,641.5682983398438,643.219970703125,645.0,628.1500244140625,633.7999877929688,14649200
2026-02-19,643.1243286132812,644.780029296875,647.1900024414062,636.719970703125,638.5700073242188,10035700
2026-02-20,653.9764404296875,655.6599731445312,663.3499755859375,638.780029296875,639.6900024414062,14183500
2026-02-23,635.6137084960938,637.25,657.7000122070312,636.0,652.5399780273438,8605900
2026-02-24,637.658447265625,639.2999877929688,641.1099853515625,628.97998046875,633.0800170898438,10135600
2026-02-25,652.0114135742188,653.6900024414062,653.8800048828125,642.1400146484375,642.530029296875,11330700
2026-02-26,655.322998046875,657.010009765625,661.0,647.5,650.5499877929688,10637700
2026-02-27,646.5155639648438,648.1799926757812,649.4400024414062,638.1199951171875,643.4500122070312,15703000
2026-03-02,651.8817749023438,653.5599975585938,659.9400024414062,634.5,637.1599731445312,9816100
2026-03-03,653.3978881835938,655.0800170898438,659.0399780273438,638.8400268554688,648.2899780273438,12263800
2026-03-04,666.015380859375,667.72998046875,672.77001953125,657.6699829101562,657.9600219726562,10810100
2026-03-05,658.8738403320312,660.5700073242188,670.7000122070312,650.3099975585938,661.9299926757812,13341400
2026-03-06,643.2041015625,644.8599853515625,649.469970703125,636.1099853515625,647.9000244140625,13159400
2026-03-09,645.7276611328125,647.3900146484375,647.75,626.780029296875,634.780029296875,13489700
2026-03-10,652.3905639648438,654.0700073242188,660.2999877929688,649.0,653.5599975585938,9859300
2026-03-11,653.178466796875,654.8599853515625,659.1199951171875,648.3599853515625,654.760009765625,8977200
2026-03-12,636.5413208007812,638.1799926757812,653.5,636.9000244140625,648.75,11617500
2026-03-13,612.1340942382812,613.7100219726562,629.1699829101562,609.5499877929688,623.8900146484375,18957600
2026-03-16,626.3746948242188,627.4500122070312,634.75,623.0999755859375,632.0,15134900
2026-03-17,621.5928955078125,622.6599731445312,636.5499877929688,621.7000122070312,627.989990234375,10348800
2026-03-18,614.6248779296875,615.6799926757812,622.6500244140625,614.6099853515625,616.3400268554688,11726300
2026-03-19,605.6602783203125,606.7000122070312,613.0,602.260009765625,612.1500244140625,13247700
2026-03-20,592.642578125,593.6599731445312,603.9600219726562,587.25,603.530029296875,21214900
2026-03-23,603.0247802734375,604.0599975585938,608.6400146484375,599.010009765625,605.7899780273438,13638000
2026-03-24,591.9038696289062,592.9199829101562,601.0,591.0,599.0999755859375,10739700
2026-03-25,593.8704833984375,594.8900146484375,603.6699829101562,593.4000244140625,598.739990234375,12585000
2026-03-26,546.6015625,547.5399780273438,583.0,543.3499755859375,582.489990234375,35780100
2026-03-27,524.8189697265625,525.719970703125,543.5999755859375,520.260009765625,540.0999755859375,30133000
2026-03-30,535.4607543945312,536.3800048828125,539.5499877929688,528.5399780273438,536.3800048828125,22795200
2026-03-31,571.1494750976562,572.1300048828125,573.6900024414062,546.77001953125,549.97998046875,32898300
2026-04-01,578.2373046875,579.22998046875,592.5499877929688,573.8200073242188,580.1300048828125,23608100
2026-04-02,573.4755249023438,574.4600219726562,578.5,559.7000122070312,566.0399780273438,13518500
2026-04-06,572.0379638671875,573.02001953125,582.7899780273438,572.0,577.6900024414062,9515700
2026-04-07,574.064453125,575.0499877929688,575.22998046875,564.760009765625,572.47998046875,9580800
2026-04-08,611.3704223632812,612.4199829101562,629.9500122070312,591.8300170898438,606.0,32036600
2026-04-09,627.3131103515625,628.3900146484375,637.5,623.0,626.969970703125,19012900
2026-04-10,628.780517578125,629.8599853515625,638.5800170898438,624.3300170898438,634.469970703125,13294800
2026-04-13,633.442626953125,634.530029296875,635.0,624.4000244140625,629.5,9538900
2026-04-14,661.3546142578125,662.489990234375,666.260009765625,639.3699951171875,643.219970703125,17818000
2026-04-15,670.4290771484375,671.5800170898438,678.5,664.219970703125,667.0,14952600
2026-04-16,675.7099609375,676.8699951171875,677.5800170898438,667.75,675.989990234375,9544800
2026-04-17,687.3699340820312,688.5499877929688,691.52001953125,675.1300048828125,678.5999755859375,16283500
2026-04-20,669.7601928710938,670.9099731445312,683.3800048828125,668.0,681.3599853515625,12534000
2026-04-21,667.6937866210938,668.8400268554688,676.2000122070312,667.3300170898438,671.0,8660100
2026-04-22,673.5636596679688,674.719970703125,678.3800048828125,669.75,674.3599853515625,9215600
2026-04-23,658.0203857421875,659.1500244140625,669.5599975585938,653.0499877929688,663.7000122070312,11667000
2026-04-24,673.8731689453125,675.030029296875,680.6699829101562,653.8400268554688,660.3200073242188,13348300
2026-04-27,677.4569702148438,678.6199951171875,682.5,670.8400268554688,671.0,12805200
2026-04-28,670.189453125,671.3400268554688,678.1799926757812,665.6300048828125,674.239990234375,10606800
2026-04-29,667.9732666015625,669.1199951171875,674.25,663.8099975585938,668.9099731445312,18947500
2026-04-30,610.8612670898438,611.9099731445312,620.8499755859375,600.0,619.3200073242188,52765000
2026-05-01,607.7067260742188,608.75,618.8800048828125,606.1099853515625,614.6900024414062,21404000
2026-05-04,609.3638916015625,610.4099731445312,614.0,602.75,607.9400024414062,16203900
2026-05-05,603.9232177734375,604.9600219726562,614.3499755859375,600.3599853515625,613.3099975585938,17171300
2026-05-06,611.8296508789062,612.8800048828125,619.9500122070312,598.0999755859375,601.0499877929688,19915500
2026-05-07,615.7528686523438,616.8099975585938,624.97998046875,613.5399780273438,614.719970703125,12307400
2026-05-08,608.585205078125,609.6300048828125,616.77001953125,606.0599975585938,615.2000122070312,13557000
2026-05-11,597.8336791992188,598.8599853515625,604.9099731445312,598.0800170898438,604.5700073242188,15940600
2026-05-12,601.9666137695312,603.0,603.75,592.5999755859375,594.8200073242188,11351600
2026-05-13,615.5732421875,616.6300048828125,619.9000244140625,596.6599731445312,598.8300170898438,14634400
2026-05-14,617.3701171875,618.4299926757812,623.72998046875,615.0,616.0,10651200
2026-05-15,613.1773681640625,614.22998046875,621.2000122070312,609.3099975585938,613.989990234375,13272600
2026-05-18,610.1625366210938,611.2100219726562,615.5900268554688,603.6900024414062,609.1099853515625,13772400
2026-05-19,601.5772705078125,602.6099853515625,613.9299926757812,600.5499877929688,608.9199829101562,11749900
2026-05-20,604.0230712890625,605.0599975585938,608.0,597.8099975585938,600.760009765625,11329700
2026-05-21,606.3390502929688,607.3800048828125,609.5999755859375,594.8099975585938,600.0,13476100
2026-05-22,609.2141723632812,610.260009765625,614.8099975585938,606.9500122070312,607.8800048828125,11688600
2026-05-26,611.2905883789062,612.3400268554688,614.469970703125,605.2999877929688,608.8900146484375,12234200
2026-05-27,634.1713256835938,635.260009765625,638.5,609.0,609.4000244140625,23143600
2026-05-28,634.2012329101562,635.2899780273438,643.0,629.3099975585938,639.5,16772400
2026-05-29,631.426025390625,632.510009765625,634.5,623.3499755859375,633.5,19806500
2026-06-01,599.4408569335938,600.469970703125,635.75,599.530029296875,630.4000244140625,29138800
2026-06-02,596.6057739257812,597.6300048828125,608.8800048828125,596.6799926757812,603.239990234375,18252000
2026-06-03,621.912353515625,622.97998046875,624.1500244140625,600.27001953125,603.0,23020100
2026-06-04,626.4944458007812,627.5700073242188,642.4000244140625,622.4299926757812,623.6699829101562,21469200
2026-06-05,591.9837646484375,593.0,629.1500244140625,582.9099731445312,623.4600219726562,30091600
2026-06-08,584.3867797851562,585.3900146484375,592.0,579.219970703125,592.0,19512400
2026-06-09,583.588134765625,584.5900268554688,597.6300048828125,581.010009765625,591.0,16977400
2026-06-10,570.00146484375,570.97998046875,591.3200073242188,570.5999755859375,580.72998046875,17064000
2026-06-11,567.455810546875,568.4299926757812,572.1699829101562,557.010009765625,565.8300170898438,17628000
2026-06-12,566.0082397460938,566.97998046875,576.0700073242188,560.9000244140625,572.9500122070312,14326400
2026-06-15,593.011962890625,593.47998046875,601.27001953125,579.2999877929688,579.9000244140625,17653300
2026-06-16,599.7366943359375,600.2100219726562,605.8099975585938,592.0,593.6500244140625,11344400
2026-06-17,567.1324462890625,567.5800170898438,593.8099975585938,566.1900024414062,592.0,20478300
2026-06-18,576.7647705078125,577.219970703125,580.219970703125,563.0999755859375,572.8200073242188,28824600
2026-06-22,563.4053344726562,563.8499755859375,575.8099975585938,559.8099975585938,572.02001953125,15405500
2026-06-23,561.7566528320312,562.2000122070312,572.2000122070312,561.02001953125,562.25,13103300
2026-06-24,557.230224609375,557.6699829101562,569.0399780273438,555.5499877929688,561.8900146484375,13963600
2026-06-25,542.44189453125,542.8699951171875,556.3400268554688,540.1799926757812,555.5499877929688,16968600
2026-06-26,549.8161010742188,550.25,556.8499755859375,540.4000244140625,543.3400268554688,18867700
2026-06-29,562.1563110351562,562.5999755859375,570.9000244140625,558.0,560.0,15011400
2026-06-30,562.8457641601562,563.2899780273438,565.5399780273438,551.4299926757812,560.9400024414062,18111100
2026-07-01,612.4266357421875,612.9099731445312,628.280029296875,595.0999755859375,607.9099731445312,45536300
2026-07-02,582.4403686523438,582.9000244140625,610.0,580.4199829101562,607.9000244140625,21705900
2026-07-06,599.8165893554688,600.2899780273438,603.5800170898438,581.760009765625,594.8400268554688,17674100
2026-07-07,615.0946044921875,615.5800170898438,625.3699951171875,603.6599731445312,607.5900268554688,18560800
2026-07-08,602.6444091796875,603.1199951171875,616.0,598.010009765625,614.3900146484375,13606500
2026-07-09,630.9819946289062,631.47998046875,633.27001953125,577.0700073242188,583.989990234375,26579700
2026-07-10,668.6823120117188,669.2100219726562,677.8599853515625,658.010009765625,660.3400268554688,40608900
2026-07-13,656.2120971679688,656.72998046875,676.6199951171875,654.2000122070312,661.3800048828125,19840700
2026-07-14,660.5186767578125,661.0399780273438,666.5,649.0499877929688,652.0,16748200
2026-07-15,680.7727661132812,681.3099975585938,686.0800170898438,656.6599731445312,663.5999755859375,19003400
2026-07-16,664.0159301757812,664.5399780273438,681.9000244140625,660.1599731445312,677.280029296875,15816000
2026-07-17,645.5006103515625,646.010009765625,652.2000122070312,626.0,647.7000122070312,22267900
2026-07-20,645.3406982421875,645.8499755859375,653.2999877929688,636.010009765625,646.7000122070312,10225200
2026-07-21,643.3023071289062,643.8099975585938,655.8800048828125,643.2000122070312,654.1799926757812,9140500
2026-07-22,626.6754150390625,627.1699829101562,649.0,624.0,647.7000122070312,11019600
2026-07-23,605.6220092773438,606.0999755859375,614.6500244140625,597.219970703125,608.4099731445312,15494800
2026-07-24,594.7206420898438,595.1900024414062,609.97998046875,594.4500122070312,605.2999877929688,11503500
2026-07-27,593.4016723632812,593.8699951171875,611.260009765625,593.1300048828125,607.219970703125,11195300
2026-07-28,592.9420166015625,593.4099731445312,601.0,587.0,596.8200073242188,12009300
2026-07-29,585.148193359375,585.6099853515625,599.969970703125,582.219970703125,593.25,22371100
2026-07-30,538.60498046875,539.030029296875,539.8800048828125,524.489990234375,526.0,42271500
2026-07-31,556.27099609375,556.7100219726562,558.3300170898438,540.219970703125,543.5999755859375,24261500
2026-08-03,589.7745361328125,590.239990234375,597.52001953125,559.3599853515625,562.239990234375,25938100
2026-08-04,587.4763793945312,587.9400024414062,592.7899780273438,578.25,581.5,17959200
2026-08-05,588.3057250976562,588.77001953125,601.0,580.1199951171875,600.4600219726562,14897200
2026-08-06,589.4348754882812,589.9000244140625,595.3099975585938,586.0,586.9500122070312,11811500
2026-08-07,591.633056640625,592.0999755859375,598.739990234375,585.6199951171875,585.6400146484375,11250300
2026-08-10,594.4508666992188,594.9199829101562,608.2100219726562,592.030029296875,599.1300048828125,14967300
2026-08-11,598.6475219726562,599.1199951171875,612.4299926757812,593.4000244140625,598.0,13146900
2026-08-12,578.3934936523438,578.8499755859375,604.5,578.2100219726562,601.0700073242188,16186900
2026-08-13,594.5007934570312,594.969970703125,595.8499755859375,579.3900146484375,580.7100219726562,11164200
2026-08-14,589.3848266601562,589.8499755859375,601.8599853515625,589.2899780273438,596.97998046875,8758000
2026-08-17,568.5213012695312,568.969970703125,590.239990234375,564.75,589.75,17225600
2026-08-18,543.2412719726562,543.6699829101562,560.6599731445312,543.2100219726562,557.47998046875,27094900
2026-08-19,545.5994262695312,546.030029296875,554.0700073242188,537.27001953125,541.3400268554688,16971700
2026-08-20,545.3995971679688,545.8300170898438,549.989990234375,539.3099975585938,546.9500122070312,13872200
2026-08-21,549.4663696289062,549.9000244140625,553.8699951171875,543.22998046875,546.8900146484375,13848000
2026-08-24,558.5792236328125,559.02001953125,561.4199829101562,546.2999877929688,550.2000122070312,12990600
2026-08-25,569.6004638671875,570.0499877929688,570.7999877929688,561.4000244140625,563.8800048828125,9769100
2026-08-26,575.6856689453125,576.1400146484375,593.3400268554688,561.8800048828125,590.3099975585938,31416300
2026-08-27,570.6495971679688,571.0999755859375,588.3900146484375,567.6199951171875,576.47998046875,15221400
2026-08-28,577.564208984375,578.02001953125,589.1900024414062,571.0,571.5499877929688,16042400
2026-08-31,571.888671875,572.3400268554688,578.6799926757812,569.1400146484375,577.6300048828125,13383800
2026-09-01,578.083740234375,578.5399780273438,584.9500122070312,556.0999755859375,558.3499755859375,15796900
2026-09-02,592.3824462890625,592.8499755859375,600.3800048828125,577.0,578.7899780273438,16552700
2026-09-03,610.1984252929688,610.6799926757812,619.4600219726562,604.3499755859375,604.489990234375,19737100
2026-09-04,616.2836303710938,616.77001953125,617.4600219726562,605.27001953125,612.3499755859375,15966200
2026-09-08,612.9962158203125,613.47998046875,624.7999877929688,609.739990234375,616.2100219726562,18909700
2026-09-09,653.1744995117188,653.6900024414062,657.8599853515625,638.5599975585938,648.6400146484375,35900700
2026-09-10,643.8718872070312,644.3800048828125,663.5,642.1400146484375,653.7100219726562,21531900
2026-09-11,647.51904296875,648.030029296875,664.239990234375,646.2000122070312,653.510009765625,16925000
2026-09-14,665.0751342773438,665.5999755859375,668.5999755859375,649.219970703125,657.8300170898438,19332300
2026-09-15,669.7114868164062,670.239990234375,678.8699951171875,656.2000122070312,659.2999877929688,19502800
2026-09-16,672.779052734375,673.3099975585938,685.3099975585938,671.9099731445312,679.9099731445312,17217800
2026-09-17,681.77197265625,682.3099975585938,683.2000122070312,667.0499877929688,682.4400024414062,15928000
2026-09-18,665.2250366210938,665.75,690.1500244140625,660.7999877929688,688.6199951171875,27596400
2026-09-21,741.25,741.25,753.0,679.5999755859375,680.2999877929688,48720500
2026-09-22,736.5999755859375,736.5999755859375,757.27001953125,730.0,731.4000244140625,28122100
2026-09-23,744.0999755859375,744.0999755859375,763.9000244140625,739.510009765625,747.5999755859375,30829200
2026-09-24,777.5900268554688,777.5900268554688,779.8200073242188,743.010009765625,744.3599853515625,34808500
2026-09-25,751.6599731445312,751.6599731445312,769.5700073242188,746.5399780273438,768.8499755859375,25826700
2026-09-28,715.6199951171875,715.6199951171875,750.5800170898438,713.1900024414062,750.0399780273438,27943100
2026-09-29,738.7899780273438,738.7899780273438,740.4500122070312,715.0999755859375,725.0,23591100
2026-09-30,725.1799926757812,725.1799926757812,738.25,721.2999877929688,730.27001953125,19293000
2026-10-01,725.9299926757812,725.9299926757812,735.8800048828125,721.510009765625,728.530029296875,12408400
2026-10-02,728.0800170898438,728.0800170898438,741.5800170898438,726.2000122070312,733.25,12964100
2026-10-05,741.9000244140625,741.9000244140625,746.7000122070312,727.1199951171875,727.7100219726562,15215300
2026-10-06,738.8800048828125,738.8800048828125,747.5999755859375,736.6900024414062,746.72998046875,12563100
2026-10-07,721.3099975585938,721.3099975585938,738.2899780273438,720.1500244140625,738.2899780273438,13188700
