Date,Adj Close,Close,High,Low,Open,Volume
2015-01-02,39.607177734375,46.7599983215332,47.41999816894531,46.540000915527344,46.65999984741211,27913900
2015-01-05,39.24295425415039,46.33000183105469,46.72999954223633,46.25,46.369998931884766,39673900
2015-01-06,38.66697692871094,45.650001525878906,46.75,45.540000915527344,46.380001068115234,36447900
2015-01-07,39.158267974853516,46.22999954223633,46.459999084472656,45.4900016784668,45.97999954223633,29114100
2015-01-08,40.31021499633789,47.59000015258789,47.75,46.720001220703125,46.75,29645200
2015-01-09,39.971405029296875,47.189998626708984,47.81999969482422,46.900001525878906,47.61000061035156,23944200
2015-01-12,39.47165298461914,46.599998474121094,47.540000915527344,46.36000061035156,47.41999816894531,23651900
2015-01-13,39.26836395263672,46.36000061035156,47.90999984741211,46.060001373291016,46.970001220703125,35270600
2015-01-14,38.9295539855957,45.959999084472656,46.2400016784668,45.619998931884766,45.959999084472656,29719600
2015-01-15,38.522972106933594,45.47999954223633,46.380001068115234,45.40999984741211,46.220001220703125,32750800
2015-01-16,39.16673278808594,46.2400016784668,46.279998779296875,45.16999816894531,45.310001373291016,35695300
2015-01-20,39.29377746582031,46.38999938964844,46.650001525878906,45.56999969482422,46.29999923706055,36161900
2015-01-21,38.89567565917969,45.91999816894531,46.13999938964844,45.47999954223633,45.939998626708984,39081100
2015-01-22,39.920570373535156,47.130001068115234,47.13999938964844,46.08000183105469,46.380001068115234,35898000
2015-01-23,39.962928771972656,47.18000030517578,47.38999938964844,46.79999923706055,47.36000061035156,26211600
2015-01-26,39.81893539428711,47.0099983215332,47.130001068115234,46.2400016784668,47.0,42525500
2015-01-27,36.134342193603516,42.65999984741211,43.20000076293945,42.11000061035156,42.95000076293945,169164000
2015-01-28,34.88921356201172,41.189998626708984,42.790000915527344,41.15999984741211,42.7400016784668,84507100
2015-01-29,35.583770751953125,42.0099983215332,42.119998931884766,40.790000915527344,40.93000030517578,63585300
2015-01-30,34.22007369995117,40.400001525878906,41.58000183105469,40.349998474121094,41.54999923706055,78004900
2015-02-02,34.96543884277344,41.279998779296875,41.369998931884766,40.22999954223633,40.59000015258789,50352500
2015-02-03,35.23650360107422,41.599998474121094,41.93000030517578,41.04999923706055,41.630001068115234,52082400
2015-02-04,35.439788818359375,41.84000015258789,42.209999084472656,41.36000061035156,41.939998626708984,41614800
2015-02-05,35.956485748291016,42.45000076293945,42.63999938964844,41.86000061035156,42.220001220703125,36548200
2015-02-06,35.92259979248047,42.40999984741211,42.790000915527344,42.150001525878906,42.68000030517578,34616600
2015-02-09,35.8802490234375,42.36000061035156,42.7400016784668,42.209999084472656,42.2400016784668,31381100
2015-02-10,36.08354187011719,42.599998474121094,42.77000045776367,42.18000030517578,42.7400016784668,29670700
2015-02-11,35.89719009399414,42.380001068115234,42.650001525878906,42.209999084472656,42.650001525878906,38262500
2015-02-12,36.49858093261719,43.09000015258789,43.09000015258789,42.5099983215332,42.65999984741211,33268800
2015-02-13,37.159263610839844,43.869998931884766,43.869998931884766,43.150001525878906,43.380001068115234,40264900
2015-02-17,37.17632293701172,43.58000183105469,44.0,43.189998626708984,43.970001220703125,33695700
2015-02-18,37.1336669921875,43.529998779296875,43.70000076293945,43.38999938964844,43.630001068115234,27111700
2015-02-19,37.108070373535156,43.5,43.529998779296875,43.04999923706055,43.18000030517578,27603400
2015-02-20,37.41518020629883,43.86000061035156,43.880001068115234,43.290000915527344,43.5099983215332,29721100
2015-02-23,37.66256332397461,44.150001525878906,44.189998626708984,43.650001525878906,43.70000076293945,32518800
2015-02-24,37.61137390136719,44.09000015258789,44.29999923706055,43.91999816894531,44.150001525878906,25271700
2015-02-25,37.52607345581055,43.9900016784668,44.09000015258789,43.79999923706055,43.95000076293945,29759800
2015-02-26,37.58577346801758,44.060001373291016,44.22999954223633,43.88999938964844,43.9900016784668,28957300
2015-02-27,37.406654357910156,43.849998474121094,44.20000076293945,43.65999984741211,44.130001068115234,33807700
2015-03-02,37.4322395324707,43.880001068115234,44.189998626708984,43.54999923706055,43.66999816894531,31924000
2015-03-03,36.920406341552734,43.279998779296875,43.83000183105469,43.09000015258789,43.560001373291016,31748600
2015-03-04,36.732730865478516,43.060001373291016,43.209999084472656,42.880001068115234,43.0099983215332,25748700
2015-03-05,36.775386810302734,43.11000061035156,43.2400016784668,42.81999969482422,43.06999969482422,23193500
2015-03-06,36.135589599609375,42.36000061035156,43.11000061035156,42.150001525878906,43.0,36248800
2015-03-09,36.553592681884766,42.849998474121094,43.130001068115234,42.189998626708984,42.189998626708984,32108000
2015-03-10,35.85408401489258,42.029998779296875,42.709999084472656,42.029998779296875,42.349998474121094,39159700
2015-03-11,35.811424255371094,41.97999954223633,42.369998931884766,41.84000015258789,42.310001373291016,32215300
2015-03-12,34.992496490478516,41.02000045776367,41.650001525878906,40.86000061035156,41.33000183105469,59992500
2015-03-13,35.29958724975586,41.380001068115234,41.470001220703125,40.61000061035156,40.70000076293945,58007700
2015-03-16,35.45314025878906,41.560001373291016,41.63999938964844,41.279998779296875,41.470001220703125,35273500
2015-03-17,35.57255935668945,41.70000076293945,41.83000183105469,41.150001525878906,41.369998931884766,31673400
2015-03-18,36.25501251220703,42.5,42.83000183105469,41.33000183105469,41.43000030517578,44194800
2015-03-19,36.075897216796875,42.290000915527344,42.59000015258789,42.220001220703125,42.2599983215332,33879100
2015-03-20,36.579185485839844,42.880001068115234,42.97999954223633,42.4900016784668,42.560001373291016,71904500
2015-03-23,36.56211471557617,42.86000061035156,43.130001068115234,42.779998779296875,42.880001068115234,26246100
2015-03-24,36.59623718261719,42.900001525878906,43.16999816894531,42.75,42.779998779296875,25513300
2015-03-25,35.367828369140625,41.459999084472656,42.93000030517578,41.439998626708984,42.91999816894531,43469900
2015-03-26,35.154563903808594,41.209999084472656,41.61000061035156,40.91999816894531,41.220001220703125,37495600
2015-03-27,34.949832916259766,40.970001220703125,41.43000030517578,40.83000183105469,41.119998931884766,34401400
2015-03-30,34.94130325317383,40.959999084472656,41.540000915527344,40.90999984741211,41.099998474121094,35049700
2015-03-31,34.68537139892578,40.65999984741211,41.029998779296875,40.540000915527344,40.779998779296875,34887200
2015-04-01,34.736572265625,40.720001220703125,40.7599983215332,40.310001373291016,40.599998474121094,36865300
2015-04-02,34.3697624206543,40.290000915527344,40.7400016784668,40.119998931884766,40.65999984741211,37487500
2015-04-06,35.444618225097656,41.54999923706055,41.779998779296875,40.18000030517578,40.34000015258789,39223700
2015-04-07,35.42753982543945,41.529998779296875,41.90999984741211,41.310001373291016,41.61000061035156,28809400
2015-04-08,35.33372116088867,41.41999816894531,41.689998626708984,41.040000915527344,41.459999084472656,24753400
2015-04-09,35.38489532470703,41.47999954223633,41.619998931884766,41.25,41.25,25723900
2015-04-10,35.589630126953125,41.720001220703125,41.95000076293945,41.40999984741211,41.630001068115234,28022000
2015-04-13,35.62373733520508,41.7599983215332,42.060001373291016,41.38999938964844,41.400001525878906,30276700
2015-04-14,35.52992248535156,41.650001525878906,42.029998779296875,41.38999938964844,41.79999923706055,24244400
2015-04-15,36.0502815246582,42.2599983215332,42.459999084472656,41.68000030517578,41.7599983215332,27343600
2015-04-16,35.9649658203125,42.15999984741211,42.34000015258789,41.81999969482422,41.95000076293945,22509700
2015-04-17,35.504329681396484,41.619998931884766,41.7400016784668,41.15999984741211,41.66999816894531,42387600
2015-04-20,36.60478210449219,42.90999984741211,43.16999816894531,41.68000030517578,41.72999954223633,46057700
2015-04-21,36.37443542480469,42.63999938964844,43.150001525878906,42.529998779296875,43.0,26013800
2015-04-22,36.67301559448242,42.9900016784668,43.130001068115234,42.54999923706055,42.66999816894531,25064300
2015-04-23,36.971588134765625,43.34000015258789,43.61000061035156,42.79999923706055,42.88999938964844,46309500
2015-04-24,40.83595275878906,47.869998931884766,48.13999938964844,45.650001525878906,45.65999984741211,130933700
2015-04-27,40.972434997558594,48.029998779296875,48.130001068115234,47.220001220703125,47.22999954223633,59248200
2015-04-28,41.93639373779297,49.15999984741211,49.209999084472656,47.70000076293945,47.779998779296875,60730800
2015-04-29,41.85108184814453,49.060001373291016,49.310001373291016,48.5,48.720001220703125,47804600
2015-04-30,41.49280548095703,48.63999938964844,49.540000915527344,48.599998474121094,48.70000076293945,64725500
2015-05-01,41.509849548339844,48.65999984741211,48.880001068115234,48.400001525878906,48.58000183105469,38937300
2015-05-04,41.151588439941406,48.2400016784668,48.869998931884766,48.18000030517578,48.369998931884766,34039500
2015-05-05,40.605621337890625,47.599998474121094,48.15999984741211,47.310001373291016,47.81999969482422,50369200
2015-05-06,39.47957992553711,46.279998779296875,47.77000045776367,46.02000045776367,47.56999969482422,52433000
2015-05-07,39.83786392211914,46.70000076293945,47.09000015258789,46.15999984741211,46.27000045776367,32971700
2015-05-08,40.73358154296875,47.75,47.97999954223633,47.52000045776367,47.54999923706055,35364900
2015-05-11,40.409400939941406,47.369998931884766,47.90999984741211,47.369998931884766,47.54999923706055,24609400
2015-05-12,40.39234924316406,47.349998474121094,47.68000030517578,46.41999816894531,46.849998474121094,29928300
2015-05-13,40.6312141418457,47.630001068115234,48.31999969482422,47.56999969482422,48.189998626708984,34184600
2015-05-14,41.56105041503906,48.720001220703125,48.81999969482422,48.029998779296875,48.029998779296875,32980900
2015-05-15,41.202754974365234,48.29999923706055,48.90999984741211,48.04999923706055,48.869998931884766,28642700
2015-05-18,40.95536422729492,48.0099983215332,48.220001220703125,47.61000061035156,47.97999954223633,24136500
2015-05-19,40.85234069824219,47.58000183105469,47.810001373291016,47.18000030517578,47.560001373291016,28574800
2015-05-20,40.85234069824219,47.58000183105469,47.93000030517578,47.27000045776367,47.38999938964844,25047900
2015-05-21,40.7149543762207,47.41999816894531,47.599998474121094,47.0099983215332,47.279998779296875,22410700
2015-05-22,40.26848602294922,46.900001525878906,47.349998474121094,46.81999969482422,47.29999923706055,25720600
2015-05-26,40.0023307800293,46.59000015258789,46.880001068115234,46.189998626708984,46.83000183105469,29581900
2015-05-27,40.87807846069336,47.61000061035156,47.77000045776367,46.619998931884766,46.81999969482422,27335600
2015-05-28,40.7407112121582,47.45000076293945,48.02000045776367,47.38999938964844,47.5,19283700
2015-05-29,40.2341423034668,46.86000061035156,47.56999969482422,46.59000015258789,47.43000030517578,36519600
2015-06-01,40.55183410644531,47.22999954223633,47.77000045776367,46.619998931884766,47.060001373291016,28837300
2015-06-02,40.2856559753418,46.91999816894531,47.349998474121094,46.619998931884766,46.93000030517578,21498300
2015-06-03,40.225555419921875,46.849998474121094,47.7400016784668,46.81999969482422,47.369998931884766,28002200
2015-06-04,39.80484390258789,46.36000061035156,47.15999984741211,46.20000076293945,46.790000915527344,27745500
2015-06-05,39.61594772338867,46.13999938964844,46.52000045776367,45.84000015258789,46.310001373291016,25438100
2015-06-08,39.263916015625,45.72999954223633,46.43000030517578,45.66999816894531,46.29999923706055,22121600
2015-06-09,39.19523620605469,45.650001525878906,45.939998626708984,45.459999084472656,45.7599983215332,24406100
2015-06-10,40.01947784423828,46.61000061035156,46.83000183105469,45.689998626708984,45.790000915527344,28417400
2015-06-11,39.873531341552734,46.439998626708984,46.91999816894531,46.130001068115234,46.65999984741211,27347800
2015-06-12,39.46998596191406,45.970001220703125,46.470001220703125,45.900001525878906,46.220001220703125,23931000
2015-06-15,39.049259185791016,45.47999954223633,45.650001525878906,45.02000045776367,45.45000076293945,33254500
2015-06-16,39.349788665771484,45.83000183105469,46.2400016784668,45.29999923706055,45.349998474121094,27070300
2015-06-17,39.46998596191406,45.970001220703125,46.06999969482422,45.36000061035156,45.72999954223633,28704100
2015-06-18,40.113948822021484,46.720001220703125,46.79999923706055,46.16999816894531,46.220001220703125,32658300
2015-06-19,39.58160400390625,46.099998474121094,46.83000183105469,45.9900016784668,46.790000915527344,63837000
2015-06-22,39.693241119384766,46.22999954223633,46.720001220703125,46.15999984741211,46.33000183105469,20318100
2015-06-23,39.41848373413086,45.90999984741211,46.279998779296875,45.619998931884766,46.130001068115234,25896500
2015-06-24,39.186641693115234,45.63999938964844,46.25,45.54999923706055,45.66999816894531,34890900
2015-06-25,39.19523620605469,45.650001525878906,46.060001373291016,45.5,46.029998779296875,20616000
2015-06-26,38.860382080078125,45.2599983215332,46.279998779296875,45.029998779296875,45.650001525878906,49835300
2015-06-29,38.096221923828125,44.369998931884766,45.22999954223633,44.36000061035156,45.040000915527344,34081700
2015-06-30,37.907325744628906,44.150001525878906,44.720001220703125,43.939998626708984,44.709999084472656,35945400
2015-07-01,38.16490936279297,44.45000076293945,45.22999954223633,44.099998474121094,44.459999084472656,28343900
2015-07-02,38.121986389160156,44.400001525878906,44.75,44.060001373291016,44.47999954223633,21752000
2015-07-06,38.11339569091797,44.38999938964844,44.47999954223633,43.95000076293945,43.959999084472656,23034000
2015-07-07,38.03611755371094,44.29999923706055,44.4900016784668,43.31999969482422,44.34000015258789,36435800
2015-07-08,37.9846076965332,44.2400016784668,44.900001525878906,44.029998779296875,44.439998626708984,39785900
2015-07-09,38.22501754760742,44.52000045776367,45.220001220703125,44.5,44.75,32424700
2015-07-10,38.30228805541992,44.61000061035156,45.13999938964844,44.56999969482422,45.0099983215332,25465800
2015-07-13,39.100799560546875,45.540000915527344,45.619998931884766,44.95000076293945,44.97999954223633,28178300
2015-07-14,39.16948318481445,45.619998931884766,45.959999084472656,45.310001373291016,45.45000076293945,22880300
2015-07-15,39.28968048095703,45.7599983215332,45.88999938964844,45.43000030517578,45.68000030517578,26629600
2015-07-16,40.06242370605469,46.65999984741211,46.689998626708984,45.970001220703125,46.0099983215332,26271700
2015-07-17,40.028076171875,46.619998931884766,46.779998779296875,46.2599983215332,46.54999923706055,29467100
2015-07-20,40.2856559753418,46.91999816894531,47.130001068115234,46.439998626708984,46.650001525878906,30631900
2015-07-21,40.594757080078125,47.279998779296875,47.33000183105469,46.47999954223633,46.779998779296875,42781900
2015-07-22,39.100799560546875,45.540000915527344,46.93000030517578,45.20000076293945,45.439998626708984,59152400
2015-07-23,39.59020233154297,46.11000061035156,46.22999954223633,45.099998474121094,45.27000045776367,33934000
2015-07-24,39.44423294067383,45.939998626708984,46.31999969482422,45.79999923706055,45.90999984741211,32333200
2015-07-27,38.93765640258789,45.349998474121094,46.0099983215332,45.25,45.939998626708984,39701400
2015-07-28,38.929073333740234,45.34000015258789,45.63999938964844,44.790000915527344,45.58000183105469,34328900
2015-07-29,39.74473571777344,46.290000915527344,46.779998779296875,45.2599983215332,45.400001525878906,40945900
2015-07-30,40.251312255859375,46.880001068115234,47.400001525878906,45.93000030517578,46.2599983215332,39777900
2015-07-31,40.09676742553711,46.70000076293945,47.369998931884766,46.5,47.290000915527344,31201500
2015-08-03,40.191219329833984,46.810001373291016,47.0,46.45000076293945,46.97999954223633,24125900
2015-08-04,40.81798553466797,47.540000915527344,47.709999084472656,46.68000030517578,46.75,33403900
2015-08-05,40.85234069824219,47.58000183105469,48.40999984741211,47.540000915527344,47.97999954223633,26959700
2015-08-06,40.028076171875,46.619998931884766,47.77000045776367,46.33000183105469,47.709999084472656,27368000
2015-08-07,40.1311149597168,46.7400016784668,46.779998779296875,46.2599983215332,46.38999938964844,19163000
2015-08-10,40.63768768310547,47.33000183105469,47.4900016784668,46.84000015258789,46.95000076293945,23079900
2015-08-11,39.84778594970703,46.40999984741211,46.939998626708984,45.900001525878906,46.81999969482422,29237400
2015-08-12,40.1311149597168,46.7400016784668,46.900001525878906,45.709999084472656,46.189998626708984,30181400
2015-08-13,40.12252426147461,46.72999954223633,47.099998474121094,46.4900016784668,47.060001373291016,22627200
2015-08-14,40.35435104370117,47.0,47.099998474121094,46.52000045776367,46.529998779296875,21473400
2015-08-17,40.62909698486328,47.31999969482422,47.45000076293945,46.56999969482422,46.810001373291016,21099700
2015-08-18,40.85380935668945,47.27000045776367,47.43000030517578,46.70000076293945,46.84000015258789,23574100
2015-08-19,40.283390045166016,46.61000061035156,47.08000183105469,46.29999923706055,46.779998779296875,31485500
2015-08-20,39.46234893798828,45.65999984741211,46.470001220703125,45.65999984741211,46.06999969482422,36238200
2015-08-21,37.223899841308594,43.06999969482422,45.47999954223633,43.06999969482422,45.29999923706055,70053100
2015-08-24,36.02256393432617,41.68000030517578,42.689998626708984,39.720001220703125,40.45000076293945,88753700
2015-08-25,34.976810455322266,40.470001220703125,43.2400016784668,40.38999938964844,42.56999969482422,70616600
2015-08-26,36.91276168823242,42.709999084472656,42.84000015258789,41.060001373291016,42.0099983215332,63408000
2015-08-27,37.94124984741211,43.900001525878906,43.95000076293945,42.93000030517578,43.22999954223633,50943200
2015-08-28,37.967166900634766,43.93000030517578,44.150001525878906,43.38999938964844,43.400001525878906,28246700
2015-08-31,37.6128044128418,43.52000045776367,43.93000030517578,43.099998474121094,43.560001373291016,34441700
2015-09-01,36.14356994628906,41.81999969482422,42.59000015258789,41.65999984741211,42.16999816894531,49688900
2015-09-02,37.47452926635742,43.36000061035156,43.380001068115234,41.880001068115234,42.36000061035156,37671500
2015-09-03,37.59553527832031,43.5,43.97999954223633,43.279998779296875,43.40999984741211,28285200
2015-09-04,36.82634735107422,42.61000061035156,43.040000915527344,42.20000076293945,42.810001373291016,37138800
2015-09-08,37.932594299316406,43.88999938964844,44.0,43.20000076293945,43.29999923706055,32469800
2015-09-09,37.223899841308594,43.06999969482422,44.400001525878906,42.90999984741211,44.209999084472656,33469500
2015-09-10,37.414024353027344,43.290000915527344,43.790000915527344,42.75,43.119998931884766,31366600
2015-09-11,37.57825469970703,43.47999954223633,43.59000015258789,42.939998626708984,43.13999938964844,27132500
2015-09-14,37.19798278808594,43.040000915527344,43.439998626708984,42.86000061035156,43.43000030517578,23656000
2015-09-15,38.0103874206543,43.97999954223633,44.290000915527344,43.08000183105469,43.189998626708984,28882200
2015-09-16,38.28695297241211,44.29999923706055,44.380001068115234,43.84000015258789,43.970001220703125,23372200
2015-09-17,38.24372863769531,44.25,45.0,44.08000183105469,44.290000915527344,32768200
2015-09-18,37.57825469970703,43.47999954223633,43.9900016784668,43.33000183105469,43.5,63143700
2015-09-21,38.12272644042969,44.11000061035156,44.470001220703125,43.599998474121094,43.619998931884766,26177200
2015-09-22,37.94124984741211,43.900001525878906,44.04999923706055,43.310001373291016,43.380001068115234,28085900
2015-09-23,37.91530990600586,43.869998931884766,44.16999816894531,43.5099983215332,43.93000030517578,17145200
2015-09-24,37.94988250732422,43.90999984741211,44.130001068115234,43.27000045776367,43.45000076293945,27905600
2015-09-25,37.975807189941406,43.939998626708984,44.72999954223633,43.7599983215332,44.47999954223633,29384600
2015-09-28,37.414024353027344,43.290000915527344,44.09000015258789,43.209999084472656,43.83000183105469,27613800
2015-09-29,37.5436897277832,43.439998626708984,43.56999969482422,43.04999923706055,43.369998931884766,32763600
2015-09-30,38.25237274169922,44.2599983215332,44.29999923706055,43.65999984741211,43.880001068115234,34958900
2015-10-01,38.55485916137695,44.61000061035156,44.75,43.75,44.75,28657900
2015-10-02,39.384559631347656,45.56999969482422,45.56999969482422,43.91999816894531,44.27000045776367,41839000
2015-10-05,40.30067825317383,46.630001068115234,46.88999938964844,45.70000076293945,45.75,34369300
2015-10-06,40.40439987182617,46.75,47.18000030517578,46.220001220703125,46.33000183105469,27017200
2015-10-07,40.447601318359375,46.79999923706055,47.349998474121094,45.95000076293945,47.099998474121094,27711500
2015-10-08,41.00937271118164,47.45000076293945,47.52000045776367,46.5,46.560001373291016,33772700
2015-10-09,40.71552658081055,47.11000061035156,47.540000915527344,46.91999816894531,47.45000076293945,28600600
2015-10-12,40.62046432495117,47.0,47.06999969482422,46.5,46.97999954223633,19769100
2015-10-13,40.525394439697266,46.88999938964844,47.130001068115234,46.560001373291016,46.560001373291016,19987800
2015-10-14,40.34388732910156,46.68000030517578,47.099998474121094,46.529998779296875,46.650001525878906,24697800
2015-10-15,40.62909698486328,47.0099983215332,47.029998779296875,46.529998779296875,47.0099983215332,27189400
2015-10-16,41.06122589111328,47.5099983215332,47.540000915527344,46.900001525878906,47.02000045776367,26450300
2015-10-19,41.156307220458984,47.619998931884766,47.880001068115234,47.02000045776367,47.41999816894531,29387600
2015-10-20,41.285945892333984,47.77000045776367,47.810001373291016,47.02000045776367,47.439998626708984,30802200
2015-10-21,40.79331588745117,47.20000076293945,47.9900016784668,47.11000061035156,47.91999816894531,25144300
2015-10-22,41.510650634765625,48.029998779296875,48.95000076293945,47.09000015258789,47.529998779296875,56637100
2015-10-23,45.693695068359375,52.869998931884766,54.06999969482422,52.25,52.29999923706055,135227100
2015-10-26,46.88638687133789,54.25,54.31999969482422,52.5,52.529998779296875,64633300
2015-10-27,46.40239334106445,53.689998626708984,54.369998931884766,53.58000183105469,53.9900016784668,50999900
2015-10-28,46.65302658081055,53.97999954223633,53.97999954223633,52.86000061035156,53.540000915527344,47000800
2015-10-29,46.117191314697266,53.36000061035156,53.83000183105469,53.220001220703125,53.540000915527344,30202100
2015-10-30,45.494903564453125,52.63999938964844,53.9900016784668,52.619998931884766,53.31999969482422,46619800
2015-11-02,46.01347732543945,53.2400016784668,53.36000061035156,52.619998931884766,52.849998474121094,30285000
2015-11-03,46.799964904785156,54.150001525878906,54.38999938964844,52.900001525878906,52.93000030517578,36596900
2015-11-04,47.016029357910156,54.400001525878906,54.880001068115234,54.060001373291016,54.18000030517578,37087800
2015-11-05,46.99873352050781,54.380001068115234,54.70000076293945,54.0,54.4900016784668,31468500
2015-11-06,47.46542739868164,54.91999816894531,54.97999954223633,53.959999084472656,54.09000015258789,32851200
2015-11-09,46.80860137939453,54.15999984741211,54.869998931884766,53.560001373291016,54.54999923706055,32513100
2015-11-10,46.246829986572266,53.5099983215332,54.130001068115234,53.27000045776367,54.06999969482422,55283700
2015-11-11,46.36783218383789,53.650001525878906,54.20000076293945,53.459999084472656,53.70000076293945,36516300
2015-11-12,46.08261489868164,53.31999969482422,53.97999954223633,53.189998626708984,53.47999954223633,35361100
2015-11-13,45.66777420043945,52.84000015258789,53.290000915527344,52.529998779296875,53.06999969482422,36848200
2015-11-16,46.47153091430664,53.77000045776367,53.88999938964844,52.849998474121094,53.08000183105469,32165200
2015-11-17,46.08870315551758,52.970001220703125,53.529998779296875,52.849998474121094,53.16999816894531,31551300
2015-11-18,46.85437774658203,53.849998474121094,53.97999954223633,52.97999954223633,53.0,29710000
2015-11-19,46.93267822265625,53.939998626708984,54.65999984741211,53.779998779296875,53.9900016784668,28149200
2015-11-20,47.150203704833984,54.189998626708984,54.29999923706055,53.27000045776367,54.25,37147600
2015-11-23,47.150203704833984,54.189998626708984,54.459999084472656,53.75,54.25,28235900
2015-11-24,47.20240783691406,54.25,54.439998626708984,53.58000183105469,53.91999816894531,24600000
2015-11-25,46.715152740478516,53.689998626708984,54.22999954223633,53.689998626708984,54.09000015258789,21005100
2015-11-27,46.92397689819336,53.93000030517578,54.08000183105469,53.790000915527344,53.79999923706055,9009100
2015-11-30,47.289424896240234,54.349998474121094,54.959999084472656,54.0,54.540000915527344,56241400
2015-12-01,48.0463981628418,55.220001220703125,55.22999954223633,54.29999923706055,54.40999984741211,39952800
2015-12-02,48.037689208984375,55.209999084472656,55.959999084472656,55.060001373291016,55.31999969482422,47274900
2015-12-03,47.158912658691406,54.20000076293945,55.77000045776367,53.93000030517578,55.4900016784668,38627800
2015-12-04,48.646766662597656,55.90999984741211,56.22999954223633,54.099998474121094,54.119998931884766,43963700
2015-12-07,48.55975341796875,55.810001373291016,55.970001220703125,55.290000915527344,55.790000915527344,30709800
2015-12-08,48.542362213134766,55.790000915527344,56.099998474121094,54.9900016784668,55.470001220703125,32878000
2015-12-09,47.83757400512695,54.97999954223633,55.869998931884766,54.5099983215332,55.369998931884766,36373200
2015-12-10,48.08989715576172,55.27000045776367,55.65999984741211,55.0099983215332,55.38999938964844,31775800
2015-12-11,47.03709411621094,54.060001373291016,55.099998474121094,54.0099983215332,54.709999084472656,39549500
2015-12-14,47.976776123046875,55.13999938964844,55.209999084472656,53.68000030517578,54.33000183105469,46768900
2015-12-15,48.02899932861328,55.20000076293945,55.900001525878906,55.09000015258789,55.65999984741211,39843000
2015-12-16,48.83818054199219,56.130001068115234,56.25,54.7599983215332,55.540000915527344,37503300
2015-12-17,48.46404266357422,55.70000076293945,56.790000915527344,55.529998779296875,56.36000061035156,41280900
2015-12-18,47.0980110168457,54.130001068115234,56.0,54.029998779296875,55.77000045776367,84684200
2015-12-21,47.70706558227539,54.83000183105469,55.349998474121094,54.22999954223633,54.880001068115234,37246300
2015-12-22,48.159507751464844,55.349998474121094,55.47999954223633,54.5,54.9900016784668,28322200
2015-12-23,48.568458557128906,55.81999969482422,55.880001068115234,55.439998626708984,55.70000076293945,27279800
2015-12-24,48.43794250488281,55.66999816894531,55.959999084472656,55.43000030517578,55.86000061035156,9558500
2015-12-28,48.681575775146484,55.95000076293945,55.95000076293945,54.97999954223633,55.349998474121094,22458300
2015-12-29,49.203617095947266,56.54999923706055,56.849998474121094,56.060001373291016,56.290000915527344,27731400
2015-12-30,48.99479293823242,56.310001373291016,56.779998779296875,56.290000915527344,56.470001220703125,21704500
2015-12-31,48.272621154785156,55.47999954223633,56.189998626708984,55.41999816894531,56.040000915527344,27334100
2016-01-04,47.68096160888672,54.79999923706055,54.79999923706055,53.38999938964844,54.31999969482422,53778000
2016-01-05,47.898494720458984,55.04999923706055,55.38999938964844,54.540000915527344,54.93000030517578,34079700
2016-01-06,47.02839279174805,54.04999923706055,54.400001525878906,53.63999938964844,54.31999969482422,39518900
2016-01-07,45.39262390136719,52.16999816894531,53.4900016784668,52.06999969482422,52.70000076293945,56564900
2016-01-08,45.53183364868164,52.33000183105469,53.279998779296875,52.150001525878906,52.369998931884766,48754000
2016-01-11,45.50572967529297,52.29999923706055,52.849998474121094,51.459999084472656,52.5099983215332,36943800
2016-01-12,45.92338180541992,52.779998779296875,53.099998474121094,52.060001373291016,52.7599983215332,36095500
2016-01-13,44.93146514892578,51.63999938964844,54.06999969482422,51.29999923706055,53.79999923706055,66883600
2016-01-14,46.21051025390625,53.11000061035156,53.41999816894531,51.56999969482422,52.0,52381900
2016-01-15,44.36593246459961,50.9900016784668,51.970001220703125,50.34000015258789,51.310001373291016,71820700
2016-01-19,43.99177932739258,50.560001373291016,51.68000030517578,50.060001373291016,51.47999954223633,43564500
2016-01-20,44.191890716552734,50.790000915527344,51.380001068115234,49.099998474121094,49.97999954223633,63273000
2016-01-21,43.92216491699219,50.47999954223633,51.58000183105469,50.29999923706055,51.0,40191200
2016-01-22,45.49702453613281,52.290000915527344,52.33000183105469,51.2599983215332,51.40999984741211,37555800
2016-01-25,45.06199264526367,51.790000915527344,52.650001525878906,51.650001525878906,51.939998626708984,34707700
2016-01-26,45.39262390136719,52.16999816894531,52.439998626708984,51.54999923706055,51.790000915527344,28900800
2016-01-27,44.566043853759766,51.220001220703125,52.20000076293945,51.02000045776367,52.0099983215332,36775200
2016-01-28,45.29691696166992,52.060001373291016,52.209999084472656,51.25,51.86000061035156,62513800
2016-01-29,47.93328094482422,55.09000015258789,55.09000015258789,54.0,54.72999954223633,83611700
2016-02-01,47.60264587402344,54.709999084472656,55.09000015258789,54.5,54.880001068115234,44208500
2016-02-02,46.114803314208984,53.0,54.2599983215332,52.650001525878906,54.16999816894531,56313800
2016-02-03,45.3839225769043,52.15999984741211,53.38999938964844,51.2599983215332,53.25,57559800
2016-02-04,45.24471664428711,52.0,52.810001373291016,51.369998931884766,52.099998474121094,46987100
2016-02-05,43.64373779296875,50.15999984741211,52.0,49.560001373291016,51.939998626708984,62009000
2016-02-08,42.991180419921875,49.40999984741211,49.56999969482422,48.189998626708984,49.54999923706055,59290500
2016-02-09,42.8780517578125,49.279998779296875,50.2400016784668,48.66999816894531,49.02000045776367,46740500
2016-02-10,43.2522087097168,49.709999084472656,50.38999938964844,49.52000045776367,49.88999938964844,38237000
2016-02-11,43.234798431396484,49.689998626708984,50.11000061035156,48.5099983215332,48.68000030517578,48878600
2016-02-12,43.939571380615234,50.5,50.68000030517578,49.75,50.25,34243300
2016-02-16,44.772098541259766,51.09000015258789,51.09000015258789,50.130001068115234,50.900001525878906,37291200
2016-02-17,45.937618255615234,52.41999816894531,52.77000045776367,51.45000076293945,51.4900016784668,40789000
2016-02-18,45.73606491088867,52.189998626708984,52.95000076293945,52.099998474121094,52.33000183105469,27176000
2016-02-19,45.41181182861328,51.81999969482422,52.279998779296875,51.529998779296875,51.970001220703125,33559100
2016-02-22,46.13917922973633,52.650001525878906,53.0,52.279998779296875,52.279998779296875,25008300
2016-02-23,44.85096740722656,51.18000030517578,52.369998931884766,50.97999954223633,52.34000015258789,28895300
2016-02-24,45.00871658325195,51.36000061035156,51.5,50.20000076293945,50.689998626708984,33014500
2016-02-25,45.65719223022461,52.099998474121094,52.099998474121094,50.61000061035156,51.72999954223633,26939500
2016-02-26,44.956111907958984,51.29999923706055,52.68000030517578,51.099998474121094,52.599998474121094,35975900
2016-02-29,44.58806610107422,50.880001068115234,51.650001525878906,50.65999984741211,51.349998474121094,31654000
2016-03-01,46.07782745361328,52.58000183105469,52.59000015258789,50.91999816894531,50.970001220703125,33024500
2016-03-02,46.402076721191406,52.95000076293945,52.959999084472656,52.15999984741211,52.40999984741211,29289900
2016-03-03,45.87628936767578,52.349998474121094,52.970001220703125,51.779998779296875,52.970001220703125,24427800
2016-03-04,45.59585952758789,52.029998779296875,52.45000076293945,51.709999084472656,52.400001525878906,33034200
2016-03-07,44.71951675415039,51.029998779296875,51.79999923706055,50.58000183105469,51.560001373291016,38407800
2016-03-08,45.262847900390625,51.650001525878906,52.130001068115234,50.599998474121094,50.79999923706055,33835100
2016-03-09,46.305694580078125,52.84000015258789,52.849998474121094,51.86000061035156,51.88999938964844,28251600
2016-03-10,45.61337661743164,52.04999923706055,52.939998626708984,51.15999984741211,52.93000030517578,38387800
2016-03-11,46.507232666015625,53.06999969482422,53.06999969482422,52.380001068115234,53.0,32275700
2016-03-14,46.594879150390625,53.16999816894531,53.59000015258789,52.630001068115234,52.709999084472656,24083600
2016-03-15,46.96294403076172,53.59000015258789,53.59000015258789,52.7400016784668,52.75,21104800
2016-03-16,47.62895202636719,54.349998474121094,54.599998474121094,53.400001525878906,53.45000076293945,31691700
2016-03-17,47.9006233215332,54.65999984741211,55.0,54.0,54.209999084472656,28223900
2016-03-18,46.875308990478516,53.4900016784668,54.970001220703125,53.45000076293945,54.91999816894531,67625500
2016-03-21,47.199554443359375,53.86000061035156,53.93000030517578,52.93000030517578,53.25,23925700
2016-03-22,47.38359069824219,54.06999969482422,54.25,53.459999084472656,53.61000061035156,23124100
2016-03-23,47.29594421386719,53.970001220703125,54.2400016784668,53.7400016784668,54.11000061035156,20129000
2016-03-24,47.506263732910156,54.209999084472656,54.33000183105469,53.72999954223633,53.84000015258789,19950000
2016-03-28,46.91912841796875,53.540000915527344,54.290000915527344,53.33000183105469,54.209999084472656,17025100
2016-03-29,47.94444274902344,54.709999084472656,54.86000061035156,53.45000076293945,53.65999984741211,23924300
2016-03-30,48.24238967895508,55.04999923706055,55.63999938964844,54.900001525878906,54.93000030517578,23008300
2016-03-31,48.40012741088867,55.22999954223633,55.59000015258789,54.86000061035156,54.95000076293945,26360500
2016-04-01,48.69808578491211,55.56999969482422,55.61000061035156,54.56999969482422,55.04999923706055,24399200
2016-04-04,48.57538986206055,55.43000030517578,55.65999984741211,55.0,55.43000030517578,18928800
2016-04-05,47.812992095947266,54.560001373291016,55.29999923706055,54.459999084472656,55.189998626708984,19272300
2016-04-06,48.30372619628906,55.119998931884766,55.20000076293945,54.209999084472656,54.36000061035156,21188700
2016-04-07,47.72534942626953,54.459999084472656,54.90999984741211,54.22999954223633,54.869998931884766,19225100
2016-04-08,47.69029235839844,54.41999816894531,55.279998779296875,54.31999969482422,54.66999816894531,22167200
2016-04-11,47.593894958496094,54.310001373291016,55.150001525878906,54.29999923706055,54.4900016784668,21414200
2016-04-12,47.891845703125,54.650001525878906,54.779998779296875,53.7599983215332,54.369998931884766,24944300
2016-04-13,48.50530242919922,55.349998474121094,55.439998626708984,54.88999938964844,55.119998931884766,20818000
2016-04-14,48.51405715942383,55.36000061035156,55.58000183105469,55.06999969482422,55.220001220703125,20877100
2016-04-15,48.76819610595703,55.650001525878906,55.91999816894531,55.11000061035156,55.29999923706055,28793800
2016-04-18,49.47802734375,56.459999084472656,56.59000015258789,55.209999084472656,55.4900016784668,23786000
2016-04-19,49.416683197021484,56.38999938964844,56.77000045776367,55.68000030517578,56.630001068115234,29596800
2016-04-20,48.715614318847656,55.59000015258789,56.5,55.4900016784668,56.290000915527344,36195700
2016-04-21,48.882110595703125,55.779998779296875,56.22999954223633,55.41999816894531,55.79999923706055,38909100
2016-04-22,45.37675476074219,51.779998779296875,52.43000030517578,50.77000045776367,51.90999984741211,126834100
2016-04-25,45.665958404541016,52.11000061035156,52.130001068115234,51.630001068115234,51.779998779296875,33226900
2016-04-26,45.07881546020508,51.439998626708984,52.349998474121094,51.09000015258789,52.2599983215332,33532600
2016-04-27,44.640647888183594,50.939998626708984,51.5,50.54999923706055,51.47999954223633,43369300
2016-04-28,43.729248046875,49.900001525878906,50.77000045776367,49.560001373291016,50.619998931884766,43134800
2016-04-29,43.702945709228516,49.869998931884766,50.25,49.349998474121094,49.349998474121094,48411700
2016-05-02,44.3514404296875,50.61000061035156,50.75,49.779998779296875,50.0,33114500
2016-05-03,43.62409591674805,49.779998779296875,50.40999984741211,49.599998474121094,50.34000015258789,26460200
2016-05-04,43.702945709228516,49.869998931884766,50.060001373291016,49.459999084472656,49.84000015258789,24257600
2016-05-05,43.764305114746094,49.939998626708984,50.29999923706055,49.72999954223633,49.869998931884766,25390700
2016-05-06,44.158653259277344,50.38999938964844,50.38999938964844,49.65999984741211,49.91999816894531,24787300
2016-05-09,43.87822723388672,50.06999969482422,50.59000015258789,50.0,50.4900016784668,17951600
2016-05-10,44.71076202392578,51.02000045776367,51.099998474121094,50.189998626708984,50.33000183105469,22891000
2016-05-11,44.73704147338867,51.04999923706055,51.779998779296875,51.0,51.130001068115234,24039100
2016-05-12,45.140159606933594,51.5099983215332,51.810001373291016,50.91999816894531,51.20000076293945,24102800
2016-05-13,44.76334762573242,51.08000183105469,51.900001525878906,51.040000915527344,51.439998626708984,22592300
2016-05-16,45.420589447021484,51.83000183105469,51.959999084472656,50.75,50.79999923706055,20032000
2016-05-17,44.57341384887695,50.5099983215332,51.72999954223633,50.36000061035156,51.720001220703125,27803500
2016-05-18,44.83816146850586,50.810001373291016,51.13999938964844,50.29999923706055,50.47999954223633,24907500
2016-05-19,44.40574645996094,50.31999969482422,50.619998931884766,49.81999969482422,50.470001220703125,23842400
2016-05-20,44.67048645019531,50.619998931884766,51.220001220703125,50.400001525878906,50.47999954223633,23905800
2016-05-23,44.14982604980469,50.029998779296875,50.68000030517578,49.97999954223633,50.599998474121094,26118700
2016-05-24,45.52646255493164,51.59000015258789,51.709999084472656,50.400001525878906,50.70000076293945,34757900
2016-05-25,45.99417495727539,52.119998931884766,52.4900016784668,51.790000915527344,51.91999816894531,24040200
2016-05-26,45.791221618652344,51.88999938964844,51.97999954223633,51.36000061035156,51.93000030517578,24335200
2016-05-27,46.17069625854492,52.31999969482422,52.31999969482422,51.77000045776367,51.91999816894531,17721400
2016-05-31,46.77075958251953,53.0,53.0,52.08000183105469,52.2599983215332,37653100
2016-06-01,46.63838577270508,52.849998474121094,52.95000076293945,52.439998626708984,52.439998626708984,25324800
2016-06-02,46.31187438964844,52.47999954223633,52.7400016784668,51.84000015258789,52.63999938964844,22840800
2016-06-03,45.702972412109375,51.790000915527344,52.41999816894531,51.599998474121094,52.380001068115234,23368300
2016-06-06,46.003021240234375,52.130001068115234,52.349998474121094,51.88999938964844,51.9900016784668,18243300
2016-06-07,45.976531982421875,52.099998474121094,52.72999954223633,52.099998474121094,52.2400016784668,20866800
2016-06-08,45.923583984375,52.040000915527344,52.439998626708984,51.869998931884766,52.02000045776367,21149400
2016-06-09,45.552947998046875,51.619998931884766,52.0,51.4900016784668,52.0,20305700
2016-06-10,45.42940139770508,51.47999954223633,52.04999923706055,51.040000915527344,51.04999923706055,25833200
2016-06-13,44.24689865112305,50.13999938964844,50.720001220703125,49.060001373291016,49.58000183105469,83217800
2016-06-14,43.97335433959961,49.83000183105469,50.099998474121094,49.56999969482422,49.900001525878906,42577100
2016-06-15,43.84980773925781,49.689998626708984,50.119998931884766,49.689998626708984,49.779998779296875,33757600
2016-06-16,44.4675178527832,50.38999938964844,50.470001220703125,49.5099983215332,49.52000045776367,31188600
2016-06-17,44.23807907104492,50.130001068115234,50.43000030517578,49.81999969482422,50.40999984741211,45710500
2016-06-20,44.185142517089844,50.06999969482422,50.83000183105469,50.029998779296875,50.63999938964844,35607900
2016-06-21,45.17348861694336,51.189998626708984,51.43000030517578,50.15999984741211,50.20000076293945,34097800
2016-06-22,44.99700164794922,50.9900016784668,51.459999084472656,50.95000076293945,51.08000183105469,28816800
2016-06-23,45.808868408203125,51.90999984741211,52.060001373291016,51.150001525878906,51.279998779296875,29028800
2016-06-24,43.97335433959961,49.83000183105469,50.939998626708984,49.52000045776367,49.810001373291016,133503000
2016-06-27,42.737884521484375,48.43000030517578,49.150001525878906,48.040000915527344,49.099998474121094,50216300
2016-06-28,43.62917709350586,49.439998626708984,49.470001220703125,48.66999816894531,48.91999816894531,38140700
2016-06-29,44.59989547729492,50.540000915527344,50.720001220703125,49.79999923706055,49.90999984741211,31304000
2016-06-30,45.15582275390625,51.16999816894531,51.29999923706055,50.5,50.720001220703125,28527800
2016-07-01,45.147010803222656,51.15999984741211,51.720001220703125,51.06999969482422,51.130001068115234,21400400
2016-07-05,45.15582275390625,51.16999816894531,51.279998779296875,50.7400016784668,50.83000183105469,24806400
2016-07-06,45.341163635253906,51.380001068115234,51.540000915527344,50.38999938964844,50.779998779296875,28167500
2016-07-07,45.341163635253906,51.380001068115234,51.61000061035156,51.06999969482422,51.41999816894531,19585200
2016-07-08,46.153038024902344,52.29999923706055,52.36000061035156,51.54999923706055,51.72999954223633,28391000
2016-07-11,46.408939361572266,52.59000015258789,52.83000183105469,52.470001220703125,52.5,22269200
2016-07-12,46.956077575683594,53.209999084472656,53.400001525878906,52.790000915527344,52.939998626708984,27317600
2016-07-13,47.2208251953125,53.5099983215332,53.86000061035156,53.18000030517578,53.560001373291016,25356800
2016-07-14,47.42377853393555,53.7400016784668,53.9900016784668,53.58000183105469,53.84000015258789,24545500
2016-07-15,47.38848114013672,53.70000076293945,54.0,53.209999084472656,53.95000076293945,32024400
2016-07-18,47.617923736572266,53.959999084472656,54.34000015258789,53.54999923706055,53.70000076293945,31433900
2016-07-19,46.850181579589844,53.09000015258789,53.900001525878906,52.93000030517578,53.709999084472656,53336500
2016-07-20,49.3387336730957,55.90999984741211,56.84000015258789,55.529998779296875,56.150001525878906,89893300
2016-07-21,49.241668701171875,55.79999923706055,56.22999954223633,55.7599983215332,55.97999954223633,32776700
2016-07-22,49.921165466308594,56.56999969482422,56.630001068115234,55.779998779296875,56.08000183105469,32157200
2016-07-25,50.0623664855957,56.72999954223633,56.7400016784668,56.2599983215332,56.470001220703125,25610600
2016-07-26,50.08881759643555,56.7599983215332,57.290000915527344,56.5099983215332,56.52000045776367,28079000
2016-07-27,49.58583068847656,56.189998626708984,56.79999923706055,56.11000061035156,56.61000061035156,32327500
2016-07-28,49.603477478027344,56.209999084472656,56.369998931884766,55.720001220703125,56.0,37550400
2016-07-29,50.01823425292969,56.68000030517578,56.7599983215332,56.04999923706055,56.2599983215332,30558700
2016-08-01,49.929988861083984,56.58000183105469,56.75,56.13999938964844,56.599998474121094,26003400
2016-08-02,49.929988861083984,56.58000183105469,56.900001525878906,56.310001373291016,56.849998474121094,35122000
2016-08-03,50.27415084838867,56.970001220703125,57.11000061035156,56.4900016784668,56.68000030517578,22075600
2016-08-04,50.64479064941406,57.38999938964844,57.52000045776367,56.66999816894531,56.79999923706055,26587700
2016-08-05,51.14777755737305,57.959999084472656,58.209999084472656,57.45000076293945,57.650001525878906,29335200
2016-08-08,51.23604202270508,58.060001373291016,58.09000015258789,57.779998779296875,58.060001373291016,19473500
2016-08-09,51.359588623046875,58.20000076293945,58.5,58.02000045776367,58.16999816894531,16920700
2016-08-10,51.20073699951172,58.02000045776367,58.31999969482422,57.81999969482422,58.15999984741211,15756900
2016-08-11,51.44782257080078,58.29999923706055,58.45000076293945,58.029998779296875,58.029998779296875,18162300
2016-08-12,51.130149841308594,57.939998626708984,58.189998626708984,57.619998931884766,58.029998779296875,21655200
2016-08-15,51.28899002075195,58.119998931884766,58.5,57.959999084472656,58.0099983215332,19283900
2016-08-16,51.004844665527344,57.439998626708984,57.619998931884766,57.27000045776367,57.61000061035156,20523500
2016-08-17,51.11140060424805,57.560001373291016,57.68000030517578,57.22999954223633,57.540000915527344,18856400
2016-08-18,51.14691162109375,57.599998474121094,57.70000076293945,57.27000045776367,57.41999816894531,14214300
2016-08-19,51.16466522216797,57.619998931884766,57.72999954223633,57.20000076293945,57.43000030517578,17271000
2016-08-22,51.209068298339844,57.66999816894531,57.75,57.2599983215332,57.599998474121094,15221900
2016-08-23,51.4044303894043,57.88999938964844,58.18000030517578,57.849998474121094,57.900001525878906,18732400
2016-08-24,51.45770263671875,57.95000076293945,58.040000915527344,57.720001220703125,57.79999923706055,18151500
2016-08-25,51.65306091308594,58.16999816894531,58.290000915527344,57.779998779296875,57.880001068115234,18552600
2016-08-26,51.52873992919922,58.029998779296875,58.70000076293945,57.689998626708984,58.279998779296875,20971200
2016-08-29,51.59089660644531,58.099998474121094,58.599998474121094,58.099998474121094,58.18000030517578,16417200
2016-08-30,51.4044303894043,57.88999938964844,58.189998626708984,57.61000061035156,57.97999954223633,16930200
2016-08-31,51.02260208129883,57.459999084472656,57.79999923706055,57.29999923706055,57.650001525878906,20860300
2016-09-01,51.138038635253906,57.59000015258789,57.81999969482422,57.0099983215332,57.0099983215332,26075400
2016-09-02,51.209068298339844,57.66999816894531,58.189998626708984,57.41999816894531,57.66999816894531,18900500
2016-09-06,51.15580749511719,57.61000061035156,57.79999923706055,57.209999084472656,57.779998779296875,16278400
2016-09-07,51.200199127197266,57.65999984741211,57.84000015258789,57.40999984741211,57.470001220703125,17493400
2016-09-08,50.995948791503906,57.43000030517578,57.790000915527344,57.18000030517578,57.630001068115234,20146100
2016-09-09,49.91263961791992,56.209999084472656,57.52000045776367,56.209999084472656,56.790000915527344,35113900
2016-09-12,50.658538818359375,57.04999923706055,57.209999084472656,55.61000061035156,56.0,29303000
2016-09-13,50.19678497314453,56.529998779296875,56.650001525878906,56.04999923706055,56.5,30130200
2016-09-14,49.957035064697266,56.2599983215332,56.630001068115234,56.029998779296875,56.38999938964844,24062500
2016-09-15,50.782840728759766,57.189998626708984,57.349998474121094,55.97999954223633,56.150001525878906,26847000
2016-09-16,50.83612823486328,57.25,57.630001068115234,56.75,57.630001068115234,44607000
2016-09-19,50.55198669433594,56.93000030517578,57.75,56.849998474121094,57.27000045776367,20937100
2016-09-20,50.4454231262207,56.810001373291016,57.349998474121094,56.75,57.349998474121094,17384000
2016-09-21,51.28899002075195,57.7599983215332,57.849998474121094,57.08000183105469,57.5099983215332,33707300
2016-09-22,51.34226608276367,57.81999969482422,58.0,57.630001068115234,57.91999816894531,19822200
2016-09-23,50.995948791503906,57.43000030517578,57.90999984741211,57.380001068115234,57.869998931884766,19955300
2016-09-26,50.52534103393555,56.900001525878906,57.13999938964844,56.83000183105469,57.08000183105469,21688700
2016-09-27,51.45770263671875,57.95000076293945,58.060001373291016,56.68000030517578,56.93000030517578,28065100
2016-09-28,51.52873992919922,58.029998779296875,58.060001373291016,57.66999816894531,57.880001068115234,20536400
2016-09-29,50.96931457519531,57.400001525878906,58.16999816894531,57.209999084472656,57.810001373291016,25463500
2016-09-30,51.14691162109375,57.599998474121094,57.77000045776367,57.34000015258789,57.56999969482422,29910800
2016-10-03,50.987091064453125,57.41999816894531,57.54999923706055,57.060001373291016,57.40999984741211,19189500
2016-10-04,50.82724380493164,57.2400016784668,57.599998474121094,56.970001220703125,57.27000045776367,20085900
2016-10-05,51.18242645263672,57.63999938964844,57.959999084472656,57.2599983215332,57.290000915527344,16726400
2016-10-06,51.27122497558594,57.7400016784668,57.86000061035156,57.279998779296875,57.7400016784668,16212600
2016-10-07,51.324501037597656,57.79999923706055,57.97999954223633,57.41999816894531,57.849998474121094,20089000
2016-10-10,51.537620544433594,58.040000915527344,58.38999938964844,57.869998931884766,57.90999984741211,18196500
2016-10-11,50.782840728759766,57.189998626708984,58.02000045776367,56.88999938964844,57.88999938964844,26497400
2016-10-12,50.71181106567383,57.11000061035156,57.27000045776367,56.400001525878906,57.11000061035156,22177500
2016-10-13,50.5430908203125,56.91999816894531,57.29999923706055,56.31999969482422,56.70000076293945,25313700
2016-10-14,50.987091064453125,57.41999816894531,57.7400016784668,57.119998931884766,57.119998931884766,27402500
2016-10-17,50.80950164794922,57.220001220703125,57.459999084472656,56.869998931884766,57.36000061035156,23830000
2016-10-18,51.200199127197266,57.65999984741211,57.95000076293945,57.40999984741211,57.529998779296875,19149500
2016-10-19,51.08475875854492,57.529998779296875,57.84000015258789,57.400001525878906,57.470001220703125,22878400
2016-10-20,50.83612823486328,57.25,57.52000045776367,56.65999984741211,57.5,49455600
2016-10-21,52.97612762451172,59.65999984741211,60.45000076293945,59.4900016784668,60.279998779296875,80032200
2016-10-24,54.166011810302734,61.0,61.0,59.93000030517578,59.939998626708984,54067000
2016-10-25,54.157127380371094,60.9900016784668,61.369998931884766,60.79999923706055,60.849998474121094,35137200
2016-10-26,53.83744812011719,60.630001068115234,61.20000076293945,60.470001220703125,60.810001373291016,29911600
2016-10-27,53.3668327331543,60.099998474121094,60.83000183105469,60.09000015258789,60.61000061035156,28479900
2016-10-28,53.162593841552734,59.869998931884766,60.52000045776367,59.58000183105469,60.0099983215332,33574700
2016-10-31,53.206993103027344,59.91999816894531,60.41999816894531,59.91999816894531,60.15999984741211,26434700
2016-11-01,53.100440979003906,59.79999923706055,60.02000045776367,59.25,59.970001220703125,24533000
2016-11-02,52.77189254760742,59.43000030517578,59.93000030517578,59.29999923706055,59.81999969482422,22147000
2016-11-03,52.576541900634766,59.209999084472656,59.63999938964844,59.11000061035156,59.529998779296875,21600400
2016-11-04,52.13254928588867,58.709999084472656,59.279998779296875,58.52000045776367,58.650001525878906,28697000
2016-11-07,53.65098190307617,60.41999816894531,60.52000045776367,59.779998779296875,59.779998779296875,31664800
2016-11-08,53.69538497924805,60.470001220703125,60.779998779296875,60.150001525878906,60.54999923706055,22935400
2016-11-09,53.42899703979492,60.16999816894531,60.59000015258789,59.20000076293945,60.0,49632500
2016-11-10,52.12367630004883,58.70000076293945,60.4900016784668,57.630001068115234,60.47999954223633,57822400
2016-11-11,52.407833099365234,59.02000045776367,59.119998931884766,58.0099983215332,58.22999954223633,38767800
2016-11-14,51.6086540222168,58.119998931884766,59.08000183105469,57.279998779296875,59.02000045776367,41328400
2016-11-15,52.62776565551758,58.869998931884766,59.4900016784668,58.31999969482422,58.33000183105469,35904100
2016-11-16,53.325069427490234,59.650001525878906,59.65999984741211,58.810001373291016,58.939998626708984,27332500
2016-11-17,54.2100944519043,60.63999938964844,60.95000076293945,59.970001220703125,60.40999984741211,32132700
2016-11-18,53.95083236694336,60.349998474121094,61.13999938964844,60.29999923706055,60.779998779296875,27686300
2016-11-21,54.40677261352539,60.86000061035156,60.970001220703125,60.41999816894531,60.5,19652600
2016-11-22,54.63918685913086,61.119998931884766,61.2599983215332,60.810001373291016,60.97999954223633,23206700
2016-11-23,53.99556350708008,60.400001525878906,61.099998474121094,60.25,61.0099983215332,21848900
2016-11-25,54.111759185791016,60.529998779296875,60.529998779296875,60.130001068115234,60.29999923706055,8409600
2016-11-28,54.18327713012695,60.61000061035156,61.02000045776367,60.209999084472656,60.34000015258789,20732600
2016-11-29,54.61238479614258,61.09000015258789,61.40999984741211,60.52000045776367,60.650001525878906,22366700
2016-11-30,53.87038803100586,60.2599983215332,61.18000030517578,60.220001220703125,60.86000061035156,34655400
2016-12-01,52.92279052734375,59.20000076293945,60.150001525878906,58.939998626708984,60.11000061035156,34542100
2016-12-02,52.96748352050781,59.25,59.470001220703125,58.79999923706055,59.08000183105469,25515700
2016-12-05,53.83463668823242,60.220001220703125,60.59000015258789,59.560001373291016,59.70000076293945,23552700
2016-12-06,53.593265533447266,59.95000076293945,60.459999084472656,59.79999923706055,60.43000030517578,19907000
2016-12-07,54.862693786621094,61.369998931884766,61.380001068115234,59.79999923706055,60.0099983215332,30809000
2016-12-08,54.54087448120117,61.0099983215332,61.58000183105469,60.84000015258789,61.29999923706055,21220800
2016-12-09,55.399070739746094,61.970001220703125,61.9900016784668,61.130001068115234,61.18000030517578,27349400
2016-12-12,55.57786178588867,62.16999816894531,62.29999923706055,61.720001220703125,61.81999969482422,20198100
2016-12-13,56.30197525024414,62.97999954223633,63.41999816894531,62.2400016784668,62.5,35718900
2016-12-14,56.033790588378906,62.68000030517578,63.45000076293945,62.529998779296875,63.0,30352700
2016-12-15,55.944393157958984,62.58000183105469,63.150001525878906,62.29999923706055,62.70000076293945,27669900
2016-12-16,55.6940803527832,62.29999923706055,62.95000076293945,62.119998931884766,62.95000076293945,42453100
2016-12-19,56.87410354614258,63.619998931884766,63.77000045776367,62.41999816894531,62.560001373291016,34338200
2016-12-20,56.80260467529297,63.540000915527344,63.79999923706055,63.029998779296875,63.689998626708984,26028400
2016-12-21,56.80260467529297,63.540000915527344,63.70000076293945,63.119998931884766,63.43000030517578,17096300
2016-12-22,56.8115348815918,63.54999923706055,64.0999984741211,63.40999984741211,63.84000015258789,22176600
2016-12-23,56.53441619873047,63.2400016784668,63.540000915527344,62.79999923706055,63.45000076293945,12403800
2016-12-27,56.57017135620117,63.279998779296875,64.06999969482422,63.209999084472656,63.209999084472656,11763200
2016-12-28,56.31090545654297,62.9900016784668,63.400001525878906,62.83000183105469,63.400001525878906,14653300
2016-12-29,56.23046875,62.900001525878906,63.20000076293945,62.72999954223633,62.86000061035156,10250600
2016-12-30,55.55104446411133,62.13999938964844,62.9900016784668,62.029998779296875,62.959999084472656,25579900
2017-01-03,55.944393157958984,62.58000183105469,62.84000015258789,62.130001068115234,62.790000915527344,20694100
2017-01-04,55.6940803527832,62.29999923706055,62.75,62.119998931884766,62.47999954223633,21340000
2017-01-05,55.6940803527832,62.29999923706055,62.65999984741211,62.029998779296875,62.189998626708984,24876000
2017-01-06,56.176822662353516,62.84000015258789,63.150001525878906,62.040000915527344,62.29999923706055,19922900
2017-01-09,55.99803161621094,62.63999938964844,63.08000183105469,62.540000915527344,62.7599983215332,20382700
2017-01-10,55.98015213012695,62.619998931884766,63.06999969482422,62.279998779296875,62.72999954223633,18593000
2017-01-11,56.48970031738281,63.189998626708984,63.22999954223633,62.43000030517578,62.61000061035156,21517300
2017-01-12,55.9712028503418,62.61000061035156,63.400001525878906,61.95000076293945,63.060001373291016,20968200
2017-01-13,56.05166244506836,62.70000076293945,62.869998931884766,62.349998474121094,62.619998931884766,19422300
2017-01-17,55.899688720703125,62.529998779296875,62.70000076293945,62.029998779296875,62.68000030517578,20664000
2017-01-18,55.87287521362305,62.5,62.70000076293945,62.119998931884766,62.66999816894531,19670100
2017-01-19,55.6940803527832,62.29999923706055,62.97999954223633,62.20000076293945,62.2400016784668,18451700
2017-01-20,56.087432861328125,62.7400016784668,62.81999969482422,62.369998931884766,62.66999816894531,30213500
2017-01-23,56.28411102294922,62.959999084472656,63.119998931884766,62.56999969482422,62.70000076293945,23097600
2017-01-24,56.784725189208984,63.52000045776367,63.7400016784668,62.939998626708984,63.20000076293945,24672900
2017-01-25,56.927738189697266,63.68000030517578,64.0999984741211,63.45000076293945,63.95000076293945,23672700
2017-01-26,57.4551887512207,64.2699966430664,64.54000091552734,63.54999923706055,64.12000274658203,43554600
2017-01-27,58.805076599121094,65.77999877929688,65.91000366210938,64.88999938964844,65.38999938964844,44818000
2017-01-30,58.2239990234375,65.12999725341797,65.79000091552734,64.80000305175781,65.69000244140625,31651400
2017-01-31,57.79490280151367,64.6500015258789,65.1500015258789,64.26000213623047,64.86000061035156,25270500
2017-02-01,56.838356018066406,63.58000183105469,64.62000274658203,63.470001220703125,64.36000061035156,39671500
2017-02-02,56.47182846069336,63.16999816894531,63.40999984741211,62.75,63.25,45827000
2017-02-03,56.927738189697266,63.68000030517578,63.70000076293945,63.06999969482422,63.5,30301800
2017-02-06,56.891998291015625,63.63999938964844,63.650001525878906,63.13999938964844,63.5,19796400
2017-02-07,56.704261779785156,63.43000030517578,63.779998779296875,63.22999954223633,63.7400016784668,20277200
2017-02-08,56.62379455566406,63.34000015258789,63.810001373291016,63.220001220703125,63.56999969482422,18096400
2017-02-09,57.2674560546875,64.05999755859375,64.44000244140625,63.31999969482422,63.52000045776367,22644400
2017-02-10,57.21382522583008,64.0,64.30000305175781,63.97999954223633,64.25,18170700
2017-02-13,57.85746765136719,64.72000122070312,64.86000061035156,64.12999725341797,64.23999786376953,22920100
2017-02-14,58.073333740234375,64.56999969482422,64.72000122070312,64.0199966430664,64.41000366210938,23108400
2017-02-15,58.03734588623047,64.52999877929688,64.56999969482422,64.16000366210938,64.5,17005200
2017-02-16,58.028350830078125,64.5199966430664,65.23999786376953,64.44000244140625,64.73999786376953,20546300
2017-02-17,58.11830520629883,64.62000274658203,64.69000244140625,64.30000305175781,64.47000122070312,21248800
2017-02-21,58.001373291015625,64.48999786376953,64.94999694824219,64.44999694824219,64.61000061035156,20655900
2017-02-22,57.88446807861328,64.36000061035156,64.38999938964844,64.05000305175781,64.33000183105469,19292700
2017-02-23,58.11830520629883,64.62000274658203,64.7300033569336,64.19000244140625,64.41999816894531,20273100
2017-02-24,58.11830520629883,64.62000274658203,64.80000305175781,64.13999938964844,64.52999877929688,21796800
2017-02-27,57.76754379272461,64.2300033569336,64.54000091552734,64.05000305175781,64.54000091552734,15871500
2017-02-28,57.542694091796875,63.97999954223633,64.19999694824219,63.7599983215332,64.08000183105469,23239800
2017-03-01,58.406105041503906,64.94000244140625,64.98999786376953,64.0199966430664,64.12999725341797,26937500
2017-03-02,57.569671630859375,64.01000213623047,64.75,63.880001068115234,64.69000244140625,24539600
2017-03-03,57.78551483154297,64.25,64.27999877929688,63.619998931884766,63.9900016784668,18135900
2017-03-06,57.80351638793945,64.2699966430664,64.55999755859375,63.810001373291016,63.970001220703125,18750300
2017-03-07,57.92043685913086,64.4000015258789,64.77999877929688,64.19000244140625,64.19000244140625,18521000
2017-03-08,58.451072692871094,64.98999786376953,65.08000183105469,64.25,64.26000213623047,21510900
2017-03-09,58.21724319458008,64.7300033569336,65.19999694824219,64.4800033569336,65.19000244140625,19846800
2017-03-10,58.397117614746094,64.93000030517578,65.26000213623047,64.75,65.11000061035156,19538200
2017-03-13,58.19925308227539,64.70999908447266,65.19000244140625,64.56999969482422,65.01000213623047,20100000
2017-03-14,57.929439544677734,64.41000366210938,64.55000305175781,64.1500015258789,64.52999877929688,14280200
2017-03-15,58.235225677490234,64.75,64.91999816894531,64.25,64.55000305175781,24833800
2017-03-16,58.13629150390625,64.63999938964844,64.76000213623047,64.30000305175781,64.75,20674300
2017-03-17,58.34314727783203,64.87000274658203,65.23999786376953,64.68000030517578,64.91000366210938,49219700
2017-03-20,58.397117614746094,64.93000030517578,65.18000030517578,64.72000122070312,64.91000366210938,14598100
2017-03-21,57.74955368041992,64.20999908447266,65.5,64.12999725341797,65.19000244140625,26640500
2017-03-22,58.48704528808594,65.02999877929688,65.13999938964844,64.12000274658203,64.12000274658203,20680000
2017-03-23,58.34314727783203,64.87000274658203,65.23999786376953,64.7699966430664,64.94000244140625,19269200
2017-03-24,58.44209289550781,64.9800033569336,65.44999694824219,64.76000213623047,65.36000061035156,22617100
2017-03-27,58.550010681152344,65.0999984741211,65.22000122070312,64.3499984741211,64.62999725341797,18614700
2017-03-28,58.72088623046875,65.29000091552734,65.47000122070312,64.6500015258789,64.95999908447266,20080400
2017-03-29,58.882781982421875,65.47000122070312,65.5,64.94999694824219,65.12000274658203,13618400
2017-03-30,59.09864044189453,65.70999908447266,65.9800033569336,65.36000061035156,65.41999816894531,15122800
2017-03-31,59.233551025390625,65.86000061035156,66.19000244140625,65.44999694824219,65.6500015258789,21040300
2017-04-03,58.95472717285156,65.55000305175781,65.94000244140625,65.19000244140625,65.80999755859375,20400900
2017-04-04,59.11661911010742,65.7300033569336,65.80999755859375,65.27999877929688,65.38999938964844,12997400
2017-04-05,58.963722229003906,65.55999755859375,66.3499984741211,65.44000244140625,66.30000305175781,21448600
2017-04-06,59.11661911010742,65.7300033569336,66.05999755859375,65.4800033569336,65.5999984741211,18103500
2017-04-07,59.07164001464844,65.68000030517578,65.95999908447266,65.44000244140625,65.8499984741211,14108500
2017-04-10,58.9367561340332,65.52999877929688,65.81999969482422,65.36000061035156,65.61000061035156,17952700
2017-04-11,58.89178466796875,65.4800033569336,65.61000061035156,64.8499984741211,65.5999984741211,18791500
2017-04-12,58.66693115234375,65.2300033569336,65.51000213623047,65.11000061035156,65.41999816894531,17108500
2017-04-13,58.41510772705078,64.94999694824219,65.86000061035156,64.94999694824219,65.29000091552734,17896500
2017-04-17,58.89178466796875,65.4800033569336,65.48999786376953,65.01000213623047,65.04000091552734,16689300
2017-04-18,58.81083297729492,65.38999938964844,65.70999908447266,65.16000366210938,65.33000183105469,15155600
2017-04-19,58.49602508544922,65.04000091552734,65.75,64.88999938964844,65.6500015258789,26992800
2017-04-20,58.909751892089844,65.5,65.75,65.13999938964844,65.45999908447266,22299500
2017-04-21,59.719207763671875,66.4000015258789,66.69999694824219,65.44999694824219,65.66999816894531,32522600
2017-04-24,60.73551559448242,67.52999877929688,67.66000366210938,67.0999984741211,67.4800033569336,29770000
2017-04-25,61.086280822753906,67.91999816894531,68.04000091552734,67.5999984741211,67.9000015258789,30242700
2017-04-26,61.00532150268555,67.83000183105469,68.30999755859375,67.62000274658203,68.08000183105469,26190800
2017-04-27,61.401058197021484,68.2699966430664,68.37999725341797,67.58000183105469,68.1500015258789,34971000
2017-04-28,61.571929931640625,68.45999908447266,69.13999938964844,67.69000244140625,68.91000366210938,39548800
2017-05-01,62.42637634277344,69.41000366210938,69.55000305175781,68.5,68.68000030517578,31954400
2017-05-02,62.32743453979492,69.30000305175781,69.70999908447266,69.12999725341797,69.70999908447266,23906100
2017-05-03,62.12957000732422,69.08000183105469,69.37999725341797,68.70999908447266,69.37999725341797,28928000
2017-05-04,61.886722564697266,68.80999755859375,69.08000183105469,68.63999938964844,69.02999877929688,21749400
2017-05-05,62.0576057434082,69.0,69.02999877929688,68.48999786376953,68.9000015258789,19128800
2017-05-08,62.00364303588867,68.94000244140625,69.05000305175781,68.41999816894531,68.97000122070312,18566100
2017-05-09,62.093597412109375,69.04000091552734,69.27999877929688,68.68000030517578,68.86000061035156,22858400
2017-05-10,62.33640670776367,69.30999755859375,69.55999755859375,68.91999816894531,68.98999786376953,17977800
2017-05-11,61.571929931640625,68.45999908447266,68.7300033569336,68.12000274658203,68.36000061035156,28789400
2017-05-12,61.49998474121094,68.37999725341797,68.61000061035156,68.04000091552734,68.61000061035156,18714100
2017-05-15,61.544986724853516,68.43000030517578,68.4800033569336,67.56999969482422,68.13999938964844,31530300
2017-05-16,62.784175872802734,69.41000366210938,69.44000244140625,68.16000366210938,68.2300033569336,34956000
2017-05-17,61.038414001464844,67.4800033569336,69.0999984741211,67.43000030517578,68.88999938964844,30548800
2017-05-18,61.24646759033203,67.70999908447266,68.12999725341797,67.13999938964844,67.4000015258789,25201300
2017-05-19,61.228363037109375,67.69000244140625,68.0999984741211,67.43000030517578,67.5,26961100
2017-05-22,61.915809631347656,68.44999694824219,68.5,67.5,67.88999938964844,16237600
2017-05-23,62.12386703491211,68.68000030517578,68.75,68.37999725341797,68.72000122070312,15425800
2017-05-24,62.20529556274414,68.7699966430664,68.87999725341797,68.44999694824219,68.87000274658203,14593900
2017-05-25,62.97413635253906,69.62000274658203,69.87999725341797,68.91000366210938,68.97000122070312,21854100
2017-05-26,63.281681060791016,69.95999908447266,70.22000122070312,69.5199966430664,69.80000305175781,19827900
2017-05-30,63.688724517822266,70.41000366210938,70.41000366210938,69.7699966430664,69.79000091552734,17072800
2017-05-31,63.17312240600586,69.83999633789062,70.73999786376953,69.80999755859375,70.52999877929688,30436400
2017-06-01,63.40830993652344,70.0999984741211,70.61000061035156,69.44999694824219,70.23999786376953,21603600
2017-06-02,64.90987396240234,71.76000213623047,71.86000061035156,70.23999786376953,70.44000244140625,34770300
2017-06-05,65.38021850585938,72.27999877929688,72.88999938964844,71.80999755859375,71.97000122070312,33316800
2017-06-06,65.59728240966797,72.5199966430664,72.62000274658203,72.2699966430664,72.30000305175781,31511100
2017-06-07,65.47972106933594,72.38999938964844,72.7699966430664,71.94999694824219,72.63999938964844,22301800
2017-06-08,65.08168029785156,71.94999694824219,72.5199966430664,71.5,72.51000213623047,24588300
2017-06-09,63.607330322265625,70.31999969482422,72.08000183105469,68.58999633789062,72.04000091552734,49187400
2017-06-12,63.11887741088867,69.77999877929688,69.94000244140625,68.12999725341797,69.25,47761700
2017-06-13,63.90581512451172,70.6500015258789,70.81999969482422,69.95999908447266,70.0199966430664,25258600
2017-06-14,63.56209945678711,70.2699966430664,71.0999984741211,69.43000030517578,70.91000366210938,25510700
2017-06-15,63.227420806884766,69.9000015258789,70.20999908447266,68.80000305175781,69.2699966430664,26068700
2017-06-16,63.3178596496582,70.0,70.02999877929688,69.22000122070312,69.7300033569336,48345100
2017-06-19,64.10478973388672,70.87000274658203,70.94000244140625,70.3499984741211,70.5,23798300
2017-06-20,63.2364501953125,69.91000366210938,70.87000274658203,69.87000274658203,70.81999969482422,21512200
2017-06-21,63.56209945678711,70.2699966430664,70.62000274658203,69.94000244140625,70.20999908447266,19891100
2017-06-22,63.55302429199219,70.26000213623047,70.58999633789062,69.70999908447266,70.54000091552734,22965700
2017-06-23,64.41233825683594,71.20999908447266,71.25,69.91999816894531,70.08999633789062,27617300
2017-06-26,63.79726791381836,70.52999877929688,71.70999908447266,70.44000244140625,71.4000015258789,19607000
2017-06-27,62.603294372558594,69.20999908447266,70.18000030517578,69.18000030517578,70.11000061035156,25215100
2017-06-28,63.136959075927734,69.80000305175781,69.83999633789062,68.79000091552734,69.20999908447266,25806200
2017-06-29,61.95199203491211,68.48999786376953,69.48999786376953,68.08999633789062,69.37999725341797,28918700
2017-06-30,62.350006103515625,68.93000030517578,69.37999725341797,68.73999786376953,68.77999877929688,24161100
2017-07-03,61.662559509277344,68.16999816894531,69.5999984741211,68.0199966430664,69.33000183105469,16165500
2017-07-05,62.485687255859375,69.08000183105469,69.44000244140625,68.22000122070312,68.26000213623047,21176300
2017-07-06,62.024375915527344,68.56999969482422,68.77999877929688,68.12000274658203,68.2699966430664,21117600
2017-07-07,62.82939529418945,69.45999908447266,69.83999633789062,68.69999694824219,68.69999694824219,16878300
2017-07-10,63.29979705810547,69.9800033569336,70.25,69.19999694824219,69.45999908447266,15014500
2017-07-11,63.30881881713867,69.98999786376953,70.68000030517578,69.75,70.0,17460000
2017-07-12,64.35807037353516,71.1500015258789,71.27999877929688,70.55000305175781,70.69000244140625,17750900
2017-07-13,64.9189224243164,71.7699966430664,72.04000091552734,71.30999755859375,71.5,20269800
2017-07-14,65.83246612548828,72.77999877929688,73.2699966430664,71.95999908447266,72.23999786376953,25868100
2017-07-17,66.3480453491211,73.3499984741211,73.44999694824219,72.72000122070312,72.80000305175781,21803900
2017-07-18,66.30286407470703,73.30000305175781,73.38999938964844,72.66000366210938,73.08999633789062,26435300
2017-07-19,66.80938720703125,73.86000061035156,74.04000091552734,73.44999694824219,73.5,22416200
2017-07-20,67.13504028320312,74.22000122070312,74.30000305175781,73.27999877929688,74.18000030517578,42361000
2017-07-21,66.74605560302734,73.79000091552734,74.29000091552734,73.16999816894531,73.44999694824219,46717100
2017-07-24,66.57421875,73.5999984741211,73.75,73.12999725341797,73.52999877929688,21394800
2017-07-25,67.1078872680664,74.19000244140625,74.30999755859375,73.5,73.80000305175781,22018700
2017-07-26,66.98125457763672,74.05000305175781,74.37999725341797,73.80999755859375,74.33999633789062,16252200
2017-07-27,66.17621612548828,73.16000366210938,74.41999816894531,72.31999969482422,73.76000213623047,36844200
2017-07-28,66.06768798828125,73.04000091552734,73.30999755859375,72.54000091552734,72.66999816894531,18306700
2017-07-31,65.7601089477539,72.69999694824219,73.44000244140625,72.41000366210938,73.30000305175781,23600100
2017-08-01,65.65160369873047,72.58000183105469,73.41999816894531,72.48999786376953,73.0999984741211,22132300
2017-08-02,65.36210632324219,72.26000213623047,72.55999755859375,71.44000244140625,72.55000305175781,26499200
2017-08-03,65.26262664794922,72.1500015258789,72.44000244140625,71.8499984741211,72.19000244140625,18214400
2017-08-04,65.74203491210938,72.68000030517578,73.04000091552734,72.23999786376953,72.4000015258789,22579000
2017-08-07,65.4887466430664,72.4000015258789,72.9000015258789,72.26000213623047,72.80000305175781,18705700
2017-08-08,65.84153747558594,72.79000091552734,73.12999725341797,71.75,72.08999633789062,22044600
2017-08-09,65.55206298828125,72.47000122070312,72.51000213623047,72.05000305175781,72.25,22213400
2017-08-10,64.59326171875,71.41000366210938,72.19000244140625,71.3499984741211,71.9000015258789,24734500
2017-08-11,65.57921600341797,72.5,72.69999694824219,71.27999877929688,71.61000061035156,21443700
2017-08-14,66.5651626586914,73.58999633789062,73.72000122070312,72.94999694824219,73.05999755859375,20096600
2017-08-15,66.58333587646484,73.22000122070312,73.58999633789062,73.04000091552734,73.58999633789062,19181400
2017-08-16,66.97435760498047,73.6500015258789,74.0999984741211,73.16999816894531,73.33999633789062,18150400
2017-08-17,65.8376693725586,72.4000015258789,73.87000274658203,72.4000015258789,73.58000183105469,22977500
2017-08-18,65.91950225830078,72.48999786376953,72.83999633789062,71.93000030517578,72.2699966430664,18761500
2017-08-21,65.61033630371094,72.1500015258789,72.4800033569336,71.69999694824219,72.47000122070312,17734800
2017-08-22,66.52879333496094,73.16000366210938,73.23999786376953,72.3499984741211,72.3499984741211,14343700
2017-08-23,66.12866973876953,72.72000122070312,73.1500015258789,72.52999877929688,72.95999908447266,13766500
2017-08-24,66.10138702392578,72.69000244140625,72.86000061035156,72.06999969482422,72.73999786376953,17098300
2017-08-25,66.21961975097656,72.81999969482422,73.3499984741211,72.4800033569336,72.86000061035156,12794300
2017-08-28,66.22868347167969,72.83000183105469,73.08999633789062,72.55000305175781,73.05999755859375,14569700
2017-08-29,66.42874908447266,73.05000305175781,73.16000366210938,72.05000305175781,72.25,11478400
2017-08-30,67.3017578125,74.01000213623047,74.20999908447266,72.83000183105469,73.01000213623047,16897800
2017-08-31,67.99285125732422,74.7699966430664,74.95999908447266,73.80000305175781,74.02999877929688,27652800
2017-09-01,67.23809814453125,73.94000244140625,74.73999786376953,73.63999938964844,74.70999908447266,21736200
2017-09-05,66.93800354003906,73.61000061035156,73.88999938964844,72.9800033569336,73.33999633789062,21556000
2017-09-06,66.74703979492188,73.4000015258789,74.04000091552734,73.3499984741211,73.73999786376953,16535800
2017-09-07,67.60183715820312,74.33999633789062,74.5999984741211,73.5999984741211,73.68000030517578,17471200
2017-09-08,67.27445983886719,73.9800033569336,74.44000244140625,73.83999633789062,74.33000183105469,14703800
2017-09-11,67.98375701904297,74.76000213623047,74.94000244140625,74.30999755859375,74.30999755859375,17910400
2017-09-12,67.91100311279297,74.68000030517578,75.23999786376953,74.37000274658203,74.76000213623047,14394900
2017-09-13,68.39298248291016,75.20999908447266,75.2300033569336,74.55000305175781,74.93000030517578,13380800
2017-09-14,67.99285125732422,74.7699966430664,75.48999786376953,74.5199966430664,75.0,15733900
2017-09-15,68.48389434814453,75.30999755859375,75.38999938964844,74.06999969482422,74.83000183105469,38578400
2017-09-18,68.34754180908203,75.16000366210938,75.97000122070312,75.04000091552734,75.2300033569336,23307000
2017-09-19,68.6021499633789,75.44000244140625,75.70999908447266,75.01000213623047,75.20999908447266,16093300
2017-09-20,68.14746856689453,74.94000244140625,75.55000305175781,74.30999755859375,75.3499984741211,21587900
2017-09-21,67.4836196899414,74.20999908447266,75.23999786376953,74.11000061035156,75.11000061035156,19186100
2017-09-22,67.66547393798828,74.41000366210938,74.51000213623047,73.8499984741211,73.98999786376953,14111400
2017-09-25,66.61972045898438,73.26000213623047,74.25,72.91999816894531,74.08999633789062,24149200
2017-09-26,66.61972045898438,73.26000213623047,73.80999755859375,72.98999786376953,73.66999816894531,18019600
2017-09-27,67.15623474121094,73.8499984741211,74.16999816894531,73.16999816894531,73.55000305175781,19565100
2017-09-28,67.17443084716797,73.87000274658203,73.97000122070312,73.30999755859375,73.54000091552734,10883800
2017-09-29,67.73822784423828,74.48999786376953,74.54000091552734,73.87999725341797,73.94000244140625,17079100
2017-10-02,67.84733581542969,74.61000061035156,75.01000213623047,74.30000305175781,74.70999908447266,15304800
2017-10-03,67.52908325195312,74.26000213623047,74.87999725341797,74.19000244140625,74.66999816894531,12190400
2017-10-04,67.92010498046875,74.69000244140625,74.72000122070312,73.70999908447266,74.08999633789062,13317700
2017-10-05,69.08407592773438,75.97000122070312,76.12000274658203,74.95999908447266,75.22000122070312,21195300
2017-10-06,69.11137390136719,76.0,76.02999877929688,75.54000091552734,75.66999816894531,13959800
2017-10-09,69.37507629394531,76.29000091552734,76.55000305175781,75.86000061035156,75.97000122070312,11386500
2017-10-10,69.37507629394531,76.29000091552734,76.62999725341797,76.13999938964844,76.33000183105469,13944500
2017-10-11,69.4933090209961,76.41999816894531,76.45999908447266,75.94999694824219,76.36000061035156,15388900
2017-10-12,70.1298599243164,77.12000274658203,77.29000091552734,76.37000274658203,76.48999786376953,16876500
2017-10-13,70.46631622314453,77.48999786376953,77.87000274658203,77.29000091552734,77.58999633789062,15335700
2017-10-16,70.61180877685547,77.6500015258789,77.80999755859375,77.3499984741211,77.41999816894531,12380100
2017-10-17,70.5572509765625,77.58999633789062,77.62000274658203,77.25,77.47000122070312,16824000
2017-10-18,70.57543182373047,77.61000061035156,77.8499984741211,77.37000274658203,77.66999816894531,13300700
2017-10-19,70.8482666015625,77.91000366210938,77.93000030517578,77.3499984741211,77.56999969482422,15092800
2017-10-20,71.66667175292969,78.80999755859375,78.97000122070312,78.22000122070312,78.31999969482422,22866400
2017-10-23,71.68485260009766,78.83000183105469,79.33999633789062,78.76000213623047,78.98999786376953,20627200
2017-10-24,71.71214294433594,78.86000061035156,79.19999694824219,78.45999908447266,78.9000015258789,17517200
2017-10-25,71.50298309326172,78.62999725341797,79.0999984741211,78.01000213623047,78.58000183105469,20410800
2017-10-26,71.62120819091797,78.76000213623047,79.41999816894531,78.75,79.19999694824219,32120700
2017-10-27,76.21347045898438,83.80999755859375,86.19999694824219,83.61000061035156,84.37000274658203,71066700
2017-10-30,76.2862319946289,83.88999938964844,84.33000183105469,83.11000061035156,83.69999694824219,31756700
2017-10-31,75.64059448242188,83.18000030517578,84.36000061035156,83.11000061035156,84.36000061035156,27086600
2017-11-01,75.64059448242188,83.18000030517578,83.76000213623047,82.87999725341797,83.68000030517578,22307400
2017-11-02,76.43170928955078,84.05000305175781,84.45999908447266,83.12000274658203,83.3499984741211,23992900
2017-11-03,76.5135726928711,84.13999938964844,84.54000091552734,83.4000015258789,84.08000183105469,17633500
2017-11-06,76.81368255615234,84.47000122070312,84.69999694824219,84.08000183105469,84.19999694824219,19860900
2017-11-07,76.63178253173828,84.2699966430664,84.9000015258789,83.93000030517578,84.7699966430664,17939700
2017-11-08,76.89547729492188,84.55999755859375,84.61000061035156,83.83000183105469,84.13999938964844,18034200
2017-11-09,76.46808624267578,84.08999633789062,84.2699966430664,82.9000015258789,84.11000061035156,21178400
2017-11-10,76.26802825927734,83.87000274658203,84.0999984741211,83.2300033569336,83.79000091552734,19397800
2017-11-13,76.32259368896484,83.93000030517578,83.94000244140625,83.45999908447266,83.66000366210938,14196900
2017-11-14,76.43170928955078,84.05000305175781,84.0999984741211,82.9800033569336,83.5,18801300
2017-11-15,75.837646484375,82.9800033569336,83.69000244140625,82.69000244140625,83.47000122070312,19383100
2017-11-16,76.03872680664062,83.19999694824219,83.41999816894531,82.94000244140625,83.0999984741211,20962800
2017-11-17,75.3075942993164,82.4000015258789,83.12000274658203,82.23999786376953,83.12000274658203,22079000
2017-11-20,75.42638397216797,82.52999877929688,82.58999633789062,82.25,82.4000015258789,16315000
2017-11-21,76.51398468017578,83.72000122070312,83.83999633789062,82.73999786376953,82.73999786376953,21237500
2017-11-22,75.95647430419922,83.11000061035156,83.9000015258789,83.04000091552734,83.83000183105469,20553100
2017-11-24,76.09359741210938,83.26000213623047,83.43000030517578,82.77999877929688,83.01000213623047,7425600
2017-11-27,76.65106201171875,83.87000274658203,83.9800033569336,83.30000305175781,83.30999755859375,18265200
2017-11-28,77.57414245605469,84.87999725341797,85.05999755859375,84.0199966430664,84.06999969482422,21926000
2017-11-29,76.16670227050781,83.33999633789062,84.91999816894531,83.18000030517578,84.70999908447266,27381100
2017-11-30,76.92525482177734,84.16999816894531,84.5199966430664,83.33999633789062,83.51000213623047,33054600
2017-12-01,77.00748443603516,84.26000213623047,84.80999755859375,83.22000122070312,83.5999984741211,29532100
2017-12-04,74.1012191772461,81.08000183105469,84.43000030517578,80.69999694824219,84.41999816894531,39094900
2017-12-05,74.56729888916016,81.58999633789062,82.68000030517578,80.9800033569336,81.33999633789062,26152300
2017-12-06,75.6549072265625,82.77999877929688,83.13999938964844,81.43000030517578,81.55000305175781,26162100
2017-12-07,75.38983154296875,82.48999786376953,82.80000305175781,82.0,82.54000091552734,23184500
2017-12-08,76.9161148071289,84.16000366210938,84.58000183105469,83.33000183105469,83.62999725341797,24489100
2017-12-11,77.89398956298828,85.2300033569336,85.37000274658203,84.12000274658203,84.29000091552734,22857900
2017-12-12,78.2138900756836,85.58000183105469,86.05000305175781,85.08000183105469,85.30999755859375,23924100
2017-12-13,78.0036849975586,85.3499984741211,86.0,85.16999816894531,85.73999786376953,22062700
2017-12-14,77.40048217773438,84.69000244140625,85.87000274658203,84.52999877929688,85.43000030517578,19306000
2017-12-15,79.37456512451172,86.8499984741211,87.08999633789062,84.87999725341797,85.26000213623047,53936700
2017-12-18,78.94501495361328,86.37999725341797,87.5,86.2300033569336,87.12000274658203,22283800
2017-12-19,78.44236755371094,85.83000183105469,86.3499984741211,85.2699966430664,86.3499984741211,23524800
2017-12-20,78.15904998779297,85.5199966430664,86.30000305175781,84.70999908447266,86.19999694824219,23674900
2017-12-21,78.14076232910156,85.5,86.0999984741211,85.4000015258789,86.05000305175781,17990700
2017-12-22,78.14990234375,85.51000213623047,85.62999725341797,84.91999816894531,85.4000015258789,14145800
2017-12-26,78.04937744140625,85.4000015258789,85.52999877929688,85.02999877929688,85.30999755859375,9891200
2017-12-27,78.33269500732422,85.70999908447266,85.9800033569336,85.22000122070312,85.6500015258789,14678000
2017-12-28,78.34184265136719,85.72000122070312,85.93000030517578,85.55000305175781,85.9000015258789,10594300
2017-12-29,78.17733001708984,85.54000091552734,86.05000305175781,85.5,85.62999725341797,18717400
2018-01-02,78.5520248413086,85.94999694824219,86.30999755859375,85.5,86.12999725341797,22483800
2018-01-03,78.91761779785156,86.3499984741211,86.51000213623047,85.97000122070312,86.05999755859375,26061400
2018-01-04,79.6122055053711,87.11000061035156,87.66000366210938,86.56999969482422,86.58999633789062,21912000
2018-01-05,80.5992202758789,88.19000244140625,88.41000366210938,87.43000030517578,87.66000366210938,23407100
2018-01-08,80.68148803710938,88.27999877929688,88.58000183105469,87.5999984741211,88.19999694824219,22113000
2018-01-09,80.62664031982422,88.22000122070312,88.7300033569336,87.86000061035156,88.6500015258789,19484300
2018-01-10,80.26106262207031,87.81999969482422,88.19000244140625,87.41000366210938,87.86000061035156,18652200
2018-01-11,80.49870300292969,88.08000183105469,88.12999725341797,87.23999786376953,88.12999725341797,17808900
2018-01-12,81.88785552978516,89.5999984741211,89.77999877929688,88.44999694824219,88.66999816894531,24271500
2018-01-16,80.74545288085938,88.3499984741211,90.79000091552734,88.01000213623047,90.0999984741211,36599700
2018-01-17,82.38137817382812,90.13999938964844,90.27999877929688,88.75,89.08000183105469,25621200
2018-01-18,82.3448486328125,90.0999984741211,90.66999816894531,89.66000366210938,89.80000305175781,24159700
2018-01-19,82.25342559814453,90.0,90.61000061035156,89.66000366210938,90.13999938964844,36875000
2018-01-22,83.72486114501953,91.61000061035156,91.62000274658203,89.73999786376953,90.0,23601600
2018-01-23,83.98990631103516,91.9000015258789,92.30000305175781,91.54000091552734,91.9000015258789,23412800
2018-01-24,83.91678619384766,91.81999969482422,93.43000030517578,91.58000183105469,92.55000305175781,33277500
2018-01-25,84.38288879394531,92.33000183105469,93.23999786376953,91.93000030517578,92.47000122070312,26383200
2018-01-26,85.96398162841797,94.05999755859375,94.05999755859375,92.58000183105469,93.12000274658203,29172200
2018-01-29,85.8360366821289,93.91999816894531,95.44999694824219,93.72000122070312,95.13999938964844,31569900
2018-01-30,84.75759887695312,92.73999786376953,93.66000366210938,92.0999984741211,93.30000305175781,38635100
2018-01-31,86.83221435546875,95.01000213623047,95.4000015258789,93.51000213623047,93.75,48756300
2018-02-01,86.14677429199219,94.26000213623047,96.06999969482422,93.58000183105469,94.79000091552734,47227900
2018-02-02,83.88021850585938,91.77999877929688,93.97000122070312,91.5,93.63999938964844,47867800
2018-02-05,80.42557525634766,88.0,93.23999786376953,88.0,90.55999755859375,51031500
2018-02-06,83.46896362304688,91.33000183105469,91.4800033569336,85.25,86.88999938964844,67998600
2018-02-07,81.8969955444336,89.61000061035156,91.7699966430664,89.19999694824219,90.48999786376953,41107600
2018-02-08,77.69293975830078,85.01000213623047,89.87999725341797,84.76000213623047,89.70999908447266,55628700
2018-02-09,80.590087890625,88.18000030517578,88.93000030517578,83.83000183105469,86.30000305175781,63499100
2018-02-12,81.45830535888672,89.12999725341797,89.77999877929688,87.93000030517578,88.73999786376953,35720300
2018-02-13,82.09807586669922,89.83000183105469,90.0,87.80000305175781,88.93000030517578,26407700
2018-02-14,83.38359069824219,90.80999755859375,90.98999786376953,88.41000366210938,88.51000213623047,34960900
2018-02-15,85.08230590820312,92.66000366210938,92.72000122070312,90.62000274658203,91.20999908447266,27823900
2018-02-16,84.47627258300781,92.0,93.5,91.80000305175781,92.44999694824219,30596900
2018-02-20,85.13738250732422,92.72000122070312,93.05999755859375,91.01000213623047,91.4800033569336,30911700
2018-02-21,84.00798797607422,91.48999786376953,93.36000061035156,91.48999786376953,92.9800033569336,26922500
2018-02-22,84.22834014892578,91.7300033569336,92.7300033569336,91.36000061035156,92.05000305175781,24392800
2018-02-23,86.3677978515625,94.05999755859375,94.06999969482422,92.36000061035156,93.5999984741211,26329200
2018-02-26,87.6165771484375,95.41999816894531,95.44999694824219,94.25,94.4000015258789,30199800
2018-02-27,86.49632263183594,94.19999694824219,95.83999633789062,94.19999694824219,95.73999786376953,25869100
2018-02-28,86.10150146484375,93.7699966430664,95.70999908447266,93.62999725341797,94.83999633789062,31167300
2018-03-01,85.2567367553711,92.8499984741211,94.56999969482422,91.83999633789062,93.98999786376953,37135600
2018-03-02,85.44039154052734,93.05000305175781,93.1500015258789,90.86000061035156,91.58000183105469,32830400
2018-03-05,85.98214721679688,93.63999938964844,94.2699966430664,92.26000213623047,92.33999633789062,23901600
2018-03-06,85.68831634521484,93.31999969482422,94.48999786376953,92.94000244140625,94.33999633789062,22175800
2018-03-07,86.18415069580078,93.86000061035156,93.94000244140625,92.43000030517578,93.16000366210938,26716100
2018-03-08,86.70751190185547,94.43000030517578,95.0999984741211,93.7699966430664,94.2699966430664,25887800
2018-03-09,88.64500427246094,96.54000091552734,96.54000091552734,95.0,95.29000091552734,36937300
2018-03-12,88.85615539550781,96.7699966430664,97.20999908447266,96.04000091552734,96.5,26073700
2018-03-13,86.68917846679688,94.41000366210938,97.23999786376953,93.97000122070312,97.0,35387800
2018-03-14,86.17496490478516,93.8499984741211,95.41000366210938,93.5,95.12000274658203,32132000
2018-03-15,86.47798156738281,94.18000030517578,94.58000183105469,92.83000183105469,93.52999877929688,27611000
2018-03-16,86.8636245727539,94.5999984741211,95.37999725341797,93.91999816894531,94.68000030517578,49081300
2018-03-19,85.29347229003906,92.88999938964844,93.9000015258789,92.11000061035156,93.73999786376953,33344100
2018-03-20,85.51383972167969,93.12999725341797,93.7699966430664,93.0,93.05000305175781,23075200
2018-03-21,84.9170150756836,92.4800033569336,94.05000305175781,92.20999908447266,92.93000030517578,24457100
2018-03-22,82.44699096679688,89.79000091552734,91.75,89.66000366210938,91.2699966430664,38604700
2018-03-23,80.0504379272461,87.18000030517578,90.45999908447266,87.08000183105469,89.5,44068900
2018-03-26,86.11068725585938,93.77999877929688,94.0,90.4000015258789,90.61000061035156,56396800
2018-03-27,82.15318298339844,89.47000122070312,95.13999938964844,88.51000213623047,94.94000244140625,56569000
2018-03-28,82.07972717285156,89.38999938964844,91.2300033569336,88.87000274658203,89.81999969482422,52501100
2018-03-29,83.80595397949219,91.2699966430664,92.29000091552734,88.4000015258789,90.18000030517578,45867500
2018-04-02,81.28085327148438,88.5199966430664,90.87999725341797,87.51000213623047,90.47000122070312,48515400
2018-04-03,82.3735122680664,89.70999908447266,90.05000305175781,87.88999938964844,89.58000183105469,37213800
2018-04-04,84.7792739868164,92.33000183105469,92.76000213623047,87.7300033569336,87.8499984741211,35560000
2018-04-05,84.82515716552734,92.37999725341797,93.06999969482422,91.4000015258789,92.44000244140625,29771900
2018-04-06,82.85099792480469,90.2300033569336,92.45999908447266,89.4800033569336,91.48999786376953,38026000
2018-04-09,83.34685516357422,90.7699966430664,93.16999816894531,90.62000274658203,91.04000091552734,31533900
2018-04-10,85.28429412841797,92.87999725341797,93.27999877929688,91.63999938964844,92.38999938964844,26812000
2018-04-11,84.34770965576172,91.86000061035156,93.29000091552734,91.4800033569336,92.01000213623047,24872100
2018-04-12,85.92704010009766,93.58000183105469,94.16000366210938,92.43000030517578,92.43000030517578,26758900
2018-04-13,85.46793365478516,93.08000183105469,94.18000030517578,92.44000244140625,94.05000305175781,23346100
2018-04-16,86.46880340576172,94.16999816894531,94.66000366210938,93.41999816894531,94.06999969482422,20288100
2018-04-17,88.2134017944336,96.06999969482422,96.54000091552734,94.87999725341797,95.0,26771000
2018-04-18,88.55314636230469,96.44000244140625,96.72000122070312,95.5199966430664,96.22000122070312,21043300
2018-04-19,88.25017547607422,96.11000061035156,97.06999969482422,95.33999633789062,96.44000244140625,23552500
2018-04-20,87.23092651367188,95.0,96.11000061035156,94.05000305175781,95.91000366210938,31154400
2018-04-23,87.55229949951172,95.3499984741211,96.29000091552734,94.62999725341797,95.73999786376953,22331800
2018-04-24,85.5046615600586,93.12000274658203,96.47000122070312,92.41000366210938,96.23999786376953,34524800
2018-04-25,84.76090240478516,92.30999755859375,93.30000305175781,90.27999877929688,93.30000305175781,33729300
2018-04-26,86.55144500732422,94.26000213623047,95.1500015258789,93.0999984741211,93.55000305175781,42529000
2018-04-27,87.98387145996094,95.81999969482422,97.9000015258789,93.91000366210938,97.5999984741211,48272800
2018-04-30,85.8719482421875,93.5199966430664,96.4000015258789,93.1500015258789,96.33000183105469,41523600
2018-05-01,87.23092651367188,95.0,95.29000091552734,92.79000091552734,93.20999908447266,31408900
2018-05-02,85.86279296875,93.51000213623047,95.16999816894531,93.19000244140625,94.98999786376953,27471000
2018-05-03,86.37698364257812,94.06999969482422,94.93000030517578,92.44999694824219,92.95999908447266,31142500
2018-05-04,87.37783813476562,95.16000366210938,95.37000274658203,92.91999816894531,93.31999969482422,22531300
2018-05-07,88.35114288330078,96.22000122070312,96.70999908447266,95.0999984741211,95.16999816894531,24242000
2018-05-08,87.97469329833984,95.80999755859375,96.16000366210938,95.05999755859375,95.8499984741211,23484600
2018-05-09,89.01226043701172,96.94000244140625,96.97000122070312,95.05000305175781,96.01000213623047,27327400
2018-05-10,89.90292358398438,97.91000366210938,97.94999694824219,97.05000305175781,97.45999908447266,22388100
2018-05-11,89.71011352539062,97.69999694824219,97.87000274658203,97.04000091552734,97.80000305175781,16778300
2018-05-14,90.01313781738281,98.02999877929688,98.69000244140625,97.30999755859375,97.91999816894531,19454100
2018-05-15,89.36119079589844,97.31999969482422,97.8499984741211,96.33999633789062,97.23999786376953,24594000
2018-05-16,89.59172058105469,97.1500015258789,97.4000015258789,96.62000274658203,97.36000061035156,17384700
2018-05-17,88.69721221923828,96.18000030517578,97.54000091552734,95.83000183105469,96.76000213623047,17246700
2018-05-18,88.86318969726562,96.36000061035156,96.93000030517578,96.01000213623047,96.01000213623047,17865800
2018-05-21,90.00672912597656,97.5999984741211,98.01000213623047,96.80000305175781,97.0,19422500
2018-05-22,89.91452026367188,97.5,98.16999816894531,97.19999694824219,97.68000030517578,15441200
2018-05-23,90.98426818847656,98.66000366210938,98.7300033569336,96.31999969482422,96.70999908447266,21251200
2018-05-24,90.6615219116211,98.30999755859375,98.94000244140625,96.80999755859375,98.7300033569336,26649300
2018-05-25,90.70760345458984,98.36000061035156,98.9800033569336,97.86000061035156,98.30000305175781,18363900
2018-05-29,90.38482666015625,98.01000213623047,98.87999725341797,97.2300033569336,97.83999633789062,28671000
2018-05-30,91.25170135498047,98.94999694824219,99.25,97.91000366210938,98.30999755859375,22158500
2018-05-31,91.15023803710938,98.83999633789062,99.98999786376953,98.61000061035156,99.29000091552734,34140900
2018-06-01,92.94855499267578,100.79000091552734,100.86000061035156,99.16999816894531,99.27999877929688,28655600
2018-06-04,93.76005554199219,101.66999816894531,101.86000061035156,100.8499984741211,101.26000213623047,27281600
2018-06-05,94.2396240234375,102.19000244140625,102.33000183105469,101.52999877929688,102.0,23514400
2018-06-06,94.51631164550781,102.48999786376953,102.5999984741211,101.9000015258789,102.4800033569336,21122900
2018-06-07,93.03154754638672,100.87999725341797,102.69000244140625,100.37999725341797,102.6500015258789,28232200
2018-06-08,93.72319793701172,101.62999725341797,101.94999694824219,100.54000091552734,101.08999633789062,22165100
2018-06-11,93.18831634521484,101.05000305175781,101.58999633789062,100.66999816894531,101.01000213623047,23490900
2018-06-12,93.42807006835938,101.30999755859375,101.44999694824219,100.75,101.0999984741211,18325200
2018-06-13,93.00386810302734,100.8499984741211,102.01000213623047,100.55999755859375,101.72000122070312,29492900
2018-06-14,93.529541015625,101.41999816894531,102.02999877929688,101.0,101.6500015258789,25691800
2018-06-15,92.33991241455078,100.12999725341797,101.52999877929688,100.06999969482422,101.51000213623047,65738600
2018-06-18,93.01311492919922,100.86000061035156,101.11000061035156,99.41999816894531,100.01000213623047,23586000
2018-06-19,93.01311492919922,100.86000061035156,101.0,99.5,99.6500015258789,28653100
2018-06-20,93.94452667236328,101.87000274658203,102.5199966430664,101.12000274658203,101.37000274658203,26180800
2018-06-21,93.27132415771484,101.13999938964844,102.45999908447266,100.87999725341797,102.08000183105469,23198200
2018-06-22,92.5981216430664,100.41000366210938,100.7699966430664,99.62999725341797,100.41000366210938,38923100
2018-06-25,90.73528289794922,98.38999938964844,100.11000061035156,97.30000305175781,100.0,35433300
2018-06-26,91.37159729003906,99.08000183105469,100.08000183105469,98.75,98.81999969482422,26897200
2018-06-27,89.9513931274414,97.54000091552734,100.0199966430664,97.4000015258789,99.58000183105469,31298400
2018-06-28,90.95658874511719,98.62999725341797,99.11000061035156,97.26000213623047,97.37999725341797,26650700
2018-06-29,90.93815612792969,98.61000061035156,99.91000366210938,98.33000183105469,98.93000030517578,28053200
2018-07-02,92.229248046875,100.01000213623047,100.05999755859375,98.0,98.0999984741211,19564500
2018-07-03,91.34391784667969,99.05000305175781,100.62999725341797,98.94000244140625,100.4800033569336,14670300
2018-07-05,91.99870300292969,99.76000213623047,99.91999816894531,99.02999877929688,99.5,18977400
2018-07-06,93.2897720336914,101.16000366210938,101.43000030517578,99.66999816894531,99.88999938964844,19234600
2018-07-09,93.92608642578125,101.8499984741211,102.25,101.25,101.6500015258789,18212000
2018-07-10,94.17508697509766,102.12000274658203,102.51000213623047,101.86000061035156,102.0,19293100
2018-07-11,94.04596710205078,101.9800033569336,102.33999633789062,101.0999984741211,101.1500015258789,19644600
2018-07-12,96.08403778076172,104.19000244140625,104.41000366210938,102.7300033569336,102.7699966430664,24335900
2018-07-13,97.22755432128906,105.43000030517578,105.5999984741211,104.08999633789062,104.37000274658203,24635200
2018-07-16,96.74801635742188,104.91000366210938,105.81999969482422,104.5199966430664,105.4000015258789,21786900
2018-07-17,97.70709228515625,105.94999694824219,106.5,104.31999969482422,104.61000061035156,25901700
2018-07-18,96.94166564941406,105.12000274658203,106.05000305175781,104.72000122070312,105.94000244140625,29493900
2018-07-19,96.27770233154297,104.4000015258789,105.30999755859375,103.88999938964844,104.93000030517578,40171600
2018-07-20,98.0022201538086,106.2699966430664,108.19999694824219,106.08000183105469,108.08000183105469,56004000
2018-07-23,99.56995391845703,107.97000122070312,108.13999938964844,106.12999725341797,106.30000305175781,29707000
2018-07-24,99.28406524658203,107.66000366210938,108.81999969482422,107.26000213623047,108.56999969482422,26316600
2018-07-25,102.20742797851562,110.83000183105469,111.1500015258789,107.5999984741211,107.95999908447266,30702100
2018-07-26,101.0915756225586,109.62000274658203,111.0,109.5,110.73999786376953,31372100
2018-07-27,99.3025131225586,107.68000030517578,110.18000030517578,106.13999938964844,110.18000030517578,37005300
2018-07-30,97.17223358154297,105.37000274658203,107.52999877929688,104.76000213623047,107.19000244140625,34668300
2018-07-31,97.8270034790039,106.08000183105469,106.72000122070312,105.37999725341797,106.48999786376953,27655200
2018-08-01,98.01139068603516,106.27999877929688,106.44999694824219,105.41999816894531,106.02999877929688,23628700
2018-08-02,99.20106506347656,107.56999969482422,108.08999633789062,104.83999633789062,105.4000015258789,26104300
2018-08-03,99.63448333740234,108.04000091552734,108.05000305175781,106.81999969482422,107.80000305175781,18659600
2018-08-06,99.71749877929688,108.12999725341797,108.41999816894531,107.55999755859375,108.12000274658203,20265900
2018-08-07,100.40913391113281,108.87999725341797,109.0999984741211,108.16999816894531,108.55999755859375,16080200
2018-08-08,100.97167205810547,109.48999786376953,109.75,108.76000213623047,109.33000183105469,15487500
2018-08-09,101.13768005371094,109.66999816894531,110.16000366210938,109.5999984741211,109.70999908447266,13677200
2018-08-10,100.5197982788086,109.0,109.69000244140625,108.37999725341797,109.41999816894531,18183700
2018-08-13,99.79129028320312,108.20999908447266,109.58000183105469,108.0999984741211,109.23999786376953,18472500
2018-08-14,101.03621673583984,109.55999755859375,109.75,108.04000091552734,108.55999755859375,16788300
2018-08-15,99.66615295410156,107.66000366210938,108.98999786376953,106.81999969482422,108.48999786376953,29982800
2018-08-16,99.64765167236328,107.63999938964844,108.86000061035156,107.30000305175781,108.30000305175781,21384300
2018-08-17,99.59207916259766,107.58000183105469,107.9000015258789,106.69000244140625,107.36000061035156,18061500
2018-08-20,98.93482208251953,106.87000274658203,107.9000015258789,106.4800033569336,107.51000213623047,17914200
2018-08-21,98.11087799072266,105.9800033569336,107.3499984741211,105.8499984741211,106.91999816894531,22881900
2018-08-22,99.1106948852539,107.05999755859375,107.33999633789062,105.77999877929688,105.8499984741211,18000600
2018-08-23,99.57356262207031,107.55999755859375,108.18000030517578,106.87000274658203,107.1500015258789,18167700
2018-08-24,100.35121154785156,108.4000015258789,108.55999755859375,107.55999755859375,107.66999816894531,17234000
2018-08-27,101.46209716796875,109.5999984741211,109.63999938964844,108.51000213623047,109.2699966430664,19662300
2018-08-28,102.07311248779297,110.26000213623047,110.5,109.79000091552734,109.94000244140625,19151500
2018-08-29,103.70240783691406,112.0199966430664,112.02999877929688,110.2699966430664,110.44999694824219,20818000
2018-08-30,103.6375732421875,111.94999694824219,112.61000061035156,111.44000244140625,111.66999816894531,22798700
2018-08-31,103.98939514160156,112.33000183105469,112.77999877929688,111.5199966430664,111.69000244140625,23222700
2018-09-04,103.41543579101562,111.70999908447266,111.95999908447266,110.22000122070312,110.8499984741211,22634600
2018-09-05,100.43450164794922,108.48999786376953,111.41999816894531,108.0999984741211,111.01000213623047,32872400
2018-09-06,100.66595458984375,108.73999786376953,108.98999786376953,107.51000213623047,108.25,23477600
2018-09-07,100.1753158569336,108.20999908447266,108.72000122070312,107.2300033569336,108.2300033569336,22498600
2018-09-10,101.25843811035156,109.37999725341797,109.63999938964844,108.36000061035156,108.83999633789062,20727900
2018-09-11,102.98030853271484,111.23999786376953,111.58999633789062,108.88999938964844,108.9000015258789,24301800
2018-09-12,103.41543579101562,111.70999908447266,111.8499984741211,110.51000213623047,111.43000030517578,18891100
2018-09-13,104.52632904052734,112.91000366210938,113.7300033569336,112.12000274658203,112.12000274658203,26055600
2018-09-14,104.95216369628906,113.37000274658203,113.7300033569336,112.44000244140625,113.36000061035156,19122300
2018-09-17,103.8134994506836,112.13999938964844,113.69999694824219,111.86000061035156,113.69000244140625,20736500
2018-09-18,104.80403900146484,113.20999908447266,113.69999694824219,111.72000122070312,112.19000244140625,22170900
2018-09-19,103.40618133544922,111.69999694824219,113.31999969482422,111.04000091552734,113.05000305175781,21728400
2018-09-20,105.13733673095703,113.56999969482422,113.80000305175781,111.93000030517578,112.27999877929688,23714500
2018-09-21,105.77609252929688,114.26000213623047,115.29000091552734,113.51000213623047,114.0,71229700
2018-09-24,106.1556396484375,114.66999816894531,114.9000015258789,112.22000122070312,113.02999877929688,27334500
2018-09-25,105.95197296142578,114.44999694824219,115.0999984741211,113.75,114.80000305175781,22668000
2018-09-26,105.51689147949219,113.9800033569336,115.05999755859375,113.73999786376953,114.47000122070312,19352000
2018-09-27,105.91494750976562,114.41000366210938,114.91000366210938,114.19999694824219,114.77999877929688,19091300
2018-09-28,105.87793731689453,114.37000274658203,114.56999969482422,113.68000030517578,114.19000244140625,21647800
2018-10-01,107.02587127685547,115.61000061035156,115.68000030517578,114.7300033569336,114.75,18883100
2018-10-02,106.5999984741211,115.1500015258789,115.83999633789062,114.44000244140625,115.30000305175781,20787200
2018-10-03,106.61849212646484,115.16999816894531,116.18000030517578,114.93000030517578,115.41999816894531,16648000
2018-10-04,104.41522216796875,112.79000091552734,114.76000213623047,111.62999725341797,114.61000061035156,34821700
2018-10-05,103.80419921875,112.12999725341797,113.16999816894531,110.63999938964844,112.62999725341797,29068900
2018-10-08,102.61927795410156,110.8499984741211,112.02999877929688,109.33999633789062,111.66000366210938,29640600
2018-10-09,103.9245834350586,112.26000213623047,113.08000183105469,110.80000305175781,111.13999938964844,26198600
2018-10-10,98.27753448486328,106.16000366210938,111.5,105.79000091552734,111.23999786376953,61376300
2018-10-11,98.04608154296875,105.91000366210938,108.93000030517578,104.19999694824219,105.3499984741211,63904300
2018-10-12,101.43429565429688,109.56999969482422,111.23999786376953,107.12000274658203,109.01000213623047,47742100
2018-10-15,99.61058044433594,107.5999984741211,109.4800033569336,106.94999694824219,108.91000366210938,32068100
2018-10-16,102.75812530517578,111.0,111.41000366210938,108.94999694824219,109.54000091552734,31610200
2018-10-17,102.48966979980469,110.70999908447266,111.80999755859375,109.55000305175781,111.68000030517578,26548200
2018-10-18,100.4437484741211,108.5,110.52999877929688,107.83000183105469,110.0999984741211,32506200
2018-10-19,100.5918960571289,108.66000366210938,110.86000061035156,108.20999908447266,108.93000030517578,32785500
2018-10-22,101.48985290527344,109.62999725341797,110.54000091552734,108.23999786376953,109.31999969482422,26545600
2018-10-23,100.0734634399414,108.0999984741211,108.97000122070312,105.11000061035156,107.7699966430664,43770400
2018-10-24,94.7226333618164,102.31999969482422,108.48999786376953,101.58999633789062,108.41000366210938,63897800
2018-10-25,100.25863647460938,108.30000305175781,109.2699966430664,106.1500015258789,106.55000305175781,61646800
2018-10-26,99.01809692382812,106.95999908447266,108.75,104.76000213623047,105.69000244140625,55523100
2018-10-29,96.13904571533203,103.8499984741211,108.69999694824219,101.62999725341797,108.11000061035156,55162000
2018-10-30,96.02793884277344,103.7300033569336,104.37999725341797,100.11000061035156,103.66000366210938,65350900
2018-10-31,98.8792495727539,106.80999755859375,108.13999938964844,105.38999938964844,105.44000244140625,51062400
2018-11-01,98.05533599853516,105.91999816894531,107.31999969482422,105.52999877929688,107.05000305175781,33384200
2018-11-02,98.27753448486328,106.16000366210938,107.31999969482422,104.9800033569336,106.4800033569336,37680200
2018-11-05,99.52725982666016,107.51000213623047,107.73999786376953,105.9000015258789,106.37000274658203,27922100
2018-11-06,99.72169494628906,107.72000122070312,108.83999633789062,106.27999877929688,107.37999725341797,24340200
2018-11-07,103.6468734741211,111.95999908447266,112.23999786376953,109.4000015258789,109.44000244140625,37901700
2018-11-08,103.45244598388672,111.75,112.20999908447266,110.91000366210938,111.80000305175781,25644100
2018-11-09,101.43429565429688,109.56999969482422,111.44999694824219,108.76000213623047,110.8499984741211,32039200
2018-11-12,98.93482208251953,106.87000274658203,109.95999908447266,106.0999984741211,109.41999816894531,33621800
2018-11-13,98.99961853027344,106.94000244140625,108.73999786376953,106.63999938964844,107.55000305175781,35374600
2018-11-14,97.5956802368164,104.97000122070312,108.26000213623047,104.47000122070312,108.0999984741211,39495100
2018-11-15,99.743408203125,107.27999877929688,107.80000305175781,103.91000366210938,104.98999786376953,38505200
2018-11-16,100.68245697021484,108.29000091552734,108.87999725341797,106.80000305175781,107.08000183105469,33502100
2018-11-19,97.27027130126953,104.62000274658203,108.55999755859375,103.55000305175781,108.2699966430664,44773900
2018-11-20,94.56471252441406,101.70999908447266,102.97000122070312,99.3499984741211,101.80000305175781,64052500
2018-11-21,95.8663558959961,103.11000061035156,104.43000030517578,102.23999786376953,103.5999984741211,28130600
2018-11-23,95.82915496826172,103.06999969482422,103.80999755859375,102.0,102.16999816894531,13823100
2018-11-26,98.99029541015625,106.47000122070312,106.62999725341797,104.58000183105469,104.79000091552734,32336200
2018-11-27,99.61323547363281,107.13999938964844,107.33000183105469,105.36000061035156,106.2699966430664,29124500
2018-11-28,103.31361389160156,111.12000274658203,111.33000183105469,107.86000061035156,107.88999938964844,46788500
2018-11-29,102.448974609375,110.19000244140625,111.12000274658203,109.02999877929688,110.33000183105469,28123200
2018-11-30,103.09979248046875,110.88999938964844,110.97000122070312,109.36000061035156,110.69999694824219,33665600
2018-12-03,104.21549224853516,112.08999633789062,113.41999816894531,110.7300033569336,113.0,34732800
2018-12-04,100.89628601074219,108.5199966430664,112.63999938964844,108.20999908447266,111.94000244140625,45197000
2018-12-06,101.51921844482422,109.19000244140625,109.23999786376953,105.0,105.81999969482422,49107400
2018-12-07,97.45622253417969,104.81999969482422,109.44999694824219,104.30000305175781,108.37999725341797,45044900
2018-12-10,100.03163146972656,107.58999633789062,107.9800033569336,103.88999938964844,104.80000305175781,40801500
2018-12-11,100.96135711669922,108.58999633789062,110.94999694824219,107.44000244140625,109.80000305175781,42381900
2018-12-12,101.41695404052734,109.08000183105469,111.2699966430664,109.04000091552734,110.88999938964844,36183000
2018-12-13,101.7609634399414,109.44999694824219,110.87000274658203,108.62999725341797,109.58000183105469,31333400
2018-12-14,98.58120727539062,106.02999877929688,109.26000213623047,105.5,108.25,47043100
2018-12-17,95.66180419921875,102.88999938964844,105.80000305175781,101.70999908447266,105.41000366210938,56957300
2018-12-18,96.6659164428711,103.97000122070312,104.51000213623047,102.5199966430664,103.75,49319200
2018-12-19,96.40563201904297,103.69000244140625,106.87999725341797,101.3499984741211,103.6500015258789,68198200
2018-12-20,94.37874603271484,101.51000213623047,104.30999755859375,98.77999877929688,103.05000305175781,70334200
2018-12-21,91.32919311523438,98.2300033569336,103.0,97.45999908447266,101.62999725341797,111242100
2018-12-24,87.51720428466797,94.12999725341797,97.97000122070312,93.9800033569336,97.68000030517578,43935200
2018-12-26,93.49547576904297,100.55999755859375,100.69000244140625,93.95999908447266,95.13999938964844,51634800
2018-12-27,94.07192993164062,101.18000030517578,101.19000244140625,96.4000015258789,99.30000305175781,49498500
2018-12-28,93.3374252319336,100.38999938964844,102.41000366210938,99.5199966430664,102.08999633789062,38196300
2018-12-31,94.43452453613281,101.56999969482422,102.4000015258789,100.44000244140625,101.29000091552734,33173800
2019-01-02,94.01616668701172,101.12000274658203,101.75,98.94000244140625,99.55000305175781,35329300
2019-01-03,90.55747985839844,97.4000015258789,100.19000244140625,97.19999694824219,100.0999984741211,42579100
2019-01-04,94.76925659179688,101.93000030517578,102.51000213623047,98.93000030517578,99.72000122070312,44060600
2019-01-07,94.89010620117188,102.05999755859375,103.2699966430664,100.9800033569336,101.63999938964844,35656100
2019-01-08,95.57814025878906,102.80000305175781,103.97000122070312,101.70999908447266,103.04000091552734,31514400
2019-01-09,96.94485473632812,104.2699966430664,104.87999725341797,103.23999786376953,103.86000061035156,32280800
2019-01-10,96.32189178466797,103.5999984741211,103.75,102.37999725341797,103.22000122070312,30067600
2019-01-11,95.57814025878906,102.80000305175781,103.44000244140625,101.63999938964844,103.19000244140625,28314200
2019-01-14,94.88082122802734,102.05000305175781,102.87000274658203,101.26000213623047,101.9000015258789,28437100
2019-01-15,97.63288879394531,105.01000213623047,105.05000305175781,101.87999725341797,102.51000213623047,31587600
2019-01-16,97.97686767578125,105.37999725341797,106.26000213623047,104.95999908447266,105.26000213623047,29853900
2019-01-17,98.66488647460938,106.12000274658203,106.62999725341797,104.76000213623047,105.0,28393000
2019-01-18,100.14318084716797,107.70999908447266,107.9000015258789,105.91000366210938,107.45999908447266,37427600
2019-01-22,98.2558364868164,105.68000030517578,107.0999984741211,104.86000061035156,106.75,32371300
2019-01-23,99.21343994140625,106.70999908447266,107.04000091552734,105.33999633789062,106.12000274658203,25874300
2019-01-24,98.7392578125,106.19999694824219,107.0,105.33999633789062,106.86000061035156,23164800
2019-01-25,99.64112854003906,107.16999816894531,107.87999725341797,106.19999694824219,107.23999786376953,31225600
2019-01-28,97.69794464111328,105.08000183105469,106.4800033569336,104.66000366210938,106.26000213623047,29476700
2019-01-29,95.70829010009766,102.94000244140625,104.97000122070312,102.16999816894531,104.87999725341797,31490500
2019-01-30,98.9066162109375,106.37999725341797,106.37999725341797,104.33000183105469,104.62000274658203,49471900
2019-01-31,97.09362030029297,104.43000030517578,105.22000122070312,103.18000030517578,103.80000305175781,55636400
2019-02-01,95.55952453613281,102.77999877929688,104.0999984741211,102.3499984741211,103.77999877929688,35535700
2019-02-04,98.31156921386719,105.73999786376953,105.80000305175781,102.7699966430664,102.87000274658203,31315100
2019-02-05,99.68760681152344,107.22000122070312,107.2699966430664,105.95999908447266,106.05999755859375,27325400
2019-02-06,98.58120727539062,106.02999877929688,107.0,105.52999877929688,107.0,20609800
2019-02-07,97.8746109008789,105.2699966430664,105.58999633789062,104.29000091552734,105.19000244140625,29760700
2019-02-08,98.24649810791016,105.66999816894531,105.77999877929688,104.26000213623047,104.38999938964844,21461100
2019-02-11,97.85601043701172,105.25,106.58000183105469,104.97000122070312,106.19999694824219,18914100
2019-02-12,99.38079833984375,106.88999938964844,107.13999938964844,105.4800033569336,106.13999938964844,25056600
2019-02-13,99.30640411376953,106.80999755859375,107.77999877929688,106.70999908447266,107.5,18394900
2019-02-14,99.39010620117188,106.9000015258789,107.29000091552734,105.66000366210938,106.30999755859375,21784700
2019-02-15,100.61735534667969,108.22000122070312,108.30000305175781,107.36000061035156,107.91000366210938,26606900
2019-02-19,100.57089233398438,108.16999816894531,108.66000366210938,107.77999877929688,107.79000091552734,18038500
2019-02-20,100.0479965209961,107.1500015258789,107.94000244140625,106.29000091552734,107.86000061035156,21607700
2019-02-21,102.15819549560547,109.41000366210938,109.4800033569336,106.87000274658203,106.9000015258789,29063200
2019-02-22,103.61479949951172,110.97000122070312,111.19999694824219,109.81999969482422,110.05000305175781,27763200
2019-02-25,104.1937255859375,111.58999633789062,112.18000030517578,111.26000213623047,111.76000213623047,23750600
2019-02-26,104.91268157958984,112.36000061035156,113.23999786376953,111.16999816894531,111.26000213623047,21536700
2019-02-27,104.73524475097656,112.16999816894531,112.36000061035156,110.87999725341797,111.69000244140625,21487100
2019-02-28,104.60452270507812,112.02999877929688,112.87999725341797,111.7300033569336,112.04000091552734,29083900
2019-03-01,105.07140350341797,112.52999877929688,113.0199966430664,111.66999816894531,112.88999938964844,23501200
2019-03-04,104.81928253173828,112.26000213623047,113.25,110.80000305175781,113.0199966430664,26608000
2019-03-05,104.29640197753906,111.69999694824219,112.38999938964844,111.2300033569336,112.25,19538300
2019-03-06,104.34310913085938,111.75,112.66000366210938,111.43000030517578,111.87000274658203,17687000
2019-03-07,103.07324981689453,110.38999938964844,111.55000305175781,109.87000274658203,111.4000015258789,25339000
2019-03-08,103.1852798461914,110.51000213623047,110.70999908447266,108.80000305175781,109.16000366210938,22818400
2019-03-11,105.3515396118164,112.83000183105469,112.94999694824219,110.9800033569336,110.98999786376953,26491600
2019-03-12,106.08917999267578,113.62000274658203,113.98999786376953,112.6500015258789,112.81999969482422,26132700
2019-03-13,106.91080474853516,114.5,115.0,113.77999877929688,114.12999725341797,35513800
2019-03-14,106.9948501586914,114.58999633789062,115.19999694824219,114.33000183105469,114.54000091552734,30763400
2019-03-15,108.22737884521484,115.91000366210938,117.25,114.58999633789062,115.33999633789062,54681100
2019-03-18,109.77735137939453,117.56999969482422,117.61000061035156,116.05000305175781,116.16999816894531,31207600
2019-03-19,109.85203552246094,117.6500015258789,118.44000244140625,116.98999786376953,118.08999633789062,37588700
2019-03-20,109.73065948486328,117.5199966430664,118.75,116.70999908447266,117.38999938964844,28113300
2019-03-21,112.25169372558594,120.22000122070312,120.81999969482422,117.08999633789062,117.13999938964844,29854400
2019-03-22,109.29182434082031,117.05000305175781,119.58999633789062,117.04000091552734,119.5,33624500
2019-03-25,109.86139678955078,117.66000366210938,118.01000213623047,116.31999969482422,116.55999755859375,27067100
2019-03-26,110.09479522705078,117.91000366210938,118.70999908447266,116.8499984741211,118.62000274658203,26097700
2019-03-27,109.03035736083984,116.7699966430664,118.20999908447266,115.5199966430664,117.87999725341797,22733400
2019-03-28,109.17977142333984,116.93000030517578,117.58000183105469,116.12999725341797,117.44000244140625,18334800
2019-03-29,110.122802734375,117.94000244140625,118.31999969482422,116.95999908447266,118.06999969482422,25399800
2019-04-01,111.1312484741211,119.0199966430664,119.11000061035156,118.0999984741211,118.94999694824219,22789100
2019-04-02,111.28996276855469,119.19000244140625,119.4800033569336,118.5199966430664,119.05999755859375,18142300
2019-04-03,112.01826477050781,119.97000122070312,120.43000030517578,119.1500015258789,119.86000061035156,22860700
2019-04-04,111.44871520996094,119.36000061035156,120.2300033569336,118.37999725341797,120.0999984741211,20112800
2019-04-05,111.94357299804688,119.88999938964844,120.2300033569336,119.37000274658203,119.38999938964844,15826200
2019-04-08,111.98094177246094,119.93000030517578,120.0199966430664,118.63999938964844,119.80999755859375,15116200
2019-04-09,111.37401580810547,119.27999877929688,119.54000091552734,118.58000183105469,118.62999725341797,17612000
2019-04-10,112.22367858886719,120.19000244140625,120.3499984741211,119.54000091552734,119.76000213623047,16477200
2019-04-11,112.35440826416016,120.33000183105469,120.8499984741211,119.91999816894531,120.54000091552734,14209100
2019-04-12,112.93331909179688,120.94999694824219,120.9800033569336,120.37000274658203,120.63999938964844,19745100
2019-04-15,113.02668762207031,121.05000305175781,121.58000183105469,120.56999969482422,120.94000244140625,15792600
2019-04-16,112.76522827148438,120.7699966430664,121.6500015258789,120.0999984741211,121.63999938964844,14071800
2019-04-17,113.69895935058594,121.7699966430664,121.8499984741211,120.54000091552734,121.23999786376953,19300900
2019-04-18,115.19291687011719,123.37000274658203,123.5199966430664,121.30000305175781,122.19000244140625,27991000
2019-04-22,115.55706787109375,123.76000213623047,124.0,122.56999969482422,122.62000274658203,15648700
2019-04-23,117.12568664550781,125.44000244140625,125.58000183105469,123.83000183105469,124.0999984741211,24025500
2019-04-24,116.72423553466797,125.01000213623047,125.8499984741211,124.5199966430664,125.79000091552734,31257000
2019-04-25,120.58981323242188,129.14999389648438,131.3699951171875,128.8300018310547,130.05999755859375,38033900
2019-04-26,121.28077697753906,129.88999938964844,130.52000427246094,129.02000427246094,129.6999969482422,23654900
2019-04-29,121.168701171875,129.77000427246094,130.17999267578125,129.35000610351562,129.89999389648438,16324200
2019-04-30,121.9437255859375,130.60000610351562,130.6999969482422,129.38999938964844,129.80999755859375,24166500
2019-05-01,119.40396881103516,127.87999725341797,130.64999389648438,127.69999694824219,130.52999877929688,26821700
2019-05-02,117.84465789794922,126.20999908447266,128.0,125.5199966430664,127.9800033569336,27350200
2019-05-03,120.35637664794922,128.89999389648438,129.42999267578125,127.25,127.36000061035156,24911100
2019-05-06,119.65607452392578,128.14999389648438,128.55999755859375,126.11000061035156,126.38999938964844,24239800
2019-05-07,117.2004165649414,125.5199966430664,127.18000030517578,124.22000122070312,126.45999908447266,36017700
2019-05-08,117.19107055664062,125.51000213623047,126.37000274658203,124.75,125.44000244140625,28419000
2019-05-09,117.18172454833984,125.5,125.79000091552734,123.56999969482422,124.29000091552734,27235800
2019-05-10,118.70369720458984,127.12999725341797,127.93000030517578,123.81999969482422,124.91000366210938,30915100
2019-05-13,115.17424011230469,123.3499984741211,125.55000305175781,123.04000091552734,124.11000061035156,33944900
2019-05-14,116.46277618408203,124.7300033569336,125.87999725341797,123.69999694824219,123.87000274658203,25266300
2019-05-15,118.10282897949219,126.0199966430664,126.70999908447266,123.69999694824219,124.26000213623047,24722700
2019-05-16,120.83001708984375,128.92999267578125,129.3800048828125,126.45999908447266,126.75,30112200
2019-05-17,120.02403259277344,128.07000732421875,130.4600067138672,127.91999816894531,128.30999755859375,25770500
2019-05-20,118.2902603149414,126.22000122070312,127.58999633789062,125.76000213623047,126.5199966430664,23706900
2019-05-21,118.92755126953125,126.9000015258789,127.52999877929688,126.58000183105469,127.43000030517578,15293300
2019-05-22,119.649169921875,127.66999816894531,128.24000549316406,126.5199966430664,126.62000274658203,15396500
2019-05-23,118.2527847290039,126.18000030517578,126.29000091552734,124.73999786376953,126.19999694824219,23603800
2019-05-24,118.30901336669922,126.23999786376953,127.41999816894531,125.97000122070312,126.91000366210938,14123400
2019-05-28,118.23406219482422,126.16000366210938,128.0,126.05000305175781,126.9800033569336,23128400
2019-05-29,117.0906982421875,124.94000244140625,125.38999938964844,124.04000091552734,125.37999725341797,22763100
2019-05-30,117.8310546875,125.7300033569336,125.76000213623047,124.77999877929688,125.26000213623047,16829600
2019-05-31,115.90985107421875,123.68000030517578,124.62000274658203,123.31999969482422,124.2300033569336,26646800
2019-06-03,112.31107330322266,119.83999633789062,124.37000274658203,119.01000213623047,123.8499984741211,37983600
2019-06-04,115.42252349853516,123.16000366210938,123.27999877929688,120.6500015258789,121.27999877929688,29382600
2019-06-05,117.92474365234375,125.83000183105469,125.87000274658203,124.20999908447266,124.94999694824219,24926100
2019-06-06,119.78972625732422,127.81999969482422,127.97000122070312,125.5999984741211,126.44000244140625,21459000
2019-06-07,123.14482116699219,131.39999389648438,132.25,128.25999450683594,129.19000244140625,33885600
2019-06-10,124.26943969726562,132.60000610351562,134.0800018310547,132.0,132.39999389648438,26477100
2019-06-11,123.80087280273438,132.10000610351562,134.24000549316406,131.27999877929688,133.8800048828125,23913700
2019-06-12,123.22917938232422,131.49000549316406,131.97000122070312,130.7100067138672,131.39999389648438,17092500
2019-06-13,124.00702667236328,132.32000732421875,133.0,131.55999755859375,131.97999572753906,17200800
2019-06-14,124.12886810302734,132.4499969482422,133.7899932861328,131.63999938964844,132.25999450683594,17821700
2019-06-17,124.5037612915039,132.85000610351562,133.72999572753906,132.52999877929688,132.6300048828125,14517800
2019-06-18,126.66862487792969,135.16000366210938,135.24000549316406,133.57000732421875,134.19000244140625,25934500
2019-06-19,127.16532135009766,135.69000244140625,135.92999267578125,133.80999755859375,135.0,23744400
2019-06-20,128.34613037109375,136.9499969482422,137.66000366210938,135.72000122070312,137.4499969482422,33042600
2019-06-21,128.36488342285156,136.97000122070312,137.72999572753906,136.4600067138672,136.5800018310547,36727900
2019-06-24,129.12405395507812,137.77999877929688,138.39999389648438,137.0,137.0,20628800
2019-06-25,125.04730987548828,133.42999267578125,137.58999633789062,132.72999572753906,137.25,33327400
2019-06-26,125.51587677001953,133.92999267578125,135.74000549316406,133.60000610351562,134.35000610351562,23657700
2019-06-27,125.72205352783203,134.14999389648438,134.7100067138672,133.50999450683594,134.13999938964844,16557500
2019-06-28,125.54402160644531,133.9600067138672,134.60000610351562,133.16000366210938,134.57000732421875,30043000
2019-07-01,127.1559066772461,135.67999267578125,136.6999969482422,134.97000122070312,136.6300048828125,22613500
2019-07-02,127.99942779541016,136.5800018310547,136.58999633789062,135.33999633789062,136.1199951171875,15237800
2019-07-03,128.82412719726562,137.4600067138672,137.74000549316406,136.2899932861328,136.8000030517578,13629300
2019-07-05,128.4492645263672,137.05999755859375,137.3300018310547,135.72000122070312,135.94000244140625,18141100
2019-07-08,128.3555145263672,136.9600067138672,137.10000610351562,135.3699951171875,136.39999389648438,16779700
2019-07-09,127.88692474365234,136.4600067138672,136.97000122070312,135.8000030517578,136.0,19953100
2019-07-10,129.18959045410156,137.85000610351562,138.5800018310547,137.02000427246094,137.1300048828125,24204400
2019-07-11,129.7050323486328,138.39999389648438,139.22000122070312,137.8699951171875,138.1999969482422,22327900
2019-07-12,130.17364501953125,138.89999389648438,139.1300048828125,138.00999450683594,138.85000610351562,18936800
2019-07-15,130.17364501953125,138.89999389648438,139.5399932861328,138.4600067138672,139.44000244140625,16651500
2019-07-16,128.46798706054688,137.0800018310547,139.0500030517578,136.52000427246094,138.9600067138672,22726100
2019-07-17,127.70890045166016,136.27000427246094,137.92999267578125,136.22000122070312,137.6999969482422,20211000
2019-07-18,127.84944152832031,136.4199981689453,136.6199951171875,134.6699981689453,135.5500030517578,30381800
2019-07-19,128.03683471679688,136.6199951171875,140.6699981689453,136.4499969482422,140.22000122070312,48992400
2019-07-22,129.733154296875,138.42999267578125,139.19000244140625,137.3300018310547,137.41000366210938,25074900
2019-07-23,130.53915405273438,139.2899932861328,139.99000549316406,138.02999877929688,139.75999450683594,18034600
2019-07-24,131.87930297851562,140.72000122070312,140.74000549316406,138.85000610351562,138.89999389648438,20738300
2019-07-25,131.38262939453125,140.19000244140625,140.61000061035156,139.32000732421875,140.42999267578125,18356900
2019-07-26,132.4603271484375,141.33999633789062,141.67999267578125,140.3000030517578,140.3699951171875,19037600
2019-07-29,132.16981506347656,141.02999877929688,141.50999450683594,139.3699951171875,141.5,16605900
2019-07-30,131.53257751464844,140.35000610351562,141.22000122070312,139.8000030517578,140.13999938964844,16846500
2019-07-31,127.70890045166016,136.27000427246094,140.49000549316406,135.0800018310547,140.3300018310547,38598800
2019-08-01,129.3863983154297,138.05999755859375,140.94000244140625,136.92999267578125,137.0,40557500
2019-08-02,128.29930114746094,136.89999389648438,138.32000732421875,135.25999450683594,138.08999633789062,30791600
2019-08-05,123.90394592285156,132.2100067138672,133.92999267578125,130.77999877929688,133.3000030517578,42749600
2019-08-06,126.2281494140625,134.69000244140625,135.67999267578125,133.2100067138672,133.8000030517578,32696700
2019-08-07,126.78107452392578,135.27999877929688,135.64999389648438,131.8300018310547,133.7899932861328,33414500
2019-08-08,130.16424560546875,138.88999938964844,138.99000549316406,135.92999267578125,136.60000610351562,27496500
2019-08-09,129.05841064453125,137.7100067138672,139.3800048828125,136.4600067138672,138.61000061035156,23466700
2019-08-12,127.2590103149414,135.7899932861328,137.86000061035156,135.24000549316406,137.07000732421875,20484300
2019-08-13,129.8925323486328,138.60000610351562,138.8000030517578,135.0,136.0500030517578,25154600
2019-08-14,125.98086547851562,133.97999572753906,136.9199981689453,133.6699981689453,136.36000061035156,32527300
2019-08-15,125.69876098632812,133.67999267578125,134.5800018310547,132.25,134.38999938964844,28074400
2019-08-16,128.00250244140625,136.1300048828125,136.4600067138672,134.72000122070312,134.8800048828125,24449100
2019-08-19,130.1464385986328,138.41000366210938,138.5500030517578,136.88999938964844,137.85000610351562,24355700
2019-08-20,129.0650177001953,137.25999450683594,138.7100067138672,137.24000549316406,138.2100067138672,21170800
2019-08-21,130.50369262695312,138.7899932861328,139.49000549316406,138.0,138.5500030517578,14970300
2019-08-22,129.5540313720703,137.77999877929688,139.1999969482422,136.2899932861328,138.66000366210938,18697000
2019-08-23,125.42607879638672,133.38999938964844,138.35000610351562,132.8000030517578,137.19000244140625,38508600
2019-08-26,127.36311340332031,135.4499969482422,135.55999755859375,133.89999389648438,134.99000549316406,20312600
2019-08-27,127.63578796386719,135.74000549316406,136.72000122070312,134.66000366210938,136.38999938964844,23102100
2019-08-28,127.46653747558594,135.55999755859375,135.75999450683594,133.5500030517578,134.8800048828125,17393300
2019-08-29,129.8737335205078,138.1199951171875,138.44000244140625,136.91000366210938,137.25,20168700
2019-08-30,129.62921142578125,137.86000061035156,139.17999267578125,136.27000427246094,139.14999389648438,23940100
2019-09-03,127.91783142089844,136.0399932861328,137.1999969482422,135.6999969482422,136.61000061035156,18869300
2019-09-04,129.41293334960938,137.6300048828125,137.69000244140625,136.47999572753906,137.3000030517578,17995900
2019-09-05,131.68844604492188,140.0500030517578,140.3800048828125,138.75999450683594,139.11000061035156,26101800
2019-09-06,130.79525756835938,139.10000610351562,140.17999267578125,138.1999969482422,140.02999877929688,20824500
2019-09-09,129.30953979492188,137.52000427246094,139.75,136.4600067138672,139.58999633789062,25773900
2019-09-10,127.95552825927734,136.0800018310547,136.88999938964844,134.50999450683594,136.8000030517578,28903400
2019-09-11,127.99307250976562,136.1199951171875,136.27000427246094,135.08999633789062,135.91000366210938,24726100
2019-09-12,129.30953979492188,137.52000427246094,138.4199981689453,136.8699951171875,137.85000610351562,27010000
2019-09-13,129.12144470214844,137.32000732421875,138.05999755859375,136.57000732421875,137.77999877929688,23363100
2019-09-16,128.1905517578125,136.3300018310547,136.6999969482422,135.66000366210938,135.8300018310547,16731400
2019-09-17,129.18728637695312,137.38999938964844,137.52000427246094,136.42999267578125,136.9600067138672,17814200
2019-09-18,130.24984741210938,138.52000427246094,138.6699981689453,136.52999877929688,137.36000061035156,23982100
2019-09-19,132.64756774902344,141.07000732421875,142.3699951171875,140.07000732421875,140.3000030517578,35772100
2019-09-20,131.1148681640625,139.44000244140625,141.64999389648438,138.25,141.00999450683594,39167300
2019-09-23,130.83277893066406,139.13999938964844,139.6300048828125,138.44000244140625,139.22999572753906,17139300
2019-09-24,129.1778564453125,137.3800048828125,140.69000244140625,136.8800048828125,140.36000061035156,29773200
2019-09-25,131.03961181640625,139.36000061035156,139.9600067138672,136.02999877929688,137.5,21382000
2019-09-26,131.20887756347656,139.5399932861328,140.17999267578125,138.44000244140625,139.44000244140625,17456600
2019-09-27,129.50692749023438,137.72999572753906,140.36000061035156,136.64999389648438,140.14999389648438,22477700
2019-09-30,130.72940063476562,139.02999877929688,139.22000122070312,137.77999877929688,138.0500030517578,17280900
2019-10-01,128.8863983154297,137.07000732421875,140.25,137.0,139.66000366210938,21466600
2019-10-02,126.61087036132812,134.64999389648438,136.3699951171875,133.5800018310547,136.25,30521700
2019-10-03,128.14356994628906,136.27999877929688,136.75,133.22000122070312,134.9499969482422,24132900
2019-10-04,129.8737335205078,138.1199951171875,138.25,136.4199981689453,136.75,22897700
2019-10-07,128.93338012695312,137.1199951171875,138.17999267578125,137.02000427246094,137.13999938964844,15303700
2019-10-08,127.56995391845703,135.6699981689453,137.75999450683594,135.6199951171875,137.0800018310547,25550500
2019-10-09,129.98651123046875,138.24000549316406,138.6999969482422,136.97000122070312,137.4600067138672,19749900
2019-10-10,130.79525756835938,139.10000610351562,139.6699981689453,138.25,138.49000549316406,17654600
2019-10-11,131.34051513671875,139.67999267578125,141.02999877929688,139.5,140.1199951171875,25446000
2019-10-14,131.21832275390625,139.5500030517578,140.2899932861328,139.52000427246094,139.69000244140625,13304300
2019-10-15,133.11773681640625,141.57000732421875,141.7899932861328,139.80999755859375,140.05999755859375,19695700
2019-10-16,132.02696228027344,140.41000366210938,140.99000549316406,139.52999877929688,140.7899932861328,20751600
2019-10-17,131.34996032714844,139.69000244140625,141.4199981689453,139.02000427246094,140.9499969482422,21460600
2019-10-18,129.20611572265625,137.41000366210938,140.0,136.55999755859375,139.75999450683594,32273500
2019-10-21,130.1651611328125,138.42999267578125,138.5,137.00999450683594,138.4499969482422,20078200
2019-10-22,128.2281951904297,136.3699951171875,140.00999450683594,136.25999450683594,138.97000122070312,27431000
2019-10-23,129.0462646484375,137.24000549316406,137.4499969482422,135.61000061035156,136.8800048828125,29844600
2019-10-24,131.58499145507812,139.94000244140625,140.4199981689453,138.6699981689453,139.38999938964844,37029300
2019-10-25,132.32789611816406,140.72999572753906,141.13999938964844,139.1999969482422,139.33999633789062,25959700
2019-10-28,135.581298828125,144.19000244140625,145.6699981689453,143.50999450683594,144.39999389648438,35280100
2019-10-29,134.302490234375,142.8300018310547,144.5,142.64999389648438,144.0800018310547,20589500
2019-10-30,135.9761962890625,144.61000061035156,145.0,142.7899932861328,143.52000427246094,18496600
2019-10-31,134.81027221679688,143.3699951171875,144.92999267578125,142.99000549316406,144.89999389648438,24605100
2019-11-01,135.13937377929688,143.72000122070312,144.4199981689453,142.97000122070312,144.25999450683594,33128400
2019-11-04,135.91976928710938,144.5500030517578,145.0,144.16000366210938,144.8300018310547,16912000
2019-11-05,135.8351593017578,144.4600067138672,145.02000427246094,143.91000366210938,144.97000122070312,18250200
2019-11-06,135.4590606689453,144.05999755859375,144.52000427246094,143.1999969482422,144.3699951171875,16575800
2019-11-07,135.6470947265625,144.25999450683594,144.8800048828125,143.77000427246094,143.83999633789062,17786700
2019-11-08,137.24560546875,145.9600067138672,145.99000549316406,143.75999450683594,143.97999572753906,16732700
2019-11-11,137.38662719726562,146.11000061035156,146.4199981689453,144.72999572753906,145.33999633789062,14362600
2019-11-12,138.28929138183594,147.07000732421875,147.57000732421875,146.05999755859375,146.27999877929688,18641600
2019-11-13,138.51499938964844,147.30999755859375,147.4600067138672,146.27999877929688,146.74000549316406,16919200
2019-11-14,139.22027587890625,148.05999755859375,148.41000366210938,147.0,147.02000427246094,19729800
2019-11-15,141.01620483398438,149.97000122070312,149.99000549316406,148.27000427246094,148.92999267578125,23485700
2019-11-18,141.3641357421875,150.33999633789062,150.5500030517578,148.97999572753906,150.07000732421875,21534000
2019-11-19,141.4111328125,150.38999938964844,151.3300018310547,150.1999969482422,150.8800048828125,23935700
2019-11-20,141.1658477783203,149.6199951171875,150.83999633789062,148.4600067138672,150.30999755859375,25696800
2019-11-21,141.03372192382812,149.47999572753906,149.8000030517578,148.5,149.39999389648438,18576100
2019-11-22,141.1375274658203,149.58999633789062,150.3000030517578,148.82000732421875,150.07000732421875,15901800
2019-11-25,142.684814453125,151.22999572753906,151.35000610351562,149.9199981689453,150.0,22420900
2019-11-26,143.4396209716797,152.02999877929688,152.4199981689453,151.32000732421875,151.36000061035156,24620100
2019-11-27,143.7132568359375,152.32000732421875,152.5,151.52000427246094,152.3300018310547,15184400
2019-11-29,142.82638549804688,151.3800048828125,152.3000030517578,151.27999877929688,152.10000610351562,11977300
2019-12-02,141.0998077392578,149.5500030517578,151.8300018310547,148.32000732421875,151.80999755859375,27418400
2019-12-03,140.87332153320312,149.30999755859375,149.42999267578125,146.64999389648438,147.49000549316406,24066000
2019-12-04,141.3828582763672,149.85000610351562,150.17999267578125,149.1999969482422,150.13999938964844,17574700
2019-12-05,141.458251953125,149.92999267578125,150.32000732421875,149.47999572753906,150.0500030517578,17869100
2019-12-06,143.1754608154297,151.75,151.8699951171875,150.27000427246094,150.99000549316406,16403500
2019-12-09,142.8074951171875,151.36000061035156,152.2100067138672,150.91000366210938,151.07000732421875,16687400
2019-12-10,142.59051513671875,151.1300048828125,151.88999938964844,150.75999450683594,151.2899932861328,16476100
2019-12-11,143.12826538085938,151.6999969482422,151.8699951171875,150.3300018310547,151.5399932861328,18856600
2019-12-12,144.58128356933594,153.24000549316406,153.44000244140625,151.02000427246094,151.64999389648438,24612100
2019-12-13,145.7983856201172,154.52999877929688,154.88999938964844,152.8300018310547,153.0,23845400
2019-12-16,146.7418670654297,155.52999877929688,155.89999389648438,154.82000732421875,155.11000061035156,24144200
2019-12-17,145.94935607910156,154.69000244140625,155.7100067138672,154.4499969482422,155.4499969482422,25425600
2019-12-18,145.6474151611328,154.3699951171875,155.47999572753906,154.17999267578125,154.3000030517578,24129200
2019-12-19,146.91172790527344,155.7100067138672,155.77000427246094,153.75,154.0,24958900
2019-12-20,148.51564025878906,157.41000366210938,158.49000549316406,156.2899932861328,157.35000610351562,53477500
2019-12-23,148.51564025878906,157.41000366210938,158.1199951171875,157.27000427246094,158.1199951171875,17718200
2019-12-24,148.4873504638672,157.3800048828125,157.7100067138672,157.1199951171875,157.47999572753906,8989200
2019-12-26,149.7044677734375,158.6699981689453,158.72999572753906,157.39999389648438,157.55999755859375,14520600
2019-12-27,149.97808837890625,158.9600067138672,159.5500030517578,158.22000122070312,159.4499969482422,18412800
2019-12-30,148.6854705810547,157.58999633789062,159.02000427246094,156.72999572753906,158.99000549316406,16348400
2019-12-31,148.78924560546875,157.6999969482422,157.77000427246094,156.4499969482422,156.77000427246094,18369400
2020-01-02,151.5443115234375,160.6199951171875,160.72999572753906,158.3300018310547,158.77999877929688,22622100
2020-01-03,149.6572723388672,158.6199951171875,159.9499969482422,158.05999755859375,158.32000732421875,21116200
2020-01-06,150.0441131591797,159.02999877929688,159.10000610351562,156.50999450683594,157.0800018310547,20813700
2020-01-07,148.676025390625,157.5800018310547,159.6699981689453,157.32000732421875,159.32000732421875,21634100
2020-01-08,151.04425048828125,160.08999633789062,160.8000030517578,157.9499969482422,158.92999267578125,27746500
2020-01-09,152.9311981201172,162.08999633789062,162.22000122070312,161.02999877929688,161.83999633789062,21385000
2020-01-10,152.2235870361328,161.33999633789062,163.22000122070312,161.17999267578125,162.82000732421875,20725900
2020-01-13,154.05393981933594,163.27999877929688,163.30999755859375,161.25999450683594,161.75999450683594,21626500
2020-01-14,152.968994140625,162.1300048828125,163.60000610351562,161.72000122070312,163.38999938964844,23477400
2020-01-15,153.95960998535156,163.17999267578125,163.94000244140625,162.57000732421875,162.6199951171875,21417900
2020-01-16,156.78065490722656,166.1699981689453,166.24000549316406,164.02999877929688,164.35000610351562,23865400
2020-01-17,157.65811157226562,167.10000610351562,167.47000122070312,165.42999267578125,167.4199981689453,34371700
2020-01-21,157.092041015625,166.5,168.19000244140625,166.42999267578125,166.67999267578125,29517200
2020-01-22,156.3372344970703,165.6999969482422,167.49000549316406,165.67999267578125,167.39999389648438,24138800
2020-01-23,157.29962158203125,166.72000122070312,166.8000030517578,165.27000427246094,166.19000244140625,19680800
2020-01-24,155.71449279785156,165.0399932861328,167.52999877929688,164.4499969482422,167.50999450683594,24918100
2020-01-27,153.1105194091797,162.27999877929688,163.3800048828125,160.1999969482422,161.14999389648438,32078100
2020-01-28,156.1107940673828,165.4600067138672,165.75999450683594,163.07000732421875,163.77999877929688,24899900
2020-01-29,158.54498291015625,168.0399932861328,168.75,165.69000244140625,167.83999633789062,34754500
2020-01-30,163.01715087890625,172.77999877929688,174.0500030517578,170.7899932861328,174.0500030517578,51597500
2020-01-31,160.61122131347656,170.22999572753906,172.39999389648438,169.5800018310547,172.2100067138672,36142700
2020-02-03,164.52676391601562,174.3800048828125,174.5,170.39999389648438,170.42999267578125,30107000
2020-02-04,169.94244384765625,180.1199951171875,180.63999938964844,176.30999755859375,177.13999938964844,36433300
2020-02-05,169.73486328125,179.89999389648438,184.1999969482422,178.41000366210938,184.02999877929688,39186300
2020-02-06,173.25408935546875,183.6300048828125,183.82000732421875,180.05999755859375,180.97000122070312,27751400
2020-02-07,173.4994354248047,183.88999938964844,185.6300048828125,182.47999572753906,182.85000610351562,33529100
2020-02-10,178.03762817382812,188.6999969482422,188.83999633789062,183.25,183.5800018310547,35844300
2020-02-11,174.01832580566406,184.44000244140625,190.6999969482422,183.5,190.64999389648438,53159900
2020-02-12,174.2730712890625,184.7100067138672,185.85000610351562,181.85000610351562,185.5800018310547,47062900
2020-02-13,173.32957458496094,183.7100067138672,186.22999572753906,182.8699951171875,183.0800018310547,35295800
2020-02-14,174.87693786621094,185.35000610351562,185.41000366210938,182.64999389648438,183.25,23149500
2020-02-18,176.6506805419922,187.22999572753906,187.6999969482422,185.5,185.61000061035156,27792200
2020-02-19,177.1804962158203,187.27999877929688,188.17999267578125,186.47000122070312,188.05999755859375,29997500
2020-02-20,174.47471618652344,184.4199981689453,187.25,181.10000610351562,186.9499969482422,36862400
2020-02-21,168.95912170410156,178.58999633789062,183.5,177.25,183.1699981689453,48572600
2020-02-24,161.67437744140625,170.88999938964844,174.5500030517578,163.22999572753906,167.77000427246094,68311100
2020-02-25,159.0064697265625,168.07000732421875,174.83999633789062,167.64999389648438,174.1999969482422,68073300
2020-02-26,160.9931640625,170.1699981689453,173.25999450683594,168.2100067138672,169.7100067138672,56206100
2020-02-27,149.64976501464844,158.17999267578125,167.02999877929688,157.97999572753906,163.32000732421875,93174900
2020-02-28,153.27325439453125,162.00999450683594,163.7100067138672,152.0,152.41000366210938,97012700
2020-03-02,163.47189331054688,172.7899932861328,172.9199981689453,162.30999755859375,165.30999755859375,71030800
2020-03-03,155.63836669921875,164.50999450683594,175.0,162.25999450683594,173.8000030517578,71677000
2020-03-04,161.35267639160156,170.5500030517578,170.6999969482422,165.6199951171875,168.49000549316406,49814400
2020-03-05,157.30348205566406,166.27000427246094,170.8699951171875,165.69000244140625,166.0500030517578,47817300
2020-03-06,152.85696411132812,161.57000732421875,163.11000061035156,156.0,162.61000061035156,72821100
2020-03-09,142.4974822998047,150.6199951171875,157.75,150.0,151.0,70419300
2020-03-10,152.24200439453125,160.9199981689453,161.02999877929688,152.5800018310547,158.16000366210938,65354400
2020-03-11,145.34518432617188,153.6300048828125,157.6999969482422,151.14999389648438,157.1300048828125,56371600
2020-03-12,131.5608673095703,139.05999755859375,153.47000122070312,138.5800018310547,145.3000030517578,93226400
2020-03-13,150.2647247314453,158.8300018310547,161.91000366210938,140.72999572753906,147.5,92727400
2020-03-16,128.11717224121094,135.4199981689453,149.35000610351562,135.0,140.0,87905900
2020-03-17,138.66586303710938,146.57000732421875,147.5,135.0,140.0,81059800
2020-03-18,132.8285675048828,140.39999389648438,146.0,135.02000427246094,138.0,81593200
2020-03-19,135.01405334472656,142.7100067138672,150.14999389648438,139.0,142.77000427246094,85922700
2020-03-20,129.94309997558594,137.35000610351562,147.10000610351562,135.86000061035156,146.0,84866200
2020-03-23,128.64697265625,135.97999572753906,140.57000732421875,132.52000427246094,137.00999450683594,78975200
2020-03-24,140.34043884277344,148.33999633789062,149.60000610351562,141.27000427246094,143.75,82516700
2020-03-25,138.99696350097656,146.9199981689453,154.3300018310547,144.44000244140625,148.91000366210938,75638200
2020-03-26,147.69140625,156.11000061035156,156.66000366210938,148.3699951171875,148.39999389648438,64568100
2020-03-27,141.62709045410156,149.6999969482422,154.88999938964844,149.1999969482422,151.75,57042300
2020-03-30,151.5891876220703,160.22999572753906,160.60000610351562,150.00999450683594,152.44000244140625,63420300
2020-03-31,149.205078125,157.7100067138672,164.77999877929688,156.55999755859375,159.39999389648438,77927200
2020-04-01,143.9071502685547,152.11000061035156,157.75,150.82000732421875,153.0,57969900
2020-04-02,146.88722229003906,155.25999450683594,155.47999572753906,150.36000061035156,151.86000061035156,49630700
2020-04-03,145.5343475341797,153.8300018310547,157.3800048828125,152.19000244140625,155.10000610351562,41243300
2020-04-06,156.3574676513672,165.27000427246094,166.5,157.5800018310547,160.32000732421875,67111700
2020-04-07,154.6734161376953,163.49000549316406,170.0,163.25999450683594,169.58999633789062,62769000
2020-04-08,156.22500610351562,165.1300048828125,166.6699981689453,163.5,165.6699981689453,48318200
2020-04-09,156.23440551757812,165.13999938964844,167.3699951171875,163.3300018310547,166.36000061035156,51385100
2020-04-13,156.58448791503906,165.50999450683594,165.57000732421875,162.3000030517578,164.35000610351562,41905300
2020-04-14,164.33282470703125,173.6999969482422,173.75,168.0,169.0,52874300
2020-04-15,162.61094665527344,171.8800048828125,173.57000732421875,169.24000549316406,171.1999969482422,40940800
2020-04-16,167.49270629882812,177.0399932861328,177.27999877929688,172.89999389648438,174.3000030517578,50479600
2020-04-17,168.9685821533203,178.60000610351562,180.0,175.8699951171875,179.5,52765600
2020-04-20,165.6194610595703,175.05999755859375,178.75,174.99000549316406,176.6300048828125,36669600
2020-04-21,158.7698974609375,167.82000732421875,173.6699981689453,166.11000061035156,173.5,56203700
2020-04-22,164.1625213623047,173.52000427246094,174.0,170.82000732421875,171.38999938964844,34620200
2020-04-23,162.17581176757812,171.4199981689453,175.05999755859375,170.91000366210938,174.11000061035156,32790800
2020-04-24,165.13699340820312,174.5500030517578,174.55999755859375,170.7100067138672,172.05999755859375,34277600
2020-04-27,164.6639404296875,174.0500030517578,176.89999389648438,173.3000030517578,176.58999633789062,33194400
2020-04-28,160.652587890625,169.80999755859375,175.6699981689453,169.38999938964844,175.58999633789062,34392700
2020-04-29,167.86167907714844,177.42999267578125,177.67999267578125,171.8800048828125,173.22000122070312,51286600
2020-04-30,169.54568481445312,179.2100067138672,180.39999389648438,176.22999572753906,180.0,53875900
2020-05-01,165.1558837890625,174.57000732421875,178.63999938964844,174.00999450683594,175.8000030517578,39370500
2020-05-04,169.19564819335938,178.83999633789062,179.0,173.8000030517578,174.49000549316406,30372900
2020-05-05,171.0120849609375,180.75999450683594,183.64999389648438,179.89999389648438,180.6199951171875,36839200
2020-05-06,172.6960906982422,182.5399932861328,184.1999969482422,181.6300048828125,182.0800018310547,32139300
2020-05-07,173.69894409179688,183.60000610351562,184.5500030517578,182.5800018310547,184.1699981689453,28316000
2020-05-08,174.7206573486328,184.67999267578125,185.0,183.36000061035156,184.97999572753906,30877800
2020-05-11,176.66961669921875,186.74000549316406,187.50999450683594,182.85000610351562,183.14999389648438,30892700
2020-05-12,172.667724609375,182.50999450683594,187.0399932861328,182.3000030517578,186.8000030517578,32038200
2020-05-13,170.0565643310547,179.75,184.0500030517578,176.5399932861328,182.5500030517578,44711500
2020-05-14,170.7945098876953,180.52999877929688,180.69000244140625,175.67999267578125,177.5399932861328,41873900
2020-05-15,173.2826385498047,183.16000366210938,187.05999755859375,177.0,179.05999755859375,46610400
2020-05-18,174.93829345703125,184.91000366210938,186.1999969482422,183.9600067138672,185.75,35264500
2020-05-19,173.727294921875,183.6300048828125,186.60000610351562,183.49000549316406,185.02999877929688,26799100
2020-05-20,176.1370086669922,185.66000366210938,185.85000610351562,183.94000244140625,184.80999755859375,31261300
2020-05-21,174.02142333984375,183.42999267578125,186.6699981689453,183.2899932861328,185.39999389648438,29119500
2020-05-22,174.09732055664062,183.50999450683594,184.4600067138672,182.5399932861328,183.19000244140625,20826900
2020-05-26,172.2568359375,181.57000732421875,186.5,181.10000610351562,186.33999633789062,36073600
2020-05-27,172.48448181152344,181.80999755859375,181.99000549316406,176.60000610351562,180.1999969482422,39517100
2020-05-28,172.0955352783203,181.39999389648438,184.14999389648438,180.3800048828125,180.74000549316406,33810200
2020-05-29,173.85061645507812,183.25,184.27000427246094,180.41000366210938,182.72999572753906,42130400
2020-06-01,173.4522247314453,182.8300018310547,183.0,181.4600067138672,182.5399932861328,22622400
2020-06-02,175.42550659179688,184.91000366210938,185.0,181.35000610351562,184.25,30794600
2020-06-03,175.85240173339844,185.36000061035156,185.94000244140625,183.5800018310547,184.82000732421875,27311000
2020-06-04,173.53758239746094,182.9199981689453,185.83999633789062,182.3000030517578,184.3000030517578,28761800
2020-06-05,177.5980682373047,187.1999969482422,187.72999572753906,182.00999450683594,182.6199951171875,39893600
2020-06-08,178.6985321044922,188.36000061035156,188.5500030517578,184.44000244140625,185.94000244140625,33211600
2020-06-09,180.06468200683594,189.8000030517578,190.6999969482422,187.25999450683594,188.0,29783900
2020-06-10,186.74359130859375,196.83999633789062,198.52000427246094,191.00999450683594,191.1300048828125,43872300
2020-06-11,176.7157745361328,186.27000427246094,195.75999450683594,186.07000732421875,193.1300048828125,52854700
2020-06-12,178.1103515625,187.74000549316406,191.72000122070312,185.17999267578125,190.5399932861328,43373600
2020-06-15,179.24880981445312,188.94000244140625,190.82000732421875,184.00999450683594,184.5800018310547,32770200
2020-06-16,183.641357421875,193.57000732421875,195.5800018310547,191.4600067138672,192.88999938964844,42556700
2020-06-17,184.2769775390625,194.24000549316406,196.32000732421875,193.69000244140625,195.02999877929688,25687800
2020-06-18,186.2502899169922,196.32000732421875,196.49000549316406,194.0,194.0,23061600
2020-06-19,185.1402587890625,195.14999389648438,199.2899932861328,194.3699951171875,198.58999633789062,44441100
2020-06-22,190.28225708007812,200.57000732421875,200.75999450683594,195.22999572753906,195.7899932861328,32818900
2020-06-23,191.55357360839844,201.91000366210938,203.9499969482422,201.42999267578125,202.08999633789062,30917400
2020-06-24,187.69229125976562,197.83999633789062,203.25,196.55999755859375,201.60000610351562,36740600
2020-06-25,190.06410217285156,200.33999633789062,200.61000061035156,195.47000122070312,197.8000030517578,27803900
2020-06-26,186.25975036621094,196.3300018310547,199.88999938964844,194.8800048828125,199.72999572753906,54675800
2020-06-29,188.2615203857422,198.44000244140625,198.52999877929688,193.5500030517578,195.77999877929688,26701600
2020-06-30,193.07147216796875,203.50999450683594,204.39999389648438,197.74000549316406,197.8800048828125,34310300
2020-07-01,194.20042419433594,204.6999969482422,206.35000610351562,201.77000427246094,203.13999938964844,32061200
2020-07-02,195.68040466308594,206.25999450683594,208.02000427246094,205.0,205.67999267578125,29315800
2020-07-06,199.89266967773438,210.6999969482422,211.1300048828125,208.08999633789062,208.8300018310547,31897600
2020-07-07,197.5683135986328,208.25,214.6699981689453,207.99000549316406,210.4499969482422,33600700
2020-07-08,201.91342163085938,212.8300018310547,213.25999450683594,208.69000244140625,210.07000732421875,33600000
2020-07-09,203.3270263671875,214.32000732421875,216.3800048828125,211.47000122070312,216.3300018310547,33121700
2020-07-10,202.71038818359375,213.6699981689453,214.0800018310547,211.0800018310547,213.6199951171875,26177600
2020-07-13,196.44886779785156,207.07000732421875,215.8000030517578,206.5,214.47999572753906,38135600
2020-07-14,197.6632080078125,208.35000610351562,208.85000610351562,202.02999877929688,206.1300048828125,37591800
2020-07-15,197.3690948486328,208.0399932861328,211.3300018310547,205.02999877929688,209.55999755859375,32179400
2020-07-16,193.46043395996094,203.9199981689453,205.6999969482422,202.30999755859375,205.39999389648438,29940700
2020-07-17,192.47378540039062,202.8800048828125,205.0399932861328,201.38999938964844,204.47000122070312,31635300
2020-07-20,200.7465362548828,211.60000610351562,212.3000030517578,203.00999450683594,205.0,36884800
2020-07-21,198.04270935058594,208.75,213.94000244140625,208.02999877929688,213.66000366210938,37990400
2020-07-22,200.88880920410156,211.75,212.3000030517578,208.38999938964844,209.1999969482422,49605700
2020-07-23,192.1511688232422,202.5399932861328,210.9199981689453,202.14999389648438,207.19000244140625,67457000
2020-07-24,190.97483825683594,201.3000030517578,202.86000061035156,197.50999450683594,200.4199981689453,39827000
2020-07-27,193.39402770996094,203.85000610351562,203.97000122070312,200.86000061035156,201.47000122070312,30160900
2020-07-28,191.6578826904297,202.02000427246094,204.6999969482422,201.74000549316406,203.61000061035156,23251400
2020-07-29,193.59329223632812,204.05999755859375,204.64999389648438,202.00999450683594,202.5,19632600
2020-07-30,193.44143676757812,203.89999389648438,204.4600067138672,199.57000732421875,201.0,25079600
2020-07-31,194.4945068359375,205.00999450683594,205.10000610351562,199.00999450683594,204.39999389648438,51044000
2020-08-03,205.43313598632812,216.5399932861328,217.63999938964844,210.44000244140625,211.52000427246094,78983000
2020-08-04,202.34983825683594,213.2899932861328,214.77000427246094,210.30999755859375,214.1699981689453,49280100
2020-08-05,202.0177764892578,212.94000244140625,215.0,211.57000732421875,214.89999389648438,28806400
2020-08-06,205.25286865234375,216.35000610351562,216.3699951171875,211.5500030517578,212.33999633789062,32656800
2020-08-07,201.5813751220703,212.47999572753906,215.6999969482422,210.92999267578125,214.85000610351562,27820400
2020-08-10,197.5683135986328,208.25,211.8800048828125,206.35000610351562,211.6699981689453,36716500
2020-08-11,192.9481658935547,203.3800048828125,207.64999389648438,203.13999938964844,207.16000366210938,36446500
2020-08-12,198.46011352539062,209.19000244140625,210.27999877929688,204.75,205.2899932861328,28013100
2020-08-13,197.99526977539062,208.6999969482422,211.35000610351562,208.14999389648438,209.44000244140625,22588900
2020-08-14,198.18496704101562,208.89999389648438,209.58999633789062,207.50999450683594,208.75999450683594,17958900
2020-08-17,199.49423217773438,210.27999877929688,211.19000244140625,208.9199981689453,209.60000610351562,20184800
2020-08-18,200.64215087890625,211.49000549316406,212.36000061035156,209.2100067138672,210.52999877929688,21336200
2020-08-19,199.4248809814453,209.6999969482422,212.10000610351562,209.25,211.49000549316406,27627600
2020-08-20,204.0657501220703,214.5800018310547,215.0,208.91000366210938,209.5399932861328,26981500
2020-08-21,202.5822296142578,213.02000427246094,216.25,212.85000610351562,213.86000061035156,36249300
2020-08-24,203.21937561035156,213.69000244140625,215.52000427246094,212.42999267578125,214.7899932861328,25460100
2020-08-25,205.86314392089844,216.47000122070312,216.61000061035156,213.10000610351562,213.10000610351562,23043700
2020-08-26,210.31382751464844,221.14999389648438,222.08999633789062,217.36000061035156,217.8800048828125,39600800
2020-08-27,215.477783203125,226.5800018310547,231.14999389648438,219.39999389648438,222.88999938964844,57602200
2020-08-28,217.69361877441406,228.91000366210938,230.63999938964844,226.5800018310547,228.17999267578125,26292900
2020-08-31,214.47926330566406,225.52999877929688,228.6999969482422,224.30999755859375,227.0,28774200
2020-09-01,216.1339874267578,227.27000427246094,227.4499969482422,224.42999267578125,225.50999450683594,25725500
2020-09-02,220.29934692382812,231.64999389648438,232.86000061035156,227.35000610351562,227.97000122070312,34080800
2020-09-03,206.6524658203125,217.3000030517578,229.30999755859375,214.9600067138672,229.27000427246094,58400300
2020-09-04,203.75193786621094,214.25,218.36000061035156,205.19000244140625,215.10000610351562,59664100
2020-09-08,192.72984313964844,202.66000366210938,210.02999877929688,202.1999969482422,206.5,52924300
2020-09-09,200.93690490722656,211.2899932861328,214.83999633789062,206.6999969482422,207.60000610351562,45679000
2020-09-10,195.30703735351562,205.3699951171875,214.74000549316406,204.11000061035156,213.39999389648438,35461500
2020-09-11,194.03269958496094,204.02999877929688,208.6300048828125,201.24000549316406,207.1999969482422,33620100
2020-09-14,195.34506225585938,205.41000366210938,209.1999969482422,204.02999877929688,204.24000549316406,30375800
2020-09-15,198.5499725341797,208.77999877929688,209.77999877929688,206.92999267578125,208.4199981689453,21823900
2020-09-16,195.00271606445312,205.0500030517578,210.64999389648438,204.63999938964844,210.6199951171875,26328100
2020-09-17,192.9676055908203,202.91000366210938,204.3300018310547,199.9600067138672,200.0500030517578,34011300
2020-09-18,190.571044921875,200.38999938964844,203.64999389648438,196.25,202.8000030517578,55225300
2020-09-21,192.61566162109375,202.5399932861328,202.7100067138672,196.3800048828125,197.19000244140625,39839700
2020-09-22,197.2566680908203,207.4199981689453,208.10000610351562,202.0800018310547,205.05999755859375,33517100
2020-09-23,190.76124572753906,200.58999633789062,208.10000610351562,200.02999877929688,207.89999389648438,30803800
2020-09-24,193.2338409423828,203.19000244140625,205.57000732421875,199.1999969482422,199.85000610351562,31202500
2020-09-25,197.6370086669922,207.82000732421875,209.0399932861328,202.5399932861328,203.5500030517578,29437300
2020-09-28,199.1776580810547,209.44000244140625,212.57000732421875,208.05999755859375,210.8800048828125,32004900
2020-09-29,197.10443115234375,207.25999450683594,210.07000732421875,206.80999755859375,209.35000610351562,24221900
2020-09-30,200.02401733398438,210.3300018310547,211.97999572753906,206.5399932861328,207.72999572753906,33829100
2020-10-01,202.04965209960938,212.4600067138672,213.99000549316406,211.32000732421875,213.49000549316406,27158400
2020-10-02,196.08689880371094,206.19000244140625,210.99000549316406,205.5399932861328,208.0,33154800
2020-10-05,200.07159423828125,210.3800048828125,210.41000366210938,206.97999572753906,207.22000122070312,21331600
2020-10-06,195.82057189941406,205.91000366210938,210.17999267578125,204.82000732421875,208.82000732421875,28554300
2020-10-07,199.54852294921875,209.8300018310547,210.11000061035156,206.72000122070312,207.05999755859375,25681100
2020-10-08,200.2617645263672,210.5800018310547,211.19000244140625,208.32000732421875,210.50999450683594,19925800
2020-10-09,205.23548889160156,215.80999755859375,215.86000061035156,211.22999572753906,211.22999572753906,26458000
2020-10-12,210.55160522460938,221.39999389648438,223.86000061035156,216.80999755859375,218.7899932861328,40461400
2020-10-13,211.94003295898438,222.86000061035156,225.2100067138672,220.42999267578125,222.72000122070312,28950800
2020-10-14,210.03805541992188,220.86000061035156,224.22000122070312,219.1300048828125,223.0,23421700
2020-10-15,208.89688110351562,219.66000366210938,220.36000061035156,216.00999450683594,217.10000610351562,22733100
2020-10-16,208.89688110351562,219.66000366210938,222.2899932861328,219.32000732421875,220.14999389648438,26057900
2020-10-19,203.72341918945312,214.22000122070312,222.3000030517578,213.72000122070312,220.4199981689453,27625800
2020-10-20,204.13233947753906,214.64999389648438,217.3699951171875,213.08999633789062,215.8000030517578,22753500
2020-10-21,204.27500915527344,214.8000030517578,216.9199981689453,213.1199951171875,213.1199951171875,22724900
2020-10-22,204.36056518554688,214.88999938964844,216.05999755859375,211.6999969482422,213.92999267578125,22351500
2020-10-23,205.63490295410156,216.22999572753906,216.27999877929688,213.16000366210938,215.02999877929688,18879600
2020-10-26,199.78623962402344,210.0800018310547,216.33999633789062,208.10000610351562,213.85000610351562,37111600
2020-10-27,202.8009490966797,213.25,214.6699981689453,210.3300018310547,211.58999633789062,36700300
2020-10-28,192.74884033203125,202.67999267578125,208.83999633789062,202.10000610351562,207.6699981689453,51195600
2020-10-29,194.6889190673828,204.72000122070312,207.36000061035156,203.3699951171875,204.07000732421875,31432600
2020-10-30,192.5491485595703,202.47000122070312,204.2899932861328,199.6199951171875,203.5,36953700
2020-11-02,192.41598510742188,202.3300018310547,205.27999877929688,200.1199951171875,204.2899932861328,30842200
2020-11-03,196.31509399414062,206.42999267578125,208.1199951171875,203.1199951171875,203.88999938964844,27512000
2020-11-04,205.78704833984375,216.38999938964844,218.32000732421875,212.4199981689453,214.02000427246094,42311800
2020-11-05,212.3489532470703,223.2899932861328,224.1199951171875,221.14999389648438,222.0399932861328,36080100
2020-11-06,212.75794982910156,223.72000122070312,224.36000061035156,218.02999877929688,222.25999450683594,25231900
2020-11-09,207.68907165527344,218.38999938964844,228.1199951171875,217.8800048828125,224.44000244140625,44395000
2020-11-10,200.6707000732422,211.00999450683594,216.5,209.72000122070312,214.5,44045100
2020-11-11,205.93922424316406,216.5500030517578,218.0399932861328,212.1999969482422,212.38999938964844,29440800
2020-11-12,204.88363647460938,215.44000244140625,219.11000061035156,214.4600067138672,217.2100067138672,21593900
2020-11-13,205.90121459960938,216.50999450683594,217.4199981689453,214.16000366210938,216.36000061035156,18621100
2020-11-16,206.5859375,217.22999572753906,217.74000549316406,214.52000427246094,214.8699951171875,24953300
2020-11-17,203.95166015625,214.4600067138672,217.67999267578125,214.0800018310547,216.10000610351562,24154100
2020-11-18,201.26280212402344,211.0800018310547,215.1699981689453,210.92999267578125,213.64999389648438,28372800
2020-11-19,202.54049682617188,212.4199981689453,213.02999877929688,209.92999267578125,211.3800048828125,24792700
2020-11-20,200.6048583984375,210.38999938964844,213.2899932861328,210.0,212.1999969482422,22843100
2020-11-23,200.33790588378906,210.11000061035156,212.2899932861328,208.16000366210938,210.9499969482422,25683500
2020-11-24,203.9134979248047,213.86000061035156,214.25,208.86000061035156,209.58999633789062,33979700
2020-11-25,203.92306518554688,213.8699951171875,215.2899932861328,212.4600067138672,215.11000061035156,21012900
2020-11-27,205.2198028564453,215.22999572753906,216.27000427246094,214.0399932861328,214.85000610351562,14512200
2020-11-30,204.11375427246094,214.07000732421875,214.75999450683594,210.83999633789062,214.10000610351562,33064800
2020-12-01,206.1542510986328,216.2100067138672,217.32000732421875,213.35000610351562,214.50999450683594,30904500
2020-12-02,205.35325622558594,215.3699951171875,215.47000122070312,212.8000030517578,214.8800048828125,23724500
2020-12-03,204.27586364746094,214.24000549316406,216.3800048828125,213.64999389648438,214.61000061035156,25120900
2020-12-04,204.39027404785156,214.36000061035156,215.3800048828125,213.17999267578125,214.22000122070312,24666000
2020-12-07,204.32351684570312,214.2899932861328,215.5399932861328,212.99000549316406,214.3699951171875,24620000
2020-12-08,205.9635009765625,216.00999450683594,216.9499969482422,212.88999938964844,213.97000122070312,23284100
2020-12-09,201.94935607910156,211.8000030517578,215.22999572753906,211.2100067138672,215.16000366210938,32440600
2020-12-10,200.72886657714844,210.52000427246094,213.0800018310547,210.36000061035156,211.77000427246094,26733300
2020-12-11,203.34141540527344,213.25999450683594,213.32000732421875,209.11000061035156,210.0500030517578,30979400
2020-12-14,204.23768615722656,214.1999969482422,216.2100067138672,212.8800048828125,213.10000610351562,28798400
2020-12-15,204.1709747314453,214.1300048828125,215.4199981689453,212.24000549316406,215.1699981689453,27000600
2020-12-16,209.08148193359375,219.27999877929688,220.11000061035156,214.72000122070312,214.75,35023300
2020-12-17,209.2149200439453,219.4199981689453,220.88999938964844,217.9199981689453,219.8699951171875,32515800
2020-12-18,208.42355346679688,218.58999633789062,219.69000244140625,216.02000427246094,218.58999633789062,63354900
2020-12-21,212.2374725341797,222.58999633789062,224.0,217.27999877929688,217.5500030517578,37181900
2020-12-22,213.52467346191406,223.94000244140625,225.6300048828125,221.85000610351562,222.69000244140625,22612200
2020-12-23,210.74049377441406,221.02000427246094,223.55999755859375,220.8000030517578,223.11000061035156,18699600
2020-12-24,212.3900604248047,222.75,223.61000061035156,221.1999969482422,221.4199981689453,10550600
2020-12-28,214.49722290039062,224.9600067138672,226.02999877929688,223.02000427246094,224.4499969482422,17933500
2020-12-29,213.72488403320312,224.14999389648438,227.17999267578125,223.5800018310547,226.30999755859375,17403200
2020-12-30,211.36976623535156,221.67999267578125,225.6300048828125,221.47000122070312,225.22999572753906,20272300
2020-12-31,212.07537841796875,222.4199981689453,223.0,219.67999267578125,221.6999969482422,20942100
2021-01-04,207.5653533935547,217.69000244140625,223.0,214.80999755859375,222.52999877929688,37130100
2021-01-05,207.76560974121094,217.89999389648438,218.52000427246094,215.6999969482422,217.25999450683594,23823000
2021-01-06,202.37835693359375,212.25,216.49000549316406,211.94000244140625,212.1699981689453,35930700
2021-01-07,208.13746643066406,218.2899932861328,219.33999633789062,213.7100067138672,214.0399932861328,27694500
2021-01-08,209.4055938720703,219.6199951171875,220.5800018310547,217.02999877929688,218.67999267578125,22956200
2021-01-11,207.37466430664062,217.49000549316406,218.91000366210938,216.72999572753906,218.47000122070312,23031300
2021-01-12,204.93374633789062,214.92999267578125,217.10000610351562,213.32000732421875,216.5,23249300
2021-01-13,206.2781524658203,216.33999633789062,216.75999450683594,213.92999267578125,214.02000427246094,20087100
2021-01-14,203.1125946044922,213.02000427246094,217.4600067138672,212.74000549316406,215.91000366210938,29480800
2021-01-15,202.7598114013672,212.64999389648438,214.50999450683594,212.02999877929688,213.52000427246094,31746500
2021-01-19,206.3734893798828,216.44000244140625,216.97999572753906,212.6300048828125,213.75,30480900
2021-01-20,213.9060821533203,224.33999633789062,225.7899932861328,217.2899932861328,217.6999969482422,37777300
2021-01-21,214.50677490234375,224.97000122070312,226.3000030517578,222.4199981689453,224.6999969482422,30709400
2021-01-22,215.4412078857422,225.9499969482422,230.07000732421875,225.8000030517578,227.0800018310547,30172700
2021-01-25,218.8546905517578,229.52999877929688,229.77999877929688,224.22000122070312,229.1199951171875,33152100
2021-01-26,221.52447509765625,232.3300018310547,234.17999267578125,230.0800018310547,231.86000061035156,49169600
2021-01-27,222.06796264648438,232.89999389648438,240.44000244140625,230.13999938964844,238.0,69870600
2021-01-28,227.81748962402344,238.92999267578125,242.63999938964844,235.08999633789062,235.61000061035156,49111200
2021-01-29,221.17172241210938,231.9600067138672,238.02000427246094,231.35000610351562,235.99000549316406,42503100
2021-02-01,228.50404357910156,239.64999389648438,242.5,232.42999267578125,235.05999755859375,33314200
2021-02-02,228.37051391601562,239.50999450683594,242.30999755859375,238.69000244140625,241.3000030517578,25916300
2021-02-03,231.69825744628906,243.0,245.08999633789062,239.25999450683594,239.57000732421875,27158100
2021-02-04,230.7542724609375,242.00999450683594,243.24000549316406,240.3699951171875,242.66000366210938,25296100
2021-02-05,230.93545532226562,242.1999969482422,243.27999877929688,240.4199981689453,242.22999572753906,18054800
2021-02-08,231.19287109375,242.47000122070312,243.67999267578125,240.80999755859375,243.14999389648438,22211900
2021-02-09,232.4324188232422,243.77000427246094,244.75999450683594,241.3800048828125,241.8699951171875,23565000
2021-02-10,231.5265655517578,242.82000732421875,245.9199981689453,240.88999938964844,245.0,22186700
2021-02-11,233.11892700195312,244.49000549316406,245.14999389648438,242.14999389648438,244.77999877929688,15751100
2021-02-12,233.59564208984375,244.99000549316406,245.3000030517578,242.72999572753906,243.92999267578125,16561100
2021-02-16,232.36566162109375,243.6999969482422,246.1300048828125,242.9199981689453,245.02999877929688,26728500
2021-02-17,233.3787078857422,244.1999969482422,244.30999755859375,240.94000244140625,241.32000732421875,21653500
2021-02-18,232.98683166503906,243.7899932861328,243.92999267578125,240.86000061035156,241.8000030517578,16925600
2021-02-19,230.29180908203125,240.97000122070312,243.86000061035156,240.17999267578125,243.75,25262600
2021-02-22,224.1180877685547,234.50999450683594,237.92999267578125,232.39999389648438,237.4199981689453,36446900
2021-02-23,222.93304443359375,233.27000427246094,234.8300018310547,228.72999572753906,230.3300018310547,30228700
2021-02-24,224.15631103515625,234.5500030517578,235.1999969482422,229.0,230.00999450683594,26339700
2021-02-25,218.84268188476562,228.99000549316406,234.58999633789062,227.8800048828125,232.0800018310547,39542200
2021-02-26,222.08245849609375,232.3800048828125,235.3699951171875,229.5399932861328,231.52999877929688,37819200
2021-03-01,226.44041442871094,236.94000244140625,237.47000122070312,233.14999389648438,235.89999389648438,25324000
2021-03-02,223.50640869140625,233.8699951171875,237.3000030517578,233.4499969482422,237.00999450683594,22812500
2021-03-03,217.4760284423828,227.55999755859375,233.5800018310547,227.25999450683594,232.16000366210938,34029500
2021-03-04,216.68283081054688,226.72999572753906,232.49000549316406,224.25999450683594,226.74000549316406,44727800
2021-03-05,221.33702087402344,231.60000610351562,233.27000427246094,226.4600067138672,229.52000427246094,41872800
2021-03-08,217.31361389160156,227.38999938964844,233.3699951171875,227.1300048828125,231.3699951171875,35267400
2021-03-09,223.4204864501953,233.77999877929688,235.3800048828125,231.6699981689453,232.8800048828125,33080500
2021-03-10,222.12066650390625,232.4199981689453,237.0,232.0399932861328,237.0,29746800
2021-03-11,226.6219940185547,237.1300048828125,239.1699981689453,234.30999755859375,234.9600067138672,29907600
2021-03-12,225.3031463623047,235.75,235.82000732421875,233.22999572753906,234.00999450683594,22653700
2021-03-15,224.40478515625,234.80999755859375,235.19000244140625,231.80999755859375,234.9600067138672,26034900
2021-03-16,227.17630004882812,237.7100067138672,240.05999755859375,235.94000244140625,236.27999877929688,28092200
2021-03-17,226.53598022460938,237.0399932861328,238.5500030517578,233.22999572753906,236.14999389648438,29562100
2021-03-18,220.49603271484375,230.72000122070312,234.19000244140625,230.3300018310547,232.55999755859375,34833000
2021-03-19,220.1424560546875,230.35000610351562,232.47000122070312,229.35000610351562,231.02000427246094,46430700
2021-03-22,225.5325164794922,235.99000549316406,236.89999389648438,230.13999938964844,230.27000427246094,30127000
2021-03-23,227.0520477294922,237.5800018310547,241.0500030517578,237.07000732421875,237.49000549316406,31638400
2021-03-24,225.02598571777344,235.4600067138672,238.0,235.32000732421875,237.85000610351562,25620100
2021-03-25,222.04421997070312,232.33999633789062,236.94000244140625,231.57000732421875,235.3000030517578,34061900
2021-03-26,226.00076293945312,236.47999572753906,236.7100067138672,231.5500030517578,231.5500030517578,25479900
2021-03-29,224.81573486328125,235.24000549316406,236.8000030517578,231.8800048828125,236.58999633789062,25227500
2021-03-30,221.57598876953125,231.85000610351562,233.85000610351562,231.10000610351562,233.52999877929688,24792000
2021-03-31,225.32228088378906,235.77000427246094,239.10000610351562,232.38999938964844,232.91000366210938,43623500
2021-04-01,231.6106719970703,242.35000610351562,242.83999633789062,238.0500030517578,238.47000122070312,30338000
2021-04-05,238.0328826904297,249.07000732421875,249.9600067138672,242.6999969482422,242.75999450683594,36910600
2021-04-06,236.8765106201172,247.86000061035156,249.39999389648438,246.8800048828125,247.61000061035156,22931900
2021-04-07,238.8260955810547,249.89999389648438,250.92999267578125,247.19000244140625,247.80999755859375,22719800
2021-04-08,242.0276336669922,253.25,254.13999938964844,252.0,252.77000427246094,23625200
2021-04-09,244.51242065429688,255.85000610351562,255.99000549316406,252.44000244140625,252.8699951171875,24326800
2021-04-12,244.56980895996094,255.91000366210938,257.6700134277344,254.6199951171875,254.7100067138672,27148700
2021-04-13,247.0354766845703,258.489990234375,259.19000244140625,256.8299865722656,257.260009765625,23837500
2021-04-14,244.2639617919922,255.58999633789062,258.8299865722656,255.16000366210938,257.4800109863281,23070900
2021-04-15,248.00067138671875,259.5,259.92999267578125,257.7300109863281,257.92999267578125,25627500
2021-04-16,249.1857452392578,260.739990234375,261.0,257.6000061035156,259.4700012207031,24878600
2021-04-19,247.2743682861328,258.739990234375,261.4800109863281,257.82000732421875,260.19000244140625,23209300
2021-04-20,246.81565856933594,258.260009765625,260.20001220703125,256.8399963378906,257.82000732421875,19722900
2021-04-21,249.03285217285156,260.5799865722656,260.67999267578125,257.25,258.94000244140625,24030400
2021-04-22,245.7739715576172,257.1700134277344,261.7799987792969,255.63999938964844,260.2099914550781,25606200
2021-04-23,249.57757568359375,261.1499938964844,261.510009765625,257.2699890136719,257.8800048828125,21462600
2021-04-26,249.95986938476562,261.54998779296875,262.44000244140625,260.1700134277344,261.6600036621094,19763300
2021-04-27,250.3612518310547,261.9700012207031,263.19000244140625,260.1199951171875,261.5799865722656,31014200
2021-04-28,243.27957153320312,254.55999755859375,256.5400085449219,252.9499969482422,256.0799865722656,46903100
2021-04-29,241.32044982910156,252.50999450683594,256.1000061035156,249.0,255.4600067138672,40589000
2021-04-30,241.00509643554688,252.17999267578125,253.0800018310547,249.60000610351562,249.74000549316406,30945100
2021-05-03,240.69927978515625,251.86000061035156,254.35000610351562,251.1199951171875,253.39999389648438,19626600
2021-05-04,236.80960083007812,247.7899932861328,251.2100067138672,245.75999450683594,250.97000122070312,32756100
2021-05-05,235.54811096191406,246.47000122070312,249.5,245.82000732421875,249.05999755859375,21901300
2021-05-06,238.66363525390625,249.72999572753906,249.86000061035156,244.69000244140625,246.4499969482422,26491100
2021-05-07,241.2726593017578,252.4600067138672,254.3000030517578,251.1699981689453,252.14999389648438,27032900
2021-05-10,236.2266387939453,247.17999267578125,251.72999572753906,247.1199951171875,250.8699951171875,29299900
2021-05-11,235.3187255859375,246.22999572753906,246.60000610351562,242.57000732421875,244.5500030517578,33641600
2021-05-12,228.4091339111328,239.0,244.3800048828125,238.07000732421875,242.1699981689453,36684400
2021-05-13,232.2605438232422,243.02999877929688,245.60000610351562,241.4199981689453,241.8000030517578,29624300
2021-05-14,237.15367126464844,248.14999389648438,249.17999267578125,245.49000549316406,245.5800018310547,23901100
2021-05-17,234.31524658203125,245.17999267578125,246.58999633789062,243.52000427246094,246.5500030517578,24970200
2021-05-18,232.30831909179688,243.0800018310547,246.41000366210938,242.89999389648438,246.27000427246094,20168000
2021-05-19,232.88308715820312,243.1199951171875,243.22999572753906,238.60000610351562,239.30999755859375,25739800
2021-05-20,236.10157775878906,246.47999572753906,247.9499969482422,243.86000061035156,243.9600067138672,21800700
2021-05-21,234.8467559814453,245.1699981689453,248.3300018310547,244.74000549316406,247.57000732421875,21863100
2021-05-24,240.2205047607422,250.77999877929688,251.16000366210938,247.50999450683594,247.7899932861328,21411500
2021-05-25,241.12094116210938,251.72000122070312,252.75,250.82000732421875,251.77000427246094,17704300
2021-05-26,240.90066528320312,251.49000549316406,252.94000244140625,250.75,251.42999267578125,17771600
2021-05-27,238.8124237060547,249.30999755859375,251.47999572753906,249.25,251.1699981689453,24426200
2021-05-28,239.16683959960938,249.67999267578125,252.0800018310547,249.55999755859375,251.0,18270200
2021-06-01,236.98284912109375,247.39999389648438,251.2899932861328,246.9600067138672,251.22999572753906,23213300
2021-06-02,236.88705444335938,247.3000030517578,249.27000427246094,245.83999633789062,248.1300048828125,19406700
2021-06-03,235.36402893066406,245.7100067138672,246.33999633789062,243.0,245.22000122070312,25307700
2021-06-04,240.23008728027344,250.7899932861328,251.64999389648438,247.50999450683594,247.75999450683594,25281100
2021-06-07,243.12295532226562,253.80999755859375,254.08999633789062,249.80999755859375,249.97999572753906,23079200
2021-06-08,241.9351348876953,252.57000732421875,256.010009765625,252.50999450683594,255.16000366210938,22455000
2021-06-09,242.9122314453125,253.58999633789062,255.52999877929688,253.2100067138672,253.80999755859375,17937600
2021-06-10,246.4084930419922,257.239990234375,257.4599914550781,253.6699981689453,254.2899932861328,24563600
2021-06-11,247.03115844726562,257.8900146484375,258.489990234375,256.6099853515625,257.989990234375,18999700
2021-06-14,248.94696044921875,259.8900146484375,259.95001220703125,256.79998779296875,257.8999938964844,19150500
2021-06-15,247.48130798339844,258.3599853515625,259.989990234375,257.67999267578125,259.7699890136719,18038900
2021-06-16,246.54261779785156,257.3800048828125,260.5799865722656,254.4199981689453,259.3999938964844,27220000
2021-06-17,249.91444396972656,260.8999938964844,261.75,256.010009765625,256.07000732421875,27565500
2021-06-18,248.50624084472656,259.42999267578125,262.29998779296875,258.75,259.6300048828125,37202200
2021-06-21,251.57154846191406,262.6300048828125,263.5199890136719,257.9200134277344,259.82000732421875,26696100
2021-06-22,254.3302764892578,265.510009765625,265.7900085449219,262.3999938964844,262.7200012207031,24694100
2021-06-23,254.10035705566406,265.2699890136719,266.8299865722656,264.42999267578125,265.989990234375,19518700
2021-06-24,255.46060180664062,266.69000244140625,267.8500061035156,265.4700012207031,266.1600036621094,21446900
2021-06-25,253.8608856201172,265.0199890136719,267.25,264.760009765625,266.2300109863281,25611100
2021-06-28,257.4051818847656,268.7200012207031,268.8999938964844,265.9100036621094,266.19000244140625,19590000
2021-06-29,259.97216796875,271.3999938964844,271.6499938964844,267.9800109863281,268.8699951171875,19937800
2021-06-30,259.493408203125,270.8999938964844,271.3599853515625,269.6000061035156,270.69000244140625,21656500
2021-07-01,260.1638488769531,271.6000061035156,271.8399963378906,269.6000061035156,269.6099853515625,16725300
2021-07-02,265.9590759277344,277.6499938964844,278.0,272.5,272.82000732421875,26458000
2021-07-06,265.96875,277.6600036621094,279.3699951171875,274.29998779296875,278.0299987792969,31565600
2021-07-07,268.1430969238281,279.92999267578125,280.69000244140625,277.1499938964844,279.3999938964844,23260000
2021-07-08,265.73883056640625,277.4200134277344,278.7300109863281,274.8699951171875,276.8999938964844,24618600
2021-07-09,266.2369384765625,277.94000244140625,278.04998779296875,275.32000732421875,275.7200012207031,23916700
2021-07-12,265.64300537109375,277.32000732421875,279.7699890136719,276.5799865722656,279.1600036621094,18931700
2021-07-13,269.1488342285156,280.9800109863281,282.8500061035156,277.3900146484375,277.5199890136719,26120100
2021-07-14,270.6144714355469,282.510009765625,283.6600036621094,280.54998779296875,282.3500061035156,23113700
2021-07-15,269.1967468261719,281.0299987792969,282.510009765625,279.8299865722656,282.0,22604200
2021-07-16,268.9285888671875,280.75,284.1000061035156,279.4599914550781,282.07000732421875,26186800
2021-07-19,265.3460998535156,277.010009765625,280.3699951171875,274.45001220703125,278.92999267578125,32935600
2021-07-20,267.5587463378906,279.32000732421875,280.9700012207031,276.260009765625,278.0299987792969,26259700
2021-07-21,269.55120849609375,281.3999938964844,281.5199890136719,277.2900085449219,278.8999938964844,24364300
2021-07-22,274.0916442871094,286.1400146484375,286.4200134277344,283.4200134277344,283.8399963378906,23384100
2021-07-23,277.4730529785156,289.6700134277344,289.989990234375,286.5,287.3699951171875,22768100
2021-07-26,276.879150390625,289.04998779296875,289.69000244140625,286.6400146484375,289.0,23176100
2021-07-27,274.47479248046875,286.5400085449219,289.5799865722656,282.95001220703125,289.42999267578125,33604100
2021-07-28,274.16827392578125,286.2200012207031,290.1499938964844,283.8299865722656,288.989990234375,33566900
2021-07-29,274.4364929199219,286.5,288.6199951171875,286.0799865722656,286.239990234375,18168300
2021-07-30,272.9134216308594,284.9100036621094,286.6600036621094,283.9100036621094,285.1700134277344,20944800
2021-08-02,272.8271789550781,284.82000732421875,286.7699890136719,283.739990234375,286.3599853515625,16267400
2021-08-03,275.0303649902344,287.1199951171875,287.2300109863281,284.0,285.4200134277344,17879000
2021-08-04,274.44610595703125,286.510009765625,287.5899963378906,284.6499938964844,286.2200012207031,16191300
2021-08-05,277.329345703125,289.5199890136719,289.6300048828125,286.1000061035156,286.8800048828125,13900200
2021-08-06,277.2718200683594,289.4599914550781,289.5,287.6199951171875,288.510009765625,16589300
2021-08-09,276.1894226074219,288.3299865722656,291.54998779296875,287.80999755859375,289.75,16117600
2021-08-10,274.3790588378906,286.44000244140625,289.25,285.20001220703125,288.79998779296875,18616600
2021-08-11,274.8675537109375,286.95001220703125,288.6600036621094,285.8599853515625,287.2099914550781,13955900
2021-08-12,277.6070556640625,289.80999755859375,289.9700012207031,286.3399963378906,286.6300048828125,14561300
2021-08-13,280.51910400390625,292.8500061035156,292.8999938964844,289.29998779296875,289.4800109863281,18249000
2021-08-16,282.1954650878906,294.6000061035156,294.82000732421875,290.0199890136719,293.19000244140625,22507600
2021-08-17,280.739501953125,293.0799865722656,293.42999267578125,291.0799865722656,292.3900146484375,20075300
2021-08-18,279.021484375,290.7300109863281,294.82000732421875,290.2699890136719,292.0400085449219,21813000
2021-08-19,284.81829833984375,296.7699890136719,297.4700012207031,288.6400146484375,288.69000244140625,29850500
2021-08-20,292.1026306152344,304.3599853515625,305.8399963378906,298.05999755859375,299.7200012207031,40817600
2021-08-23,292.3808898925781,304.6499938964844,305.3999938964844,301.8500061035156,303.25,22830200
2021-08-24,290.4326477050781,302.6199951171875,305.6499938964844,302.0,305.0199890136719,18175800
2021-08-25,289.8472595214844,302.010009765625,304.5899963378906,300.4200134277344,304.29998779296875,20006100
2021-08-26,287.04486083984375,299.0899963378906,302.42999267578125,298.95001220703125,300.989990234375,17666100
2021-08-27,287.6495361328125,299.7200012207031,300.8699951171875,296.8299865722656,298.989990234375,22605700
2021-08-30,291.3636169433594,303.5899963378906,304.2200012207031,301.05999755859375,301.1199951171875,16348100
2021-08-31,289.72247314453125,301.8800048828125,304.5,301.5,304.4200134277344,26285300
2021-09-01,289.6744384765625,301.8299865722656,305.19000244140625,301.489990234375,302.8699951171875,18983800
2021-09-02,289.0218505859375,301.1499938964844,303.3599853515625,300.17999267578125,302.20001220703125,16285600
2021-09-03,289.0123291015625,301.1400146484375,302.6000061035156,300.260009765625,300.989990234375,14747900
2021-09-07,288.0909118652344,300.17999267578125,301.0899963378906,298.20001220703125,301.010009765625,17180400
2021-09-08,288.11968994140625,300.2099914550781,300.6099853515625,297.4700012207031,299.7799987792969,15046800
2021-09-09,285.2789306640625,297.25,302.1400146484375,297.0,300.82000732421875,19927000
2021-09-10,283.80096435546875,295.7099914550781,299.9200134277344,295.3800048828125,298.4200134277344,19633400
2021-09-13,285.0294494628906,296.989990234375,298.5400085449219,294.0799865722656,297.54998779296875,23652900
2021-09-14,287.7166748046875,299.7900085449219,301.3900146484375,298.1000061035156,299.55999755859375,21853400
2021-09-15,292.5440673828125,304.82000732421875,305.32000732421875,301.82000732421875,303.260009765625,28356300
2021-09-16,292.927978515625,305.2200012207031,305.30999755859375,300.760009765625,303.760009765625,19550800
2021-09-17,287.7934265136719,299.8699951171875,304.5,299.5299987792969,304.1700134277344,41372500
2021-09-20,282.4477233886719,294.29998779296875,298.7200012207031,289.5199890136719,296.3299865722656,38278700
2021-09-21,282.9275817871094,294.79998779296875,297.5400085449219,294.07000732421875,295.69000244140625,22364100
2021-09-22,286.5553283691406,298.5799865722656,300.2200012207031,294.510009765625,296.7300109863281,26626300
2021-09-23,287.49591064453125,299.55999755859375,300.8999938964844,297.5299987792969,298.8500061035156,18604600
2021-09-24,287.2943420410156,299.3500061035156,299.79998779296875,296.92999267578125,298.2300109863281,14999000
2021-09-27,282.322998046875,294.1700134277344,296.4700012207031,292.94000244140625,296.1400146484375,23571700
2021-09-28,272.1018371582031,283.5199890136719,290.7799987792969,282.75,289.79998779296875,43186200
2021-09-29,272.5626220703125,284.0,286.7699890136719,283.010009765625,285.1000061035156,26353700
2021-09-30,270.5663146972656,281.9200134277344,287.8299865722656,281.6199951171875,285.7099914550781,32343600
2021-10-01,277.4571838378906,289.1000061035156,289.9800109863281,281.2900085449219,282.1199951171875,30086300
2021-10-04,271.70843505859375,283.1099853515625,287.75,280.25,287.3999938964844,31350700
2021-10-05,277.130859375,288.760009765625,290.3999938964844,284.04998779296875,284.04998779296875,24993000
2021-10-06,281.30572509765625,293.1099853515625,293.6300048828125,285.510009765625,285.7799987792969,28002600
2021-10-07,282.9756164550781,294.8500061035156,296.6400146484375,293.9200134277344,295.17999267578125,20430500
2021-10-08,282.9756164550781,294.8500061035156,296.6400146484375,293.760009765625,296.2200012207031,17685700
2021-10-11,282.3805847167969,294.2300109863281,297.9700012207031,292.75,292.9200134277344,19298600
2021-10-12,281.08489990234375,292.8800048828125,295.44000244140625,292.3500061035156,295.3399963378906,17974100
2021-10-13,284.37677001953125,296.30999755859375,297.2799987792969,293.489990234375,294.9100036621094,23416300
2021-10-14,290.55743408203125,302.75,303.2699890136719,297.8299865722656,299.2099914550781,27262900
2021-10-15,291.95867919921875,304.2099914550781,304.45001220703125,300.5199890136719,302.3399963378906,25384800
2021-10-18,294.9145812988281,307.2900085449219,308.2099914550781,302.69000244140625,303.57000732421875,22729300
2021-10-19,295.8167724609375,308.2300109863281,309.29998779296875,307.2200012207031,308.3500061035156,17682100
2021-10-20,295.02978515625,307.4100036621094,309.70001220703125,306.1099853515625,309.2099914550781,16537100
2021-10-21,298.244873046875,310.760009765625,311.0199890136719,306.3599853515625,307.1700134277344,16918100
2021-10-22,296.7092590332031,309.1600036621094,311.0899963378906,307.79998779296875,310.3999938964844,17449300
2021-10-25,295.7207946777344,308.1300048828125,309.3999938964844,306.4599914550781,309.3599853515625,17554500
2021-10-26,297.62103271484375,310.1099853515625,312.3999938964844,308.6000061035156,311.0,28107300
2021-10-27,310.1550598144531,323.1700134277344,326.1000061035156,316.0,316.0,52588700
2021-10-28,311.28753662109375,324.3500061035156,324.8699951171875,321.3599853515625,324.3299865722656,26297900
2021-10-29,318.2647399902344,331.6199951171875,332.0,323.8999938964844,324.1300048828125,34766000
2021-11-01,316.1053161621094,329.3699951171875,331.489990234375,326.3699951171875,331.3599853515625,27073200
2021-11-02,319.7138977050781,333.1300048828125,333.45001220703125,330.0,330.30999755859375,26487100
2021-11-03,320.5489196777344,334.0,334.8999938964844,330.6499938964844,333.8999938964844,21500100
2021-11-04,322.8906555175781,336.44000244140625,336.5400085449219,329.510009765625,332.8900146484375,23992200
2021-11-05,322.52587890625,336.05999755859375,338.7900085449219,334.4200134277344,338.510009765625,22570100
2021-11-08,323.4184875488281,336.989990234375,337.6499938964844,334.44000244140625,337.29998779296875,20897000
2021-11-09,322.4203796386719,335.95001220703125,338.7200012207031,334.5299987792969,337.1099853515625,21307400
2021-11-10,317.4777526855469,330.79998779296875,334.6300048828125,329.9200134277344,334.57000732421875,25500900
2021-11-11,319.0421447753906,332.42999267578125,333.7699890136719,330.510009765625,331.25,16849800
2021-11-12,323.1593933105469,336.7200012207031,337.2300109863281,333.7900085449219,333.9200134277344,23831000
2021-11-15,322.5356750488281,336.07000732421875,337.8800048828125,334.0299987792969,337.5400085449219,16723000
2021-11-16,325.8370056152344,339.510009765625,340.6700134277344,335.510009765625,335.67999267578125,20886800
2021-11-17,326.0581359863281,339.1199951171875,342.19000244140625,338.0,338.94000244140625,19053400
2021-11-18,328.12530517578125,341.2699890136719,342.45001220703125,337.1199951171875,338.17999267578125,22463500
2021-11-19,329.89447021484375,343.1099853515625,345.1000061035156,342.20001220703125,342.6400146484375,21963400
2021-11-22,326.74078369140625,339.8299865722656,349.6700134277344,339.54998779296875,344.6199951171875,31031100
2021-11-23,324.673583984375,337.67999267578125,339.45001220703125,333.55999755859375,337.04998779296875,30427600
2021-11-24,324.8947448730469,337.9100036621094,338.1600036621094,333.9100036621094,336.2799987792969,21661300
2021-11-26,316.98175048828125,329.67999267578125,337.92999267578125,328.1199951171875,334.3500061035156,24217200
2021-11-29,323.6640625,336.6300048828125,339.0299987792969,334.739990234375,334.94000244140625,28563500
2021-11-30,317.8566589355469,330.5899963378906,337.7799987792969,328.989990234375,335.32000732421875,42885600
2021-12-01,317.3663024902344,330.0799865722656,339.2799987792969,329.3900146484375,335.1300048828125,33337600
2021-12-02,316.799072265625,329.489990234375,333.489990234375,327.79998779296875,330.29998779296875,30766000
2021-12-03,310.5686950683594,323.010009765625,332.70001220703125,318.0299987792969,331.989990234375,41779300
2021-12-06,313.62615966796875,326.19000244140625,327.45001220703125,319.2300109863281,323.95001220703125,30032600
2021-12-07,322.0198974609375,334.9200134277344,335.79998779296875,330.1000061035156,331.6400146484375,31021900
2021-12-08,322.0679626464844,334.9700012207031,335.5,330.79998779296875,335.30999755859375,24761000
2021-12-09,320.27008056640625,333.1000061035156,336.489990234375,332.1199951171875,334.4100036621094,22214200
2021-12-10,329.3464050292969,342.5400085449219,343.0,334.7900085449219,334.9800109863281,38095700
2021-12-13,326.3273620605469,339.3999938964844,343.7900085449219,339.0799865722656,340.67999267578125,28899400
2021-12-14,315.693359375,328.3399963378906,334.6400146484375,324.1099853515625,333.2200012207031,44438700
2021-12-15,321.7602844238281,334.6499938964844,335.19000244140625,324.5,328.6099853515625,35381100
2021-12-16,312.3858642578125,324.8999938964844,336.760009765625,323.0199890136719,335.7099914550781,35034800
2021-12-17,311.32818603515625,323.79998779296875,324.9200134277344,317.25,320.8800048828125,47750300
2021-12-20,307.5880432128906,319.9100036621094,322.79998779296875,317.57000732421875,320.04998779296875,28326500
2021-12-21,314.6838073730469,327.2900085449219,327.7300109863281,319.79998779296875,323.2900085449219,24740600
2021-12-22,320.36614990234375,333.20001220703125,333.6099853515625,325.75,328.29998779296875,24831500
2021-12-23,321.79876708984375,334.69000244140625,336.3900146484375,332.7300109863281,332.75,19617800
2021-12-27,329.2598876953125,342.45001220703125,342.4800109863281,335.42999267578125,335.4599914550781,19947000
2021-12-28,328.1061096191406,341.25,343.80999755859375,340.32000732421875,343.1499938964844,15661500
2021-12-29,328.7791442871094,341.95001220703125,344.29998779296875,339.67999267578125,341.29998779296875,15042000
2021-12-30,326.25048828125,339.32000732421875,343.1300048828125,338.82000732421875,341.9100036621094,15994500
2021-12-31,323.3659973144531,336.32000732421875,339.3599853515625,335.8500061035156,338.510009765625,18000800
2022-01-03,321.8564147949219,334.75,338.0,329.7799987792969,335.3500061035156,28865100
2022-01-04,316.3375549316406,329.010009765625,335.20001220703125,326.1199951171875,334.8299865722656,32674300
2022-01-05,304.1940612792969,316.3800048828125,326.07000732421875,315.9800109863281,325.8599853515625,40054300
2022-01-06,301.7903137207031,313.8800048828125,318.70001220703125,311.489990234375,313.1499938964844,39646100
2022-01-07,301.9441223144531,314.0400085449219,316.5,310.0899963378906,314.1499938964844,32720000
2022-01-10,302.1652526855469,314.2699890136719,314.7200012207031,304.69000244140625,309.489990234375,44289500
2022-01-11,302.84796142578125,314.9800109863281,316.6099853515625,309.8900146484375,313.3800048828125,29386800
2022-01-12,306.01116943359375,318.2699890136719,323.4100036621094,317.0799865722656,319.6700134277344,34372200
2022-01-13,293.06005859375,304.79998779296875,320.8800048828125,304.0,320.4700012207031,45366000
2022-01-14,298.25201416015625,310.20001220703125,310.82000732421875,303.75,304.25,39846400
2022-01-18,290.9928283691406,302.6499938964844,309.79998779296875,301.739990234375,304.07000732421875,42333200
2022-01-19,291.6466979980469,303.3299865722656,313.9100036621094,302.70001220703125,306.2900085449219,45933900
2022-01-20,289.98333740234375,301.6000061035156,311.6499938964844,301.1400146484375,309.07000732421875,35380700
2022-01-21,284.6278076171875,296.0299987792969,304.1099853515625,295.6099853515625,302.69000244140625,57984400
2022-01-24,284.95477294921875,296.3699951171875,297.1099853515625,276.04998779296875,292.20001220703125,85731500
2022-01-25,277.37823486328125,288.489990234375,294.989990234375,285.1700134277344,291.5199890136719,72848600
2022-01-26,285.2816467285156,296.7099914550781,308.5,293.0299987792969,307.989990234375,90428900
2022-01-27,288.29119873046875,299.8399963378906,307.29998779296875,297.92999267578125,302.6600036621094,53481300
2022-01-28,296.3868103027344,308.260009765625,308.4800109863281,294.45001220703125,300.2300109863281,49743700
2022-01-31,299.00201416015625,310.9800109863281,312.3800048828125,306.3699951171875,308.95001220703125,46444500
2022-02-01,296.8675537109375,308.760009765625,310.6300048828125,305.1300048828125,310.4100036621094,40950400
2022-02-02,301.3865051269531,313.4599914550781,315.1199951171875,308.8800048828125,309.6300048828125,36636000
2022-02-03,289.64678955078125,301.25,311.2300109863281,299.9599914550781,309.489990234375,43730000
2022-02-04,294.1561584472656,305.94000244140625,308.79998779296875,299.9700012207031,300.2099914550781,35096500
2022-02-07,289.3583679199219,300.95001220703125,307.8399963378906,299.8999938964844,306.1700134277344,28533300
2022-02-08,292.82928466796875,304.55999755859375,305.55999755859375,299.95001220703125,301.25,32421200
2022-02-09,299.2231750488281,311.2099914550781,311.92999267578125,307.3900146484375,309.8699951171875,31284700
2022-02-10,290.7332763671875,302.3800048828125,309.1199951171875,300.70001220703125,304.0400085449219,45386200
2022-02-11,283.6759948730469,295.0400085449219,304.2900085449219,294.2200012207031,303.19000244140625,39175600
2022-02-14,283.63751220703125,295.0,296.760009765625,291.3500061035156,293.7699890136719,36359500
2022-02-15,288.8968200683594,300.4700012207031,300.79998779296875,297.0199890136719,300.010009765625,27058300
2022-02-16,288.5596618652344,299.5,300.8699951171875,293.67999267578125,298.3699951171875,29982100
2022-02-17,280.10992431640625,290.7300109863281,296.79998779296875,290.0,296.3599853515625,32461600
2022-02-18,277.4122314453125,287.92999267578125,293.8599853515625,286.30999755859375,293.04998779296875,34264000
2022-02-22,277.2099609375,287.7200012207031,291.5400085449219,284.5,285.0,41736100
2022-02-23,270.03204345703125,280.2699890136719,291.70001220703125,280.1000061035156,290.17999267578125,37811200
2022-02-24,283.82891845703125,294.5899963378906,295.1600036621094,271.5199890136719,272.510009765625,56989700
2022-02-25,286.44964599609375,297.30999755859375,297.6300048828125,291.6499938964844,295.1400146484375,32546700
2022-02-28,287.8755798339844,298.7900085449219,299.1400146484375,293.0,294.30999755859375,34627500
2022-03-01,284.17584228515625,294.95001220703125,299.9700012207031,292.1499938964844,296.3999938964844,31217800
2022-03-02,289.2243957519531,300.19000244140625,301.4700012207031,293.70001220703125,295.3599853515625,31873000
2022-03-03,285.11041259765625,295.9200134277344,303.1300048828125,294.04998779296875,302.8900146484375,27314500
2022-03-04,279.2716979980469,289.8599853515625,295.6600036621094,287.1700134277344,294.2900085449219,32356500
2022-03-07,268.72174072265625,278.9100036621094,289.69000244140625,278.5299987792969,288.5299987792969,43157200
2022-03-08,265.7735900878906,275.8500061035156,283.9599914550781,270.0,277.79998779296875,48159500
2022-03-09,277.9613952636719,288.5,289.6000061035156,280.7799987792969,283.44000244140625,35204500
2022-03-10,275.15771484375,285.5899963378906,286.6000061035156,280.5799865722656,283.0199890136719,30628000
2022-03-11,269.8393249511719,280.07000732421875,289.510009765625,279.42999267578125,287.9599914550781,27209300
2022-03-14,266.342041015625,276.44000244140625,285.3999938964844,275.82000732421875,280.3399963378906,30660700
2022-03-15,276.6607360839844,287.1499938964844,287.82000732421875,278.7300109863281,280.3500061035156,34245100
2022-03-16,283.6362609863281,294.3900146484375,294.57000732421875,283.20001220703125,289.1099853515625,37826300
2022-03-17,284.4359436035156,295.2200012207031,295.6099853515625,289.3699951171875,293.2900085449219,30816600
2022-03-18,289.4556884765625,300.42999267578125,301.0,292.7300109863281,295.3699951171875,43390600
2022-03-21,288.2320251464844,299.1600036621094,300.1400146484375,294.8999938964844,298.8900146484375,28351200
2022-03-22,292.9530334472656,304.05999755859375,305.0,298.7699890136719,299.79998779296875,27599700
2022-03-23,288.5499572753906,299.489990234375,303.2300109863281,297.7200012207031,300.510009765625,25715400
2022-03-24,292.99169921875,304.1000061035156,304.20001220703125,298.32000732421875,299.1400146484375,24484500
2022-03-25,292.5869445800781,303.67999267578125,305.5,299.2900085449219,305.2300109863281,22566500
2022-03-28,299.3504638671875,310.70001220703125,310.79998779296875,304.3299865722656,304.3299865722656,29578200
2022-03-29,303.88848876953125,315.4100036621094,315.82000732421875,309.04998779296875,313.9100036621094,30393400
2022-03-30,302.39508056640625,313.8599853515625,315.95001220703125,311.5799865722656,313.760009765625,28163600
2022-03-31,297.0478210449219,308.30999755859375,315.1400146484375,307.8900146484375,313.8999938964844,33422100
2022-04-01,298.1173095703125,309.4200134277344,310.1300048828125,305.5400085449219,309.3699951171875,27110500
2022-04-04,303.46453857421875,314.9700012207031,315.1099853515625,309.7099914550781,310.0899963378906,24289600
2022-04-05,299.5238952636719,310.8800048828125,314.8699951171875,309.8699951171875,313.2699890136719,23156700
2022-04-06,288.5596618652344,299.5,307.0,296.7099914550781,305.19000244140625,40110400
2022-04-07,290.3612976074219,301.3699951171875,303.6499938964844,296.3500061035156,296.6600036621094,31411200
2022-04-08,286.1220397949219,296.9700012207031,301.1199951171875,296.2799987792969,300.44000244140625,24361900
2022-04-11,274.83984375,285.260009765625,292.6099853515625,285.0,291.7900085449219,34569300
2022-04-12,271.75665283203125,282.05999755859375,290.739990234375,280.489990234375,289.239990234375,30966700
2022-04-13,277.113525390625,287.6199951171875,288.5799865722656,281.29998779296875,282.7300109863281,21907200
2022-04-14,269.60821533203125,279.8299865722656,288.30999755859375,279.32000732421875,288.0899963378906,28221600
2022-04-18,270.2729187011719,280.5199890136719,282.4599914550781,278.3399963378906,278.9100036621094,20778000
2022-04-19,274.8782958984375,285.29998779296875,286.1700134277344,278.4100036621094,279.3800048828125,22297700
2022-04-20,275.89959716796875,286.3599853515625,289.70001220703125,285.3699951171875,289.3999938964844,22906700
2022-04-21,270.5523376464844,280.80999755859375,293.29998779296875,280.05999755859375,288.5799865722656,29454600
2022-04-22,264.0199890136719,274.0299987792969,283.20001220703125,273.3800048828125,281.67999267578125,29405800
2022-04-25,270.46563720703125,280.7200012207031,281.1099853515625,270.7699890136719,273.2900085449219,35678900
2022-04-26,260.3492431640625,270.2200012207031,278.3599853515625,270.0,277.5,46518400
2022-04-27,272.874267578125,283.2200012207031,290.9700012207031,279.1600036621094,282.1000061035156,63477700
2022-04-28,279.0501708984375,289.6300048828125,290.9800109863281,281.4599914550781,285.19000244140625,33646600
2022-04-29,267.3825378417969,277.5199890136719,289.8800048828125,276.5,288.6099853515625,37073900
2022-05-02,274.0786437988281,284.4700012207031,284.94000244140625,276.2200012207031,277.7099914550781,35151100
2022-05-03,271.4869079589844,281.7799987792969,284.1300048828125,280.1499938964844,283.9599914550781,25978600
2022-05-04,279.3873596191406,289.9800109863281,290.8800048828125,276.7300109863281,282.5899963378906,33599300
2022-05-05,267.21875,277.3500061035156,286.3500061035156,274.3399963378906,285.5400085449219,43260400
2022-05-06,264.69439697265625,274.7300109863281,279.25,271.2699890136719,274.80999755859375,37780300
2022-05-09,254.91522216796875,264.5799865722656,272.3599853515625,263.32000732421875,270.05999755859375,47726000
2022-05-10,259.65545654296875,269.5,273.75,265.07000732421875,271.69000244140625,39336400
2022-05-11,251.0323944091797,260.54998779296875,271.3599853515625,259.29998779296875,265.67999267578125,48975900
2022-05-12,246.02235412597656,255.35000610351562,259.8800048828125,250.02000427246094,257.69000244140625,51033800
2022-05-13,251.5815887451172,261.1199951171875,263.0400085449219,255.35000610351562,257.3500061035156,34925100
2022-05-16,251.94772338867188,261.5,265.82000732421875,255.77999877929688,259.9599914550781,32550900
2022-05-17,257.0733947753906,266.82000732421875,268.3299865722656,262.4599914550781,266.1099853515625,28828800
2022-05-18,245.36892700195312,254.0800018310547,263.6000061035156,252.77000427246094,263.0,31356000
2022-05-19,244.46115112304688,253.13999938964844,257.6700134277344,251.8800048828125,253.89999389648438,32692300
2022-05-20,243.90103149414062,252.55999755859375,258.5400085449219,246.44000244140625,257.239990234375,39199300
2022-05-23,251.713623046875,260.6499938964844,261.5,253.42999267578125,255.49000549316406,33175400
2022-05-24,250.718994140625,259.6199951171875,261.3299865722656,253.5,257.8900146484375,29043900
2022-05-25,253.51954650878906,262.5199890136719,264.5799865722656,257.1300048828125,258.1400146484375,28547900
2022-05-26,256.78363037109375,265.8999938964844,267.1099853515625,261.42999267578125,262.2699890136719,25002100
2022-05-27,263.8720703125,273.239990234375,273.3399963378906,267.55999755859375,268.4800109863281,26910800
2022-05-31,262.5489501953125,271.8699951171875,274.7699890136719,268.92999267578125,272.5299987792969,37827700
2022-06-01,263.0801696777344,272.4200134277344,277.69000244140625,270.0400085449219,275.20001220703125,25292200
2022-06-02,265.1661071777344,274.5799865722656,274.6499938964844,261.6000061035156,264.45001220703125,44008200
2022-06-03,260.7624206542969,270.0199890136719,273.45001220703125,268.4100036621094,270.30999755859375,28059000
2022-06-06,259.5360107421875,268.75,274.17999267578125,267.2200012207031,272.05999755859375,22400300
2022-06-07,263.15740966796875,272.5,273.1300048828125,265.94000244140625,266.6400146484375,22860700
2022-06-08,261.1390380859375,270.4100036621094,273.0,269.6099853515625,271.7099914550781,17372300
2022-06-09,255.7117462158203,264.7900085449219,272.7099914550781,264.6300048828125,267.7799987792969,26439700
2022-06-10,244.31629943847656,252.99000549316406,260.5799865722656,252.52999877929688,260.5799865722656,31422800
2022-06-13,233.9541778564453,242.25999450683594,249.02000427246094,241.52999877929688,245.11000061035156,46135800
2022-06-14,236.10769653320312,244.49000549316406,245.74000549316406,241.50999450683594,243.86000061035156,28651500
2022-06-15,243.12844848632812,251.75999450683594,255.3000030517578,246.4199981689453,248.30999755859375,33111700
2022-06-16,236.57122802734375,244.97000122070312,247.4199981689453,243.02000427246094,245.97999572753906,33169200
2022-06-17,239.1593475341797,247.64999389648438,250.5,244.02999877929688,244.6999969482422,43084800
2022-06-21,245.0406036376953,253.74000549316406,254.75,249.50999450683594,250.25999450683594,29928300
2022-06-22,244.45152282714844,253.1300048828125,257.1700134277344,250.3699951171875,251.88999938964844,25939900
2022-06-23,249.9850616455078,258.8599853515625,259.3699951171875,253.6300048828125,255.57000732421875,25861400
2022-06-24,258.52197265625,267.70001220703125,267.9800109863281,261.7200012207031,261.80999755859375,33923200
2022-06-27,255.8082733154297,264.8900146484375,268.29998779296875,263.2799987792969,268.2099914550781,24615100
2022-06-28,247.68663024902344,256.4800109863281,266.9100036621094,256.32000732421875,263.9800109863281,27295500
2022-06-29,251.33706665039062,260.260009765625,261.9700012207031,255.75999450683594,257.5899963378906,20069800
2022-06-30,248.0246124267578,256.8299865722656,259.5299987792969,252.89999389648438,257.04998779296875,31730900
2022-07-01,250.68031311035156,259.5799865722656,259.7699890136719,254.61000061035156,256.3900146484375,22837700
2022-07-05,253.83824157714844,262.8500061035156,262.9800109863281,254.74000549316406,256.1600036621094,22941000
2022-07-06,257.08306884765625,266.2099914550781,267.989990234375,262.3999938964844,263.75,23824400
2022-07-07,259.1979675292969,268.3999938964844,269.05999755859375,265.0199890136719,265.1199951171875,20859900
2022-07-08,258.48333740234375,267.6600036621094,268.1000061035156,263.2900085449219,264.7900085449219,19658800
2022-07-11,255.44137573242188,264.510009765625,266.5299987792969,262.17999267578125,265.6499938964844,19455200
2022-07-12,244.97299194335938,253.6699981689453,265.94000244140625,252.0399932861328,265.8800048828125,35868500
2022-07-13,244.05555725097656,252.72000122070312,253.5500030517578,248.11000061035156,250.19000244140625,29497400
2022-07-14,245.36892700195312,254.0800018310547,255.13999938964844,245.94000244140625,250.57000732421875,25102800
2022-07-15,247.9183807373047,256.7200012207031,260.3699951171875,254.77000427246094,255.72000122070312,29774100
2022-07-18,245.53306579589844,254.25,260.8399963378906,253.3000030517578,259.75,20975000
2022-07-19,250.63204956054688,259.5299987792969,259.7200012207031,253.67999267578125,257.5799865722656,25012600
2022-07-20,253.27813720703125,262.2699890136719,264.8699951171875,258.9100036621094,259.8999938964844,22788300
2022-07-21,255.7599639892578,264.8399963378906,264.8900146484375,257.0299987792969,259.7900085449219,22404700
2022-07-22,251.43357849121094,260.3599853515625,265.3299865722656,259.07000732421875,265.239990234375,21881300
2022-07-25,249.95606994628906,258.8299865722656,261.5,256.80999755859375,261.0,21056000
2022-07-26,243.263671875,251.89999389648438,259.8800048828125,249.57000732421875,259.8599853515625,39348000
2022-07-27,259.52630615234375,268.739990234375,270.04998779296875,258.8500061035156,261.1600036621094,45994000
2022-07-28,266.9333190917969,276.4100036621094,277.8399963378906,267.8699951171875,269.75,33459300
2022-07-29,271.11492919921875,280.739990234375,282.0,276.6300048828125,277.70001220703125,32152800
2022-08-01,268.4785461425781,278.010009765625,281.2799987792969,275.8399963378906,277.82000732421875,21539600
2022-08-02,265.3979187011719,274.82000732421875,277.8900146484375,272.3800048828125,276.0,22754200
2022-08-03,272.7855529785156,282.4700012207031,283.5,276.6099853515625,276.760009765625,23518900
2022-08-04,273.9251403808594,283.6499938964844,283.79998779296875,280.1700134277344,281.79998779296875,18098700
2022-08-05,273.21051025390625,282.9100036621094,283.6499938964844,278.67999267578125,279.1499938964844,16774600
2022-08-08,270.7093200683594,280.32000732421875,285.9200134277344,279.32000732421875,284.04998779296875,18739200
2022-08-09,272.6213684082031,282.29998779296875,283.0799865722656,277.6099853515625,279.6400146484375,23405200
2022-08-10,279.2462158203125,289.1600036621094,289.80999755859375,286.94000244140625,288.1700134277344,24687800
2022-08-11,277.17962646484375,287.0199890136719,291.2099914550781,286.510009765625,290.8500061035156,20065900
2022-08-12,281.90191650390625,291.9100036621094,291.9100036621094,286.94000244140625,288.4800109863281,22619700
2022-08-15,283.4084167480469,293.4700012207031,294.17999267578125,290.1099853515625,291.0,18085700
2022-08-16,282.67449951171875,292.7099914550781,294.0400085449219,290.4200134277344,291.989990234375,18102900
2022-08-17,281.9293212890625,291.32000732421875,293.3500061035156,289.4700012207031,289.739990234375,18253400
2022-08-18,280.81634521484375,290.1700134277344,291.9100036621094,289.0799865722656,290.19000244140625,17186200
2022-08-19,276.9259338378906,286.1499938964844,289.25,285.55999755859375,288.8999938964844,20570000
2022-08-22,268.7967529296875,277.75,282.4599914550781,277.2200012207031,282.0799865722656,25061100
2022-08-23,267.5289306640625,276.44000244140625,278.8599853515625,275.3999938964844,276.44000244140625,17527400
2022-08-24,266.8999328613281,275.7900085449219,277.2300109863281,275.1099853515625,275.4100036621094,18137000
2022-08-25,269.8612976074219,278.8500061035156,279.0199890136719,274.5199890136719,277.3299865722656,16583400
2022-08-26,259.4481506347656,268.0899963378906,280.3399963378906,267.9800109863281,279.0799865722656,27549300
2022-08-29,256.6803283691406,265.2300109863281,267.3999938964844,263.8500061035156,265.8500061035156,20338500
2022-08-30,254.4931640625,262.9700012207031,267.04998779296875,260.6600036621094,266.6700134277344,22767100
2022-08-31,253.04151916503906,261.4700012207031,267.1099853515625,261.3299865722656,265.3900146484375,24791800
2022-09-01,252.00599670410156,260.3999938964844,260.8900146484375,255.41000366210938,258.8699951171875,23263400
2022-09-02,247.80593872070312,256.05999755859375,264.739990234375,254.47000122070312,261.70001220703125,22855400
2022-09-06,245.0865020751953,253.25,257.8299865722656,251.94000244140625,256.20001220703125,21328200
2022-09-07,249.77049255371094,258.0899963378906,258.8299865722656,253.22000122070312,254.6999969482422,24126700
2022-09-08,250.1865692138672,258.5199890136719,260.42999267578125,254.7899932861328,257.510009765625,20319900
2022-09-09,255.9351806640625,264.4599914550781,265.2300109863281,260.2900085449219,260.5,22084700
2022-09-12,258.0545654296875,266.6499938964844,267.45001220703125,265.1600036621094,265.7799987792969,18747700
2022-09-13,243.8671112060547,251.99000549316406,260.3999938964844,251.58999633789062,258.8399963378906,33353300
2022-09-14,244.0897216796875,252.22000122070312,254.22999572753906,249.86000061035156,253.52999877929688,23913000
2022-09-15,237.47018432617188,245.3800048828125,251.39999389648438,244.02000427246094,249.77000427246094,31530900
2022-09-16,236.85086059570312,244.74000549316406,245.3000030517578,242.05999755859375,244.25999450683594,39791800
2022-09-19,236.63787841796875,244.52000427246094,245.13999938964844,240.85000610351562,242.47000122070312,26826900
2022-09-20,234.6346435546875,242.4499969482422,243.50999450683594,239.63999938964844,242.07000732421875,26660300
2022-09-21,231.2474822998047,238.9499969482422,247.66000366210938,238.89999389648438,244.27000427246094,28625600
2022-09-22,233.21200561523438,240.97999572753906,243.86000061035156,237.57000732421875,237.8699951171875,31061200
2022-09-23,230.25062561035156,237.9199981689453,241.1300048828125,235.1999969482422,239.5399932861328,34176000
2022-09-26,229.79580688476562,237.4499969482422,241.4499969482422,236.89999389648438,237.0500030517578,27694200
2022-09-27,228.78932189941406,236.41000366210938,241.8000030517578,234.5,239.97999572753906,27018700
2022-09-28,233.29913330078125,241.07000732421875,242.3300018310547,234.72999572753906,236.80999755859375,29029700
2022-09-29,229.84420776367188,237.5,239.9499969482422,234.41000366210938,238.88999938964844,27484200
2022-09-30,225.39247131347656,232.89999389648438,240.5399932861328,232.72999572753906,238.2899932861328,35694800
2022-10-03,232.97975158691406,240.74000549316406,241.61000061035156,234.66000366210938,235.41000366210938,28880400
2022-10-04,240.8573760986328,248.8800048828125,250.36000061035156,244.97999572753906,245.08999633789062,34888400
2022-10-05,241.16702270507812,249.1999969482422,250.5800018310547,244.10000610351562,245.99000549316406,20347100
2022-10-06,238.83474731445312,246.7899932861328,250.33999633789062,246.0800018310547,247.92999267578125,20239900
2022-10-07,226.68930053710938,234.24000549316406,241.32000732421875,233.1699981689453,240.89999389648438,37769600
2022-10-10,221.86012268066406,229.25,234.55999755859375,226.72999572753906,233.0500030517578,29743600
2022-10-11,218.1439208984375,225.41000366210938,229.05999755859375,224.11000061035156,227.6199951171875,30474000
2022-10-12,218.47296142578125,225.75,227.86000061035156,223.9600067138672,225.39999389648438,21903900
2022-10-13,226.68930053710938,234.24000549316406,236.10000610351562,219.1300048828125,219.85000610351562,42551800
2022-10-14,221.1923828125,228.55999755859375,237.24000549316406,228.33999633789062,235.5399932861328,30198600
2022-10-17,229.8732452392578,237.52999877929688,238.9600067138672,235.13999938964844,235.82000732421875,28142300
2022-10-18,230.8119354248047,238.5,243.92999267578125,235.3699951171875,243.24000549316406,26329600
2022-10-19,228.85708618164062,236.47999572753906,239.61000061035156,234.2899932861328,237.0399932861328,19985700
2022-10-20,228.53768920898438,236.14999389648438,241.30999755859375,234.8699951171875,235.77000427246094,21811000
2022-10-21,234.3152618408203,242.1199951171875,243.0,234.5,234.74000549316406,26299700
2022-10-24,239.27989196777344,247.25,247.83999633789062,241.3000030517578,243.75999450683594,24911200
2022-10-25,242.57997131347656,250.66000366210938,251.0399932861328,245.8300018310547,247.25999450683594,34775500
2022-10-26,223.86338806152344,231.32000732421875,238.3000030517578,230.05999755859375,231.1699981689453,82543200
2022-10-27,219.44068908691406,226.75,233.69000244140625,225.77999877929688,231.0399932861328,40424600
2022-10-28,228.26673889160156,235.8699951171875,236.60000610351562,226.0500030517578,226.24000549316406,40647700
2022-10-31,224.64732360839844,232.1300048828125,234.9199981689453,231.14999389648438,233.75999450683594,28357300
2022-11-01,220.81495666503906,228.1699981689453,235.74000549316406,227.3300018310547,234.60000610351562,30592300
2022-11-02,213.00509643554688,220.10000610351562,231.3000030517578,220.0399932861328,229.4600067138672,38407000
2022-11-03,207.34364318847656,214.25,220.41000366210938,213.97999572753906,220.08999633789062,36633900
2022-11-04,214.2534637451172,221.38999938964844,221.58999633789062,213.42999267578125,217.5500030517578,36789100
2022-11-07,220.52462768554688,227.8699951171875,228.41000366210938,221.27999877929688,221.99000549316406,33498000
2022-11-08,221.4923858642578,228.8699951171875,231.64999389648438,225.83999633789062,228.6999969482422,28192500
2022-11-09,217.27291870117188,224.50999450683594,228.6300048828125,224.3300018310547,227.3699951171875,27852900
2022-11-10,235.14755249023438,242.97999572753906,243.3300018310547,235.0,235.42999267578125,46268000
2022-11-11,239.14443969726562,247.11000061035156,247.99000549316406,241.92999267578125,242.99000549316406,34620200
2022-11-14,233.763671875,241.5500030517578,243.91000366210938,239.2100067138672,241.99000549316406,31123300
2022-11-15,234.1701202392578,241.97000122070312,247.0,240.02999877929688,245.66000366210938,31390100
2022-11-16,234.59710693359375,241.72999572753906,243.8000030517578,240.4199981689453,242.7899932861328,24093300
2022-11-17,234.54859924316406,241.67999267578125,243.25,237.6300048828125,237.77999877929688,23123500
2022-11-18,234.10218811035156,241.22000122070312,243.74000549316406,239.02999877929688,243.50999450683594,27613500
2022-11-21,234.9076690673828,242.0500030517578,244.6699981689453,241.19000244140625,241.42999267578125,26394700
2022-11-22,237.79969787597656,245.02999877929688,245.30999755859375,240.7100067138672,243.58999633789062,19665700
2022-11-23,240.27447509765625,247.5800018310547,248.27999877929688,244.27000427246094,245.11000061035156,19508500
2022-11-25,240.18716430664062,247.49000549316406,248.6999969482422,246.72999572753906,247.30999755859375,9200800
2022-11-28,234.626220703125,241.75999450683594,246.64999389648438,240.8000030517578,246.0800018310547,24778200
2022-11-29,233.23843383789062,240.3300018310547,242.7899932861328,238.2100067138672,241.39999389648438,17956300
2022-11-30,247.61138916015625,255.13999938964844,255.3300018310547,239.86000061035156,240.57000732421875,47594200
2022-12-01,247.17471313476562,254.69000244140625,256.1199951171875,250.9199981689453,253.8699951171875,26041500
2022-12-02,247.4949493408203,255.02000427246094,256.05999755859375,249.69000244140625,249.82000732421875,21528500
2022-12-05,242.81719970703125,250.1999969482422,253.82000732421875,248.05999755859375,252.00999450683594,23435300
2022-12-06,237.88706970214844,245.1199951171875,251.86000061035156,243.77999877929688,250.82000732421875,22463700
2022-12-07,237.1592254638672,244.3699951171875,246.16000366210938,242.2100067138672,244.8300018310547,20481500
2022-12-08,240.09979248046875,247.39999389648438,248.74000549316406,243.05999755859375,244.83999633789062,22611800
2022-12-09,238.1782684326172,245.4199981689453,248.30999755859375,244.16000366210938,244.6999969482422,20609700
2022-12-12,245.05902099609375,252.50999450683594,252.5399932861328,247.1699981689453,247.4499969482422,30665100
2022-12-13,249.33889770507812,256.9200134277344,263.9200134277344,253.07000732421875,261.69000244140625,42196900
2022-12-14,249.63002014160156,257.2200012207031,262.5899963378906,254.30999755859375,257.1300048828125,35410900
2022-12-15,241.66229248046875,249.00999450683594,254.1999969482422,247.33999633789062,253.72000122070312,35560400
2022-12-16,237.4698028564453,244.69000244140625,249.83999633789062,243.50999450683594,248.5500030517578,86102000
2022-12-19,233.35487365722656,240.4499969482422,245.2100067138672,238.7100067138672,244.86000061035156,29696400
2022-12-20,234.6650390625,241.8000030517578,242.91000366210938,238.4199981689453,239.39999389648438,25150800
2022-12-21,237.21746826171875,244.42999267578125,245.6199951171875,240.11000061035156,241.69000244140625,23690600
2022-12-22,231.1615753173828,238.19000244140625,241.99000549316406,233.8699951171875,241.25999450683594,28651700
2022-12-23,231.68560791015625,238.72999572753906,238.8699951171875,233.94000244140625,236.11000061035156,21207000
2022-12-27,229.9678955078125,236.9600067138672,238.92999267578125,235.8300018310547,238.6999969482422,16688600
2022-12-28,227.6095428466797,234.52999877929688,239.72000122070312,234.1699981689453,236.88999938964844,17457100
2022-12-29,233.8983917236328,241.00999450683594,241.9199981689453,235.64999389648438,235.64999389648438,19770700
2022-12-30,232.74346923828125,239.82000732421875,239.9600067138672,236.66000366210938,238.2100067138672,21938500
2023-01-03,232.51055908203125,239.5800018310547,245.75,237.39999389648438,243.0800018310547,25740000
2023-01-04,222.3397979736328,229.10000610351562,232.8699951171875,225.9600067138672,232.27999877929688,50623400
2023-01-05,215.75015258789062,222.30999755859375,227.5500030517578,221.75999450683594,227.1999969482422,39585600
2023-01-06,218.29283142089844,224.92999267578125,225.75999450683594,219.35000610351562,223.0,43613600
2023-01-09,220.41822814941406,227.1199951171875,231.24000549316406,226.41000366210938,226.4499969482422,27369800
2023-01-10,222.09718322753906,228.85000610351562,231.30999755859375,227.3300018310547,227.75999450683594,27033900
2023-01-11,228.81295776367188,235.77000427246094,235.9499969482422,231.11000061035156,231.2899932861328,28669300
2023-01-12,231.4721221923828,238.50999450683594,239.89999389648438,233.55999755859375,235.25999450683594,27269500
2023-01-13,232.17086791992188,239.22999572753906,239.3699951171875,234.9199981689453,237.0,21333300
2023-01-17,233.25782775878906,240.35000610351562,240.91000366210938,237.08999633789062,237.97000122070312,29831300
2023-01-18,228.851806640625,235.80999755859375,242.3800048828125,235.52000427246094,241.57000732421875,30028700
2023-01-19,225.08627319335938,231.92999267578125,235.52000427246094,230.67999267578125,233.77999877929688,28623000
2023-01-20,233.13168334960938,240.22000122070312,240.74000549316406,234.50999450683594,234.86000061035156,35389800
2023-01-23,235.42202758789062,242.5800018310547,245.1699981689453,239.64999389648438,241.10000610351562,31934000
2023-01-24,234.89794921875,242.0399932861328,243.9499969482422,240.44000244140625,242.5,40234400
2023-01-25,233.51014709472656,240.61000061035156,243.3000030517578,230.89999389648438,234.47999572753906,66526600
2023-01-26,240.68211364746094,248.0,248.30999755859375,242.0,243.64999389648438,33454500
2023-01-27,240.83738708496094,248.16000366210938,249.8300018310547,246.8300018310547,248.99000549316406,26498900
2023-01-30,235.54820251464844,242.7100067138672,245.60000610351562,242.1999969482422,244.50999450683594,25867400
2023-01-31,240.49771118164062,247.80999755859375,247.9499969482422,242.9499969482422,243.4499969482422,26541100
2023-02-01,245.2919464111328,252.75,255.17999267578125,245.47000122070312,248.0,31259900
2023-02-02,256.7922668457031,264.6000061035156,264.69000244140625,257.25,258.82000732421875,39940400
2023-02-03,250.72669982910156,258.3500061035156,264.20001220703125,257.1000061035156,259.5400085449219,29077300
2023-02-06,249.1933135986328,256.7699890136719,258.29998779296875,254.77999877929688,257.44000244140625,22518000
2023-02-07,259.6649169921875,267.55999755859375,268.7699890136719,260.0799865722656,260.5299987792969,50841400
2023-02-08,258.85943603515625,266.7300109863281,276.760009765625,266.2099914550781,273.20001220703125,54686000
2023-02-09,255.84117126464844,263.6199951171875,273.9800109863281,262.79998779296875,273.79998779296875,42375100
2023-02-10,255.33653259277344,263.1000061035156,264.0899963378906,260.6600036621094,261.5299987792969,25818500
2023-02-13,263.3139953613281,271.32000732421875,274.6000061035156,267.1499938964844,267.6400146484375,44630900
2023-02-14,264.1388854980469,272.1700134277344,274.9700012207031,269.2799987792969,272.6700134277344,37047900
2023-02-15,262.02764892578125,269.32000732421875,270.7300109863281,266.17999267578125,268.32000732421875,28922400
2023-02-16,255.0518341064453,262.1499938964844,266.739990234375,261.8999938964844,264.0199890136719,29603600
2023-02-17,251.07252502441406,258.05999755859375,260.0899963378906,256.0,259.3900146484375,30000100
2023-02-21,245.8284912109375,252.6699981689453,255.49000549316406,251.58999633789062,254.47999572753906,28397400
2023-02-22,244.6999053955078,251.50999450683594,254.33999633789062,250.33999633789062,254.08999633789062,22491100
2023-02-23,247.8716278076172,254.77000427246094,256.8399963378906,250.47999572753906,255.55999755859375,29219100
2023-02-24,242.471923828125,249.22000122070312,251.0,248.10000610351562,249.9600067138672,24990900
2023-02-27,243.386474609375,250.16000366210938,252.82000732421875,249.38999938964844,252.4600067138672,21190000
2023-02-28,242.66648864746094,249.4199981689453,251.49000549316406,248.72999572753906,249.07000732421875,22491000
2023-03-01,239.601806640625,246.27000427246094,250.92999267578125,245.7899932861328,250.75999450683594,27565300
2023-03-02,244.3107452392578,251.11000061035156,251.39999389648438,245.61000061035156,246.5500030517578,24808200
2023-03-03,248.3775634765625,255.2899932861328,255.6199951171875,251.38999938964844,252.19000244140625,30760100
2023-03-06,249.91473388671875,256.8699951171875,260.1199951171875,255.97999572753906,256.42999267578125,24109800
2023-03-07,247.26840209960938,254.14999389648438,257.69000244140625,253.38999938964844,256.29998779296875,21473200
2023-03-08,246.83058166503906,253.6999969482422,254.5399932861328,250.80999755859375,254.0399932861328,17340200
2023-03-09,245.4879913330078,252.32000732421875,259.55999755859375,251.5800018310547,255.82000732421875,26653400
2023-03-10,241.85894775390625,248.58999633789062,252.7899932861328,247.60000610351562,251.0800018310547,28333900
2023-03-13,247.0446319580078,253.9199981689453,257.9100036621094,245.72999572753906,247.39999389648438,33339700
2023-03-14,253.72866821289062,260.7900085449219,261.07000732421875,255.86000061035156,256.75,33620300
2023-03-15,258.2527160644531,265.44000244140625,266.4800109863281,259.2099914550781,259.9800109863281,46028000
2023-03-16,268.7214050292969,276.20001220703125,276.55999755859375,263.2799987792969,265.2099914550781,54768800
2023-03-17,271.86395263671875,279.42999267578125,283.3299865722656,276.32000732421875,278.260009765625,69527400
2023-03-20,264.85888671875,272.2300109863281,277.4800109863281,269.8500061035156,276.9800109863281,43466600
2023-03-21,266.3669128417969,273.7799987792969,275.0,269.5199890136719,274.8800048828125,34558700
2023-03-22,264.917236328125,272.2900085449219,281.0400085449219,272.17999267578125,273.3999938964844,34873300
2023-03-23,270.141845703125,277.6600036621094,281.05999755859375,275.20001220703125,277.94000244140625,36610900
2023-03-24,272.9730529785156,280.57000732421875,280.6300048828125,275.2799987792969,277.239990234375,28172000
2023-03-27,268.8964538574219,276.3800048828125,281.4599914550781,275.5199890136719,280.5,26840200
2023-03-28,267.77764892578125,275.2300109863281,276.1400146484375,272.04998779296875,275.7900085449219,21878600
2023-03-29,272.9147033691406,280.510009765625,281.1400146484375,278.4100036621094,278.9599914550781,25087000
2023-03-30,276.3588562011719,284.04998779296875,284.4599914550781,281.4800109863281,284.2300109863281,25053400
2023-03-31,280.49371337890625,288.29998779296875,289.2699890136719,283.0,283.7300109863281,32766000
2023-04-03,279.45269775390625,287.2300109863281,288.2699890136719,283.95001220703125,286.5199890136719,24883300
2023-04-04,279.40399169921875,287.17999267578125,290.45001220703125,285.6700134277344,287.2300109863281,25824300
2023-04-05,276.64093017578125,284.3399963378906,287.1499938964844,282.9200134277344,285.8500061035156,22064800
2023-04-06,283.7043762207031,291.6000061035156,292.0799865722656,282.0299987792969,283.2099914550781,29770300
2023-04-10,281.5541687011719,289.3900146484375,289.6000061035156,284.7099914550781,289.2099914550781,23103000
2023-04-11,275.1718444824219,282.8299865722656,285.9800109863281,281.6400146484375,285.75,27276600
2023-04-12,275.8139953613281,283.489990234375,287.010009765625,281.9599914550781,284.7900085449219,27403400
2023-04-13,281.99200439453125,289.8399963378906,289.8999938964844,283.1700134277344,283.5899963378906,24222700
2023-04-14,278.39227294921875,286.1400146484375,288.4800109863281,283.69000244140625,287.0,20987900
2023-04-17,280.980224609375,288.79998779296875,291.6000061035156,286.1600036621094,289.92999267578125,23836200
2023-04-18,280.5619201660156,288.3699951171875,291.760009765625,287.010009765625,291.57000732421875,20161800
2023-04-19,280.6396789550781,288.45001220703125,289.04998779296875,284.5400085449219,285.989990234375,17150300
2023-04-20,278.363037109375,286.1099853515625,289.0299987792969,285.0799865722656,285.25,23244400
2023-04-21,278.0224914550781,285.760009765625,286.2699890136719,283.05999755859375,285.010009765625,21676400
2023-04-24,274.1405334472656,281.7699890136719,284.95001220703125,278.7200012207031,282.0899963378906,26611000
2023-04-25,267.96246337890625,275.4200134277344,281.6000061035156,275.3699951171875,279.510009765625,45772200
2023-04-26,287.3722839355469,295.3699951171875,299.57000732421875,292.7300109863281,296.70001220703125,64599200
2023-04-27,296.57611083984375,304.8299865722656,305.20001220703125,295.25,295.9700012207031,46462600
2023-04-28,298.9403991699219,307.260009765625,308.92999267578125,303.30999755859375,304.010009765625,36469600
2023-05-01,297.2864074707031,305.55999755859375,308.6000061035156,305.1499938964844,306.9700012207031,21294100
2023-05-02,297.1404724121094,305.4100036621094,309.17999267578125,303.9100036621094,307.760009765625,26404400
2023-05-03,296.1578369140625,304.3999938964844,308.6099853515625,304.0899963378906,306.6199951171875,22360800
2023-05-04,297.1404724121094,305.4100036621094,307.760009765625,303.3999938964844,306.239990234375,22519900
2023-05-05,302.23858642578125,310.6499938964844,311.9700012207031,304.2699890136719,305.7200012207031,28197100
2023-05-08,300.292724609375,308.6499938964844,310.20001220703125,306.0899963378906,310.1300048828125,21318600
2023-05-09,298.6873474121094,307.0,310.0400085449219,306.30999755859375,308.0,21340800
2023-05-10,303.8536071777344,312.30999755859375,313.0,307.6700134277344,308.6199951171875,30078000
2023-05-11,301.71319580078125,310.1099853515625,311.1199951171875,306.260009765625,310.1000061035156,31680200
2023-05-12,300.6040344238281,308.9700012207031,310.6499938964844,306.6000061035156,310.54998779296875,19774700
2023-05-15,301.080810546875,309.4599914550781,309.8999938964844,307.5899963378906,309.1000061035156,16336500
2023-05-16,303.2991027832031,311.739990234375,313.7099914550781,309.8299865722656,309.8299865722656,26730300
2023-05-17,306.1656799316406,314.0,314.42999267578125,310.739990234375,312.2900085449219,24315000
2023-05-18,310.57293701171875,318.5199890136719,319.0400085449219,313.7200012207031,314.5299987792969,27276000
2023-05-19,310.3974304199219,318.3399963378906,318.75,316.3699951171875,316.739990234375,27546700
2023-05-22,313.1665344238281,321.17999267578125,322.5899963378906,318.010009765625,318.6000061035156,24115700
2023-05-23,307.3943176269531,315.260009765625,322.7200012207031,315.25,320.0299987792969,30797200
2023-05-24,306.0195007324219,313.8500061035156,316.5,312.6099853515625,314.7300109863281,23384900
2023-05-25,317.78826904296875,325.9200134277344,326.8999938964844,320.0,323.239990234375,43301700
2023-05-26,324.5844421386719,332.8900146484375,333.3999938964844,323.8800048828125,324.0199890136719,36630600
2023-05-30,322.9463195800781,331.2099914550781,335.739990234375,330.5199890136719,335.2300109863281,29503100
2023-05-31,320.1966552734375,328.3900146484375,335.94000244140625,327.3299865722656,332.2900085449219,45950600
2023-06-01,324.2821044921875,332.5799865722656,333.5299987792969,324.7200012207031,325.92999267578125,26773900
2023-06-02,327.0317077636719,335.3999938964844,337.5,332.54998779296875,334.25,25873800
2023-06-05,327.5583190917969,335.94000244140625,338.55999755859375,334.6600036621094,335.2200012207031,21307100
2023-06-06,325.35467529296875,333.67999267578125,335.3699951171875,332.1700134277344,335.3299865722656,20396200
2023-06-07,315.3116760253906,323.3800048828125,334.489990234375,322.5,331.6499938964844,40717100
2023-06-08,317.144775390625,325.260009765625,326.6400146484375,323.3500061035156,323.94000244140625,23277700
2023-06-09,318.6366271972656,326.7900085449219,329.989990234375,324.4100036621094,324.989990234375,22529000
2023-06-12,323.5703430175781,331.8500061035156,332.1000061035156,325.1600036621094,328.5799865722656,24260300
2023-06-13,325.9494934082031,334.2900085449219,336.9800109863281,330.3900146484375,334.4700012207031,22951300
2023-06-14,328.9233703613281,337.3399963378906,339.0400085449219,332.80999755859375,334.3399963378906,26003800
2023-06-15,339.41485595703125,348.1000061035156,349.8399963378906,337.20001220703125,337.4800109863281,38899100
2023-06-16,333.7888488769531,342.3299865722656,351.4700012207031,341.95001220703125,351.32000732421875,46552000
2023-06-20,329.6156005859375,338.04998779296875,342.0799865722656,335.8599853515625,339.30999755859375,26375400
2023-06-21,325.23760986328125,333.55999755859375,337.7300109863281,332.07000732421875,336.3699951171875,25117800
2023-06-22,331.2342529296875,339.7099914550781,340.1199951171875,333.3399963378906,334.1199951171875,23556800
2023-06-23,326.6612243652344,335.0199890136719,337.9599914550781,333.45001220703125,334.3599853515625,23146900
2023-06-26,320.4014587402344,328.6000061035156,336.1099853515625,328.489990234375,333.7200012207031,21520600
2023-06-27,326.2225036621094,334.57000732421875,336.1499938964844,329.29998779296875,331.8599853515625,24354100
2023-06-28,327.4705505371094,335.8500061035156,337.9800109863281,333.80999755859375,334.6600036621094,20259500
2023-06-29,326.6904602050781,335.04998779296875,336.1099853515625,332.6199951171875,334.7099914550781,16997000
2023-06-30,332.04351806640625,340.5400085449219,342.7300109863281,337.20001220703125,337.75,26832800
2023-07-03,329.55718994140625,337.989990234375,340.8999938964844,336.57000732421875,339.19000244140625,12508700
2023-07-05,329.7131042480469,338.1499938964844,341.6499938964844,334.7300109863281,335.0899963378906,18172400
2023-07-06,332.75531005859375,341.2699890136719,342.989990234375,335.5,337.29998779296875,28161200
2023-07-07,328.806396484375,337.2200012207031,341.7900085449219,337.0,339.32000732421875,21214800
2023-07-10,323.5508728027344,331.8299865722656,335.2300109863281,327.5899963378906,334.6000061035156,32791400
2023-07-11,324.17486572265625,332.4700012207031,332.8599853515625,327.0,331.05999755859375,26698200
2023-07-12,328.7868957519531,337.20001220703125,341.6499938964844,335.6700134277344,336.6000061035156,29995300
2023-07-13,334.1106262207031,342.6600036621094,343.739990234375,339.0199890136719,339.55999755859375,20567200
2023-07-14,336.62628173828125,345.239990234375,351.42999267578125,344.30999755859375,347.5899963378906,28352700
2023-07-17,337.1040344238281,345.7300109863281,346.989990234375,342.20001220703125,345.67999267578125,20363900
2023-07-18,350.5207214355469,359.489990234375,366.7799987792969,342.1700134277344,345.8299865722656,64738600
2023-07-19,346.22076416015625,355.0799865722656,362.4599914550781,352.44000244140625,361.75,39732900
2023-07-20,338.215576171875,346.8699951171875,357.9700012207031,345.3699951171875,353.57000732421875,33778400
2023-07-21,335.1929931640625,343.7699890136719,350.29998779296875,339.8299865722656,349.1499938964844,69405400
2023-07-24,336.49951171875,345.1099853515625,346.9200134277344,342.30999755859375,345.8500061035156,26678100
2023-07-25,342.2230529785156,350.9800109863281,351.8900146484375,345.07000732421875,347.1099853515625,41637700
2023-07-26,329.3426208496094,337.7699890136719,344.6700134277344,333.1099853515625,341.44000244140625,58383700
2023-07-27,322.4685363769531,330.7200012207031,341.3299865722656,329.04998779296875,340.4800109863281,39635300
2023-07-28,329.9276123046875,338.3699951171875,340.010009765625,333.1700134277344,333.6700134277344,28484900
2023-07-31,327.538818359375,335.9200134277344,337.70001220703125,333.3599853515625,336.9200134277344,25446000
2023-08-01,327.94830322265625,336.3399963378906,338.5400085449219,333.70001220703125,335.19000244140625,18311900
2023-08-02,319.3288879394531,327.5,333.6300048828125,326.3599853515625,333.6300048828125,27761300
2023-08-03,318.5098876953125,326.6600036621094,329.8800048828125,325.95001220703125,326.0,18253700
2023-08-04,319.6018981933594,327.7799987792969,335.1400146484375,327.239990234375,331.8800048828125,23741500
2023-08-07,321.8737487792969,330.1099853515625,331.1099853515625,327.5199890136719,328.3699951171875,17741500
2023-08-08,317.91497802734375,326.04998779296875,328.75,323.0,326.9599914550781,22327600
2023-08-09,314.19036865234375,322.2300109863281,327.1099853515625,321.04998779296875,326.4700012207031,22373300
2023-08-10,314.8728942871094,322.92999267578125,328.260009765625,321.17999267578125,326.0199890136719,20113700
2023-08-11,313.0007629394531,321.010009765625,322.4100036621094,319.2099914550781,320.260009765625,24355500
2023-08-14,315.95526123046875,324.0400085449219,324.05999755859375,320.0799865722656,321.3900146484375,18836100
2023-08-15,313.82958984375,321.8599853515625,325.0899963378906,320.8999938964844,323.0,16966300
2023-08-16,313.06744384765625,320.3999938964844,324.4200134277344,319.79998779296875,320.79998779296875,20698900
2023-08-17,309.6280517578125,316.8800048828125,321.8699951171875,316.2099914550781,320.5400085449219,21257200
2023-08-18,309.2372131347656,316.4800109863281,318.3800048828125,311.54998779296875,314.489990234375,24755000
2023-08-21,314.5135803222656,321.8800048828125,322.7699890136719,317.0400085449219,317.92999267578125,24040000
2023-08-22,315.0802307128906,322.4599914550781,326.0799865722656,321.4599914550781,325.5,16084600
2023-08-23,319.5164489746094,327.0,329.20001220703125,323.4599914550781,323.82000732421875,21166400
2023-08-24,312.6473083496094,319.9700012207031,332.9800109863281,319.9599914550781,332.8500061035156,23281400
2023-08-25,315.5884094238281,322.9800109863281,325.3599853515625,318.79998779296875,321.4700012207031,21684100
2023-08-28,316.2919616699219,323.70001220703125,326.1499938964844,321.7200012207031,325.6600036621094,14808500
2023-08-29,320.8941955566406,328.4100036621094,328.9800109863281,321.8800048828125,321.8800048828125,19284600
2023-08-30,321.2654113769531,328.7900085449219,329.80999755859375,326.45001220703125,328.6700134277344,15222100
2023-08-31,320.25897216796875,327.760009765625,330.9100036621094,326.7799987792969,329.20001220703125,26411000
2023-09-01,321.138427734375,328.6600036621094,331.989990234375,326.7799987792969,331.30999755859375,14942000
2023-09-05,325.9164733886719,333.54998779296875,334.8500061035156,328.6600036621094,329.0,18553900
2023-09-06,325.2618713378906,332.8800048828125,334.4599914550781,330.17999267578125,333.3800048828125,17535800
2023-09-07,322.3598327636719,329.9100036621094,333.0799865722656,329.0299987792969,331.2900085449219,18381000
2023-09-08,326.6199645996094,334.2699890136719,336.1600036621094,329.4599914550781,330.0899963378906,19530100
2023-09-11,330.2060241699219,337.94000244140625,338.4200134277344,335.42999267578125,337.239990234375,16583300
2023-09-12,324.1772766113281,331.7699890136719,336.7900085449219,331.4800109863281,335.82000732421875,17565500
2023-09-13,328.3690490722656,336.05999755859375,336.8500061035156,331.1700134277344,331.30999755859375,16544400
2023-09-14,330.94866943359375,338.70001220703125,340.8599853515625,336.57000732421875,339.1499938964844,20267000
2023-09-15,322.6627502441406,330.2200012207031,337.3999938964844,329.6499938964844,336.9200134277344,37679800
2023-09-18,321.5292663574219,329.05999755859375,330.3999938964844,326.3599853515625,327.79998779296875,16834200
2023-09-19,321.1286315917969,328.6499938964844,329.3900146484375,324.510009765625,326.1700134277344,16505900
2023-09-20,313.4289855957031,320.7699890136719,329.5899963378906,320.510009765625,329.510009765625,21436500
2023-09-21,312.2173767089844,319.5299987792969,325.3500061035156,315.0,319.260009765625,35560400
2023-09-22,309.7550354003906,317.010009765625,321.45001220703125,316.1499938964844,321.32000732421875,21447900
2023-09-25,310.27288818359375,317.5400085449219,317.6700134277344,315.0,316.5899963378906,17836000
2023-09-26,304.9964904785156,312.1400146484375,315.8800048828125,310.0199890136719,315.1300048828125,26297600
2023-09-27,305.631591796875,312.7900085449219,314.29998779296875,309.69000244140625,312.29998779296875,19410100
2023-09-28,306.462158203125,313.6400146484375,315.4800109863281,309.45001220703125,310.989990234375,19683600
2023-09-29,308.5238342285156,315.75,319.4700012207031,314.9800109863281,317.75,24147300
2023-10-02,314.4353942871094,321.79998779296875,321.8900146484375,315.17999267578125,316.2799987792969,20570000
2023-10-03,306.2178649902344,313.3900146484375,321.3900146484375,311.2099914550781,320.8299865722656,21033500
2023-10-04,311.660400390625,318.9599914550781,320.0400085449219,314.0,314.0299987792969,20720100
2023-10-05,312.05120849609375,319.3599853515625,319.9800109863281,314.8999938964844,319.0899963378906,16965600
2023-10-06,319.7704772949219,327.260009765625,329.19000244140625,316.29998779296875,316.54998779296875,25673600
2023-10-09,322.2718505859375,329.82000732421875,330.29998779296875,323.17999267578125,324.75,19891200
2023-10-10,320.87457275390625,328.3900146484375,331.1000061035156,327.6700134277344,330.9599914550781,20557100
2023-10-11,324.81243896484375,332.4200134277344,332.82000732421875,329.1400146484375,331.2099914550781,20063200
2023-10-12,323.58123779296875,331.1600036621094,333.6300048828125,328.7200012207031,330.57000732421875,19313100
2023-10-13,320.2297058105469,327.7300109863281,333.8299865722656,326.3599853515625,332.3800048828125,21072400
2023-10-16,325.0273132324219,332.6400146484375,336.1400146484375,330.6000061035156,331.04998779296875,22158000
2023-10-17,324.4605712890625,332.05999755859375,333.4599914550781,327.4100036621094,329.5899963378906,18338500
2023-10-18,322.55523681640625,330.1099853515625,335.5899963378906,328.29998779296875,332.489990234375,23153600
2023-10-19,323.7375183105469,331.32000732421875,336.8800048828125,330.9100036621094,332.1499938964844,25052100
2023-10-20,319.1939697265625,326.6700134277344,331.9200134277344,325.45001220703125,331.7200012207031,25027700
2023-10-23,321.7833251953125,329.32000732421875,332.7300109863281,324.3900146484375,325.4700012207031,24374700
2023-10-24,322.965576171875,330.5299987792969,331.8399963378906,327.6000061035156,331.29998779296875,31153600
2023-10-25,332.87359619140625,340.6700134277344,346.20001220703125,337.6199951171875,345.0199890136719,55053800
2023-10-26,320.38604736328125,327.8900146484375,341.6300048828125,326.94000244140625,340.5400085449219,37828500
2023-10-27,322.2620849609375,329.80999755859375,336.7200012207031,328.3999938964844,330.42999267578125,29856500
2023-10-30,329.5904846191406,337.30999755859375,339.45001220703125,331.8299865722656,333.4100036621094,22828100
2023-10-31,330.3721618652344,338.1099853515625,339.0,334.69000244140625,338.8500061035156,20265300
2023-11-01,338.1499938964844,346.07000732421875,347.4200134277344,339.6499938964844,339.7900085449219,28158800
2023-11-02,340.3485107421875,348.32000732421875,348.8299865722656,344.7699890136719,347.239990234375,24348100
2023-11-03,344.7259521484375,352.79998779296875,354.3900146484375,347.3299865722656,349.6300048828125,23637700
2023-11-06,348.3705749511719,356.5299987792969,357.5400085449219,353.3500061035156,353.45001220703125,23828300
2023-11-07,352.279052734375,360.5299987792969,362.4599914550781,357.6300048828125,359.3999938964844,25833900
2023-11-08,354.8879699707031,363.20001220703125,363.8699951171875,360.54998779296875,361.67999267578125,26767800
2023-11-09,352.43536376953125,360.69000244140625,364.7900085449219,360.3599853515625,362.29998779296875,24847300
2023-11-10,361.20989990234375,369.6700134277344,370.1000061035156,361.07000732421875,361.489990234375,28042100
2023-11-13,358.288330078125,366.67999267578125,368.4700012207031,365.8999938964844,368.2200012207031,19986500
2023-11-14,361.796142578125,370.2699890136719,371.95001220703125,367.3500061035156,371.010009765625,27683900
2023-11-15,361.9430847167969,369.6700134277344,373.1300048828125,367.1099853515625,371.2799987792969,26860100
2023-11-16,368.30712890625,376.1700134277344,376.3500061035156,370.17999267578125,370.9599914550781,27182300
2023-11-17,362.1192321777344,369.8500061035156,374.3699951171875,367.0,373.6099853515625,40157000
2023-11-20,369.5506286621094,377.44000244140625,378.8699951171875,371.0,371.2200012207031,52465100
2023-11-21,365.27197265625,373.07000732421875,376.2200012207031,371.1199951171875,375.6700134277344,28423100
2023-11-22,369.9520263671875,377.8500061035156,379.7900085449219,374.9700012207031,378.0,23345300
2023-11-24,369.540771484375,377.42999267578125,377.9700012207031,375.1400146484375,377.3299865722656,10176600
2023-11-27,370.6961364746094,378.6099853515625,380.6400146484375,376.20001220703125,376.7799987792969,22179200
2023-11-28,374.7006530761719,382.70001220703125,383.0,378.1600036621094,378.3500061035156,20453100
2023-11-29,370.9311218261719,378.8500061035156,384.29998779296875,377.44000244140625,383.760009765625,28963400
2023-11-30,370.9898376464844,378.9100036621094,380.0899963378906,375.4700012207031,378.489990234375,30554400
2023-12-01,366.6818542480469,374.510009765625,378.1600036621094,371.30999755859375,376.760009765625,33040500
2023-12-04,361.424072265625,369.1400146484375,369.5199890136719,362.8999938964844,369.1000061035156,32063300
2023-12-05,364.73345947265625,372.5199890136719,373.0799865722656,365.6199951171875,366.45001220703125,23065000
2023-12-06,361.0912170410156,368.79998779296875,374.17999267578125,368.0299987792969,373.5400085449219,21182100
2023-12-07,363.19622802734375,370.95001220703125,371.45001220703125,366.32000732421875,368.2300109863281,23118900
2023-12-08,366.4077453613281,374.2300109863281,374.4599914550781,368.2300109863281,369.20001220703125,20154400
2023-12-11,363.5389099121094,371.29998779296875,371.6000061035156,366.1000061035156,368.4800109863281,27708800
2023-12-12,366.5545959472656,374.3800048828125,374.4200134277344,370.4599914550781,370.8500061035156,24838300
2023-12-13,366.54473876953125,374.3699951171875,377.6400146484375,370.7699890136719,376.0199890136719,30955500
2023-12-14,358.28118896484375,365.92999267578125,373.760009765625,364.1300048828125,373.30999755859375,43277500
2023-12-15,362.9808349609375,370.7300109863281,372.3999938964844,366.2799987792969,366.8500061035156,78502300
2023-12-18,364.8607177734375,372.6499938964844,373.0,368.67999267578125,369.45001220703125,21802900
2023-12-19,365.4580078125,373.260009765625,373.260009765625,369.8399963378906,371.489990234375,20603700
2023-12-20,362.8731384277344,370.6199951171875,376.0299987792969,370.5299987792969,375.0,26316700
2023-12-21,365.73211669921875,373.5400085449219,374.4100036621094,370.0400085449219,372.55999755859375,17708000
2023-12-22,366.7503356933594,374.5799865722656,375.17999267578125,372.7099914550781,373.67999267578125,17107500
2023-12-26,366.8287658691406,374.6600036621094,376.94000244140625,373.5,375.0,12673100
2023-12-27,366.25103759765625,374.07000732421875,375.05999755859375,372.80999755859375,373.69000244140625,14905400
2023-12-28,367.43572998046875,375.2799987792969,376.4599914550781,374.1600036621094,375.3699951171875,14327000
2023-12-29,368.17987060546875,376.0400085449219,377.1600036621094,373.4800109863281,376.0,18730800
2024-01-02,363.1179504394531,370.8699951171875,375.8999938964844,366.7699890136719,373.8599853515625,25258600
2024-01-03,362.8536071777344,370.6000061035156,373.260009765625,368.510009765625,369.010009765625,23083500
2024-01-04,360.24920654296875,367.94000244140625,373.1000061035156,367.1700134277344,370.6700134277344,20901500
2024-01-05,360.0631408691406,367.75,372.05999755859375,366.5,368.9700012207031,21004600
2024-01-08,366.85809326171875,374.69000244140625,375.20001220703125,369.010009765625,369.29998779296875,23134000
2024-01-09,367.93505859375,375.7900085449219,375.989990234375,371.19000244140625,372.010009765625,20830000
2024-01-10,374.7691345214844,382.7699890136719,384.1700134277344,376.32000732421875,376.3699951171875,25514200
2024-01-11,376.59033203125,384.6300048828125,390.67999267578125,380.3800048828125,386.0,27850800
2024-01-12,380.35003662109375,388.4700012207031,388.67999267578125,384.6499938964844,385.489990234375,21661200
2024-01-16,382.1124267578125,390.2699890136719,394.0299987792969,387.6199951171875,393.6600036621094,27202300
2024-01-17,381.3291015625,389.4700012207031,390.1099853515625,384.80999755859375,387.9800109863281,22234100
2024-01-18,385.63714599609375,393.8699951171875,393.989990234375,390.1199951171875,391.7200012207031,23392100
2024-01-19,390.3367919921875,398.6700134277344,398.6700134277344,393.5,395.760009765625,29331100
2024-01-22,388.2220458984375,396.510009765625,400.6199951171875,393.5899963378906,400.0199890136719,27016900
2024-01-23,390.5620422363281,398.8999938964844,399.3800048828125,393.92999267578125,395.75,20525900
2024-01-24,394.14556884765625,402.55999755859375,405.6300048828125,400.45001220703125,401.5400085449219,24867000
2024-01-25,396.40728759765625,404.8699951171875,407.010009765625,402.5299987792969,404.32000732421875,21021200
2024-01-26,395.4868469238281,403.92999267578125,406.1700134277344,402.42999267578125,404.3699951171875,17803300
2024-01-29,401.1558532714844,409.7200012207031,409.9800109863281,404.3299865722656,406.05999755859375,24510200
2024-01-30,400.04949951171875,408.5899963378906,413.04998779296875,406.45001220703125,412.260009765625,33477600
2024-01-31,389.2696228027344,397.5799865722656,415.32000732421875,397.2099914550781,406.9599914550781,47871100
2024-02-01,395.34002685546875,403.7799987792969,408.0,401.79998779296875,401.8299865722656,30657700
2024-02-02,402.62451171875,411.2200012207031,412.6499938964844,403.55999755859375,403.80999755859375,28256700
2024-02-05,397.1709289550781,405.6499938964844,411.1600036621094,403.989990234375,409.8999938964844,25352300
2024-02-06,397.0143127441406,405.489990234375,407.9700012207031,402.9100036621094,405.8800048828125,18382600
2024-02-07,405.3952941894531,414.04998779296875,414.29998779296875,407.3999938964844,407.44000244140625,22340500
2024-02-08,405.4541320800781,414.1099853515625,415.55999755859375,412.5299987792969,414.04998779296875,21225300
2024-02-09,411.7594909667969,420.54998779296875,420.82000732421875,415.0899963378906,415.25,22032800
2024-02-12,406.580078125,415.260009765625,420.739990234375,414.75,420.55999755859375,21202900
2024-02-13,397.82696533203125,406.32000732421875,410.07000732421875,403.3900146484375,404.94000244140625,27824900
2024-02-14,401.6719970703125,409.489990234375,409.8399963378906,404.57000732421875,408.07000732421875,20401200
2024-02-15,398.798095703125,406.55999755859375,409.1300048828125,404.2900085449219,408.1400146484375,21825500
2024-02-16,396.3457946777344,404.05999755859375,408.2900085449219,403.44000244140625,407.9599914550781,22296500
2024-02-20,395.1000061035156,402.7900085449219,404.489990234375,398.010009765625,403.239990234375,24307900
2024-02-21,394.50164794921875,402.17999267578125,402.2900085449219,397.2200012207031,400.1700134277344,18518900
2024-02-22,403.7908630371094,411.6499938964844,412.8299865722656,408.57000732421875,410.19000244140625,27009900
2024-02-23,402.50592041015625,410.3399963378906,415.8599853515625,408.9700012207031,415.6700134277344,16295900
2024-02-26,399.75933837890625,407.5400085449219,412.1600036621094,407.3599853515625,411.4599914550781,16193500
2024-02-27,399.70050048828125,407.4800109863281,408.32000732421875,403.8500061035156,407.989990234375,14835800
2024-02-28,399.93585205078125,407.7200012207031,409.29998779296875,405.32000732421875,408.17999267578125,13183100
2024-02-29,405.74285888671875,413.6400146484375,414.20001220703125,405.9200134277344,408.6400146484375,31947300
2024-03-01,407.5673828125,415.5,415.8699951171875,410.8800048828125,411.2699890136719,17823400
2024-03-04,406.99847412109375,414.9200134277344,417.3500061035156,412.32000732421875,413.44000244140625,17596000
2024-03-05,394.9626770019531,402.6499938964844,414.25,400.6400146484375,413.9599914550781,26919200
2024-03-06,394.4134216308594,402.0899963378906,405.1600036621094,398.3900146484375,402.9700012207031,22344100
2024-03-07,401.3288269042969,409.1400146484375,409.7799987792969,402.239990234375,406.1199951171875,18718500
2024-03-08,398.46453857421875,406.2200012207031,410.4200134277344,404.3299865722656,407.9599914550781,18002200
2024-03-11,396.7970275878906,404.5199890136719,405.67999267578125,401.260009765625,403.760009765625,16120800
2024-03-12,407.3515625,415.2799987792969,415.57000732421875,406.7900085449219,407.6199951171875,22457000
2024-03-13,407.17498779296875,415.1000061035156,418.17999267578125,411.45001220703125,418.1000061035156,17115900
2024-03-14,417.1017761230469,425.2200012207031,427.82000732421875,417.989990234375,420.239990234375,34157300
2024-03-15,408.4698181152344,416.4200134277344,422.6000061035156,412.7900085449219,419.2900085449219,45079900
2024-03-18,409.35260009765625,417.32000732421875,420.7300109863281,413.7799987792969,414.25,20106000
2024-03-19,413.3645324707031,421.4100036621094,421.6700134277344,415.54998779296875,417.8299865722656,19837900
2024-03-20,417.1116027832031,425.2300109863281,425.9599914550781,420.6600036621094,422.0,17860100
2024-03-21,421.1725769042969,429.3699951171875,430.82000732421875,427.1600036621094,429.8299865722656,21296200
2024-03-22,420.5545349121094,428.739990234375,429.8599853515625,426.07000732421875,429.70001220703125,17648500
2024-03-25,414.78680419921875,422.8599853515625,427.4100036621094,421.6099853515625,425.239990234375,18060500
2024-03-26,413.5998840332031,421.6499938964844,425.989990234375,421.3500061035156,425.6099853515625,16725600
2024-03-27,413.3841247558594,421.42999267578125,424.45001220703125,419.010009765625,424.44000244140625,16705000
2024-03-28,412.68768310546875,420.7200012207031,421.8699951171875,419.1199951171875,420.9599914550781,21871200
2024-04-01,416.4642028808594,424.57000732421875,427.8900146484375,422.2200012207031,423.95001220703125,16316000
2024-04-02,413.39398193359375,421.44000244140625,422.3800048828125,417.8399963378906,420.1099853515625,17912000
2024-04-03,412.4228820800781,420.45001220703125,423.260009765625,419.0899963378906,419.7300109863281,16502300
2024-04-04,409.9019470214844,417.8800048828125,428.6700134277344,417.57000732421875,424.989990234375,19370900
2024-04-05,417.39599609375,425.5199890136719,426.510009765625,418.32000732421875,420.010009765625,16554800
2024-04-08,416.48382568359375,424.5899963378906,427.2799987792969,423.29998779296875,425.1700134277344,14272400
2024-04-09,418.1416015625,426.2799987792969,427.739990234375,421.6199951171875,426.44000244140625,12496900
2024-04-10,415.1792297363281,423.260009765625,424.0299987792969,419.70001220703125,422.19000244140625,16216600
2024-04-11,419.7599792480469,427.92999267578125,429.3699951171875,422.3599853515625,425.82000732421875,17966400
2024-04-12,413.84515380859375,421.8999938964844,425.17999267578125,419.7699890136719,424.04998779296875,19253800
2024-04-15,405.74285888671875,413.6400146484375,426.82000732421875,413.42999267578125,426.6000061035156,20273500
2024-04-16,406.6648864746094,414.5799865722656,418.3999938964844,413.7300109863281,414.57000732421875,16765600
2024-04-17,403.97723388671875,411.8399963378906,418.8800048828125,410.3299865722656,417.25,15855500
2024-04-18,396.5517578125,404.2699890136719,411.8900146484375,403.95001220703125,410.6300048828125,21029900
2024-04-19,391.5000305175781,399.1199951171875,405.4800109863281,397.7699890136719,404.0299987792969,30565800
2024-04-22,393.30487060546875,400.9599914550781,402.8500061035156,395.75,400.0799865722656,20286900
2024-04-23,399.7887878417969,407.57000732421875,408.20001220703125,403.05999755859375,404.239990234375,15734500
2024-04-24,401.250244140625,409.05999755859375,412.4700012207031,406.7799987792969,409.55999755859375,15065300
2024-04-25,391.4216003417969,399.0400085449219,399.8900146484375,388.0299987792969,394.0299987792969,40586500
2024-04-26,398.5626525878906,406.32000732421875,413.0,405.760009765625,412.1700134277344,29694700
2024-04-29,394.5703125,402.25,406.32000732421875,399.19000244140625,405.25,19582100
2024-04-30,381.8970031738281,389.3299865722656,402.1600036621094,389.1700134277344,401.489990234375,28781400
2024-05-01,387.39990234375,394.94000244140625,401.7200012207031,390.30999755859375,392.6099853515625,23562500
2024-05-02,390.2445068359375,397.8399963378906,399.92999267578125,394.6499938964844,397.6600036621094,17709400
2024-05-03,398.8961486816406,406.6600036621094,407.1499938964844,401.8599853515625,402.2799987792969,17446700
2024-05-06,405.6448059082031,413.5400085449219,413.92999267578125,406.3699951171875,408.760009765625,16996600
2024-05-07,401.52496337890625,409.3399963378906,414.6700134277344,409.0899963378906,414.6600036621094,20018200
2024-05-08,402.7021179199219,410.5400085449219,412.2300109863281,406.7099914550781,408.1700134277344,11792300
2024-05-09,404.44805908203125,412.32000732421875,412.7200012207031,409.1000061035156,410.57000732421875,14689700
2024-05-10,406.8218994140625,414.739990234375,415.3800048828125,411.79998779296875,412.94000244140625,13402300
2024-05-13,405.8213195800781,413.7200012207031,418.3500061035156,410.82000732421875,418.010009765625,15440200
2024-05-14,408.6070861816406,416.55999755859375,417.489990234375,411.54998779296875,412.0199890136719,15109300
2024-05-15,415.7511901855469,423.0799865722656,423.80999755859375,417.2699890136719,417.8999938964844,22239500
2024-05-16,413.6973876953125,420.989990234375,425.4200134277344,420.3500061035156,421.79998779296875,17530100
2024-05-17,412.93084716796875,420.2099914550781,422.9200134277344,418.0299987792969,422.5400085449219,15352200
2024-05-20,417.9720764160156,425.3399963378906,426.7699890136719,419.989990234375,420.2099914550781,16272100
2024-05-21,421.60797119140625,429.0400085449219,432.9700012207031,424.8500061035156,426.8299865722656,21453300
2024-05-22,423.06231689453125,430.5199890136719,432.4100036621094,427.1300048828125,430.0899963378906,18073700
2024-05-23,419.603271484375,427.0,433.6000061035156,425.4200134277344,432.9700012207031,17211700
2024-05-24,422.7085876464844,430.1600036621094,431.05999755859375,424.4100036621094,427.19000244140625,11855300
2024-05-28,422.86578369140625,430.32000732421875,430.82000732421875,426.6000061035156,429.6300048828125,15718000
2024-05-29,421.7357177734375,429.1700134277344,430.94000244140625,425.69000244140625,425.69000244140625,15517100
2024-05-30,407.48687744140625,414.6700134277344,424.29998779296875,414.239990234375,424.29998779296875,28394500
2024-05-31,407.93890380859375,415.1300048828125,416.75,404.510009765625,416.75,47995300
2024-06-03,406.3567810058594,413.5199890136719,416.42999267578125,408.9200134277344,415.5299987792969,17484700
2024-06-04,408.8626403808594,416.07000732421875,416.44000244140625,409.67999267578125,412.42999267578125,14348900
2024-06-05,416.66510009765625,424.010009765625,424.0799865722656,416.29998779296875,417.80999755859375,16988000
2024-06-06,417.1662292480469,424.5199890136719,425.30999755859375,420.5799865722656,424.010009765625,14861300
2024-06-07,416.50787353515625,423.8500061035156,426.2799987792969,423.0,426.20001220703125,13621700
2024-06-10,420.4582214355469,427.8699951171875,428.0799865722656,423.8900146484375,424.70001220703125,13982900
2024-06-11,425.1849060058594,432.67999267578125,432.82000732421875,425.25,425.4800109863281,14551100
2024-06-12,433.4197692871094,441.05999755859375,443.3999938964844,433.25,435.32000732421875,22366200
2024-06-13,433.93072509765625,441.5799865722656,443.3900146484375,439.3699951171875,440.8500061035156,15960600
2024-06-14,434.90362548828125,442.57000732421875,443.1400146484375,436.7200012207031,438.2799987792969,13582000
2024-06-17,440.6031494140625,448.3699951171875,450.94000244140625,440.7200012207031,442.5899963378906,20790000
2024-06-18,438.6082763671875,446.3399963378906,450.1400146484375,444.8900146484375,449.7099914550781,17112500
2024-06-20,437.9793395996094,445.70001220703125,446.5299987792969,441.2699890136719,446.29998779296875,19877400
2024-06-21,441.98870849609375,449.7799987792969,450.5799865722656,446.510009765625,447.3800048828125,34187100
2024-06-24,439.91522216796875,447.6700134277344,452.75,446.4100036621094,449.79998779296875,15913700
2024-06-25,443.1384582519531,450.95001220703125,451.4200134277344,446.75,448.25,16413400
2024-06-26,444.3274230957031,452.1600036621094,453.6000061035156,448.19000244140625,449.0,16507000
2024-06-27,445.0054626464844,452.8500061035156,456.1700134277344,451.7699890136719,452.17999267578125,14806300
2024-06-28,439.2077331542969,446.95001220703125,455.3800048828125,446.4100036621094,453.07000732421875,28362300
2024-07-01,448.81829833984375,456.7300109863281,457.3699951171875,445.6600036621094,448.6600036621094,17662800
2024-07-02,451.3240966796875,459.2799987792969,459.5899963378906,453.1099853515625,453.20001220703125,13979800
2024-07-03,452.7882995605469,460.7699890136719,461.0199890136719,457.8800048828125,458.19000244140625,9932800
2024-07-05,459.460693359375,467.55999755859375,468.3500061035156,458.9700012207031,459.6099853515625,16000300
2024-07-08,458.16357421875,466.239990234375,467.70001220703125,464.4599914550781,466.54998779296875,12962300
2024-07-09,451.5796203613281,459.5400085449219,467.3299865722656,458.0,467.0,17207200
2024-07-10,458.1733703613281,466.25,466.4599914550781,458.8599853515625,461.2200012207031,18196100
2024-07-11,446.82354736328125,454.70001220703125,464.7799987792969,451.54998779296875,462.9800109863281,23111200
2024-07-12,445.693359375,453.54998779296875,456.3599853515625,450.6499938964844,454.3299865722656,16324300
2024-07-15,446.0963134765625,453.9599914550781,457.260009765625,451.42999267578125,453.29998779296875,14429400
2024-07-16,441.7331848144531,449.5199890136719,454.29998779296875,446.6600036621094,454.2200012207031,17175700
2024-07-17,435.8371276855469,443.5199890136719,444.8500061035156,439.17999267578125,442.5899963378906,21778000
2024-07-18,432.74169921875,440.3699951171875,444.6499938964844,434.3999938964844,444.3399963378906,20794800
2024-07-19,429.5381164550781,437.1099853515625,441.1400146484375,432.0,433.1000061035156,20940400
2024-07-22,435.2671203613281,442.94000244140625,444.6000061035156,438.9100036621094,441.7900085449219,15808800
2024-07-23,437.1440734863281,444.8500061035156,448.3900146484375,443.1000061035156,443.8999938964844,13107100
2024-07-24,421.4703674316406,428.8999938964844,441.4800109863281,427.5899963378906,440.45001220703125,26805800
2024-07-25,411.1522521972656,418.3999938964844,429.79998779296875,417.510009765625,428.79998779296875,29943800
2024-07-26,417.9032897949219,425.2699890136719,428.9200134277344,417.2699890136719,418.20001220703125,23583800
2024-07-29,419.3379821777344,426.7300109863281,432.1499938964844,424.70001220703125,431.5799865722656,15125800
2024-07-30,415.59393310546875,422.9200134277344,429.04998779296875,417.3599853515625,427.7200012207031,32687600
2024-07-31,411.1031494140625,418.3500061035156,421.7799987792969,412.2099914550781,420.5,42891400
2024-08-01,409.8846130371094,417.1099853515625,427.4599914550781,413.0899963378906,420.7900085449219,30296400
2024-08-02,401.4139404296875,408.489990234375,415.0,404.3399963378906,412.489990234375,29437900
2024-08-05,388.30499267578125,395.1499938964844,401.0400085449219,385.5799865722656,389.1700134277344,40709200
2024-08-06,392.687744140625,399.6099853515625,405.6700134277344,398.5,400.0,24946500
2024-08-07,391.5282287597656,398.42999267578125,410.0799865722656,397.4700012207031,408.6400146484375,20650900
2024-08-08,395.71441650390625,402.69000244140625,405.8599853515625,399.94000244140625,402.44000244140625,20203000
2024-08-09,398.9867248535156,406.0199890136719,408.04998779296875,402.260009765625,404.0299987792969,19276700
2024-08-12,399.76300048828125,406.80999755859375,408.760009765625,404.239990234375,407.05999755859375,16762900
2024-08-13,406.83831787109375,414.010009765625,414.95001220703125,409.57000732421875,409.5899963378906,19414300
2024-08-14,409.638916015625,416.8599853515625,417.7200012207031,412.45001220703125,414.79998779296875,18267000
2024-08-15,414.4823913574219,421.0299987792969,421.1099853515625,417.6600036621094,419.79998779296875,20752100
2024-08-16,411.96221923828125,418.4700012207031,421.3399963378906,417.29998779296875,420.6000061035156,22775600
2024-08-19,414.9747009277344,421.5299987792969,421.75,416.4599914550781,418.9599914550781,15234000
2024-08-20,418.19378662109375,424.79998779296875,425.8599853515625,421.6400146484375,421.70001220703125,16387600
2024-08-21,417.5440368652344,424.1400146484375,426.3999938964844,421.7200012207031,424.0799865722656,16067300
2024-08-22,409.0876159667969,415.54998779296875,426.7900085449219,414.6099853515625,424.3599853515625,19361900
2024-08-23,410.308349609375,416.7900085449219,419.260009765625,412.0899963378906,416.9800109863281,18493800
2024-08-26,407.0596618652344,413.489990234375,417.2799987792969,411.3399963378906,416.3699951171875,13152800
2024-08-27,407.40423583984375,413.8399963378906,414.3599853515625,410.25,412.8599853515625,13492900
2024-08-28,404.21466064453125,410.6000061035156,415.0,407.30999755859375,414.8800048828125,14882700
2024-08-29,406.6954650878906,413.1199951171875,422.04998779296875,410.6000061035156,414.94000244140625,17045200
2024-08-30,410.6529846191406,417.1400146484375,417.489990234375,412.1300048828125,415.6000061035156,24308300
2024-09-03,403.07269287109375,409.44000244140625,419.8800048828125,407.0299987792969,417.9100036621094,20313600
2024-09-04,402.54107666015625,408.8999938964844,411.239990234375,404.3699951171875,405.9100036621094,15135800
2024-09-05,402.0389709472656,408.3900146484375,413.1000061035156,406.1300048828125,407.6199951171875,14195500
2024-09-06,395.45306396484375,401.70001220703125,410.6499938964844,400.79998779296875,409.05999755859375,19609500
2024-09-09,399.4105529785156,405.7200012207031,408.6499938964844,402.1499938964844,407.239990234375,15295100
2024-09-10,407.7586669921875,414.20001220703125,416.3299865722656,407.70001220703125,408.20001220703125,19594300
2024-09-11,416.461181640625,423.0400085449219,423.989990234375,409.5799865722656,415.5,19266900
2024-09-12,420.3595886230469,427.0,427.3699951171875,419.75,423.30999755859375,17395700
2024-09-13,423.89373779296875,430.5899963378906,431.8299865722656,425.4599914550781,425.8299865722656,15874600
2024-09-16,424.6321105957031,431.3399963378906,433.5299987792969,428.2200012207031,430.6000061035156,13834700
2024-09-17,428.38287353515625,435.1499938964844,441.8500061035156,432.2699890136719,440.2300109863281,18874200
2024-09-18,424.1103515625,430.80999755859375,436.0299987792969,430.4100036621094,435.0,18898000
2024-09-19,431.8677673339844,438.69000244140625,441.5,436.8999938964844,441.2300109863281,21706600
2024-09-20,428.5009765625,435.2699890136719,439.239990234375,434.2200012207031,437.2200012207031,55167100
2024-09-23,426.7683410644531,433.510009765625,436.4599914550781,430.3900146484375,434.2799987792969,15128900
2024-09-24,422.4958801269531,429.1700134277344,433.3500061035156,426.1000061035156,433.0,17015800
2024-09-25,425.39007568359375,432.1099853515625,433.1199951171875,428.57000732421875,429.8299865722656,13396400
2024-09-26,424.6025695800781,431.30999755859375,435.29998779296875,429.1300048828125,435.0899963378906,14492000
2024-09-27,421.3637390136719,428.0199890136719,431.8500061035156,427.4700012207031,431.5199890136719,14896100
2024-09-30,423.6082458496094,430.29998779296875,430.4200134277344,425.3699951171875,428.2099914550781,16807300
2024-10-01,414.14776611328125,420.69000244140625,428.4800109863281,418.80999755859375,428.45001220703125,19092900
2024-10-02,410.6430969238281,417.1300048828125,422.82000732421875,416.7099914550781,422.5799865722656,16582300
2024-10-03,410.062255859375,416.5400085449219,419.54998779296875,414.2900085449219,417.6300048828125,13686400
2024-10-04,409.5897216796875,416.05999755859375,419.75,414.9700012207031,418.239990234375,19169700
2024-10-07,403.1711120605469,409.5400085449219,417.1099853515625,409.0,416.0,20919800
2024-10-08,408.2607116699219,414.7099914550781,415.6600036621094,408.1700134277344,410.8999938964844,19229300
2024-10-09,410.96795654296875,417.4599914550781,420.3800048828125,414.29998779296875,415.8599853515625,14974300
2024-10-10,409.3731689453125,415.8399963378906,417.3500061035156,413.1499938964844,415.2300109863281,13848400
2024-10-11,409.8456726074219,416.32000732421875,417.1300048828125,413.25,416.1400146484375,14144900
2024-10-14,412.62176513671875,419.1400146484375,424.0400085449219,417.5199890136719,417.7699890136719,16653100
2024-10-15,412.22802734375,418.739990234375,422.4800109863281,415.260009765625,422.17999267578125,18900200
2024-10-16,409.6487731933594,416.1199951171875,416.3599853515625,410.4800109863281,415.1700134277344,15508900
2024-10-17,410.2394714355469,416.7200012207031,422.5,415.5899963378906,422.3599853515625,14820000
2024-10-18,411.65704345703125,418.1600036621094,419.6499938964844,416.260009765625,417.1400146484375,17145300
2024-10-21,412.2674560546875,418.7799987792969,418.9599914550781,413.75,416.1199951171875,14206100
2024-10-22,420.8616638183594,427.510009765625,430.5799865722656,418.0400085449219,418.489990234375,25482200
2024-10-23,417.99688720703125,424.6000061035156,431.0799865722656,422.5299987792969,430.8599853515625,19654400
2024-10-24,418.1249084472656,424.7300109863281,425.9800109863281,422.3999938964844,425.3299865722656,13581600
2024-10-25,421.4917297363281,428.1499938964844,432.5199890136719,426.57000732421875,426.760009765625,16899100
2024-10-28,419.9559326171875,426.5899963378906,431.94000244140625,426.29998779296875,431.6600036621094,14882400
2024-10-29,425.2326354980469,431.95001220703125,433.1700134277344,425.79998779296875,428.0,17644100
2024-10-30,425.8036193847656,432.5299987792969,438.5,432.1000061035156,437.44000244140625,29749100
2024-10-31,400.03070068359375,406.3500061035156,416.1600036621094,406.29998779296875,415.3599853515625,53971000
2024-11-01,403.9882507324219,410.3699951171875,415.5,407.5,409.010009765625,24230400
2024-11-04,402.1078796386719,408.4599914550781,410.4200134277344,405.57000732421875,409.79998779296875,19672300
2024-11-05,405.061279296875,411.4599914550781,414.8999938964844,408.0799865722656,408.3699951171875,17626000
2024-11-06,413.6456604003906,420.17999267578125,420.45001220703125,410.5199890136719,412.4200134277344,26681800
2024-11-07,418.81396484375,425.42999267578125,426.8500061035156,419.8800048828125,421.2799987792969,19901800
2024-11-08,415.9689636230469,422.5400085449219,426.5,421.7799987792969,425.32000732421875,16891400
2024-11-11,411.5094299316406,418.010009765625,424.80999755859375,416.0,422.5199890136719,24503300
2024-11-12,416.4513244628906,423.0299987792969,424.44000244140625,417.20001220703125,418.25,19401200
2024-11-13,418.5875549316406,425.20001220703125,429.3299865722656,418.2099914550781,421.6400146484375,21502200
2024-11-14,420.2513122558594,426.8900146484375,428.1700134277344,420.0,425.0,30246900
2024-11-15,408.54620361328125,415.0,422.79998779296875,413.6400146484375,419.82000732421875,28247600
2024-11-18,409.29443359375,415.760009765625,418.3999938964844,412.1000061035156,414.8699951171875,24727000
2024-11-19,411.29278564453125,417.7900085449219,417.94000244140625,411.54998779296875,413.1099853515625,18133500
2024-11-20,409.028564453125,415.489990234375,417.2900085449219,410.5799865722656,416.8699951171875,19191700
2024-11-21,407.26287841796875,412.8699951171875,419.7799987792969,410.2900085449219,419.5,20780200
2024-11-22,411.3367919921875,417.0,417.3999938964844,411.05999755859375,411.3699951171875,24814600
2024-11-25,413.1025085449219,418.7900085449219,421.0799865722656,414.8500061035156,418.3800048828125,27691100
2024-11-26,422.17755126953125,427.989990234375,429.0400085449219,418.8500061035156,419.5899963378906,23458900
2024-11-27,417.2454833984375,422.989990234375,427.2300109863281,422.0199890136719,425.1099853515625,18332400
2024-11-29,417.70904541015625,423.4599914550781,424.8800048828125,417.79998779296875,420.0899963378906,16271900
2024-12-02,425.126953125,430.9800109863281,433.0,421.30999755859375,421.57000732421875,20207200
2024-12-03,425.343994140625,431.20001220703125,432.4700012207031,427.739990234375,429.8399963378906,18302000
2024-12-04,431.4794921875,437.4200134277344,439.6700134277344,432.6300048828125,433.0299987792969,26009400
2024-12-05,436.60888671875,442.6199951171875,444.6600036621094,436.1700134277344,437.9200134277344,21697800
2024-12-06,437.5459899902344,443.57000732421875,446.1000061035156,441.7699890136719,442.29998779296875,18821000
2024-12-09,439.96270751953125,446.0199890136719,448.3299865722656,440.5,442.6000061035156,19144400
2024-12-10,437.3092346191406,443.3299865722656,449.6199951171875,441.6000061035156,444.3900146484375,18469500
2024-12-11,442.89239501953125,448.989990234375,450.3500061035156,444.04998779296875,444.04998779296875,19200200
2024-12-12,443.4546203613281,449.55999755859375,456.1600036621094,449.1099853515625,449.1099853515625,20834800
2024-12-13,441.1957092285156,447.2699890136719,451.42999267578125,445.5799865722656,448.44000244140625,20177800
2024-12-16,445.45703125,451.5899963378906,452.17999267578125,445.2799987792969,447.2699890136719,23598800
2024-12-17,448.2880859375,454.4599914550781,455.2900085449219,449.57000732421875,451.010009765625,22733500
2024-12-18,431.44989013671875,437.3900146484375,452.6499938964844,437.0199890136719,451.32000732421875,24444500
2024-12-19,431.0947265625,437.0299987792969,443.17999267578125,436.32000732421875,441.6199951171875,22963700
2024-12-20,430.67059326171875,436.6000061035156,443.739990234375,428.6300048828125,433.1099853515625,64263700
2024-12-23,429.3389587402344,435.25,437.6499938964844,432.8299865722656,436.739990234375,19152500
2024-12-24,433.363525390625,439.3299865722656,439.6000061035156,434.19000244140625,434.6499938964844,7164500
2024-12-26,432.1601257324219,438.1099853515625,440.94000244140625,436.6300048828125,439.0799865722656,8194200
2024-12-27,424.6830139160156,430.5299987792969,435.2200012207031,426.3500061035156,434.6000061035156,18117700
2024-12-30,419.0604553222656,424.8299865722656,427.54998779296875,421.8999938964844,426.05999755859375,13158700
2024-12-31,415.77569580078125,421.5,426.7300109863281,420.6600036621094,426.1000061035156,13246500
2025-01-02,412.8952941894531,418.5799865722656,426.07000732421875,414.8500061035156,425.5299987792969,16896500
2025-01-03,417.6005859375,423.3500061035156,424.0299987792969,419.5400085449219,421.0799865722656,16662900
2025-01-06,422.0394592285156,427.8500061035156,434.32000732421875,425.4800109863281,428.0,20573600
2025-01-07,416.63385009765625,422.3699951171875,430.6499938964844,420.79998779296875,429.0,18139100
2025-01-08,418.7941589355469,424.55999755859375,426.9700012207031,421.5400085449219,423.4599914550781,15054600
2025-01-10,413.2603454589844,418.95001220703125,424.7099914550781,415.0199890136719,424.6300048828125,20201100
2025-01-13,411.52423095703125,417.19000244140625,418.5,412.2900085449219,415.239990234375,17604800
2025-01-14,410.02484130859375,415.6700134277344,419.739990234375,410.7200012207031,417.80999755859375,16935900
2025-01-15,420.5203552246094,426.30999755859375,428.1499938964844,418.2699890136719,419.1300048828125,19637800
2025-01-16,418.8138122558594,424.5799865722656,429.489990234375,424.3900146484375,428.70001220703125,15300000
2025-01-17,423.20343017578125,429.0299987792969,434.4800109863281,428.1700134277344,434.0899963378906,26197500
2025-01-21,422.6806640625,428.5,430.8999938964844,425.6000061035156,430.20001220703125,26085700
2025-01-22,440.1402587890625,446.20001220703125,447.2699890136719,436.0,437.55999755859375,27803800
2025-01-23,440.6433410644531,446.7099914550781,446.75,441.5,442.0,18389300
2025-01-24,438.029296875,444.05999755859375,446.6499938964844,441.3999938964844,445.1600036621094,15549500
2025-01-27,428.6583251953125,434.55999755859375,435.20001220703125,423.5,424.010009765625,35647800
2025-01-28,441.1266784667969,447.20001220703125,448.3800048828125,431.3800048828125,434.6000061035156,23491700
2025-01-29,436.32281494140625,442.3299865722656,446.8800048828125,440.3999938964844,446.69000244140625,23581400
2025-01-30,409.3540954589844,414.989990234375,422.8599853515625,413.1600036621094,418.7699890136719,54586300
2025-01-31,409.42315673828125,415.05999755859375,420.69000244140625,414.9100036621094,418.9800109863281,34161900
2025-02-03,405.33941650390625,410.9200134277344,415.4100036621094,408.6600036621094,411.6000061035156,25679100
2025-02-04,406.7696533203125,412.3699951171875,413.9200134277344,409.739990234375,412.69000244140625,20532100
2025-02-05,407.6772155761719,413.2900085449219,413.8299865722656,410.3999938964844,412.3500061035156,16316700
2025-02-06,410.1728210449219,415.82000732421875,418.20001220703125,414.0,414.0,16309800
2025-02-07,404.1852722167969,409.75,418.6499938964844,408.1000061035156,416.4800109863281,22886800
2025-02-10,406.6217346191406,412.2200012207031,415.4599914550781,410.9200134277344,413.7099914550781,20817900
2025-02-11,405.85235595703125,411.44000244140625,412.489990234375,409.29998779296875,409.6400146484375,18140600
2025-02-12,403.4848937988281,409.0400085449219,410.75,404.3699951171875,407.2099914550781,19121700
2025-02-13,404.96453857421875,410.5400085449219,411.0,406.3599853515625,407.0,23891700
2025-02-14,402.8831787109375,408.42999267578125,408.9100036621094,405.8800048828125,407.7900085449219,22758500
2025-02-18,404.07672119140625,409.6400146484375,410.6000061035156,406.5,408.0,21423100
2025-02-19,409.1371154785156,414.7699890136719,415.489990234375,407.6499938964844,407.8800048828125,24114200
2025-02-20,411.3017272949219,416.1300048828125,419.30999755859375,412.5400085449219,415.2900085449219,23508700
2025-02-21,403.47357177734375,408.2099914550781,418.04998779296875,407.8900146484375,417.3399963378906,27524800
2025-02-24,399.3124084472656,404.0,409.3699951171875,399.32000732421875,408.510009765625,26443700
2025-02-25,393.2831726074219,397.8999938964844,401.9200134277344,396.70001220703125,401.1000061035156,29387400
2025-02-26,395.09197998046875,399.7300109863281,403.6000061035156,394.25,398.010009765625,19619000
2025-02-27,387.9754943847656,392.5299987792969,405.739990234375,392.1700134277344,401.2699890136719,21127400
2025-02-28,392.38372802734375,396.989990234375,397.6300048828125,386.57000732421875,392.6600036621094,32845700
2025-03-03,383.9823913574219,388.489990234375,398.82000732421875,386.1600036621094,398.82000732421875,23007700
2025-03-04,384.1009521484375,388.6099853515625,392.5799865722656,381.0,383.3999938964844,29342900
2025-03-05,396.3669738769531,401.0199890136719,401.6700134277344,388.80999755859375,389.3399963378906,23433100
2025-03-06,392.284912109375,396.8900146484375,402.1499938964844,392.67999267578125,394.2799987792969,23304600
2025-03-07,388.7464599609375,393.30999755859375,394.79998779296875,385.5400085449219,392.32000732421875,22034100
2025-03-10,375.7490539550781,380.1600036621094,386.3999938964844,377.2200012207031,385.8399963378906,32840100
2025-03-11,376.0356750488281,380.45001220703125,386.0,376.9100036621094,379.0,30380200
2025-03-12,378.82293701171875,383.2699890136719,385.2200012207031,378.95001220703125,382.95001220703125,24253600
2025-03-13,374.37518310546875,378.7699890136719,385.32000732421875,377.45001220703125,383.1600036621094,20473000
2025-03-14,384.0515441894531,388.55999755859375,390.2300109863281,379.510009765625,379.7799987792969,19952800
2025-03-17,384.1899719238281,388.70001220703125,392.7099914550781,385.57000732421875,386.70001220703125,22474300
2025-03-18,379.0700378417969,383.5199890136719,387.3699951171875,381.1000061035156,387.07000732421875,19486900
2025-03-19,383.3201599121094,387.82000732421875,389.67999267578125,384.0,385.5299987792969,19185500
2025-03-20,382.3515319824219,386.8399963378906,391.7900085449219,383.2799987792969,385.739990234375,18470500
2025-03-21,386.7203063964844,391.260009765625,391.739990234375,382.79998779296875,383.2200012207031,39675900
2025-03-24,388.5191345214844,393.0799865722656,395.3999938964844,389.80999755859375,395.3999938964844,21004500
2025-03-25,390.57501220703125,395.1600036621094,396.3599853515625,392.6400146484375,393.9200134277344,15775000
2025-03-26,385.4452209472656,389.9700012207031,395.30999755859375,388.57000732421875,395.0,16108400
2025-03-27,386.0481262207031,390.5799865722656,392.239990234375,387.3999938964844,390.1300048828125,13766800
2025-03-28,374.4048156738281,378.79998779296875,389.1300048828125,376.92999267578125,388.0799865722656,21632000
2025-03-31,371.0343933105469,375.3900146484375,377.07000732421875,367.239990234375,372.5400085449219,35184700
2025-04-01,377.7554626464844,382.19000244140625,382.8500061035156,373.2300109863281,374.6499938964844,19689500
2025-04-02,377.7060852050781,382.1400146484375,385.0799865722656,376.6199951171875,377.9700012207031,16092600
2025-04-03,368.7808532714844,373.1099853515625,377.4800109863281,369.3500061035156,374.7900085449219,30198000
2025-04-04,355.664794921875,359.8399963378906,374.5899963378906,359.4800109863281,364.1300048828125,49209900
2025-04-07,353.707763671875,357.8599853515625,371.0,344.7900085449219,350.8800048828125,50425000
2025-04-08,350.446044921875,354.55999755859375,373.6499938964844,350.25,368.260009765625,35868900
2025-04-09,385.95916748046875,390.489990234375,393.2300109863281,353.1000061035156,353.5400085449219,50199700
2025-04-10,376.9251708984375,381.3500061035156,383.8999938964844,367.79998779296875,382.05999755859375,38024400
2025-04-11,383.94287109375,388.45001220703125,390.04998779296875,378.8900146484375,380.6400146484375,23839200
2025-04-14,383.3102722167969,387.80999755859375,394.6499938964844,384.2099914550781,393.2200012207031,19251200
2025-04-15,381.2544250488281,385.7300109863281,391.8900146484375,384.1600036621094,388.510009765625,17199900
2025-04-16,367.2982177734375,371.6099853515625,381.6099853515625,368.0,380.6700134277344,21967800
2025-04-17,363.5126647949219,367.7799987792969,374.32000732421875,366.8900146484375,373.75,21120200
2025-04-21,354.9531555175781,359.1199951171875,364.4800109863281,355.6700134277344,362.82000732421875,20807300
2025-04-22,362.5638427734375,366.82000732421875,367.7699890136719,359.8599853515625,363.3800048828125,19485000
2025-04-23,370.0460205078125,374.3900146484375,380.3900146484375,373.0199890136719,376.05999755859375,20545500
2025-04-24,382.8061828613281,387.29998779296875,388.45001220703125,375.19000244140625,375.70001220703125,22232300
2025-04-25,387.30340576171875,391.8500061035156,392.1600036621094,384.6000061035156,387.0,18973200
2025-04-28,386.6214294433594,391.1600036621094,392.739990234375,386.6400146484375,391.9599914550781,16579400
2025-04-29,389.4679870605469,394.0400085449219,395.1000061035156,390.3800048828125,391.29998779296875,14974000
2025-04-30,390.673828125,395.260009765625,396.6600036621094,384.44000244140625,390.29998779296875,36461100
2025-05-01,420.464111328125,425.3999938964844,436.989990234375,424.8999938964844,431.1099853515625,58938100
2025-05-02,430.2294616699219,435.2799987792969,439.44000244140625,429.989990234375,431.739990234375,30757400
2025-05-05,431.1091613769531,436.1700134277344,439.5,432.1099853515625,432.8699951171875,20136100
2025-05-06,428.2823486328125,433.30999755859375,437.7300109863281,431.1700134277344,432.20001220703125,15104200
2025-05-07,428.3218688964844,433.3500061035156,438.1199951171875,431.1099853515625,433.8399963378906,23295300
2025-05-08,433.0859680175781,438.1700134277344,443.6700134277344,435.6600036621094,437.92999267578125,23491300
2025-05-09,433.6394348144531,438.7300109863281,440.739990234375,435.8800048828125,440.0,15324200
2025-05-12,444.04730224609375,449.260009765625,449.3699951171875,439.7799987792969,445.94000244140625,22821900
2025-05-13,443.9286804199219,449.1400146484375,450.6700134277344,445.3599853515625,447.7799987792969,23618800
2025-05-14,447.6845703125,452.94000244140625,453.8999938964844,448.1400146484375,448.1400146484375,19902800
2025-05-15,448.6946105957031,453.1300048828125,456.19000244140625,450.42999267578125,450.7699890136719,21992300
2025-05-16,449.82342529296875,454.2699890136719,454.3599853515625,448.7300109863281,452.04998779296875,23849800
2025-05-19,454.37841796875,458.8699951171875,459.5899963378906,450.79998779296875,450.8800048828125,21336500
2025-05-20,453.6852722167969,458.1700134277344,458.3399963378906,454.32000732421875,455.5899963378906,15441800
2025-05-21,448.1401062011719,452.57000732421875,457.7799987792969,451.80999755859375,454.57000732421875,19216900
2025-05-22,450.4076843261719,454.8599853515625,460.25,453.8999938964844,454.95001220703125,18025600
2025-05-23,445.7734680175781,450.17999267578125,453.69000244140625,448.9100036621094,449.9800109863281,16883500
2025-05-27,456.18060302734375,460.69000244140625,460.95001220703125,456.1199951171875,456.4800109863281,20974300
2025-05-28,452.8831787109375,457.3599853515625,462.5199890136719,456.92999267578125,461.2200012207031,17086300
2025-05-29,454.1902770996094,458.67999267578125,461.7200012207031,455.30999755859375,461.54998779296875,13974800
2025-05-30,455.85382080078125,460.3599853515625,461.67999267578125,455.5400085449219,459.7200012207031,34770500
2025-06-02,457.44805908203125,461.9700012207031,462.1099853515625,456.8900146484375,457.1400146484375,16626500
2025-06-03,458.43829345703125,462.9700012207031,464.1400146484375,460.8599853515625,461.4700012207031,15743800
2025-06-04,459.3294982910156,463.8699951171875,465.69000244140625,463.0199890136719,464.0,14162700
2025-06-05,463.1021728515625,467.67999267578125,469.6499938964844,464.0299987792969,464.9599914550781,20131700
2025-06-06,465.7757568359375,470.3800048828125,473.3399963378906,468.7799987792969,470.0899963378906,15285600
2025-06-09,468.12255859375,472.75,473.42999267578125,468.6199951171875,469.70001220703125,16469900
2025-06-10,466.3104553222656,470.9200134277344,472.79998779296875,466.9599914550781,471.19000244140625,15375900
2025-06-11,467.99383544921875,472.6199951171875,475.4700012207031,469.6600036621094,470.0199890136719,16399200
2025-06-12,474.1826477050781,478.8699951171875,480.4200134277344,473.5199890136719,475.0199890136719,18950600
2025-06-13,470.3109130859375,474.9599914550781,479.17999267578125,472.760009765625,476.4100036621094,16814500
2025-06-16,474.45001220703125,479.1400146484375,480.69000244140625,475.0,475.2099914550781,15626100
2025-06-17,473.3608093261719,478.0400085449219,478.739990234375,474.0799865722656,475.3999938964844,15414100
2025-06-18,475.5392150878906,480.239990234375,481.0,474.4599914550781,478.0,17526500
2025-06-20,472.72705078125,477.3999938964844,483.4599914550781,476.8699951171875,482.2300109863281,37576200
2025-06-23,481.24285888671875,486.0,487.75,472.510009765625,478.2099914550781,24864000
2025-06-24,485.3125915527344,490.1099853515625,491.8500061035156,486.79998779296875,488.95001220703125,22305600
2025-06-25,487.45147705078125,492.2699890136719,494.55999755859375,489.3900146484375,492.0400085449219,17495100
2025-06-26,492.5807800292969,497.45001220703125,498.0400085449219,492.80999755859375,492.9800109863281,21578900
2025-06-27,491.0855407714844,495.94000244140625,499.29998779296875,493.0299987792969,497.54998779296875,34539200
2025-06-30,492.54119873046875,497.4100036621094,500.760009765625,495.3299865722656,497.0400085449219,28369000
2025-07-01,487.2336120605469,492.04998779296875,498.04998779296875,490.9800109863281,496.4700012207031,19945400
2025-07-02,486.2830505371094,491.0899963378906,493.5,488.70001220703125,489.989990234375,16319600
2025-07-03,493.9571838378906,498.8399963378906,500.1300048828125,493.44000244140625,493.80999755859375,13984800
2025-07-07,492.84814453125,497.7200012207031,498.75,495.2300109863281,497.3800048828125,13981600
2025-07-08,491.7589111328125,496.6199951171875,498.20001220703125,494.1099853515625,497.239990234375,11846600
2025-07-09,498.58148193359375,503.510009765625,506.7799987792969,499.739990234375,500.29998779296875,18659500
2025-07-10,496.57135009765625,501.4800109863281,504.44000244140625,497.75,503.04998779296875,16492100
2025-07-11,498.393310546875,503.32000732421875,505.0299987792969,497.79998779296875,498.4700012207031,16459500
2025-07-14,498.09625244140625,503.0199890136719,503.9700012207031,501.0299987792969,501.5199890136719,12058800
2025-07-15,500.86883544921875,505.82000732421875,508.29998779296875,502.7900085449219,503.0199890136719,14927200
2025-07-16,500.6708068847656,505.6199951171875,506.7200012207031,501.8900146484375,505.17999267578125,15154400
2025-07-17,506.6913146972656,511.70001220703125,513.3699951171875,505.6199951171875,505.67999267578125,17503100
2025-07-18,505.05743408203125,510.04998779296875,514.6400146484375,507.42999267578125,514.47998046875,21209700
2025-07-21,505.0673828125,510.05999755859375,512.0900268554688,505.54998779296875,506.7099914550781,14066800
2025-07-22,500.32421875,505.2699890136719,511.20001220703125,505.2699890136719,510.9700012207031,13868600
2025-07-23,500.9183349609375,505.8699951171875,506.7900085449219,500.70001220703125,506.75,16396600
2025-07-24,505.8793640136719,510.8800048828125,513.6699829101562,507.29998779296875,508.7699890136719,16107000
2025-07-25,508.681640625,513.7100219726562,518.2899780273438,510.3599853515625,512.469970703125,19125700
2025-07-28,507.4834899902344,512.5,515.0,510.1199951171875,514.0800170898438,14308000
2025-07-29,507.5527648925781,512.5700073242188,517.6199951171875,511.55999755859375,515.530029296875,16469200
2025-07-30,508.2161865234375,513.239990234375,515.9500122070312,509.44000244140625,515.1699829101562,26380400
2025-07-31,528.2779541015625,533.5,555.4500122070312,531.9000244140625,555.22998046875,51617300
2025-08-01,518.9797973632812,524.1099853515625,535.7999877929688,520.8599853515625,535.0,28977600
2025-08-04,530.3970336914062,535.6400146484375,538.25,528.1300048828125,528.27001953125,25349000
2025-08-05,522.5841674804688,527.75,537.2999877929688,527.239990234375,537.1799926757812,19171600
2025-08-06,519.8016967773438,524.9400024414062,531.7000122070312,524.030029296875,530.9000244140625,21355700
2025-08-07,515.7418823242188,520.8400268554688,528.0900268554688,517.5499877929688,526.7999877929688,16079100
2025-08-08,516.929931640625,522.0399780273438,524.6599731445312,519.4099731445312,522.5999755859375,15531000
2025-08-11,516.6627807617188,521.77001953125,527.5900268554688,519.719970703125,522.2999877929688,20194400
2025-08-12,524.0595703125,529.239990234375,530.97998046875,522.7000122070312,523.75,18667000
2025-08-13,515.4844360351562,520.5800170898438,532.7000122070312,519.3699951171875,532.1099853515625,19619200
2025-08-14,517.3657836914062,522.47998046875,525.9500122070312,520.1400146484375,522.5599975585938,20269100
2025-08-15,515.078369140625,520.1699829101562,526.0999755859375,519.0800170898438,522.77001953125,25213300
2025-08-18,512.0384521484375,517.0999755859375,522.8200073242188,514.02001953125,521.5900268554688,23760600
2025-08-19,504.7801513671875,509.7699890136719,515.1599731445312,508.54998779296875,515.0,21481000
2025-08-20,500.7698669433594,505.7200012207031,511.0,504.44000244140625,509.8699951171875,27723000
2025-08-21,500.1251220703125,504.239990234375,507.6300048828125,502.7200012207031,503.69000244140625,18443300
2025-08-22,503.09075927734375,507.2300109863281,510.7300109863281,502.4100036621094,504.25,24324200
2025-08-25,500.14495849609375,504.260009765625,508.19000244140625,504.1199951171875,506.6300048828125,21638600
2025-08-26,497.94305419921875,502.0400085449219,504.9800109863281,498.510009765625,504.3599853515625,30835700
2025-08-27,502.604736328125,506.739990234375,507.2900085449219,499.8999938964844,502.0,17277900
2025-08-28,505.4810485839844,509.6400146484375,511.0899963378906,505.5,507.0899963378906,18015600
2025-08-29,502.5551452636719,506.69000244140625,509.6000061035156,504.489990234375,508.6600036621094,20961600
2025-09-02,500.9979248046875,505.1199951171875,506.0,496.80999755859375,500.4700012207031,18128000
2025-09-03,501.2260437011719,505.3500061035156,507.7900085449219,502.32000732421875,503.7900085449219,16345100
2025-09-04,503.82470703125,507.9700012207031,508.1499938964844,503.1499938964844,504.29998779296875,15509500
2025-09-05,490.9605712890625,495.0,511.9700012207031,492.3699951171875,509.07000732421875,31994800
2025-09-08,494.13446044921875,498.20001220703125,501.20001220703125,495.0299987792969,498.1099853515625,16771000
2025-09-09,494.34271240234375,498.4100036621094,502.25,497.70001220703125,501.42999267578125,14410500
2025-09-10,496.2867126464844,500.3699951171875,503.2300109863281,496.7200012207031,502.9800109863281,21611800
2025-09-11,496.9214782714844,501.010009765625,503.1700134277344,497.8800048828125,502.25,18881600
2025-09-12,505.7389221191406,509.8999938964844,512.5499877929688,503.8500061035156,506.6499938964844,23624900
2025-09-15,511.1543884277344,515.3599853515625,515.469970703125,507.0,508.7900085449219,17143800
2025-09-16,504.885986328125,509.0400085449219,517.22998046875,508.6000061035156,516.8800048828125,19711900
2025-09-17,505.8579406738281,510.0199890136719,511.2900085449219,505.92999267578125,510.6199951171875,15816600
2025-09-18,504.30078125,508.45001220703125,513.0700073242188,507.6600036621094,511.489990234375,18913700
2025-09-19,513.703369140625,517.9299926757812,519.2999877929688,510.30999755859375,510.55999755859375,52474100
2025-09-22,510.2518615722656,514.4500122070312,517.739990234375,512.5399780273438,515.5900268554688,20009300
2025-09-23,505.0744323730469,509.2300109863281,514.5900268554688,507.30999755859375,513.7999877929688,19799600
2025-09-24,505.98687744140625,510.1499938964844,512.47998046875,506.9200134277344,510.3800048828125,13533700
2025-09-25,502.8923645019531,507.0299987792969,510.010009765625,505.0400085449219,508.29998779296875,15786500
2025-09-26,507.28619384765625,511.4599914550781,513.9400024414062,506.6199951171875,510.05999755859375,16213100
2025-09-29,510.4005432128906,514.5999755859375,516.8499755859375,508.8800048828125,511.5,17617800
2025-09-30,513.7233276367188,517.9500122070312,518.1599731445312,509.6600036621094,513.239990234375,19728200
2025-10-01,515.4688720703125,519.7100219726562,520.510009765625,511.69000244140625,514.7999877929688,22632300
2025-10-02,511.53125,515.739990234375,521.5999755859375,510.67999267578125,517.6400146484375,21222900
2025-10-03,513.1281127929688,517.3499755859375,520.489990234375,515.0,517.0999755859375,15112300
2025-10-06,524.256591796875,528.5700073242188,531.030029296875,518.2000122070312,518.6099853515625,21388600
2025-10-07,519.7040405273438,523.97998046875,529.7999877929688,521.4400024414062,528.2899780273438,14615200
2025-10-08,520.5669555664062,524.8499755859375,526.9500122070312,523.0900268554688,523.280029296875,13363400
2025-10-09,518.1369018554688,522.4000244140625,524.3300170898438,517.4000244140625,522.3400268554688,18343600
2025-10-10,506.7903137207031,510.9599914550781,523.5800170898438,509.6300048828125,519.6400146484375,24133800
2025-10-13,509.8551025390625,514.0499877929688,516.4099731445312,511.67999267578125,516.4099731445312,14284200
2025-10-14,509.3789978027344,513.5700073242188,515.280029296875,506.0,510.2300109863281,14684300
2025-10-15,509.24017333984375,513.4299926757812,517.1900024414062,510.0,514.9600219726562,14694700
2025-10-16,507.4349670410156,511.6099853515625,516.8499755859375,508.1300048828125,512.5800170898438,15559600
2025-10-17,509.388916015625,513.5800170898438,515.47998046875,507.30999755859375,509.0400085449219,19867800
2025-10-20,512.5726928710938,516.7899780273438,518.7000122070312,513.4299926757812,514.6099853515625,14665600
2025-10-21,513.4356079101562,517.6599731445312,518.6900024414062,513.0399780273438,517.5,15586200
2025-10-22,516.2920532226562,520.5399780273438,525.22998046875,517.7100219726562,521.1500244140625,18962700
2025-10-23,516.3119506835938,520.5599975585938,523.9500122070312,518.6099853515625,522.4600219726562,14023500
2025-10-24,519.3370971679688,523.6099853515625,525.3499755859375,520.7100219726562,522.7899780273438,15532400
2025-10-27,527.1825561523438,531.52001953125,534.5800170898438,529.010009765625,531.780029296875,18734700
2025-10-28,537.6463623046875,542.0700073242188,553.719970703125,540.77001953125,550.0,29986700
2025-10-29,537.130615234375,541.5499877929688,546.27001953125,536.72998046875,544.9400024414062,36023000
2025-10-30,521.4695434570312,525.760009765625,534.969970703125,522.1199951171875,530.47998046875,41023100
2025-10-31,513.5844116210938,517.8099975585938,529.3200073242188,515.0999755859375,528.8800048828125,34006400
2025-11-03,512.810791015625,517.030029296875,524.9600219726562,514.5900268554688,519.8099975585938,22374700
2025-11-04,510.1327819824219,514.3300170898438,515.5499877929688,507.8399963378906,511.760009765625,20958700
2025-11-05,503.02130126953125,507.1600036621094,514.8300170898438,506.5799865722656,513.2999877929688,23024300
2025-11-06,493.04339599609375,497.1000061035156,505.70001220703125,495.80999755859375,505.6600036621094,27406500
2025-11-07,492.76568603515625,496.82000732421875,499.3800048828125,493.25,496.95001220703125,24019800
2025-11-10,501.8708190917969,506.0,506.8500061035156,498.79998779296875,500.0400085449219,26101500
2025-11-11,504.5289001464844,508.67999267578125,509.6000061035156,502.3500061035156,504.79998779296875,17980000
2025-11-12,506.96881103515625,511.1400146484375,511.6700134277344,499.1199951171875,509.3599853515625,26574900
2025-11-13,499.1828918457031,503.2900085449219,513.5,501.2900085449219,510.30999755859375,25273100
2025-11-14,506.0166320800781,510.17999267578125,511.6000061035156,497.44000244140625,498.2300109863281,28505700
2025-11-17,503.3486022949219,507.489990234375,512.1199951171875,504.9100036621094,508.45001220703125,19092800
2025-11-18,489.7604064941406,493.7900085449219,502.9800109863281,486.7799987792969,495.3699951171875,33815100
2025-11-19,483.1448669433594,487.1199951171875,495.19000244140625,482.8299865722656,490.1000061035156,23245300
2025-11-20,475.4139099121094,478.42999267578125,493.57000732421875,475.5,492.7099914550781,26802500
2025-11-21,469.1436462402344,472.1199951171875,478.9200134277344,468.2699890136719,478.5,31769200
2025-11-24,471.0118408203125,474.0,476.8999938964844,468.0199890136719,475.0,34421000
2025-11-25,473.9829406738281,476.989990234375,479.1499938964844,464.8900146484375,474.07000732421875,28019800
2025-11-26,482.4393005371094,485.5,488.30999755859375,481.20001220703125,486.30999755859375,25709100
2025-11-28,488.9082946777344,492.010009765625,492.6300048828125,486.6499938964844,487.6000061035156,14386700
2025-12-01,483.6714782714844,486.739990234375,489.8599853515625,484.6499938964844,488.44000244140625,23964000
2025-12-02,486.91094970703125,490.0,493.5,486.32000732421875,486.7200012207031,19562700
2025-12-03,474.7182922363281,477.7300109863281,484.239990234375,475.20001220703125,476.32000732421875,34615100
2025-12-04,477.8086853027344,480.8399963378906,481.32000732421875,476.489990234375,479.760009765625,22318200
2025-12-05,480.11407470703125,483.1600036621094,483.3999938964844,478.8800048828125,482.5199890136719,22608700
2025-12-08,487.9245300292969,491.0199890136719,492.29998779296875,484.3800048828125,484.8900146484375,21965900
2025-12-09,488.9181823730469,492.0199890136719,492.1199951171875,488.5,489.1000061035156,14696100
2025-12-10,475.5430603027344,478.55999755859375,484.25,475.0799865722656,484.0299987792969,35756200
2025-12-11,480.422119140625,483.4700012207031,486.0299987792969,475.8599853515625,476.6300048828125,24669200
2025-12-12,475.51324462890625,478.5299987792969,482.45001220703125,476.3399963378906,479.82000732421875,21248100
2025-12-15,471.82666015625,474.82000732421875,480.7200012207031,472.5199890136719,480.1000061035156,23727700
2025-12-16,473.38677978515625,476.3900146484375,477.8900146484375,470.8800048828125,471.9100036621094,20705600
2025-12-17,473.1184387207031,476.1199951171875,480.0,475.0,476.9100036621094,24527200
2025-12-18,480.92889404296875,483.9800109863281,489.6000061035156,477.8900146484375,478.19000244140625,28573500
2025-12-19,482.8566589355469,485.9200134277344,487.8500061035156,482.489990234375,487.3599853515625,70836100
2025-12-22,481.8630065917969,484.9200134277344,488.7300109863281,482.69000244140625,486.1199951171875,16963000
2025-12-23,483.78082275390625,486.8500061035156,487.8299865722656,484.739990234375,484.9800109863281,14683600
2025-12-24,484.94342041015625,488.0199890136719,489.1600036621094,484.8299865722656,485.67999267578125,5855900
2025-12-26,484.6354064941406,487.7099914550781,488.1199951171875,485.9599914550781,486.7099914550781,8842200
2025-12-29,484.02923583984375,487.1000061035156,488.3500061035156,484.17999267578125,484.8599853515625,10893400
2025-12-30,484.4068603515625,487.4800109863281,489.67999267578125,485.5,485.92999267578125,13944500
2025-12-31,480.5711669921875,483.6199951171875,488.1400146484375,483.29998779296875,487.8399963378906,15601600
2026-01-02,469.95849609375,472.94000244140625,484.6600036621094,470.1600036621094,484.3900146484375,25571600
2026-01-05,469.86907958984375,472.8500061035156,476.07000732421875,469.5,474.05999755859375,25250300
2026-01-06,475.493408203125,478.510009765625,478.739990234375,469.75,473.79998779296875,23037700
2026-01-07,480.422119140625,483.4700012207031,489.70001220703125,477.95001220703125,479.760009765625,25564200
2026-01-08,475.09588623046875,478.1099853515625,482.6600036621094,475.8599853515625,481.239990234375,18162600
2026-01-09,476.2585144042969,479.2799987792969,479.82000732421875,472.20001220703125,474.05999755859375,18491000
2026-01-12,474.1717529296875,477.17999267578125,480.989990234375,475.67999267578125,476.6700134277344,23519900
2026-01-13,467.70281982421875,470.6700134277344,475.7799987792969,465.95001220703125,474.67999267578125,28545800
2026-01-14,456.4840087890625,459.3800048828125,468.20001220703125,457.1700134277344,466.4599914550781,28184300
2026-01-15,453.7811584472656,456.6600036621094,464.25,455.8999938964844,464.1199951171875,23225800
2026-01-16,456.9609680175781,459.8599853515625,463.19000244140625,456.4800109863281,457.8299865722656,34246700
2026-01-20,451.65460205078125,454.5199890136719,456.79998779296875,449.2799987792969,451.2200012207031,26130000
2026-01-21,441.3102111816406,444.1099853515625,452.69000244140625,438.67999267578125,452.6000061035156,37980500
2026-01-22,448.2959289550781,451.1400146484375,452.8399963378906,444.70001220703125,447.6199951171875,25349400
2026-01-23,463.0125732421875,465.95001220703125,471.1000061035156,450.5299987792969,451.8699951171875,38000200
2026-01-26,467.31524658203125,470.2799987792969,474.25,462.0,465.30999755859375,29291200
2026-01-27,477.55035400390625,480.5799865722656,482.8699951171875,473.1600036621094,473.70001220703125,29213900
2026-01-28,478.59368896484375,481.6300048828125,483.739990234375,478.0,483.2099914550781,36875400
2026-01-29,430.76715087890625,433.5,442.5,421.0199890136719,439.989990234375,128855300
2026-01-30,427.5773620605469,430.2900085449219,439.6000061035156,426.45001220703125,439.1700134277344,58566800
2026-02-02,420.7010192871094,423.3699951171875,430.739990234375,422.25,430.239990234375,42219900
2026-02-03,408.6176452636719,411.2099914550781,422.04998779296875,408.55999755859375,422.010009765625,61424100
2026-02-04,411.5788879394531,414.19000244140625,419.79998779296875,409.239990234375,411.0,45012400
2026-02-05,391.188232421875,393.6700134277344,408.29998779296875,392.32000732421875,407.44000244140625,66289200
2026-02-06,398.61114501953125,401.1400146484375,401.7900085449219,392.9200134277344,399.1700134277344,53515300
2026-02-09,410.9925842285156,413.6000061035156,414.8900146484375,400.8699951171875,404.8500061035156,45480500
2026-02-10,410.6646728515625,413.2699890136719,423.67999267578125,412.70001220703125,419.6199951171875,44857900
2026-02-11,401.82073974609375,404.3699951171875,416.4599914550781,401.010009765625,416.17999267578125,42491000
2026-02-12,399.30670166015625,401.8399963378906,406.20001220703125,398.010009765625,405.0,40802400
2026-02-13,398.7900085449219,401.32000732421875,405.5400085449219,398.04998779296875,404.45001220703125,34091600
2026-02-17,394.3581237792969,396.8599853515625,400.5199890136719,394.5299987792969,399.2200012207031,32078800
2026-02-18,397.0808410644531,399.6000061035156,402.55999755859375,396.32000732421875,398.1300048828125,23223400
2026-02-19,396.8517761230469,398.4599914550781,404.42999267578125,396.6700134277344,400.69000244140625,28234000
2026-02-20,395.6267395019531,397.2300109863281,400.1199951171875,395.1600036621094,396.1099853515625,34015200
2026-02-23,382.918212890625,384.4700012207031,395.3599853515625,383.1000061035156,395.0,43238300
2026-02-24,387.4299621582031,389.0,389.3599853515625,381.7099914550781,384.1400146484375,33884700
2026-02-25,398.9831237792969,400.6000061035156,401.4700012207031,390.1600036621094,390.5299987792969,43625500
2026-02-26,400.0986022949219,401.7200012207031,407.489990234375,398.739990234375,404.7099914550781,34405900
2026-02-27,391.15484619140625,392.739990234375,396.82000732421875,389.8800048828125,390.8800048828125,51367200
2026-03-02,396.9413757324219,398.54998779296875,401.19000244140625,390.6300048828125,392.8599853515625,35474900
2026-03-03,402.2996826171875,403.92999267578125,406.70001220703125,392.6700134277344,393.1400146484375,38199200
2026-03-04,403.5645751953125,405.20001220703125,411.0299987792969,400.30999755859375,401.2699890136719,35808000
2026-03-05,409.0224304199219,410.67999267578125,411.6099853515625,404.3999938964844,404.4200134277344,39001300
2026-03-06,407.30938720703125,408.9599914550781,413.04998779296875,408.510009765625,409.20001220703125,31123900
2026-03-09,407.757568359375,409.4100036621094,410.2099914550781,403.5,404.9200134277344,30131900
2026-03-10,404.122314453125,405.760009765625,410.20001220703125,402.92999267578125,410.0299987792969,31706400
2026-03-11,403.245849609375,404.8800048828125,409.010009765625,401.5899963378906,405.57000732421875,25512100
2026-03-12,400.238037109375,401.8599853515625,406.1199951171875,401.7099914550781,404.6300048828125,27263900
2026-03-13,393.9534912109375,395.54998779296875,404.79998779296875,394.25,401.0,26848000
2026-03-16,398.33575439453125,399.95001220703125,400.6300048828125,394.7900085449219,398.07000732421875,27733700
2026-03-17,397.79791259765625,399.4100036621094,404.3999938964844,397.75,400.2699890136719,26228300
2026-03-18,390.2087097167969,391.7900085449219,398.0,391.0,397.1300048828125,25908500
2026-03-19,387.4498596191406,389.0199890136719,392.489990234375,387.05999755859375,390.1000061035156,25138800
2026-03-20,380.3287353515625,381.8699951171875,387.0,380.1199951171875,386.7900085449219,50853200
2026-03-23,381.4541931152344,383.0,387.2099914550781,381.67999267578125,383.8999938964844,29680100
2026-03-24,371.2355651855469,372.739990234375,382.4700012207031,371.8500061035156,382.3599853515625,42733600
2026-03-25,369.5424499511719,371.0400085449219,377.05999755859375,369.6300048828125,376.9200134277344,31181200
2026-03-26,364.492919921875,365.9700012207031,374.7200012207031,365.19000244140625,370.82000732421875,36836600
2026-03-27,355.33001708984375,356.7699890136719,362.45001220703125,356.510009765625,361.8999938964844,37883400
2026-03-30,357.51116943359375,358.9599914550781,365.3599853515625,356.2799987792969,361.8999938964844,44797000
2026-03-31,368.67596435546875,370.1700134277344,372.8999938964844,363.07000732421875,364.54998779296875,45244400
2026-04-01,367.8791809082031,369.3699951171875,373.989990234375,368.20001220703125,373.489990234375,29417200
2026-04-02,371.9526672363281,373.4599914550781,373.6400146484375,364.1499938964844,367.2099914550781,24099100
2026-04-06,371.375,372.8800048828125,373.7300109863281,369.5,373.489990234375,16146600
2026-04-07,370.78741455078125,372.2900085449219,372.45001220703125,366.55999755859375,370.3399963378906,21443300
2026-04-08,372.81915283203125,374.3299865722656,385.0,371.4100036621094,384.9800109863281,33064800
2026-04-09,371.56427001953125,373.07000732421875,373.5,367.04998779296875,372.5,30435300
2026-04-10,369.3731384277344,370.8699951171875,375.6400146484375,370.0299987792969,372.9800109863281,28111100
2026-04-13,382.8186340332031,384.3699951171875,384.5400085449219,371.0199890136719,373.6099853515625,35745800
2026-04-14,391.5233459472656,393.1099853515625,394.69000244140625,386.5199890136719,387.9200134277344,37504500
2026-04-15,409.5602722167969,411.2200012207031,414.3699951171875,396.7300109863281,398.0,45063400
2026-04-16,418.56378173828125,420.260009765625,420.82000732421875,412.1400146484375,419.8599853515625,41642400
2026-04-17,421.0835876464844,422.7900085449219,431.5799865722656,420.69000244140625,424.82000732421875,48568200
2026-04-20,416.38262939453125,418.07000732421875,423.3299865722656,416.29998779296875,421.1499938964844,27582200
2026-04-21,422.44805908203125,424.1600036621094,427.17999267578125,417.20001220703125,420.239990234375,32048500
2026-04-22,431.1726989746094,432.9200134277344,433.70001220703125,423.6700134277344,426.19000244140625,29378200
2026-04-23,414.07196044921875,415.75,423.6600036621094,411.4100036621094,419.8900146484375,38308000
2026-04-24,422.90618896484375,424.6199951171875,424.95001220703125,415.79998779296875,416.9700012207031,27457400
2026-04-27,423.1053771972656,424.82000732421875,427.1099853515625,417.07000732421875,422.3800048828125,30867300
2026-04-28,427.5174865722656,429.25,429.9200134277344,421.8999938964844,424.57000732421875,30438100
2026-04-29,422.7467956542969,424.4599914550781,426.82000732421875,420.2900085449219,424.5799865722656,38288300
2026-04-30,406.1341552734375,407.7799987792969,414.4200134277344,398.010009765625,410.80999755859375,70909400
2026-05-01,412.76727294921875,414.44000244140625,417.1099853515625,410.44000244140625,412.79998779296875,31372400
2026-05-04,411.9505615234375,413.6199951171875,420.7799987792969,410.79998779296875,411.5400085449219,28066500
2026-05-05,409.7196350097656,411.3800048828125,416.7799987792969,408.79998779296875,415.32000732421875,25700900
2026-05-06,412.2891845703125,413.9599914550781,418.4200134277344,405.1099853515625,408.0,30285900
2026-05-07,419.07171630859375,420.7699890136719,427.9800109863281,418.760009765625,420.1099853515625,34942400
2026-05-08,413.44451904296875,415.1199951171875,418.6300048828125,414.0,417.3900146484375,33383800
2026-05-11,410.99444580078125,412.6600036621094,412.69000244140625,405.5,407.8699951171875,35657900
2026-05-12,406.1241760253906,407.7699890136719,415.5,406.6400146484375,414.4800109863281,38594200
2026-05-13,403.57452392578125,405.2099914550781,406.30999755859375,401.0299987792969,403.20001220703125,29667100
2026-05-14,407.7774963378906,409.42999267578125,411.8399963378906,400.8800048828125,404.4800109863281,27077500
2026-05-15,420.2170715332031,421.9200134277344,428.1700134277344,412.9100036621094,414.2699890136719,50771200
2026-05-18,421.83056640625,423.5400085449219,425.1199951171875,415.6099853515625,416.6199951171875,32564100
2026-05-19,415.7352600097656,417.4200134277344,432.70001220703125,416.489990234375,429.8999938964844,33018700
2026-05-20,419.36053466796875,421.05999755859375,422.1000061035156,411.29998779296875,414.1700134277344,27864000
2026-05-21,418.3025207519531,419.0899963378906,426.3399963378906,415.7099914550781,424.75,31393500
2026-05-22,417.7835388183594,418.57000732421875,424.3999938964844,416.3299865722656,419.5400085449219,22390300
2026-05-26,415.248291015625,416.0299987792969,419.7699890136719,413.0199890136719,416.42999267578125,30398000
2026-05-27,411.8946228027344,412.6700134277344,415.94000244140625,409.5799865722656,411.010009765625,28901500
2026-05-28,426.18768310546875,426.989990234375,429.489990234375,412.6700134277344,412.9800109863281,47250500
2026-05-29,449.3940124511719,450.239990234375,450.3299865722656,432.3599853515625,432.54998779296875,79654400
2026-06-01,459.6546936035156,460.5199890136719,466.32000732421875,458.2699890136719,464.8399963378906,53628900
2026-06-02,440.48077392578125,441.30999755859375,453.5,440.42999267578125,446.8800048828125,37036800
2026-06-03,426.53704833984375,427.3399963378906,440.3900146484375,424.25,438.45001220703125,39037000
2026-06-04,427.2456970214844,428.04998779296875,436.1499938964844,426.4100036621094,435.80999755859375,26899500
2026-06-05,415.8870849609375,416.6700134277344,429.4700012207031,414.3999938964844,428.3399963378906,34782200
2026-06-08,410.9663391113281,411.739990234375,417.1600036621094,408.55999755859375,414.1400146484375,32086700
2026-06-09,402.6520080566406,403.4100036621094,411.9800109863281,398.4800109863281,409.0299987792969,35317300
2026-06-10,396.61334228515625,397.3599853515625,405.0400085449219,397.1600036621094,398.54998779296875,32576000
2026-06-11,389.6065673828125,390.3399963378906,396.8500061035156,384.0,395.2099914550781,47224100
2026-06-12,390.00579833984375,390.739990234375,391.739990234375,382.2699890136719,391.42999267578125,34865800
2026-06-15,399.0088806152344,399.760009765625,401.75,392.8500061035156,396.79998779296875,32266400
2026-06-16,393.0899963378906,393.8299865722656,396.8399963378906,390.69000244140625,395.7900085449219,31506800
2026-06-17,378.1980285644531,378.9100036621094,390.3699951171875,377.32000732421875,390.25,41987800
2026-06-18,378.6871032714844,379.3999938964844,381.3699951171875,373.2799987792969,377.82000732421875,59714200
2026-06-22,366.6497802734375,367.3399963378906,381.6300048828125,367.07000732421875,375.739990234375,45171100
2026-06-23,373.23736572265625,373.94000244140625,377.2200012207031,370.6700134277344,372.3800048828125,40647600
2026-06-24,364.7733154296875,365.4599914550781,378.8800048828125,364.7799987792969,371.57000732421875,44509900
2026-06-25,352.1670227050781,352.8299865722656,364.2300109863281,349.20001220703125,362.7699890136719,66179000
2026-06-26,372.2691955566406,372.9700012207031,376.6099853515625,355.42999267578125,357.1499938964844,186201600
2026-06-29,367.8774719238281,368.57000732421875,380.5,359.8999938964844,377.5,51229900
2026-06-30,372.319091796875,373.0199890136719,374.1499938964844,367.45001220703125,371.0299987792969,44945700
2026-07-01,383.5579528808594,384.2799987792969,388.8299865722656,374.8900146484375,380.8299865722656,48065800
2026-07-02,389.7562561035156,390.489990234375,392.20001220703125,383.70001220703125,384.4800109863281,42128900
2026-07-06,386.0133056640625,386.739990234375,389.1499938964844,381.2200012207031,387.0400085449219,34224500
2026-07-07,388.109375,388.8399963378906,395.57000732421875,388.2200012207031,392.489990234375,29297500
2026-07-08,382.6197204589844,383.3399963378906,385.30999755859375,381.3299865722656,384.0299987792969,25908300
2026-07-09,383.6377868652344,384.3599853515625,384.6499938964844,373.3500061035156,374.45001220703125,31083200
2026-07-10,384.37640380859375,385.1000061035156,391.9100036621094,381.5,387.79998779296875,24644600
2026-07-13,390.2553405761719,390.989990234375,393.6499938964844,384.1499938964844,387.75,28914900
2026-07-14,384.20672607421875,384.92999267578125,388.19000244140625,378.6499938964844,382.82000732421875,27863900
2026-07-15,394.8866271972656,395.6300048828125,398.9599914550781,386.3999938964844,387.79998779296875,36253700
2026-07-16,400.3463439941406,401.1000061035156,405.989990234375,392.04998779296875,398.30999755859375,37047400
2026-07-17,393.08001708984375,393.82000732421875,398.3900146484375,389.3900146484375,394.8599853515625,33049800
2026-07-20,401.53411865234375,402.2900085449219,403.17999267578125,389.6499938964844,391.4100036621094,27915800
2026-07-21,397.00262451171875,397.75,401.4700012207031,396.32000732421875,398.80999755859375,24126600
2026-07-22,389.6065673828125,390.3399963378906,401.0,386.9599914550781,399.5799865722656,28142500
2026-07-23,380.8630065917969,381.5799865722656,391.7799987792969,377.3900146484375,389.9700012207031,30351800
2026-07-24,380.9828186035156,381.70001220703125,389.0299987792969,380.6499938964844,387.04998779296875,27659400
2026-07-27,388.368896484375,389.1000061035156,394.20001220703125,387.989990234375,390.0799865722656,27856200
2026-07-28,392.61090087890625,393.3500061035156,400.32000732421875,391.29998779296875,393.1600036621094,32367500
2026-07-29,389.8061828613281,390.5400085449219,401.25,388.739990234375,393.3999938964844,47209000
2026-07-30,450.2524108886719,451.1000061035156,458.69000244140625,432.44000244140625,437.8999938964844,110160700
2026-07-31,463.8468017578125,464.7200012207031,466.8399963378906,449.3299865722656,450.0,60846000
2026-08-03,486.73370361328125,487.6499938964844,491.6499938964844,475.0,476.1300048828125,66762100
2026-08-04,491.884033203125,492.80999755859375,499.44000244140625,479.1700134277344,480.8999938964844,50455500
2026-08-05,486.5440673828125,487.4599914550781,498.239990234375,485.67999267578125,496.3599853515625,33388900
2026-08-06,498.9207458496094,499.8599853515625,501.55999755859375,488.5199890136719,488.54998779296875,36441500
2026-08-07,499.0505065917969,499.989990234375,505.17999267578125,498.7300109863281,499.2099914550781,28846200
2026-08-10,505.109130859375,506.05999755859375,513.72998046875,502.2699890136719,503.44000244140625,31206100
2026-08-11,502.86334228515625,503.80999755859375,505.3299865722656,499.54998779296875,504.3299865722656,23049800
2026-08-12,491.5047302246094,492.42999267578125,501.5,491.5199890136719,499.989990234375,29001500
2026-08-13,495.9463806152344,496.8800048828125,501.3399963378906,493.010009765625,493.2699890136719,23039000
2026-08-14,494.4691467285156,495.3999938964844,500.010009765625,493.9200134277344,496.3599853515625,16217600
2026-08-17,479.44744873046875,480.3500061035156,492.6600036621094,478.4100036621094,490.1400146484375,29635800
2026-08-18,480.72503662109375,481.6300048828125,484.2699890136719,477.1499938964844,481.5400085449219,24087600
2026-08-19,483.3999938964844,484.30999755859375,489.29998779296875,479.3599853515625,480.07000732421875,19961900
2026-08-20,481.1499938964844,481.1499938964844,484.1600036621094,479.5,483.29998779296875,20020800
2026-08-21,483.239990234375,483.239990234375,486.3599853515625,478.5299987792969,479.8800048828125,22510800
2026-08-24,487.30999755859375,487.30999755859375,490.6099853515625,481.8599853515625,483.2099914550781,17230800
2026-08-25,491.7099914550781,491.7099914550781,492.44000244140625,484.29998779296875,485.44000244140625,19519000
2026-08-26,496.3699951171875,496.3699951171875,497.3999938964844,487.30999755859375,487.8500061035156,20758900
2026-08-27,505.05999755859375,505.05999755859375,506.4800109863281,490.0799865722656,494.8800048828125,28688800
2026-08-28,513.530029296875,513.530029296875,517.780029296875,504.8699951171875,505.3299865722656,29207300
2026-08-31,507.2900085449219,507.2900085449219,512.1900024414062,506.3900146484375,510.3800048828125,27208900
2026-09-01,501.0199890136719,501.0199890136719,505.9700012207031,496.7799987792969,497.5199890136719,21046900
2026-09-02,496.82000732421875,496.82000732421875,500.2699890136719,493.80999755859375,499.8500061035156,15336100
2026-09-03,510.1199951171875,510.1199951171875,515.6500244140625,500.79998779296875,501.6600036621094,24125900
2026-09-04,499.70001220703125,499.70001220703125,511.0,499.3599853515625,510.0,18101800
2026-09-08,493.95001220703125,493.95001220703125,495.19000244140625,490.1499938964844,493.010009765625,18882300
2026-09-09,491.6499938964844,491.6499938964844,494.3900146484375,489.79998779296875,493.07000732421875,12889600
2026-09-10,492.44000244140625,492.44000244140625,494.5199890136719,486.0,488.32000732421875,16038800
2026-09-11,495.6300048828125,495.6300048828125,498.9700012207031,492.5799865722656,495.6499938964844,14510500
2026-09-14,505.4100036621094,505.4100036621094,509.95001220703125,495.3399963378906,497.05999755859375,23091900
2026-09-15,497.1199951171875,497.1199951171875,505.8999938964844,495.5400085449219,500.05999755859375,17794600
2026-09-16,490.29998779296875,490.29998779296875,495.9700012207031,487.2300109863281,493.0299987792969,16670300
2026-09-17,497.75,497.75,501.4700012207031,493.1700134277344,497.79998779296875,17841600
2026-09-18,493.7799987792969,493.7799987792969,498.6499938964844,491.1000061035156,497.9700012207031,39622300
2026-09-21,501.6099853515625,501.6099853515625,501.8699951171875,491.3299865722656,494.95001220703125,27959900
2026-09-22,498.0,498.0,508.5,493.6499938964844,507.32000732421875,21652800
2026-09-23,500.5899963378906,500.5899963378906,509.44000244140625,495.8800048828125,500.760009765625,19445600
2026-09-24,497.92999267578125,497.92999267578125,498.8999938964844,491.2200012207031,495.07000732421875,16657600
2026-09-25,516.1699829101562,516.1699829101562,519.4000244140625,497.25,499.0400085449219,38193100
2026-09-28,509.2200012207031,509.2200012207031,513.3300170898438,502.2200012207031,505.4700012207031,19626900
2026-09-29,508.9599914550781,508.9599914550781,513.6400146484375,502.3999938964844,508.30999755859375,21341800
2026-09-30,512.9000244140625,512.9000244140625,519.8300170898438,510.30999755859375,511.6099853515625,27223300
2026-10-01,512.7999877929688,512.7999877929688,522.8499755859375,512.1699829101562,519.8800048828125,19731900
2026-10-02,517.530029296875,517.530029296875,522.5,513.6599731445312,519.3900146484375,17822300
2026-10-05,525.1799926757812,525.1799926757812,532.3499755859375,521.469970703125,521.6199951171875,26604800
2026-10-06,529.2999877929688,529.2999877929688,535.6900024414062,528.780029296875,531.6799926757812,21107500
2026-10-07,529.760009765625,529.760009765625,531.72998046875,524.6900024414062,530.72998046875,16773600
