Date,Adj Close,Close,High,Low,Open,Volume
2015-01-02,0.48188382387161255,0.503250002861023,0.5070000290870667,0.49524998664855957,0.503250002861023,113680000
2015-01-05,0.47374463081359863,0.4947499930858612,0.5047500133514404,0.4925000071525574,0.503250002861023,197952000
2015-01-06,0.4593815505504608,0.47975000739097595,0.4959999918937683,0.4792500138282776,0.49549999833106995,197764000
2015-01-07,0.45818451046943665,0.47850000858306885,0.48750001192092896,0.47699999809265137,0.4832499921321869,321808000
2015-01-08,0.47542038559913635,0.4964999854564667,0.49950000643730164,0.48374998569488525,0.48399999737739563,283780000
2015-01-09,0.4773353338241577,0.4984999895095825,0.5022500157356262,0.49149999022483826,0.49825000762939453,209540000
2015-01-12,0.47135084867477417,0.492249995470047,0.5,0.48774999380111694,0.4997499883174896,190732000
2015-01-13,0.4706326127052307,0.49149999022483826,0.5059999823570251,0.4880000054836273,0.4959999918937683,236720000
2015-01-14,0.4725477695465088,0.4934999942779541,0.4950000047683716,0.48500001430511475,0.48625001311302185,155260000
2015-01-15,0.4691964387893677,0.49000000953674316,0.5,0.4897499978542328,0.4970000088214874,188932000
2015-01-16,0.477814257144928,0.49900001287460327,0.49950000643730164,0.48774999380111694,0.4892500042915344,181512000
2015-01-20,0.4792504608631134,0.5005000233650208,0.5052499771118164,0.49424999952316284,0.5024999976158142,140308000
2015-01-21,0.48595333099365234,0.5074999928474426,0.5087500214576721,0.49424999952316284,0.49775001406669617,144780000
2015-01-22,0.494331955909729,0.5162500143051147,0.5177500247955322,0.503250002861023,0.5084999799728394,159712000
2015-01-23,0.49576815962791443,0.5177500247955322,0.518750011920929,0.512499988079071,0.5167499780654907,120416000
2015-01-26,0.4936138093471527,0.515500009059906,0.5180000066757202,0.5122500061988831,0.515500009059906,133240000
2015-01-27,0.4699145257472992,0.4907500147819519,0.5080000162124634,0.4897499978542328,0.5074999928474426,357948000
2015-01-28,0.46225419640541077,0.4827499985694885,0.4987500011920929,0.48249998688697815,0.49674999713897705,272728000
2015-01-29,0.47350531816482544,0.4945000112056732,0.4972499907016754,0.4807499945163727,0.4830000102519989,235340000
2015-01-30,0.4596208333969116,0.47999998927116394,0.49674999713897705,0.4792500138282776,0.4909999966621399,298200000
2015-02-02,0.4696751832962036,0.49050000309944153,0.4925000071525574,0.47350001335144043,0.4830000102519989,259604000
2015-02-03,0.48140498995780945,0.5027499794960022,0.503250002861023,0.49149999022483826,0.49399998784065247,183468000
2015-02-04,0.4826018810272217,0.5040000081062317,0.5097500085830688,0.4997499883174896,0.5012500286102295,181516000
2015-02-05,0.49050167202949524,0.5122500061988831,0.512499988079071,0.5040000081062317,0.5044999718666077,140448000
2015-02-06,0.48834723234176636,0.5099999904632568,0.5177500247955322,0.5077499747276306,0.5117499828338623,210524000
2015-02-09,0.48786845803260803,0.5095000267028809,0.5109999775886536,0.5037500262260437,0.5070000290870667,273944000
2015-02-10,0.5015135407447815,0.5237500071525574,0.5239999890327454,0.5077499747276306,0.5099999904632568,226204000
2015-02-11,0.4981621503829956,0.5202500224113464,0.5249999761581421,0.5167499780654907,0.5249999761581421,320832000
2015-02-12,0.5338306427001953,0.5575000047683716,0.5625,0.546750009059906,0.550000011920929,676904000
2015-02-13,0.534069836139679,0.5577499866485596,0.5584999918937683,0.5477499961853027,0.5562499761581421,310084000
2015-02-17,0.5357455611228943,0.559499979019165,0.562250018119812,0.5532500147819519,0.5567499995231628,203340000
2015-02-18,0.529521644115448,0.5529999732971191,0.5597500205039978,0.5519999861717224,0.5587499737739563,170948000
2015-02-19,0.5309579372406006,0.5544999837875366,0.5609999895095825,0.5519999861717224,0.5600000023841858,169432000
2015-02-20,0.5347881317138672,0.5584999918937683,0.5587499737739563,0.550000011920929,0.5540000200271606,157752000
2015-02-23,0.5304791927337646,0.5540000200271606,0.5582500100135803,0.5512499809265137,0.5582500100135803,125008000
2015-02-24,0.5361263155937195,0.5577499866485596,0.5577499866485596,0.5490000247955322,0.5540000200271606,149356000
2015-02-25,0.5320411920547485,0.5534999966621399,0.5580000281333923,0.5509999990463257,0.5554999709129333,123820000
2015-02-26,0.53348308801651,0.5550000071525574,0.5582500100135803,0.5504999756813049,0.5540000200271606,152864000
2015-02-27,0.5301187634468079,0.5515000224113464,0.5547500252723694,0.5494999885559082,0.5534999966621399,157492000
2015-03-02,0.543095588684082,0.5649999976158142,0.5680000185966492,0.5492500066757202,0.550000011920929,301512000
2015-03-03,0.5330023765563965,0.5544999837875366,0.5634999871253967,0.5527499914169312,0.5607500076293945,160344000
2015-03-04,0.5390100479125977,0.5607500076293945,0.5619999766349792,0.5502499938011169,0.5525000095367432,226840000
2015-03-05,0.5493434071540833,0.5715000033378601,0.5724999904632568,0.559249997138977,0.5607500076293945,323056000
2015-03-06,0.5418938398361206,0.5637500286102295,0.5709999799728394,0.5632500052452087,0.5682500004768372,257392000
2015-03-09,0.5433356761932373,0.5652499794960022,0.5695000290870667,0.562749981880188,0.5640000104904175,222388000
2015-03-10,0.5527076125144958,0.574999988079071,0.5787500143051147,0.5667499899864197,0.5677499771118164,527212000
2015-03-11,0.5498239398002625,0.5720000267028809,0.5824999809265137,0.5705000162124634,0.574999988079071,262120000
2015-03-12,0.5447773933410645,0.5667499899864197,0.5707499980926514,0.5559999942779541,0.5665000081062317,406972000
2015-03-13,0.5454983711242676,0.5674999952316284,0.5690000057220459,0.5562499761581421,0.5640000104904175,359288000
2015-03-16,0.5519867539405823,0.5742499828338623,0.577750027179718,0.5682500004768372,0.5720000267028809,236956000
2015-03-17,0.558715283870697,0.581250011920929,0.5814999938011169,0.5690000057220459,0.5730000138282776,299900000
2015-03-18,0.5495836138725281,0.5717499852180481,0.5842499732971191,0.5665000081062317,0.581250011920929,413844000
2015-03-19,0.557994544506073,0.5805000066757202,0.5824999809265137,0.5695000290870667,0.5737500190734863,310756000
2015-03-20,0.5640020370483398,0.5867499709129333,0.5902500152587891,0.5797500014305115,0.5852500200271606,462084000
2015-03-23,0.5457385778427124,0.5677499771118164,0.5767499804496765,0.5674999952316284,0.5692499876022339,426012000
2015-03-24,0.5382891893386841,0.5600000023841858,0.5699999928474426,0.5575000047683716,0.5659999847412109,330480000
2015-03-25,0.5056072473526001,0.5260000228881836,0.5597500205039978,0.5242499709129333,0.5597500205039978,542552000
2015-03-26,0.5039251446723938,0.5242499709129333,0.5264999866485596,0.5115000009536743,0.515250027179718,311920000
2015-03-27,0.5137777924537659,0.534500002861023,0.5364999771118164,0.518750011920929,0.5272499918937683,318288000
2015-03-30,0.5159405469894409,0.5367500185966492,0.5394999980926514,0.5299999713897705,0.5370000004768372,253252000
2015-03-31,0.5029638409614563,0.5232499837875366,0.5357499718666077,0.5227500200271606,0.5352500081062317,357276000
2015-04-01,0.5048863887786865,0.5252500176429749,0.5270000100135803,0.5162500143051147,0.5252500176429749,330768000
2015-04-02,0.5060878396034241,0.5264999866485596,0.5297499895095825,0.5220000147819519,0.528249979019165,192204000
2015-04-06,0.5207467675209045,0.5417500138282776,0.5435000061988831,0.518750011920929,0.5242499709129333,515864000
2015-04-07,0.5253125429153442,0.546500027179718,0.5525000095367432,0.5387499928474426,0.5417500138282776,413964000
2015-04-08,0.5291574597358704,0.5504999756813049,0.5525000095367432,0.5417500138282776,0.546999990940094,366432000
2015-04-09,0.5414133071899414,0.5632500052452087,0.5649999976158142,0.5460000038146973,0.5462499856948853,379432000
2015-04-10,0.5469403266906738,0.5690000057220459,0.5692499876022339,0.5617499947547913,0.5637500286102295,258728000
2015-04-13,0.5418938398361206,0.5637500286102295,0.5709999799728394,0.5612499713897705,0.5677499771118164,236724000
2015-04-14,0.5373280644416809,0.5590000152587891,0.5637500286102295,0.5534999966621399,0.5615000128746033,220276000
2015-04-15,0.543816328048706,0.565750002861023,0.5699999928474426,0.5577499866485596,0.5605000257492065,243560000
2015-04-16,0.5404517650604248,0.562250018119812,0.5672500133514404,0.5582500100135803,0.5625,155284000
2015-04-17,0.53348308801651,0.5550000071525574,0.5605000257492065,0.5502499938011169,0.5504999756813049,293636000
2015-04-20,0.5308395028114319,0.5522500276565552,0.5609999895095825,0.5512499809265137,0.5575000047683716,231624000
2015-04-21,0.5301187634468079,0.5515000224113464,0.5590000152587891,0.5487499833106995,0.5590000152587891,230456000
2015-04-22,0.5361263155937195,0.5577499866485596,0.5584999918937683,0.5462499856948853,0.5547500252723694,207420000
2015-04-23,0.5339635014533997,0.5554999709129333,0.5607500076293945,0.5412499904632568,0.5475000143051147,259380000
2015-04-24,0.5293976664543152,0.5507500171661377,0.5554999709129333,0.5444999933242798,0.5552499890327454,240960000
2015-04-27,0.53348308801651,0.5550000071525574,0.5647500157356262,0.5477499961853027,0.5525000095367432,248456000
2015-04-28,0.5361263155937195,0.5577499866485596,0.5597500205039978,0.5487499833106995,0.5540000200271606,234484000
2015-04-29,0.5320411920547485,0.5534999966621399,0.559249997138977,0.5512499809265137,0.5537499785423279,195156000
2015-04-30,0.53348308801651,0.5550000071525574,0.5577499866485596,0.5494999885559082,0.5507500171661377,218844000
2015-05-01,0.5466998815536499,0.5687500238418579,0.5705000162124634,0.5569999814033508,0.559499979019165,256968000
2015-05-04,0.5433356761932373,0.5652499794960022,0.5720000267028809,0.5634999871253967,0.5682500004768372,200720000
2015-05-05,0.5293976664543152,0.5507500171661377,0.5640000104904175,0.5482500195503235,0.5632500052452087,292928000
2015-05-06,0.5310799479484558,0.5525000095367432,0.5590000152587891,0.5452499985694885,0.5537499785423279,316484000
2015-05-07,0.5404517650604248,0.562250018119812,0.5640000104904175,0.5485000014305115,0.5502499938011169,534564000
2015-05-08,0.5005607604980469,0.5207499861717224,0.5460000038146973,0.5122500061988831,0.5252500176429749,1146552000
2015-05-11,0.4957548677921295,0.515749990940094,0.5210000276565552,0.5095000267028809,0.5134999752044678,544144000
2015-05-12,0.5005607604980469,0.5207499861717224,0.5249999761581421,0.5117499828338623,0.5120000243186951,388800000
2015-05-13,0.5034445524215698,0.5237500071525574,0.5285000205039978,0.518750011920929,0.5245000123977661,308524000
2015-05-14,0.5116150975227356,0.5322499871253967,0.5350000262260437,0.5239999890327454,0.5252500176429749,293052000
2015-05-15,0.5118553042411804,0.5325000286102295,0.5370000004768372,0.5292500257492065,0.534500002861023,215824000
2015-05-18,0.5111342668533325,0.5317500233650208,0.5350000262260437,0.5287500023841858,0.53125,324972000
2015-05-19,0.5079478025436401,0.5260000228881836,0.5317500233650208,0.5249999761581421,0.5299999713897705,253808000
2015-05-20,0.5079478025436401,0.5260000228881836,0.5325000286102295,0.5254999995231628,0.5262500047683716,196824000
2015-05-21,0.5043261051177979,0.5222499966621399,0.5285000205039978,0.5217499732971191,0.5262500047683716,239692000
2015-05-22,0.5036019086837769,0.5214999914169312,0.5254999995231628,0.5202500224113464,0.5235000252723694,212592000
2015-05-26,0.500463604927063,0.5182499885559082,0.5224999785423279,0.5142499804496765,0.5189999938011169,259732000
2015-05-27,0.5272611975669861,0.5460000038146973,0.5485000014305115,0.5199999809265137,0.5217499732971191,432332000
2015-05-28,0.5345037579536438,0.5534999966621399,0.5552499890327454,0.5450000166893005,0.5460000038146973,327656000
2015-05-29,0.5342625379562378,0.5532500147819519,0.5569999814033508,0.5525000095367432,0.5534999966621399,335168000
2015-06-01,0.54029780626297,0.559499979019165,0.5649999976158142,0.5532500147819519,0.5567499995231628,372660000
2015-06-02,0.5296754240989685,0.5485000014305115,0.5590000152587891,0.5479999780654907,0.5559999942779541,224304000
2015-06-03,0.5238813757896423,0.5425000190734863,0.5542500019073486,0.5414999723434448,0.550000011920929,250788000
2015-06-04,0.5332968831062317,0.5522500276565552,0.5540000200271606,0.5392500162124634,0.5392500162124634,323712000
2015-06-05,0.5374009609222412,0.5565000176429749,0.5590000152587891,0.5447499752044678,0.5504999756813049,313320000
2015-06-08,0.5250884890556335,0.543749988079071,0.5584999918937683,0.5375000238418579,0.5547500252723694,342812000
2015-06-09,0.5277441143989563,0.546500027179718,0.5504999756813049,0.5432500243186951,0.5442500114440918,256888000
2015-06-10,0.5183287262916565,0.5367500185966492,0.5435000061988831,0.5337499976158142,0.5400000214576721,529460000
2015-06-11,0.5238813757896423,0.5425000190734863,0.5462499856948853,0.5367500185966492,0.5367500185966492,283052000
2015-06-12,0.5096376538276672,0.5277500152587891,0.5422499775886536,0.5264999866485596,0.5389999747276306,323728000
2015-06-15,0.508671760559082,0.5267500281333923,0.5292500257492065,0.5210000276565552,0.5249999761581421,306548000
2015-06-16,0.514948844909668,0.5332499742507935,0.5339999794960022,0.5205000042915344,0.5257499814033508,256892000
2015-06-17,0.5209843516349792,0.5394999980926514,0.5425000190734863,0.5317500233650208,0.5329999923706055,233544000
2015-06-18,0.5296754240989685,0.5485000014305115,0.5519999861717224,0.5425000190734863,0.5440000295639038,299404000
2015-06-19,0.5279853940010071,0.546750009059906,0.5529999732971191,0.5417500138282776,0.5485000014305115,355656000
2015-06-22,0.5258128046989441,0.5444999933242798,0.5507500171661377,0.5362499952316284,0.5477499961853027,514236000
2015-06-23,0.5122931003570557,0.5304999947547913,0.5497499704360962,0.5262500047683716,0.5454999804496765,414064000
2015-06-24,0.5072231888771057,0.5252500176429749,0.5325000286102295,0.5227500200271606,0.5297499895095825,253368000
2015-06-25,0.5110862255096436,0.5292500257492065,0.5325000286102295,0.5252500176429749,0.5252500176429749,350460000
2015-06-26,0.5007051825523376,0.5184999704360962,0.5254999995231628,0.5162500143051147,0.5249999761581421,421296000
2015-06-29,0.48573705554008484,0.503000020980835,0.5177500247955322,0.5022500157356262,0.512499988079071,391724000
2015-06-30,0.48549556732177734,0.5027499794960022,0.5082499980926514,0.49924999475479126,0.5059999823570251,315916000
2015-07-01,0.4924967885017395,0.5099999904632568,0.5224999785423279,0.5055000185966492,0.515250027179718,302892000
2015-07-02,0.49297961592674255,0.5105000138282776,0.5137500166893005,0.5072500109672546,0.5097500085830688,145764000
2015-07-06,0.4869439899921417,0.5042499899864197,0.5132499933242798,0.5005000233650208,0.5062500238418579,214776000
2015-07-07,0.4777701199054718,0.4947499930858612,0.503250002861023,0.4790000021457672,0.5012500286102295,594252000
2015-07-08,0.4743902087211609,0.49125000834465027,0.4950000047683716,0.4872500002384186,0.492000013589859,332492000
2015-07-09,0.4685961604118347,0.48524999618530273,0.5012500286102295,0.48225000500679016,0.49900001287460327,357588000
2015-07-10,0.47680437564849854,0.4937500059604645,0.49825000762939453,0.49024999141693115,0.49149999022483826,216708000
2015-07-13,0.47994303703308105,0.4970000088214874,0.4997499883174896,0.4937500059604645,0.4987500011920929,212472000
2015-07-14,0.48018428683280945,0.4972499907016754,0.49825000762939453,0.4907500147819519,0.49775001406669617,249216000
2015-07-15,0.47680437564849854,0.4937500059604645,0.49924999475479126,0.4892500042915344,0.4959999918937683,265732000
2015-07-16,0.4874269962310791,0.5047500133514404,0.5047500133514404,0.4950000047683716,0.49674999713897705,282848000
2015-07-17,0.48452991247177124,0.5017499923706055,0.5034999847412109,0.49524998664855957,0.503000020980835,220372000
2015-07-20,0.4755973517894745,0.4925000071525574,0.5037500262260437,0.49125000834465027,0.5017499923706055,188412000
2015-07-21,0.4777701199054718,0.4947499930858612,0.5017499923706055,0.49149999022483826,0.49149999022483826,149720000
2015-07-22,0.4685961604118347,0.48524999618530273,0.49125000834465027,0.4792500138282776,0.49125000834465027,356472000
2015-07-23,0.4743902087211609,0.49125000834465027,0.4984999895095825,0.48524999618530273,0.48625001311302185,169916000
2015-07-24,0.468837708234787,0.4855000078678131,0.49524998664855957,0.48350000381469727,0.4947499930858612,188844000
2015-07-27,0.46618202328681946,0.4827499985694885,0.4882499873638153,0.47725000977516174,0.48124998807907104,192420000
2015-07-28,0.47632166743278503,0.4932500123977661,0.4964999854564667,0.4790000021457672,0.48399999737739563,198308000
2015-07-29,0.4821157157421112,0.49924999475479126,0.503250002861023,0.49024999141693115,0.492249995470047,232680000
2015-07-30,0.48332273960113525,0.5005000233650208,0.5055000185966492,0.49799999594688416,0.49799999594688416,190180000
2015-07-31,0.48163288831710815,0.4987500011920929,0.5027499794960022,0.4957500100135803,0.5024999976158142,218340000
2015-08-03,0.4898413419723511,0.5072500109672546,0.5077499747276306,0.4962500035762787,0.5027499794960022,397132000
2015-08-04,0.49177229404449463,0.5092499852180481,0.5107499957084656,0.5034999847412109,0.5055000185966492,260100000
2015-08-05,0.4968423843383789,0.5145000219345093,0.5222499966621399,0.5134999752044678,0.5217499732971191,234628000
2015-08-06,0.4937039315700531,0.5112500190734863,0.5170000195503235,0.5027499794960022,0.5132499933242798,655676000
2015-08-07,0.5547831654548645,0.5745000243186951,0.5842499732971191,0.546999990940094,0.5615000128746033,1405248000
2015-08-10,0.5740966200828552,0.5945000052452087,0.5987499952316284,0.5669999718666077,0.5705000162124634,662304000
2015-08-11,0.5711995959281921,0.5914999842643738,0.5972499847412109,0.5857499837875366,0.5857499837875366,435008000
2015-08-12,0.572648286819458,0.5929999947547913,0.5972499847412109,0.5820000171661377,0.5820000171661377,384048000
2015-08-13,0.5678197741508484,0.5879999995231628,0.5950000286102295,0.5864999890327454,0.59375,276884000
2015-08-14,0.5683028697967529,0.5885000228881836,0.5920000076293945,0.5839999914169312,0.5874999761581421,214652000
2015-08-17,0.5646812915802002,0.5847499966621399,0.5874999761581421,0.5774999856948853,0.5874999761581421,273880000
2015-08-18,0.5595415830612183,0.5770000219345093,0.5845000147819519,0.5724999904632568,0.5805000066757202,287084000
2015-08-19,0.5573601126670837,0.5747500061988831,0.5827500224113464,0.5684999823570251,0.5762500166893005,249248000
2015-08-20,0.5372377634048462,0.5540000200271606,0.5709999799728394,0.5512499809265137,0.5682500004768372,426932000
2015-08-21,0.5205093026161194,0.5367500185966492,0.559249997138977,0.5362499952316284,0.550000011920929,382664000
2015-08-24,0.5020844340324402,0.5177500247955322,0.5457500219345093,0.5,0.5067499876022339,682284000
2015-08-25,0.49165990948677063,0.5070000290870667,0.5425000190734863,0.5070000290870667,0.5404999852180481,622684000
2015-08-26,0.5287523865699768,0.5452499985694885,0.5457500219345093,0.5195000171661377,0.5235000252723694,614976000
2015-08-27,0.5486322045326233,0.565750002861023,0.5659999847412109,0.5477499961853027,0.5509999990463257,463764000
2015-08-28,0.551056444644928,0.5682500004768372,0.5717499852180481,0.5617499947547913,0.565750002861023,320944000
2015-08-31,0.5449955463409424,0.5619999766349792,0.5695000290870667,0.5597500205039978,0.565500020980835,219352000
2015-09-01,0.5226916074752808,0.5389999747276306,0.5550000071525574,0.5350000262260437,0.5457500219345093,353408000
2015-09-02,0.538449764251709,0.5552499890327454,0.5554999709129333,0.5444999933242798,0.5537499785423279,344044000
2015-09-03,0.5399044752120972,0.5567499995231628,0.5662500262260437,0.5557500123977661,0.5634999871253967,262556000
2015-09-04,0.5272977948188782,0.543749988079071,0.5559999942779541,0.5435000061988831,0.547249972820282,287972000
2015-09-08,0.5498442053794861,0.5669999718666077,0.5692499876022339,0.5547500252723694,0.5569999814033508,238448000
2015-09-09,0.5389347076416016,0.5557500123977661,0.5734999775886536,0.5544999837875366,0.5687500238418579,289392000
2015-09-10,0.5474199056625366,0.5644999742507935,0.5715000033378601,0.550000011920929,0.5525000095367432,357076000
2015-09-11,0.5491167902946472,0.5662500262260437,0.5699999928474426,0.5559999942779541,0.5582500100135803,301584000
2015-09-14,0.5500866770744324,0.5672500133514404,0.5707499980926514,0.5642499923706055,0.5690000057220459,192460000
2015-09-15,0.5561475157737732,0.5734999775886536,0.5764999985694885,0.565750002861023,0.5674999952316284,327976000
2015-09-16,0.5600265860557556,0.5774999856948853,0.5807499885559082,0.5682500004768372,0.5724999904632568,173508000
2015-09-17,0.5651178359985352,0.5827500224113464,0.5927500128746033,0.5814999938011169,0.5874999761581421,268712000
2015-09-18,0.5646328926086426,0.5822499990463257,0.5872499942779541,0.5712500214576721,0.5747500061988831,326412000
2015-09-21,0.5704512596130371,0.5882499814033508,0.5895000100135803,0.5799999833106995,0.5830000042915344,281840000
2015-09-22,0.5549352765083313,0.5722500085830688,0.5795000195503235,0.5692499876022339,0.5755000114440918,228356000
2015-09-23,0.5576021671295166,0.574999988079071,0.578499972820282,0.5705000162124634,0.5727499723434448,161632000
2015-09-24,0.5682694911956787,0.5860000252723694,0.5920000076293945,0.5625,0.5715000033378601,382440000
2015-09-25,0.5723907947540283,0.5902500152587891,0.6017500162124634,0.5845000147819519,0.5932499766349792,369692000
2015-09-28,0.5648751854896545,0.5824999809265137,0.593999981880188,0.5787500143051147,0.5902500152587891,395584000
2015-09-29,0.574815034866333,0.5927500128746033,0.59375,0.5805000066757202,0.5887500047683716,380736000
2015-09-30,0.5976040363311768,0.6162499785423279,0.6169999837875366,0.5947499871253967,0.5982499718666077,556380000
2015-10-01,0.5859673619270325,0.6042500138282776,0.6179999709129333,0.5867499709129333,0.6162499785423279,489296000
2015-10-02,0.6012407541275024,0.6200000047683716,0.6200000047683716,0.5947499871253967,0.6010000109672546,386144000
2015-10-05,0.6162717342376709,0.6355000138282776,0.6432499885559082,0.6207500100135803,0.6240000128746033,482024000
2015-10-06,0.6242718696594238,0.643750011920929,0.6464999914169312,0.6262500286102295,0.6287500262260437,453216000
2015-10-07,0.6308178901672363,0.6504999995231628,0.6570000052452087,0.6347500085830688,0.6452500224113464,310152000
2015-10-08,0.6344543099403381,0.6542500257492065,0.656000018119812,0.6367499828338623,0.6477500200271606,460068000
2015-10-09,0.6320300698280334,0.6517500281333923,0.6570000052452087,0.6395000219345093,0.6507499814033508,423248000
2015-10-12,0.638818085193634,0.6587499976158142,0.6625000238418579,0.6477500200271606,0.6524999737739563,227588000
2015-10-13,0.6400304436683655,0.6600000262260437,0.6639999747276306,0.6512500047683716,0.6535000205039978,298444000
2015-10-14,0.6633042693138123,0.6840000152587891,0.6947500109672546,0.6600000262260437,0.6607499718666077,612148000
2015-10-15,0.6650013327598572,0.6857500076293945,0.6997500061988831,0.6782500147819519,0.6852499842643738,526048000
2015-10-16,0.6754259467124939,0.6965000033378601,0.703000009059906,0.6862499713897705,0.6880000233650208,448396000
2015-10-19,0.674213707447052,0.6952499747276306,0.7020000219345093,0.687250018119812,0.6987500190734863,294712000
2015-10-20,0.6732441782951355,0.6942499876022339,0.6974999904632568,0.6869999766349792,0.6922500133514404,264824000
2015-10-21,0.664516270160675,0.6852499842643738,0.702750027179718,0.6840000152587891,0.6984999775886536,386280000
2015-10-22,0.6885175108909607,0.7099999785423279,0.7122499942779541,0.6922500133514404,0.6932500004768372,306884000
2015-10-23,0.6931238770484924,0.7147499918937683,0.7195000052452087,0.7055000066757202,0.7162500023841858,381776000
2015-10-26,0.6899723410606384,0.7114999890327454,0.7170000076293945,0.7049999833106995,0.7152500152587891,247436000
2015-10-27,0.6894871592521667,0.7110000252723694,0.715499997138977,0.7074999809265137,0.7080000042915344,208268000
2015-10-28,0.6950634717941284,0.7167500257492065,0.7167500257492065,0.7049999833106995,0.715499997138977,217036000
2015-10-29,0.6710623502731323,0.6919999718666077,0.7124999761581421,0.690750002861023,0.7052500247955322,327168000
2015-10-30,0.6877903342247009,0.7092499732971191,0.7142500281333923,0.6942499876022339,0.6995000243186951,301160000
2015-11-02,0.6957905888557434,0.7174999713897705,0.7182499766349792,0.7072499990463257,0.7114999890327454,190088000
2015-11-03,0.6909419298171997,0.7124999761581421,0.7172499895095825,0.7045000195503235,0.7132499814033508,376768000
2015-11-04,0.6795476078987122,0.7007499933242798,0.715749979019165,0.6974999904632568,0.7105000019073486,442264000
2015-11-05,0.6717895269393921,0.6927499771118164,0.706250011920929,0.690750002861023,0.7042499780654907,478800000
2015-11-06,0.7648849487304688,0.7887499928474426,0.7985000014305115,0.7455000281333923,0.7612500190734863,1172272000
2015-11-09,0.7614907026290894,0.7852500081062317,0.7875000238418579,0.7742499709129333,0.781000018119812,492568000
2015-11-10,0.7469444274902344,0.7702500224113464,0.7792500257492065,0.7537500262260437,0.7749999761581421,552260000
2015-11-11,0.7396713495254517,0.7627500295639038,0.7762500047683716,0.7599999904632568,0.7707499861717224,619896000
2015-11-12,0.7370046377182007,0.7599999904632568,0.7680000066757202,0.7567499876022339,0.7609999775886536,291080000
2015-11-13,0.7224586009979248,0.7450000047683716,0.7639999985694885,0.7412499785423279,0.7607499957084656,292940000
2015-11-16,0.7370046377182007,0.7599999904632568,0.7605000138282776,0.7487499713897705,0.7547500133514404,344280000
2015-11-17,0.7370046377182007,0.7599999904632568,0.7664999961853027,0.7567499876022339,0.7620000243186951,257048000
2015-11-18,0.7551345229148865,0.7757499814033508,0.7767500281333923,0.7519999742507935,0.7602499723434448,350216000
2015-11-19,0.7573249340057373,0.777999997138977,0.7857499718666077,0.7722499966621399,0.7785000205039978,254072000
2015-11-20,0.7638955116271973,0.7847499847412109,0.7892500162124634,0.7789999842643738,0.7837499976158142,239744000
2015-11-23,0.7524579167366028,0.7730000019073486,0.7912499904632568,0.7702500224113464,0.7912499904632568,242552000
2015-11-24,0.7585418224334717,0.7792500257492065,0.7860000133514404,0.7695000171661377,0.7730000019073486,195428000
2015-11-25,0.7575680613517761,0.778249979019165,0.7870000004768372,0.7754999995231628,0.7777500152587891,138300000
2015-11-27,0.7638955116271973,0.7847499847412109,0.7872499823570251,0.7757499814033508,0.7797499895095825,86996000
2015-11-30,0.7719261646270752,0.7929999828338623,0.796500027179718,0.7847499847412109,0.7854999899864197,327244000
2015-12-01,0.7969918847084045,0.8187500238418579,0.8195000290870667,0.7992500066757202,0.800000011920929,409496000
2015-12-02,0.79090815782547,0.8125,0.828499972820282,0.8107500076293945,0.8199999928474426,294240000
2015-12-03,0.7892045974731445,0.8107500076293945,0.8274999856948853,0.8067499995231628,0.8190000057220459,246656000
2015-12-04,0.8213275074958801,0.84375,0.8452500104904175,0.8107500076293945,0.8107500076293945,458756000
2015-12-07,0.8057528734207153,0.827750027179718,0.843500018119812,0.8252500295639038,0.843500018119812,333588000
2015-12-08,0.8167039155960083,0.8389999866485596,0.8424999713897705,0.812250018119812,0.8174999952316284,314488000
2015-12-09,0.796018660068512,0.8177499771118164,0.84375,0.809249997138977,0.8387500047683716,372676000
2015-12-10,0.8025891780853271,0.8245000243186951,0.8289999961853027,0.8174999952316284,0.8202499747276306,236596000
2015-12-11,0.7906644940376282,0.812250018119812,0.8220000267028809,0.8105000257492065,0.8162500262260437,227320000
2015-12-14,0.7926117777824402,0.8142499923706055,0.8187500238418579,0.8044999837875366,0.8130000233650208,275892000
2015-12-15,0.8023458123207092,0.8242499828338623,0.8299999833106995,0.8190000057220459,0.8234999775886536,307296000
2015-12-16,0.8072128295898438,0.8292499780654907,0.8320000171661377,0.8187500238418579,0.8259999752044678,236356000
2015-12-17,0.7950450778007507,0.8167499899864197,0.8389999866485596,0.8162500262260437,0.8305000066757202,254160000
2015-12-18,0.7821471095085144,0.8034999966621399,0.8192499876022339,0.8025000095367432,0.8109999895095825,395896000
2015-12-21,0.8006423711776733,0.8224999904632568,0.8232499957084656,0.8050000071525574,0.812250018119812,284216000
2015-12-22,0.8013723492622375,0.8232499957084656,0.8314999938011169,0.8182500004768372,0.824999988079071,130012000
2015-12-23,0.804535984992981,0.8264999985694885,0.8297500014305115,0.8230000138282776,0.8245000243186951,122524000
2015-12-24,0.8072128295898438,0.8292499780654907,0.831250011920929,0.8227499723434448,0.8240000009536743,52448000
2015-12-28,0.8064827919006348,0.828499972820282,0.828499972820282,0.8090000152587891,0.8205000162124634,142024000
2015-12-29,0.8196240663528442,0.8420000076293945,0.8445000052452087,0.8267499804496765,0.8289999961853027,203660000
2015-12-30,0.8125668168067932,0.8347499966621399,0.8485000133514404,0.8345000147819519,0.8412500023841858,180344000
2015-12-31,0.8021023869514465,0.8240000009536743,0.8372499942779541,0.8240000009536743,0.8335000276565552,148528000
2016-01-04,0.7877442836761475,0.809249997138977,0.8144999742507935,0.8009999990463257,0.8072500228881836,358076000
2016-01-05,0.800399124622345,0.8222500085830688,0.8360000252723694,0.8125,0.8245000243186951,490272000
2016-01-06,0.7673026323318481,0.7882500290870667,0.8125,0.7789999842643738,0.8087499737739563,449344000
2016-01-07,0.7368832230567932,0.7570000290870667,0.7737500071525574,0.746999979019165,0.7684999704360962,645304000
2016-01-08,0.7210649251937866,0.7407500147819519,0.7674999833106995,0.7392500042915344,0.7667499780654907,398472000
2016-01-11,0.7222813963890076,0.7419999837875366,0.7472500205039978,0.7287499904632568,0.7415000200271606,409372000
2016-01-12,0.7344494462013245,0.7544999718666077,0.765500009059906,0.7492499947547913,0.7552499771118164,469356000
2016-01-13,0.7120606303215027,0.7315000295639038,0.765250027179718,0.7307500243186951,0.7602499723434448,481672000
2016-01-14,0.6977027058601379,0.7167500257492065,0.7250000238418579,0.6955000162124634,0.7164999842643738,600236000
2016-01-15,0.6597387194633484,0.6777499914169312,0.6962500214576721,0.6660000085830688,0.6880000233650208,841452000
2016-01-19,0.665092945098877,0.6832500100135803,0.7112500071525574,0.6804999709129333,0.6917499899864197,457140000
2016-01-20,0.6687431931495667,0.6869999766349792,0.6957499980926514,0.6612499952316284,0.6702499985694885,481180000
2016-01-21,0.6765304207801819,0.6949999928474426,0.7057499885559082,0.6802499890327454,0.6945000290870667,481456000
2016-01-22,0.6923486590385437,0.7112500071525574,0.7160000205039978,0.7067499756813049,0.7082499861717224,257996000
2016-01-25,0.6916187405586243,0.7105000019073486,0.7192500233650208,0.7089999914169312,0.7110000252723694,270728000
2016-01-26,0.6984326243400574,0.7174999713897705,0.7204999923706055,0.7047500014305115,0.7120000123977661,227944000
2016-01-27,0.6901585459709167,0.7089999914169312,0.71875,0.6955000162124634,0.7164999842643738,231700000
2016-01-28,0.6826145052909851,0.7012500166893005,0.7172499895095825,0.6875,0.7147499918937683,276776000
2016-01-29,0.7127907872200012,0.7322499752044678,0.7337499856948853,0.7045000195503235,0.7072499990463257,310504000
2016-02-01,0.7130342125892639,0.7325000166893005,0.7362499833106995,0.7252500057220459,0.7315000295639038,289884000
2016-02-02,0.6828578114509583,0.7014999985694885,0.7287499904632568,0.6965000033378601,0.7250000238418579,341908000
2016-02-03,0.6862651109695435,0.7049999833106995,0.7112500071525574,0.6887500286102295,0.7070000171661377,326772000
2016-02-04,0.686508297920227,0.7052500247955322,0.7212499976158142,0.6982499957084656,0.7059999704360962,348140000
2016-02-05,0.6431906223297119,0.6607499718666077,0.7082499861717224,0.6587499976158142,0.7005000114440918,600428000
2016-02-08,0.6137447953224182,0.6305000185966492,0.6539999842643738,0.6212499737739563,0.6507499814033508,608852000
2016-02-09,0.6203153133392334,0.6372500061988831,0.6637499928474426,0.6200000047683716,0.6230000257492065,425372000
2016-02-10,0.6188550591468811,0.6357499957084656,0.6597499847412109,0.6322500109672546,0.6412500143051147,335800000
2016-02-11,0.6156914830207825,0.6324999928474426,0.6389999985694885,0.6194999814033508,0.6194999814033508,340144000
2016-02-12,0.6261558532714844,0.6432499885559082,0.6445000171661377,0.6187499761581421,0.6424999833106995,340816000
2016-02-16,0.656818687915802,0.6747499704360962,0.6757500171661377,0.6504999995231628,0.6524999737739563,485352000
2016-02-17,0.6731234788894653,0.6915000081062317,0.6980000138282776,0.6804999709129333,0.6832500100135803,771468000
2016-02-18,0.7310423254966736,0.7509999871253967,0.7745000123977661,0.7475000023841858,0.7482500076293945,1068660000
2016-02-19,0.7407768964767456,0.7609999775886536,0.7677500247955322,0.7412499785423279,0.746999979019165,525628000
2016-02-22,0.767059326171875,0.7879999876022339,0.796750009059906,0.7705000042915344,0.7720000147819519,449668000
2016-02-23,0.769006073474884,0.7900000214576721,0.7975000143051147,0.777999997138977,0.7817500233650208,369380000
2016-02-24,0.7743598818778992,0.7954999804496765,0.796750009059906,0.7649999856948853,0.7867500185966492,336852000
2016-02-25,0.7760633230209351,0.797249972820282,0.8012499809265137,0.7829999923706055,0.7985000014305115,349616000
2016-02-26,0.7709527611732483,0.7919999957084656,0.8029999732971191,0.7839999794960022,0.8009999990463257,361964000
2016-02-29,0.7659459114074707,0.7839999794960022,0.8004999756813049,0.7835000157356262,0.7902500033378601,323344000
2016-03-01,0.7998955845832825,0.8187500238418579,0.8187500238418579,0.7847499847412109,0.7860000133514404,348700000
2016-03-02,0.8045362234115601,0.8234999775886536,0.8264999985694885,0.812749981880188,0.8142499923706055,233812000
2016-03-03,0.7974531650543213,0.8162500262260437,0.8259999752044678,0.8052499890327454,0.8224999904632568,302004000
2016-03-04,0.7950105667114258,0.8137500286102295,0.8232499957084656,0.8075000047683716,0.8224999904632568,175304000
2016-03-07,0.7898816466331482,0.8084999918937683,0.8147500157356262,0.7979999780654907,0.809249997138977,239968000
2016-03-08,0.7754715085029602,0.793749988079071,0.8050000071525574,0.7912499904632568,0.8002499938011169,274940000
2016-03-09,0.7749828100204468,0.7932500243186951,0.8019999861717224,0.7829999923706055,0.8007500171661377,222788000
2016-03-10,0.7737615704536438,0.7919999957084656,0.8025000095367432,0.7760000228881836,0.7979999780654907,286084000
2016-03-11,0.786950945854187,0.8054999709129333,0.8057500123977661,0.7942500114440918,0.8037499785423279,277400000
2016-03-14,0.7889046669006348,0.8075000047683716,0.8107500076293945,0.7979999780654907,0.8017500042915344,190312000
2016-03-15,0.7849966883659363,0.8034999966621399,0.8084999918937683,0.7892500162124634,0.8032500147819519,226216000
2016-03-16,0.8084439635276794,0.8274999856948853,0.8302500247955322,0.793749988079071,0.7975000143051147,363644000
2016-03-17,0.8016053438186646,0.8205000162124634,0.828499972820282,0.809249997138977,0.8245000243186951,353680000
2016-03-18,0.8257854580879211,0.8452500104904175,0.856249988079071,0.824999988079071,0.8302500247955322,545512000
2016-03-21,0.8282277584075928,0.8477500081062317,0.8479999899864197,0.8287500143051147,0.8377500176429749,337780000
2016-03-22,0.826762318611145,0.8462499976158142,0.8522499799728394,0.8357499837875366,0.8450000286102295,242012000
2016-03-23,0.8409283757209778,0.8607500195503235,0.8669999837875366,0.8462499976158142,0.8500000238418579,429008000
2016-03-24,0.842149555683136,0.8619999885559082,0.8634999990463257,0.8502500057220459,0.8529999852180481,244956000
2016-03-28,0.8506981134414673,0.8707500100135803,0.8744999766349792,0.859499990940094,0.8604999780654907,265388000
2016-03-29,0.8643758296966553,0.8847500085830688,0.8867499828338623,0.8650000095367432,0.8669999837875366,261812000
2016-03-30,0.8734126091003418,0.8939999938011169,0.90625,0.887499988079071,0.8880000114440918,376700000
2016-03-31,0.8702374696731567,0.890749990940094,0.8999999761581421,0.8837500214576721,0.8980000019073486,379884000
2016-04-01,0.8829380869865417,0.9037500023841858,0.9042500257492065,0.8784999847412109,0.8852499723434448,348292000
2016-04-04,0.8743897080421448,0.8949999809265137,0.9160000085830688,0.8914999961853027,0.9112499952316284,393940000
2016-04-05,0.8731685280799866,0.893750011920929,0.9020000100135803,0.8834999799728394,0.8870000243186951,339568000
2016-04-06,0.8743897080421448,0.8949999809265137,0.8955000042915344,0.8657500147819519,0.8824999928474426,453376000
2016-04-07,0.8653527498245239,0.8857499957084656,0.8972499966621399,0.8820000290870667,0.8892499804496765,378104000
2016-04-08,0.8709703683853149,0.8914999961853027,0.8987500071525574,0.8827499747276306,0.8930000066757202,255936000
2016-04-11,0.876343846321106,0.8970000147819519,0.9117500185966492,0.8939999938011169,0.8967499732971191,387524000
2016-04-12,0.875366747379303,0.8960000276565552,0.9012500047683716,0.8784999847412109,0.8999999761581421,292764000
2016-04-13,0.8973485827445984,0.9185000061988831,0.918749988079071,0.8999999761581421,0.8999999761581421,350716000
2016-04-14,0.8997910618782043,0.9210000038146973,0.925000011920929,0.9122499823570251,0.9160000085830688,416564000
2016-04-15,0.9068740010261536,0.9282500147819519,0.9365000128746033,0.9177500009536743,0.9207500219345093,436972000
2016-04-18,0.9029660820960999,0.9242500066757202,0.9265000224113464,0.9152500033378601,0.9265000224113464,307320000
2016-04-19,0.8868460059165955,0.9077500104904175,0.9294999837875366,0.9020000100135803,0.9277499914169312,309152000
2016-04-20,0.8902655839920044,0.9112499952316284,0.9167500138282776,0.9052500128746033,0.90625,200172000
2016-04-21,0.8892887234687805,0.9102500081062317,0.9157500267028809,0.90625,0.9114999771118164,178280000
2016-04-22,0.885869026184082,0.9067500233650208,0.9194999933242798,0.9037500023841858,0.9132500290870667,223540000
2016-04-25,0.8902655839920044,0.9112499952316284,0.9162499904632568,0.9045000076293945,0.9070000052452087,191972000
2016-04-26,0.8909982442855835,0.9120000004768372,0.9272500276565552,0.9079999923706055,0.9167500138282776,214536000
2016-04-27,0.911270260810852,0.9327499866485596,0.9332500100135803,0.9079999923706055,0.9097499847412109,352396000
2016-04-28,0.884159505367279,0.9049999713897705,0.9325000047683716,0.9027500152587891,0.9269999861717224,381224000
2016-04-29,0.8677952885627747,0.8882499933242798,0.903249979019165,0.8784999847412109,0.9012500047683716,321904000
2016-05-02,0.879274845123291,0.8999999761581421,0.9054999947547913,0.8924999833106995,0.8967499732971191,256076000
2016-05-03,0.8687722682952881,0.8892499804496765,0.8934999704360962,0.8815000057220459,0.8897500038146973,224024000
2016-05-04,0.8489886522293091,0.8690000176429749,0.8792499899864197,0.8600000143051147,0.8784999847412109,525764000
2016-05-05,0.8541176915168762,0.8742499947547913,0.8845000267028809,0.8677499890327454,0.8762500286102295,246884000
2016-05-06,0.8629104495048523,0.8832499980926514,0.8855000138282776,0.8709999918937683,0.8727499842643738,183240000
2016-05-09,0.8616891503334045,0.8820000290870667,0.8892499804496765,0.874750018119812,0.8855000138282776,333336000
2016-05-10,0.8782975673675537,0.8989999890327454,0.9004999995231628,0.8790000081062317,0.887499988079071,269676000
2016-05-11,0.8807401061058044,0.9014999866485596,0.9114999771118164,0.8967499732971191,0.9017500281333923,328176000
2016-05-12,0.8687722682952881,0.8892499804496765,0.9120000004768372,0.8732500076293945,0.9079999923706055,670540000
2016-05-13,1.000907301902771,1.0245000123977661,1.024999976158142,0.9750000238418579,0.9797499775886536,2110256000
2016-05-16,1.0304609537124634,1.0547499656677246,1.0700000524520874,1.0134999752044678,1.0167499780654907,973032000
2016-05-17,1.0326594114303589,1.0570000410079956,1.0644999742507935,1.0364999771118164,1.0499999523162842,628392000
2016-05-18,1.0590373277664185,1.0839999914169312,1.096250057220459,1.0499999523162842,1.0499999523162842,541072000
2016-05-19,1.0636781454086304,1.0887500047683716,1.096500039100647,1.0782500505447388,1.0797499418258667,398880000
2016-05-20,1.0827289819717407,1.1082500219345093,1.1127500534057617,1.09375,1.0954999923706055,391084000
2016-05-23,1.0844385623931885,1.1100000143051147,1.1172499656677246,1.1032500267028809,1.1130000352859497,413636000
2016-05-24,1.1107629537582397,1.1339999437332153,1.1375000476837158,1.1074999570846558,1.1104999780654907,415788000
2016-05-25,1.106110692024231,1.1292500495910645,1.1422499418258667,1.1202499866485596,1.1375000476837158,458076000
2016-05-26,1.1178644895553589,1.1412500143051147,1.1495000123977661,1.128000020980835,1.131250023841858,309964000
2016-05-27,1.1239863634109497,1.1475000381469727,1.1492500305175781,1.1387499570846558,1.1425000429153442,277416000
2016-05-31,1.144066333770752,1.1679999828338623,1.1705000400543213,1.1517499685287476,1.152500033378601,412524000
2016-06-01,1.1462706327438354,1.1702500581741333,1.18149995803833,1.159000039100647,1.162500023841858,387132000
2016-06-02,1.1543514728546143,1.1785000562667847,1.1885000467300415,1.1649999618530273,1.1764999628067017,329208000
2016-06-03,1.1381891965866089,1.1619999408721924,1.1684999465942383,1.1414999961853027,1.1670000553131104,461076000
2016-06-06,1.1323120594024658,1.156000018119812,1.1740000247955322,1.149999976158142,1.1649999618530273,322512000
2016-06-07,1.134515643119812,1.1582499742507935,1.1694999933242798,1.1577500104904175,1.1629999876022339,193400000
2016-06-08,1.130842924118042,1.1545000076293945,1.162750005722046,1.1449999809265137,1.1584999561309814,234616000
2016-06-09,1.1602281332015991,1.184499979019165,1.1862499713897705,1.1480000019073486,1.1505000591278076,472168000
2016-06-10,1.131332516670227,1.1549999713897705,1.180999994277954,1.153499960899353,1.1705000400543213,400024000
2016-06-13,1.1457808017730713,1.1697499752044678,1.1924999952316284,1.15625,1.15625,475588000
2016-06-14,1.147984266281128,1.1720000505447388,1.1775000095367432,1.1540000438690186,1.1670000553131104,298344000
2016-06-15,1.159738540649414,1.184000015258789,1.1942499876022339,1.1687500476837158,1.1817500591278076,301036000
2016-06-16,1.164391279220581,1.1887500286102295,1.190750002861023,1.1637500524520874,1.1752500534057617,246456000
2016-06-17,1.144066333770752,1.1679999828338623,1.190500020980835,1.1632499694824219,1.190250039100647,471000000
2016-06-20,1.1646356582641602,1.1890000104904175,1.2042499780654907,1.1859999895095825,1.186750054359436,293768000
2016-06-21,1.1575344800949097,1.1817500591278076,1.1972500085830688,1.1799999475479126,1.194000005722046,212508000
2016-06-22,1.1565552949905396,1.1807500123977661,1.1920000314712524,1.1787500381469727,1.184249997138977,202620000
2016-06-23,1.187409520149231,1.212249994277954,1.2135000228881836,1.191249966621399,1.1920000314712524,297880000
2016-06-24,1.1198228597640991,1.1432499885559082,1.184000015258789,1.1325000524520874,1.162500023841858,1017684000
2016-06-27,1.1078242063522339,1.13100004196167,1.1425000429153442,1.1142499446868896,1.1337499618530273,449088000
2016-06-28,1.1239863634109497,1.1475000381469727,1.153749942779541,1.1317499876022339,1.152500033378601,381920000
2016-06-29,1.1423523426055908,1.1662499904632568,1.1752500534057617,1.1545000076293945,1.1575000286102295,318932000
2016-06-30,1.151167631149292,1.1752500534057617,1.1825000047683716,1.158750057220459,1.1682499647140503,430940000
2016-07-01,1.1425968408584595,1.1664999723434448,1.184000015258789,1.162500023841858,1.1687500476837158,218488000
2016-07-05,1.159493327140808,1.183750033378601,1.1857500076293945,1.1507500410079956,1.159999966621399,371084000
2016-07-06,1.1668401956558228,1.191249966621399,1.1982500553131104,1.1694999933242798,1.1755000352859497,273104000
2016-07-07,1.19720458984375,1.222249984741211,1.2265000343322754,1.193750023841858,1.1992499828338623,395400000
2016-07-08,1.2452003955841064,1.2712500095367432,1.277250051498413,1.2304999828338623,1.2352499961853027,481932000
2016-07-11,1.2738510370254517,1.3005000352859497,1.309999942779541,1.2879999876022339,1.2894999980926514,448776000
2016-07-12,1.2929519414901733,1.3200000524520874,1.3320000171661377,1.2984999418258667,1.315000057220459,436760000
2016-07-13,1.2924613952636719,1.3194999694824219,1.3300000429153442,1.3174999952316284,1.3224999904632568,324604000
2016-07-14,1.3056854009628296,1.3329999446868896,1.3450000286102295,1.315500020980835,1.3265000581741333,316892000
2016-07-15,1.2905025482177734,1.3174999952316284,1.3235000371932983,1.2960000038146973,1.315999984741211,428616000
2016-07-18,1.297114372253418,1.3242499828338623,1.3357499837875366,1.3192499876022339,1.3337500095367432,252992000
2016-07-19,1.3105823993682861,1.3380000591278076,1.343250036239624,1.3209999799728394,1.3235000371932983,382652000
2016-07-20,1.3277236223220825,1.3554999828338623,1.3627500534057617,1.3370000123977661,1.3424999713897705,296460000
2016-07-21,1.3032363653182983,1.3305000066757202,1.3567500114440918,1.3259999752044678,1.3524999618530273,361308000
2016-07-22,1.3387434482574463,1.3667500019073486,1.3667500019073486,1.3255000114440918,1.3352500200271606,315768000
2016-07-25,1.3634763956069946,1.3919999599456787,1.3952499628067017,1.36899995803833,1.375,312528000
2016-07-26,1.3867394924163818,1.4157500267028809,1.4229999780654907,1.402250051498413,1.4042500257492065,514508000
2016-07-27,1.372781753540039,1.4014999866485596,1.4305000305175781,1.3930000066757202,1.4279999732971191,446676000
2016-07-28,1.3757200241088867,1.4045000076293945,1.4149999618530273,1.40024995803833,1.4047499895095825,221916000
2016-07-29,1.398248553276062,1.4275000095367432,1.431249976158142,1.3845000267028809,1.409749984741211,409588000
2016-08-01,1.3891884088516235,1.4182499647140503,1.4387500286102295,1.409000039100647,1.433500051498413,301120000
2016-08-02,1.372291922569275,1.4010000228881836,1.4257500171661377,1.3875000476837158,1.4249999523162842,282748000
2016-08-03,1.375964641571045,1.4047499895095825,1.4075000286102295,1.3914999961853027,1.3992500305175781,299828000
2016-08-04,1.4014321565628052,1.4307500123977661,1.437250018119812,1.408750057220459,1.4114999771118164,272712000
2016-08-05,1.425184965133667,1.4550000429153442,1.4557499885559082,1.440250039100647,1.4472500085830688,371588000
2016-08-08,1.4384084939956665,1.468500018119812,1.4785000085830688,1.4529999494552612,1.475000023841858,305064000
2016-08-09,1.4420820474624634,1.472249984741211,1.4865000247955322,1.468500018119812,1.4757499694824219,372344000
2016-08-10,1.4327763319015503,1.46274995803833,1.4874999523162842,1.4579999446868896,1.4852499961853027,375740000
2016-08-11,1.4619169235229492,1.4924999475479126,1.4987499713897705,1.4674999713897705,1.4704999923706055,681064000
2016-08-12,1.5437061786651611,1.5759999752044678,1.5844999551773071,1.5157500505447388,1.5475000143051147,1425744000
2016-08-15,1.5422364473342896,1.5744999647140503,1.587499976158142,1.5532499551773071,1.5777499675750732,573304000
2016-08-16,1.5329314470291138,1.565000057220459,1.5747499465942383,1.5602500438690186,1.5722500085830688,287652000
2016-08-17,1.4974243640899658,1.528749942779541,1.56850004196167,1.5164999961853027,1.565000057220459,595212000
2016-08-18,1.520687460899353,1.5525000095367432,1.5549999475479126,1.5204999446868896,1.5264999866485596,331684000
2016-08-19,1.5246052742004395,1.55649995803833,1.5682499408721924,1.5449999570846558,1.5517499446868896,291560000
2016-08-22,1.5309720039367676,1.562999963760376,1.565250039100647,1.5427500009536743,1.5612499713897705,244748000
2016-08-23,1.5433613061904907,1.5727499723434448,1.5829999446868896,1.5682499408721924,1.5759999752044678,339764000
2016-08-24,1.519564151763916,1.5484999418258667,1.5789999961853027,1.5412499904632568,1.5782500505447388,298448000
2016-08-25,1.5095056295394897,1.5382499694824219,1.5497499704360962,1.5190000534057617,1.5490000247955322,406032000
2016-08-26,1.5217725038528442,1.5507500171661377,1.559499979019165,1.5299999713897705,1.5422500371932983,300024000
2016-08-29,1.5207908153533936,1.5497499704360962,1.563249945640564,1.5472500324249268,1.5570000410079956,274652000
2016-08-30,1.511959195137024,1.5407500267028809,1.555999994277954,1.5364999771118164,1.5477499961853027,285544000
2016-08-31,1.5048446655273438,1.5334999561309814,1.5479999780654907,1.5290000438690186,1.5437500476837158,388544000
2016-09-01,1.549249291419983,1.5787500143051147,1.5844999551773071,1.5334999561309814,1.534749984741211,428492000
2016-09-02,1.5340385437011719,1.563249945640564,1.5837500095367432,1.5455000400543213,1.5820000171661377,323148000
2016-09-06,1.5485131740570068,1.5779999494552612,1.5779999494552612,1.5607500076293945,1.568750023841858,306812000
2016-09-07,1.5256973505020142,1.5547499656677246,1.5807499885559082,1.5457500219345093,1.5729999542236328,397988000
2016-09-08,1.5367372035980225,1.565999984741211,1.56850004196167,1.5355000495910645,1.5532499551773071,315808000
2016-09-09,1.4601951837539673,1.4880000352859497,1.5575000047683716,1.475000023841858,1.5487500429153442,697760000
2016-09-12,1.490370512008667,1.5187499523162842,1.5217499732971191,1.4329999685287476,1.468250036239624,598260000
2016-09-13,1.46878182888031,1.496749997138977,1.5325000286102295,1.4882500171661377,1.5149999856948853,471768000
2016-09-14,1.4817841053009033,1.5099999904632568,1.5149999856948853,1.4877500534057617,1.500249981880188,319048000
2016-09-15,1.5379638671875,1.5672500133514404,1.569000005722046,1.5089999437332153,1.5125000476837158,515212000
2016-09-16,1.5416443347930908,1.5709999799728394,1.5812499523162842,1.5529999732971191,1.5727499723434448,902444000
2016-09-19,1.5620062351226807,1.5917500257492065,1.631500005722046,1.5802500247955322,1.587499976158142,417128000
2016-09-20,1.5477771759033203,1.5772500038146973,1.6100000143051147,1.56850004196167,1.6100000143051147,331112000
2016-09-21,1.591200351715088,1.621500015258789,1.624500036239624,1.5817500352859497,1.5820000171661377,336212000
2016-09-22,1.595125675201416,1.625499963760376,1.6360000371932983,1.6162500381469727,1.63100004196167,308732000
2016-09-23,1.5934083461761475,1.6237499713897705,1.6322499513626099,1.6165000200271606,1.627500057220459,276132000
2016-09-26,1.578443169593811,1.6085000038146973,1.6150000095367432,1.5882500410079956,1.6052500009536743,230040000
2016-09-27,1.6324154138565063,1.6634999513626099,1.6660000085830688,1.6015000343322754,1.6022499799728394,402752000
2016-09-28,1.6383033990859985,1.6694999933242798,1.6707500219345093,1.6482499837875366,1.6660000085830688,319788000
2016-09-29,1.6535135507583618,1.684999942779541,1.690250039100647,1.6512500047683716,1.6667499542236328,336684000
2016-09-30,1.6809903383255005,1.7130000591278076,1.7297500371932983,1.684249997138977,1.6942499876022339,429932000
2016-10-03,1.679273009300232,1.7112499475479126,1.7377500534057617,1.7082500457763672,1.7130000591278076,242596000
2016-10-04,1.6755932569503784,1.7074999809265137,1.7424999475479126,1.6947499513626099,1.7137500047683716,281624000
2016-10-05,1.673876166343689,1.7057499885559082,1.7395000457763672,1.7005000114440918,1.722000002861023,305440000
2016-10-06,1.6520419120788574,1.683500051498413,1.6957499980926514,1.656499981880188,1.6852500438690186,360212000
2016-10-07,1.6400208473205566,1.6712499856948853,1.6992499828338623,1.6664999723434448,1.6947499513626099,286260000
2016-10-10,1.6461540460586548,1.6775000095367432,1.6890000104904175,1.6617499589920044,1.6799999475479126,287876000
2016-10-11,1.6223572492599487,1.653249979019165,1.6744999885559082,1.6404999494552612,1.6720000505447388,388540000
2016-10-12,1.6297168731689453,1.6607500314712524,1.6694999933242798,1.6327500343322754,1.6464999914169312,419920000
2016-10-13,1.60322105884552,1.6337499618530273,1.6449999809265137,1.5924999713897705,1.6412500143051147,390116000
2016-10-14,1.6189228296279907,1.649749994277954,1.6649999618530273,1.6399999856948853,1.653749942779541,330636000
2016-10-17,1.6095999479293823,1.6402499675750732,1.6649999618530273,1.6380000114440918,1.6495000123977661,195328000
2016-10-18,1.6341328620910645,1.6652499437332153,1.6747499704360962,1.65625,1.6629999876022339,269372000
2016-10-19,1.6306982040405273,1.6617499589920044,1.6694999933242798,1.6454999446868896,1.6540000438690186,199060000
2016-10-20,1.6616095304489136,1.6932499408721924,1.6987500190734863,1.6575000286102295,1.681249976158142,312084000
2016-10-21,1.6569483280181885,1.6885000467300415,1.691499948501587,1.6725000143051147,1.687250018119812,279508000
2016-10-24,1.7347172498703003,1.7677500247955322,1.7697499990463257,1.6997499465942383,1.7000000476837158,339836000
2016-10-25,1.7631752490997314,1.7967499494552612,1.8075000047683716,1.756250023841858,1.7647500038146973,397460000
2016-10-26,1.7702903747558594,1.8040000200271606,1.8237500190734863,1.7799999713897705,1.781749963760376,333792000
2016-10-27,1.7339812517166138,1.7669999599456787,1.8212499618530273,1.7597500085830688,1.8177499771118164,388664000
2016-10-28,1.7310377359390259,1.7640000581741333,1.8025000095367432,1.7607500553131104,1.7755000591278076,290856000
2016-10-31,1.7457573413848877,1.7790000438690186,1.7907500267028809,1.7687499523162842,1.7697499990463257,252388000
2016-11-01,1.6939924955368042,1.7262500524520874,1.7952500581741333,1.7072499990463257,1.7855000495910645,473224000
2016-11-02,1.6868785619735718,1.718999981880188,1.7630000114440918,1.715999960899353,1.7395000457763672,295848000
2016-11-03,1.6672520637512207,1.6990000009536743,1.7285000085830688,1.6660000085830688,1.7269999980926514,309664000
2016-11-04,1.6576844453811646,1.6892499923706055,1.718250036239624,1.6644999980926514,1.687749981880188,328780000
2016-11-07,1.7484556436538696,1.781749963760376,1.7929999828338623,1.7374999523162842,1.7387499809265137,487580000
2016-11-08,1.7457573413848877,1.7790000438690186,1.7942500114440918,1.7625000476837158,1.7884999513626099,429884000
2016-11-09,1.7163180112838745,1.7489999532699585,1.7725000381469727,1.718000054359436,1.7307499647140503,456532000
2016-11-10,1.6625908613204956,1.6942499876022339,1.787500023841858,1.6690000295639038,1.78725004196167,869280000
2016-11-11,2.1581544876098633,2.1992499828338623,2.219249963760376,1.962499976158142,1.9877500534057617,2175344000
2016-11-14,2.0519278049468994,2.0910000801086426,2.2047500610351562,2.0905001163482666,2.2022500038146973,1348796000
2016-11-15,2.114485740661621,2.154750108718872,2.1862499713897705,2.098249912261963,2.1072499752044678,626092000
2016-11-16,2.2479450702667236,2.290750026702881,2.313999891281128,2.158750057220459,2.183500051498413,987984000
2016-11-17,2.266589641571045,2.3097500801086426,2.3697500228881836,2.266249895095825,2.3077499866485596,832988000
2016-11-18,2.290386438369751,2.3340001106262207,2.3582499027252197,2.2950000762939453,2.3097500801086426,576060000
2016-11-21,2.281064033508301,2.32450008392334,2.358750104904175,2.309999942779541,2.352250099182129,436436000
2016-11-22,2.297499656677246,2.341249942779541,2.3434998989105225,2.309499979019165,2.3324999809265137,330368000
2016-11-23,2.308803081512451,2.349250078201294,2.3812499046325684,2.3192501068115234,2.3429999351501465,443236000
2016-11-25,2.313471794128418,2.3540000915527344,2.377500057220459,2.335249900817871,2.3605000972747803,195564000
2016-11-28,2.3122425079345703,2.352750062942505,2.368499994277954,2.3399999141693115,2.346750020980835,278736000
2016-11-29,2.2911136150360107,2.331249952316284,2.3610000610351562,2.3132500648498535,2.3499999046325684,444568000
2016-11-30,2.265315055847168,2.305000066757202,2.3540000915527344,2.302500009536743,2.3399999141693115,440500000
2016-12-01,2.153277635574341,2.190999984741211,2.3042500019073486,2.1192500591278076,2.302500009536743,1035524000
2016-12-02,2.1731789112091064,2.211250066757202,2.2200000286102295,2.128000020980835,2.15625,478292000
2016-12-05,2.2574527263641357,2.296999931335449,2.3152499198913574,2.2249999046325684,2.2497498989105225,602284000
2016-12-06,2.2945525646209717,2.334749937057495,2.343250036239624,2.289249897003174,2.3052499294281006,498796000
2016-12-07,2.335829496383667,2.3767499923706055,2.382499933242798,2.302500009536743,2.321000099182129,480804000
2016-12-08,2.2967638969421387,2.3369998931884766,2.4154999256134033,2.3262500762939453,2.3797500133514404,381544000
2016-12-09,2.2559783458709717,2.2955000400543213,2.356750011444092,2.2677500247955322,2.3550000190734863,382312000
2016-12-12,2.2011878490448,2.2397499084472656,2.2487499713897705,2.188499927520752,2.2462499141693115,601332000
2016-12-13,2.2400083541870117,2.279249906539917,2.3072500228881836,2.2512500286102295,2.2522499561309814,387796000
2016-12-14,2.3697352409362793,2.411250114440918,2.4277501106262207,2.289249897003174,2.313499927520752,983980000
2016-12-15,2.4252631664276123,2.467750072479248,2.498500108718872,2.4149999618530273,2.422499895095825,746548000
2016-12-16,2.467031240463257,2.5102500915527344,2.5174999237060547,2.4432499408721924,2.4957499504089355,1089528000
2016-12-19,2.4970059394836426,2.540750026702881,2.5612499713897705,2.4749999046325684,2.492500066757202,744656000
2016-12-20,2.5839827060699463,2.6292500495910645,2.653249979019165,2.6029999256134033,2.614500045776367,848056000
2016-12-21,2.600198268890381,2.645750045776367,2.648750066757202,2.592750072479248,2.6410000324249268,576136000
2016-12-22,2.6316475868225098,2.6777501106262207,2.721750020980835,2.663249969482422,2.6705000400543213,718612000
2016-12-23,2.6972475051879883,2.744499921798706,2.746000051498413,2.656749963760376,2.6594998836517334,647692000
2016-12-27,2.8825032711029053,2.933000087738037,2.934000015258789,2.7804999351501465,2.801500082015991,1194272000
2016-12-28,2.6842257976531982,2.731250047683716,2.9982500076293945,2.717250108718872,2.990000009536743,2295764000
2016-12-29,2.7377874851226807,2.785749912261963,2.78725004196167,2.569999933242798,2.622499942779541,2175368000
2016-12-30,2.622556686401367,2.6684999465942383,2.7980000972747803,2.6575000286102295,2.783750057220459,1212932000
2017-01-03,2.5063419342041016,2.5502500534057617,2.659250020980835,2.484499931335449,2.609999895095825,1501996000
2017-01-04,2.564817428588867,2.6097500324249268,2.637500047683716,2.538249969482422,2.5850000381469727,1199220000
2017-01-05,2.499709129333496,2.5434999465942383,2.6454999446868896,2.526249885559082,2.6132500171661377,984296000
2017-01-06,2.5331239700317383,2.577500104904175,2.606250047683716,2.5299999713897705,2.5712499618530273,822856000
2017-01-09,2.6358234882354736,2.681999921798706,2.700000047683716,2.5875000953674316,2.5875000953674316,916248000
2017-01-10,2.615922689437866,2.661750078201294,2.729749917984009,2.640749931335449,2.6952500343322754,880920000
2017-01-11,2.5837361812591553,2.628999948501587,2.6549999713897705,2.603749990463257,2.6500000953674316,525664000
2017-01-12,2.5414769649505615,2.5859999656677246,2.617500066757202,2.5404999256134033,2.60575008392334,625616000
2017-01-13,2.541231393814087,2.585750102996826,2.625,2.5764999389648438,2.5899999141693115,457820000
2017-01-17,2.4842300415039062,2.527750015258789,2.5799999237060547,2.5142500400543213,2.575000047683716,580612000
2017-01-18,2.529437780380249,2.5737500190734863,2.580749988555908,2.477750062942505,2.50600004196167,654424000
2017-01-19,2.5837361812591553,2.628999948501587,2.6614999771118164,2.57450008392334,2.5767500400543213,644872000
2017-01-20,2.555481433868408,2.600250005722046,2.6700000762939453,2.578000068664551,2.6519999504089355,492024000
2017-01-23,2.5820164680480957,2.6272499561309814,2.6475000381469727,2.5924999713897705,2.5950000286102295,369904000
2017-01-24,2.6370532512664795,2.6832499504089355,2.689500093460083,2.622499942779541,2.637500047683716,428052000
2017-01-25,2.6483545303344727,2.6947500705718994,2.7325000762939453,2.658250093460083,2.726249933242798,522760000
2017-01-26,2.694053888320923,2.7412500381469727,2.7487499713897705,2.6675000190734863,2.697499990463257,458800000
2017-01-27,2.746140956878662,2.794250011444092,2.7972500324249268,2.721250057220459,2.7482500076293945,471996000
2017-01-30,2.7031445503234863,2.750499963760376,2.77524995803833,2.6977500915527344,2.7730000019073486,496004000
2017-01-31,2.6825063228607178,2.7295000553131104,2.7512500286102295,2.7049999237060547,2.723750114440918,362756000
2017-02-01,2.7997031211853027,2.848750114440918,2.8529999256134033,2.746500015258789,2.7644999027252197,590004000
2017-02-02,2.835082530975342,2.8847498893737793,2.8935000896453857,2.801500082015991,2.8324999809265137,483240000
2017-02-03,2.810267210006714,2.859499931335449,2.8975000381469727,2.8475000858306885,2.8862500190734863,372744000
2017-02-06,2.882256269454956,2.9327499866485596,2.9332499504089355,2.8499999046325684,2.8499999046325684,506768000
2017-02-07,2.926974296569824,2.978250026702881,3.0230000019073486,2.947499990463257,2.9674999713897705,746224000
2017-02-08,2.9141974449157715,2.965250015258789,2.9827499389648438,2.9094998836517334,2.9600000381469727,449580000
2017-02-09,2.8594071865081787,2.9094998836517334,2.9765000343322754,2.890000104904175,2.9714999198913574,842568000
2017-02-10,2.791595935821533,2.8405001163482666,3.0174999237060547,2.815000057220459,2.9982500076293945,1651092000
2017-02-13,2.6628499031066895,2.7095000743865967,2.8494999408721924,2.7049999237060547,2.834749937057495,1180724000
2017-02-14,2.672677993774414,2.7195000648498535,2.7537500858306885,2.657249927520752,2.6997499465942383,850632000
2017-02-15,2.6780834197998047,2.7249999046325684,2.744999885559082,2.694000005722046,2.7225000858306885,373020000
2017-02-16,2.635087013244629,2.6812500953674316,2.7360000610351562,2.6414999961853027,2.7347500324249268,647176000
2017-02-17,2.6345956325531006,2.6807498931884766,2.6852500438690186,2.6197500228881836,2.6675000190734863,563740000
2017-02-21,2.72894287109375,2.776750087738037,2.780750036239624,2.7054998874664307,2.705749988555908,551952000
2017-02-22,2.724760055541992,2.7690000534057617,2.7950000762939453,2.7497498989105225,2.7855000495910645,433772000
2017-02-23,2.4721124172210693,2.5122499465942383,2.659749984741211,2.492000102996826,2.637500047683716,1592888000
2017-02-24,2.4959750175476074,2.5364999771118164,2.549999952316284,2.3924999237060547,2.4267499446868896,1029904000
2017-02-27,2.5685465335845947,2.6102499961853027,2.625499963760376,2.5390000343322754,2.555000066757202,715400000
2017-02-28,2.496467113494873,2.5369999408721924,2.630000114440918,2.5195000171661377,2.619999885559082,625360000
2017-03-01,2.5286941528320312,2.5697500705718994,2.609250068664551,2.527750015258789,2.594749927520752,504804000
2017-03-02,2.435457468032837,2.4749999046325684,2.571000099182129,2.472249984741211,2.5567500591278076,754332000
2017-03-03,2.421435594558716,2.460750102996826,2.469249963760376,2.4054999351501465,2.464250087738037,864692000
2017-03-06,2.4027390480041504,2.4417500495910645,2.452500104904175,2.3792500495910645,2.4240000247955322,883568000
2017-03-07,2.4290616512298584,2.4684998989105225,2.4882500171661377,2.4287500381469727,2.4417500495910645,603400000
2017-03-08,2.424633502960205,2.4639999866485596,2.5325000286102295,2.461750030517578,2.5174999237060547,638712000
2017-03-09,2.4241411685943604,2.4635000228881836,2.4862499237060547,2.434999942779541,2.4477500915527344,478060000
2017-03-10,2.4384090900421143,2.4779999256134033,2.5022499561309814,2.4595000743865967,2.4902501106262207,499740000
2017-03-13,2.505568742752075,2.546250104904175,2.5562500953674316,2.4877500534057617,2.4885001182556152,774136000
2017-03-14,2.503847122192383,2.5445001125335693,2.5687499046325684,2.5117499828338623,2.5592501163482666,522016000
2017-03-15,2.52278995513916,2.5637500286102295,2.5747499465942383,2.507999897003174,2.5562500953674316,615036000
2017-03-16,2.553786039352417,2.595249891281128,2.595750093460083,2.5602500438690186,2.57450008392334,523100000
2017-03-17,2.6093838214874268,2.651750087738037,2.6530001163482666,2.595249891281128,2.61299991607666,1119688000
2017-03-20,2.6925337314605713,2.7362499237060547,2.7402501106262207,2.653249979019165,2.6695001125335693,748568000
2017-03-21,2.605447769165039,2.647749900817871,2.749000072479248,2.6397500038146973,2.71875,913484000
2017-03-22,2.658585548400879,2.7017500400543213,2.7065000534057617,2.632499933242798,2.6364998817443848,616764000
2017-03-23,2.6344761848449707,2.6772499084472656,2.7139999866485596,2.6675000190734863,2.6937499046325684,533940000
2017-03-24,2.643824815750122,2.6867499351501465,2.7322499752044678,2.6605000495910645,2.724250078201294,439500000
2017-03-27,2.6630125045776367,2.706249952316284,2.710249900817871,2.5894999504089355,2.6394999027252197,506644000
2017-03-28,2.6492366790771484,2.6922500133514404,2.722249984741211,2.6817500591278076,2.7074999809265137,432444000
2017-03-29,2.6406264305114746,2.683500051498413,2.712249994277954,2.6812500953674316,2.6997499465942383,349992000
2017-03-30,2.6913034915924072,2.734999895095825,2.75,2.684999942779541,2.6907498836517334,525532000
2017-03-31,2.6797409057617188,2.723249912261963,2.7472500801086426,2.7100000381469727,2.725250005722046,440808000
2017-04-03,2.666210651397705,2.7095000743865967,2.7412500381469727,2.685499906539917,2.723750114440918,445232000
2017-04-04,2.479247570037842,2.5195000171661377,2.6105000972747803,2.508500099182129,2.5850000381469727,1271280000
2017-04-05,2.4607961177825928,2.5007500648498535,2.5592501163482666,2.487499952316284,2.500499963760376,747048000
2017-04-06,2.478754997253418,2.5190000534057617,2.53125,2.460249900817871,2.50600004196167,635120000
2017-04-07,2.4681766033172607,2.5082499980926514,2.54325008392334,2.493000030517578,2.5255000591278076,429068000
2017-04-10,2.4051990509033203,2.4442501068115234,2.515749931335449,2.440000057220459,2.509000062942505,756332000
2017-04-11,2.4138097763061523,2.453000068664551,2.4725000858306885,2.408750057220459,2.413749933242798,618148000
2017-04-12,2.3938827514648438,2.4327499866485596,2.4674999713897705,2.427500009536743,2.453000068664551,414092000
2017-04-13,2.349108934402466,2.3872499465942383,2.4302499294281006,2.3872499465942383,2.408250093460083,506892000
2017-04-17,2.441115617752075,2.48075008392334,2.4809999465942383,2.3949999809265137,2.40024995803833,497292000
2017-04-18,2.442592144012451,2.4822499752044678,2.4885001182556152,2.440000057220459,2.466249942779541,370116000
2017-04-19,2.452186346054077,2.492000102996826,2.5244998931884766,2.4852499961853027,2.5,380828000
2017-04-20,2.4910552501678467,2.5315001010894775,2.536250114440918,2.4852499961853027,2.5067501068115234,404016000
2017-04-21,2.50138783454895,2.5420000553131104,2.5447499752044678,2.509000062942505,2.5209999084472656,341896000
2017-04-24,2.53262996673584,2.5737500190734863,2.5869998931884766,2.5527501106262207,2.5739998817443848,371820000
2017-04-25,2.576664924621582,2.618499994277954,2.6332499980926514,2.5667500495910645,2.5885000228881836,388440000
2017-04-26,2.558952808380127,2.6005001068115234,2.6347498893737793,2.5985000133514404,2.6322500705718994,327004000
2017-04-27,2.5988056659698486,2.6410000324249268,2.6494998931884766,2.589750051498413,2.6080000400543213,319700000
2017-04-28,2.565840721130371,2.6075000762939453,2.6410000324249268,2.601749897003174,2.634000062942505,348248000
2017-05-01,2.623406171798706,2.6659998893737793,2.671250104904175,2.6112499237060547,2.618499994277954,307732000
2017-05-02,2.545668601989746,2.5869998931884766,2.640000104904175,2.563999891281128,2.6387500762939453,629972000
2017-05-03,2.5646114349365234,2.606250047683716,2.615999937057495,2.565000057220459,2.5799999237060547,336904000
2017-05-04,2.5547704696655273,2.596250057220459,2.6237499713897705,2.588249921798706,2.612499952316284,209788000
2017-05-05,2.555016279220581,2.5964999198913574,2.603749990463257,2.5687499046325684,2.5845000743865967,228428000
2017-05-08,2.528202533721924,2.5692501068115234,2.609999895095825,2.5577499866485596,2.6085000038146973,365240000
2017-05-09,2.532384157180786,2.573499917984009,2.6232500076293945,2.566499948501587,2.575000047683716,847672000
2017-05-10,2.983804941177368,3.032249927520752,3.0455000400543213,2.8505001068115234,2.8572499752044678,2129096000
2017-05-11,3.1119742393493652,3.1624999046325684,3.2607500553131104,2.9977500438690186,3.0012500286102295,1939792000
2017-05-12,3.1461684703826904,3.1972498893737793,3.240000009536743,3.1445000171661377,3.165750026702881,962620000
2017-05-15,3.3041040897369385,3.3577499389648438,3.3602499961853027,3.234499931335449,3.239000082015991,1087540000
2017-05-16,3.365605354309082,3.4202499389648438,3.436000108718872,3.3340001106262207,3.4094998836517334,1120700000
2017-05-17,3.141986131668091,3.193000078201294,3.371500015258789,3.1887500286102295,3.3524999618530273,1271368000
2017-05-18,3.273599863052368,3.3267500400543213,3.335750102996826,3.1762499809265137,3.237499952316284,1156032000
2017-05-19,3.349203109741211,3.4000000953674316,3.4554998874664307,3.380500078201294,3.4257500171661377,1018372000
2017-05-22,3.4206202030181885,3.4725000858306885,3.486999988555908,3.4332499504089355,3.4442501068115234,836608000
2017-05-23,3.374568462371826,3.4257500171661377,3.4947500228881836,3.3927500247955322,3.492500066757202,681248000
2017-05-24,3.4124932289123535,3.464250087738037,3.526750087738037,3.4519999027252197,3.5239999294281006,815996000
2017-05-25,3.4048590660095215,3.4565000534057617,3.5007500648498535,3.4110000133514404,3.5,608228000
2017-05-26,3.4930214881896973,3.5460000038146973,3.631999969482422,3.4277501106262207,3.4482500553131104,779140000
2017-05-30,3.5676398277282715,3.6217501163482666,3.657249927520752,3.5762500762939453,3.5924999713897705,989652000
2017-05-31,3.5548346042633057,3.608750104904175,3.674999952316284,3.5512499809265137,3.667249917984009,887316000
2017-06-01,3.555079936981201,3.6089999675750732,3.6257500648498535,3.562999963760376,3.6247498989105225,503340000
2017-06-02,3.537348985671997,3.5910000801086426,3.632499933242798,3.5850000381469727,3.6059999465942383,487456000
2017-06-05,3.6449668407440186,3.7002499103546143,3.713249921798706,3.5627501010894775,3.57450008392334,817376000
2017-06-06,3.628467082977295,3.683500051498413,3.7422499656677246,3.6700000762939453,3.695499897003174,758728000
2017-06-07,3.6723029613494873,3.7279999256134033,3.746999979019165,3.692500114440918,3.708250045776367,612612000
2017-06-08,3.9387617111206055,3.998500108718872,4.0,3.7947499752044678,3.8364999294281006,1161744000
2017-06-09,3.6841230392456055,3.740000009536743,4.212500095367432,3.5687499046325684,4.118500232696533,3692928000
2017-06-12,3.69323468208313,3.7492499351501465,3.7925000190734863,3.5527501106262207,3.6470000743865967,1697532000
2017-06-13,3.7284505367279053,3.7850000858306885,3.8692500591278076,3.641249895095825,3.859999895095825,1672504000
2017-06-14,3.7363314628601074,3.7929999828338623,3.8515000343322754,3.7125000953674316,3.7880001068115234,1184640000
2017-06-15,3.7523393630981445,3.8092501163482666,3.8399999141693115,3.6624999046325684,3.6740000247955322,963824000
2017-06-16,3.7338688373565674,3.7904999256134033,3.867500066757202,3.75600004196167,3.819000005722046,924960000
2017-06-19,3.874239683151245,3.933000087738037,3.9382500648498535,3.8315000534057617,3.835249900817871,778176000
2017-06-20,3.8685758113861084,3.9272499084472656,4.043499946594238,3.9230000972747803,3.975749969482422,1095444000
2017-06-21,3.927186965942383,3.9867498874664307,3.990499973297119,3.8924999237060547,3.9552500247955322,682652000
2017-06-22,3.9000978469848633,3.959249973297119,4.008500099182129,3.934999942779541,3.994999885559082,469132000
2017-06-23,3.7882940769195557,3.845750093460083,3.9830000400543213,3.8304998874664307,3.9670000076293945,1088588000
2017-06-26,3.7469217777252197,3.8037500381469727,3.9149999618530273,3.708250045776367,3.878999948501587,1063960000
2017-06-27,3.6097514629364014,3.6644999980926514,3.7947499752044678,3.658750057220459,3.7860000133514404,999492000
2017-06-28,3.737070322036743,3.793750047683716,3.7985000610351562,3.643749952316284,3.7330000400543213,994948000
2017-06-29,3.6122145652770996,3.6670000553131104,3.7679998874664307,3.6019999980926514,3.765000104904175,1064424000
2017-06-30,3.5600054264068604,3.614000082015991,3.6982500553131104,3.5875000953674316,3.684499979019165,731060000
2017-07-03,3.4312093257904053,3.4832499027252197,3.641249895095825,3.4644999504089355,3.6262500286102295,709072000
2017-07-05,3.5228192806243896,3.5762500762939453,3.6054999828338623,3.528249979019165,3.547499895095825,820188000
2017-07-06,3.5334091186523438,3.5869998931884766,3.634500026702881,3.49399995803833,3.546750068664551,746284000
2017-07-07,3.6141834259033203,3.6689999103546143,3.6875,3.6212499141693115,3.6445000171661377,654972000
2017-07-10,3.7850916385650635,3.8424999713897705,3.8499999046325684,3.7170000076293945,3.743499994277954,958492000
2017-07-11,3.838777780532837,3.8970000743865967,3.904750108718872,3.8037500381469727,3.846250057220459,757956000
2017-07-12,4.002052307128906,4.062749862670898,4.074999809265137,3.9140000343322754,3.9574999809265137,1145208000
2017-07-13,3.955753803253174,4.015749931335449,4.15749979019165,3.96875,4.074999809265137,1369132000
2017-07-14,4.062140464782715,4.12375020980835,4.125249862670898,4.02524995803833,4.032249927520752,941948000
2017-07-17,4.044900894165039,4.106249809265137,4.1875,4.043749809265137,4.158249855041504,930792000
2017-07-18,4.087013244628906,4.14900016784668,4.163750171661377,4.03249979019165,4.04449987411499,776640000
2017-07-19,4.0658345222473145,4.127500057220459,4.184999942779541,4.115250110626221,4.158249855041504,687044000
2017-07-20,4.124938488006592,4.1875,4.187749862670898,4.097750186920166,4.148250102996826,699596000
2017-07-21,4.139713287353516,4.202499866485596,4.232500076293945,4.152249813079834,4.166749954223633,648332000
2017-07-24,4.091691493988037,4.153749942779541,4.2195000648498535,4.14300012588501,4.209750175476074,652524000
2017-07-25,4.071990966796875,4.133749961853027,4.148250102996826,4.0894999504089355,4.130499839782715,496556000
2017-07-26,4.119027614593506,4.18149995803833,4.2482500076293945,4.146249771118164,4.191999912261963,640404000
2017-07-27,3.983088731765747,4.043499946594238,4.218500137329102,3.938999891281128,4.20674991607666,782856000
2017-07-28,4.048349380493164,4.109749794006348,4.134500026702881,3.9820001125335693,4.00724983215332,513348000
2017-07-31,4.002052307128906,4.062749862670898,4.159999847412109,4.015500068664551,4.123499870300293,559672000
2017-08-01,4.050811290740967,4.112249851226807,4.113999843597412,4.025000095367432,4.053249835968018,431384000
2017-08-02,4.048349380493164,4.109749794006348,4.147749900817871,4.031750202178955,4.143750190734863,478444000
2017-08-03,4.099819660186768,4.1620001792907715,4.165750026702881,4.0920000076293945,4.109250068664551,442420000
2017-08-04,4.117795944213867,4.18025016784668,4.2517499923706055,4.1620001792907715,4.184999942779541,589096000
2017-08-07,4.244375228881836,4.308750152587891,4.3092498779296875,4.199999809265137,4.209750175476074,717412000
2017-08-08,4.193891525268555,4.257500171661377,4.363999843597412,4.217750072479248,4.347249984741211,755336000
2017-08-09,4.238466262817383,4.302750110626221,4.30525016784668,4.1917500495910645,4.210750102996826,530784000
2017-08-10,4.056968688964844,4.118500232696533,4.316500186920166,4.108250141143799,4.303999900817871,1328088000
2017-08-11,3.8407480716705322,3.8989999294281006,3.9749999046325684,3.8227500915527344,3.928499937057495,1497196000
2017-08-14,4.147101402282715,4.210000038146973,4.213749885559082,3.9800000190734863,3.9917500019073486,1279020000
2017-08-15,4.112131595611572,4.174499988555908,4.2417497634887695,4.139750003814697,4.215250015258789,764532000
2017-08-16,4.067065238952637,4.128749847412109,4.213500022888184,4.0960001945495605,4.1897501945495605,596632000
2017-08-17,3.9764387607574463,4.036749839782715,4.137499809265137,4.0345001220703125,4.120250225067139,525444000
2017-08-18,3.977179527282715,4.037499904632568,4.109000205993652,3.990999937057495,4.091750144958496,601204000
2017-08-21,3.9193055629730225,3.978749990463257,4.073750019073486,3.9342501163482666,4.062250137329102,623672000
2017-08-22,4.006561279296875,4.06374979019165,4.06974983215332,3.9927499294281006,4.012249946594238,450456000
2017-08-23,4.086668014526367,4.144999980926514,4.15625,4.021249771118164,4.03000020980835,579520000
2017-08-24,4.07163143157959,4.129749774932861,4.182000160217285,4.103000164031982,4.177499771118164,469700000
2017-08-25,4.037617206573486,4.095250129699707,4.1645002365112305,4.088749885559082,4.154250144958496,357200000
2017-08-28,4.066208362579346,4.1242499351501465,4.127500057220459,4.0582499504089355,4.114500045776367,389496000
2017-08-29,4.059554100036621,4.117499828338623,4.139500141143799,4.05649995803833,4.0647501945495605,324096000
2017-08-30,4.083709716796875,4.142000198364258,4.153250217437744,4.106750011444092,4.137499809265137,384400000
2017-08-31,4.176385402679443,4.236000061035156,4.239999771118164,4.15500020980835,4.162499904632568,612684000
2017-09-01,4.201525688171387,4.261499881744385,4.297500133514404,4.239999771118164,4.24875020980835,445432000
2017-09-05,4.089379787445068,4.147749900817871,4.2144999504089355,4.089000225067139,4.209499835968018,695364000
2017-09-06,4.086914539337158,4.145249843597412,4.195000171661377,4.110000133514404,4.181000232696533,397672000
2017-09-07,4.105894088745117,4.1645002365112305,4.197249889373779,4.12375020980835,4.16225004196167,352868000
2017-09-08,4.034659385681152,4.092249870300293,4.167749881744385,4.067749977111816,4.152750015258789,498856000
2017-09-11,4.165542125701904,4.224999904632568,4.235750198364258,4.132999897003174,4.138500213623047,567444000
2017-09-12,4.180577278137207,4.240250110626221,4.25,4.17425012588501,4.25,411488000
2017-09-13,4.199309825897217,4.259250164031982,4.28849983215332,4.182000160217285,4.214749813079834,580960000
2017-09-14,4.175400733947754,4.235000133514404,4.314000129699707,4.195000171661377,4.219749927520752,513712000
2017-09-15,4.439382076263428,4.502749919891357,4.502749919891357,4.316249847412109,4.321499824523926,1364792000
2017-09-18,4.622764587402344,4.68874979019165,4.78000020980835,4.621500015258789,4.628499984741211,1684460000
2017-09-19,4.61783504486084,4.683750152587891,4.746250152587891,4.615499973297119,4.637750148773193,874280000
2017-09-20,4.5806169509887695,4.645999908447266,4.735499858856201,4.605249881744385,4.6875,724920000
2017-09-21,4.455403804779053,4.519000053405762,4.567500114440918,4.440249919891357,4.540999889373779,1075600000
2017-09-22,4.412024021148682,4.474999904632568,4.557750225067139,4.465000152587891,4.507500171661377,491232000
2017-09-25,4.21483850479126,4.275000095367432,4.445000171661377,4.254000186920166,4.443749904632568,874580000
2017-09-26,4.238497734069824,4.298999786376953,4.4670000076293945,4.258749961853027,4.411250114440918,1125620000
2017-09-27,4.331424713134766,4.393249988555908,4.406750202178955,4.318749904632568,4.390500068664551,713720000
2017-09-28,4.330189228057861,4.392000198364258,4.4045000076293945,4.343999862670898,4.4004998207092285,435244000
2017-09-29,4.4063544273376465,4.469250202178955,4.493249893188477,4.431250095367432,4.4770002365112305,619092000
2017-10-02,4.412024021148682,4.474999904632568,4.549499988555908,4.425000190734863,4.519999980926514,503480000
2017-10-03,4.421142578125,4.484250068664551,4.514500141143799,4.439499855041504,4.481249809265137,390332000
2017-10-04,4.4581146240234375,4.521749973297119,4.544250011444092,4.453499794006348,4.490499973297119,427848000
2017-10-05,4.455650806427002,4.51924991607666,4.550000190734863,4.488999843597412,4.546500205993652,437364000
2017-10-06,4.468714237213135,4.53249979019165,4.546000003814697,4.474999904632568,4.491250038146973,318800000
2017-10-09,4.569524765014648,4.634749889373779,4.66825008392334,4.550749778747559,4.56974983215332,563492000
2017-10-10,4.656780242919922,4.723249912261963,4.823750019073486,4.68149995803833,4.785749912261963,974876000
2017-10-11,4.70632266998291,4.773499965667725,4.775000095367432,4.69350004196167,4.739999771118164,529508000
2017-10-12,4.708539962768555,4.775750160217285,4.827250003814697,4.7482500076293945,4.7769999504089355,528292000
2017-10-13,4.796287536621094,4.864749908447266,4.875,4.791250228881836,4.838749885559082,628728000
2017-10-16,4.878612995147705,4.948249816894531,4.951250076293945,4.830999851226807,4.894999980926514,576640000
2017-10-17,4.874176502227783,4.943749904632568,4.972499847412109,4.908750057220459,4.927249908447266,478596000
2017-10-18,4.869985580444336,4.939499855041504,4.953499794006348,4.833000183105469,4.952750205993652,567316000
2017-10-19,4.875410079956055,4.945000171661377,4.949999809265137,4.81125020980835,4.861000061035156,570772000
2017-10-20,4.8532257080078125,4.922500133514404,4.989749908447266,4.91349983215332,4.962250232696533,451620000
2017-10-23,4.846323490142822,4.915500164031982,4.971250057220459,4.894999980926514,4.944499969482422,428696000
2017-10-24,4.897099494934082,4.9670000076293945,4.96875,4.898499965667725,4.924749851226807,407244000
2017-10-25,4.773365497589111,4.8414998054504395,4.980500221252441,4.779250144958496,4.927000045776367,828160000
2017-10-26,4.82340145111084,4.892250061035156,4.9039998054504395,4.845250129699707,4.869500160217285,322744000
2017-10-27,4.975480556488037,5.046500205993652,5.046750068664551,4.918749809265137,4.945000171661377,572192000
2017-10-30,5.0242838859558105,5.0960001945495605,5.152249813079834,5.0304999351501465,5.046500205993652,504056000
2017-10-31,5.097489356994629,5.170249938964844,5.197249889373779,5.122499942779541,5.1282501220703125,411908000
2017-11-01,5.107101917266846,5.179999828338623,5.2492499351501465,5.114999771118164,5.233749866485596,502576000
2017-11-02,5.076045513153076,5.148499965667725,5.195250034332275,5.091249942779541,5.150000095367432,342308000
2017-11-03,5.143827438354492,5.217249870300293,5.217249870300293,5.133500099182129,5.179999828338623,353640000
2017-11-06,5.166996479034424,5.240749835968018,5.249499797821045,5.167500019073486,5.179999828338623,389944000
2017-11-07,5.226152420043945,5.300749778747559,5.322500228881836,5.251500129699707,5.263750076293945,427700000
2017-11-08,5.1554131507873535,5.229000091552734,5.300000190734863,5.181000232696533,5.296249866485596,522988000
2017-11-09,5.06076192855835,5.132999897003174,5.158249855041504,5.009250164031982,5.131750106811523,978564000
2017-11-10,5.327455997467041,5.403500080108643,5.466750144958496,5.290750026702881,5.327000141143799,1253256000
2017-11-13,5.240941524505615,5.3157501220703125,5.4292497634887695,5.300250053405762,5.403500080108643,582376000
2017-11-14,5.279146194458008,5.354499816894531,5.369999885559082,5.280749797821045,5.324999809265137,529292000
2017-11-15,5.175623893737793,5.249499797821045,5.300000190734863,5.195000171661377,5.298749923706055,501948000
2017-11-16,5.215799331665039,5.290249824523926,5.355000019073486,5.28125,5.32450008392334,441768000
2017-11-17,5.209636688232422,5.283999919891357,5.383749961853027,5.268750190734863,5.3480000495910645,515664000
2017-11-20,5.276680946350098,5.3520002365112305,5.364250183105469,5.262499809265137,5.299749851226807,396100000
2017-11-21,5.32523775100708,5.401249885559082,5.413000106811523,5.360000133514404,5.392250061035156,399176000
2017-11-22,5.3013129234313965,5.3732500076293945,5.425000190734863,5.340250015258789,5.425000190734863,356640000
2017-11-24,5.351383686065674,5.423999786376953,5.425000190734863,5.364999771118164,5.389750003814697,180752000
2017-11-27,5.281826972961426,5.353499889373779,5.434000015258789,5.350249767303467,5.432750225067139,422896000
2017-11-28,5.197225570678711,5.267749786376953,5.368249893188477,5.205999851226807,5.358749866485596,512752000
2017-11-29,4.844758033752441,4.9105000495910645,5.252999782562256,4.780749797821045,5.250249862670898,1396788000
2017-11-30,4.950572967529297,5.017749786376953,5.066999912261963,4.916250228881836,4.980000019073486,823768000
2017-12-01,4.875835418701172,4.941999912261963,5.0032501220703125,4.8117499351501465,4.982749938964844,811548000
2017-12-04,4.604024887084961,4.666500091552734,5.007500171661377,4.612500190734863,5.00124979019165,1240844000
2017-12-05,4.63066291809082,4.69350004196167,4.817500114440918,4.514500141143799,4.559999942779541,981488000
2017-12-06,4.668155670166016,4.731500148773193,4.753499984741211,4.620999813079834,4.642499923706055,467032000
2017-12-07,4.735489845275879,4.799749851226807,4.840000152587891,4.752999782562256,4.798999786376953,542600000
2017-12-08,4.72315788269043,4.78725004196167,4.869500160217285,4.778749942779541,4.850249767303467,466876000
2017-12-11,4.801347255706787,4.866499900817871,4.869500160217285,4.7855000495910645,4.801499843597412,372748000
2017-12-12,4.707124710083008,4.770999908447266,4.8460001945495605,4.747250080108643,4.822500228881836,455016000
2017-12-13,4.592184543609619,4.6545000076293945,4.81374979019165,4.646999835968018,4.8125,554280000
2017-12-14,4.599339008331299,4.661749839782715,4.733500003814697,4.614999771118164,4.6479997634887695,438164000
2017-12-15,4.7248854637146,4.789000034332275,4.809500217437744,4.640500068664551,4.706250190734863,670036000
2017-12-18,4.881261348724365,4.947500228881836,4.950500011444092,4.800000190734863,4.829999923706055,477704000
2017-12-19,4.837111949920654,4.902750015258789,4.9432501792907715,4.874000072479248,4.938000202178955,373100000
2017-12-20,4.854129791259766,4.920000076293945,4.951749801635742,4.863749980926514,4.942500114440918,288820000
2017-12-21,4.831685543060303,4.897250175476074,4.948750019073486,4.888750076293945,4.923500061035156,300904000
2017-12-22,4.8163933753967285,4.881750106811523,4.891250133514404,4.78125,4.860000133514404,466276000
2017-12-26,4.869915008544922,4.935999870300293,4.943749904632568,4.795499801635742,4.82574987411499,355080000
2017-12-27,4.863256454467773,4.9292497634887695,4.9992499351501465,4.907750129699707,4.922500133514404,329488000
2017-12-28,4.8689284324646,4.934999942779541,4.984499931335449,4.928750038146973,4.953249931335449,240248000
2017-12-29,4.772735118865967,4.837500095367432,4.96150016784668,4.837500095367432,4.96150016784668,279964000
2018-01-02,4.91702938079834,4.983749866485596,4.987500190734863,4.862500190734863,4.894499778747559,355616000
2018-01-03,5.240635395050049,5.3117499351501465,5.34250020980835,5.09375,5.102499961853027,914704000
2018-01-04,5.2682600021362305,5.339749813079834,5.451250076293945,5.317249774932861,5.394000053405762,583268000
2018-01-05,5.312905788421631,5.385000228881836,5.422749996185303,5.2769999504089355,5.354750156402588,580124000
2018-01-08,5.475696086883545,5.550000190734863,5.625,5.4644999504089355,5.510000228881836,881216000
2018-01-09,5.474215030670166,5.548500061035156,5.5954999923706055,5.466000080108643,5.555500030517578,497000000
2018-01-10,5.517133712768555,5.5920000076293945,5.5954999923706055,5.400000095367432,5.454999923706055,582664000
2018-01-11,5.526999473571777,5.6020002365112305,5.656750202178955,5.580249786376953,5.625,406032000
2018-01-12,5.499868392944336,5.57450008392334,5.624750137329102,5.5335001945495605,5.590000152587891,359916000
2018-01-16,5.429078578948975,5.502749919891357,5.687749862670898,5.417250156402588,5.601250171661377,702348000
2018-01-17,5.54278564453125,5.618000030517578,5.627999782562256,5.422500133514404,5.517499923706055,538408000
2018-01-18,5.535880088806152,5.611000061035156,5.665999889373779,5.566999912261963,5.598499774932861,408632000
2018-01-19,5.6757330894470215,5.752749919891357,5.777249813079834,5.675000190734863,5.702250003814697,609380000
2018-01-22,5.764033794403076,5.842249870300293,5.843999862670898,5.702499866485596,5.760749816894531,550944000
2018-01-23,5.892786026000977,5.972750186920166,5.9957499504089355,5.877500057220459,5.896249771118164,475228000
2018-01-24,5.81607723236084,5.894999980926514,6.012249946594238,5.838749885559082,5.97599983215332,579972000
2018-01-25,5.82964563369751,5.908750057220459,5.993750095367432,5.893750190734863,5.949999809265137,409884000
2018-01-26,6.00180721282959,6.083250045776367,6.083499908447266,5.940000057220459,5.953000068664551,516356000
2018-01-29,6.088627338409424,6.171249866485596,6.202750205993652,6.015250205993652,6.06850004196167,455116000
2018-01-30,5.98676061630249,6.067999839782715,6.1605000495910645,5.960249900817871,6.027750015258789,570832000
2018-01-31,6.062730312347412,6.144999980926514,6.231750011444092,6.111249923706055,6.14424991607666,478576000
2018-02-01,5.932002544403076,6.012499809265137,6.172500133514404,5.951499938964844,5.9629998207092285,519224000
2018-02-02,5.759839057922363,5.8379998207092285,5.949250221252441,5.779250144958496,5.925000190734863,718464000
2018-02-05,5.270975112915039,5.34250020980835,5.830749988555908,5.125,5.675000190734863,1165204000
2018-02-06,5.563998222351074,5.639500141143799,5.642499923706055,5.099999904632568,5.110000133514404,1114800000
2018-02-07,5.6434197425842285,5.71999979019165,5.8742499351501465,5.667500019073486,5.739500045776367,802932000
2018-02-08,5.3651957511901855,5.438000202178955,5.880499839782715,5.437749862670898,5.8470001220703125,1144000000
2018-02-09,5.724323272705078,5.802000045776367,5.972249984741211,5.438000202178955,5.956250190734863,1674604000
2018-02-12,5.624427318572998,5.70074987411499,5.88700008392334,5.6257500648498535,5.883999824523926,1093172000
2018-02-13,5.737888813018799,5.8157501220703125,5.862500190734863,5.631249904632568,5.664000034332275,625524000
2018-02-14,5.954696178436279,6.0355000495910645,6.0647501945495605,5.763750076293945,5.775000095367432,744988000
2018-02-15,6.079995632171631,6.162499904632568,6.209249973297119,6.038000106811523,6.119750022888184,698900000
2018-02-16,6.01438570022583,6.0960001945495605,6.25,6.086750030517578,6.135000228881836,637656000
2018-02-20,6.143631935119629,6.2270002365112305,6.296750068664551,6.114999771118164,6.118750095367432,686240000
2018-02-21,5.956915855407715,6.037749767303467,6.29925012588501,6.033999919891357,6.292250156402588,892292000
2018-02-22,5.976414680480957,6.053750038146973,6.140749931335449,5.987500190734863,6.0682501792907715,534364000
2018-02-23,6.069707870483398,6.148250102996826,6.148250102996826,6.063000202178955,6.114250183105469,415300000
2018-02-26,6.085749626159668,6.1645002365112305,6.19950008392334,6.101500034332275,6.195000171661377,469312000
2018-02-27,6.072916507720947,6.151500225067139,6.222750186920166,6.1282501220703125,6.137499809265137,455436000
2018-02-28,5.972712993621826,6.050000190734863,6.202499866485596,6.038249969482422,6.162499904632568,523116000
2018-03-01,5.731087684631348,5.80525016784668,6.102250099182129,5.703000068664551,6.047749996185303,1040120000
2018-03-02,5.837957382202148,5.91349983215332,5.920000076293945,5.546249866485596,5.696499824523926,913428000
2018-03-05,5.8159894943237305,5.891250133514404,5.931250095367432,5.73799991607666,5.862750053405762,620776000
2018-03-06,5.976660251617432,6.053999900817871,6.073500156402588,5.934000015258789,5.977499961853027,636808000
2018-03-07,5.968761920928955,6.046000003814697,6.098750114440918,5.948750019073486,5.949999809265137,581208000
2018-03-08,5.9524736404418945,6.0295000076293945,6.073750019073486,5.984749794006348,6.073750019073486,411912000
2018-03-09,6.054896831512451,6.1332502365112305,6.146249771118164,6.06125020980835,6.077499866485596,505524000
2018-03-12,6.164231300354004,6.24399995803833,6.324999809265137,6.166749954223633,6.175000190734863,605060000
2018-03-13,6.113638401031494,6.192749977111816,6.362500190734863,6.151000022888184,6.28725004196167,619772000
2018-03-14,6.139059543609619,6.218500137329102,6.263750076293945,6.1554999351501465,6.236249923706055,505496000
2018-03-15,6.153869152069092,6.233500003814697,6.315499782562256,6.190999984741211,6.232250213623047,401952000
2018-03-16,6.182003021240234,6.26200008392334,6.28125,6.211999893188477,6.25,399456000
2018-03-19,5.948031425476074,6.025000095367432,6.233749866485596,5.925000190734863,6.204500198364258,713772000
2018-03-20,6.159791469573975,6.239500045776367,6.278749942779541,6.0279998779296875,6.0279998779296875,554696000
2018-03-21,6.134616374969482,6.214000225067139,6.300000190734863,6.1832499504089355,6.232999801635742,438688000
2018-03-22,5.969008922576904,6.046249866485596,6.197000026702881,6.008500099182129,6.150000095367432,551196000
2018-03-23,5.749844074249268,5.824250221252441,6.0625,5.813000202178955,6.059999942779541,735620000
2018-03-26,6.033919811248779,6.111999988555908,6.113249778747559,5.897500038146973,5.949999809265137,611424000
2018-03-27,5.565975666046143,5.638000011444092,6.25,5.496250152587891,6.193749904632568,1409000000
2018-03-28,5.463057041168213,5.533750057220459,5.734749794006348,5.425000190734863,5.603250026702881,945904000
2018-03-29,5.715785503387451,5.789750099182129,5.887499809265137,5.517499923706055,5.602749824523926,916628000
2018-04-02,5.455651760101318,5.526249885559082,5.866250038146973,5.4375,5.718500137329102,922092000
2018-04-03,5.561779499053955,5.633749961853027,5.758749961853027,5.533750057220459,5.695000171661377,667432000
2018-04-04,5.58374547958374,5.656000137329102,5.666500091552734,5.349999904632568,5.375249862670898,789168000
2018-04-05,5.4637980461120605,5.5345001220703125,5.728250026702881,5.462250232696533,5.715000152587891,701240000
2018-04-06,5.2878241539001465,5.356249809265137,5.539999961853027,5.326749801635742,5.430749893188477,662988000
2018-04-09,5.316453456878662,5.385250091552734,5.54925012588501,5.364999771118164,5.420000076293945,499524000
2018-04-10,5.624963283538818,5.697750091552734,5.724999904632568,5.5602498054504395,5.618000030517578,761676000
2018-04-11,5.58374547958374,5.656000137329102,5.7245001792907715,5.623000144958496,5.682750225067139,460244000
2018-04-12,5.790075302124023,5.864999771118164,5.882999897003174,5.705249786376953,5.75,593920000
2018-04-13,5.713565826416016,5.787499904632568,5.937749862670898,5.738749980926514,5.9292497634887695,503036000
2018-04-16,5.713319301605225,5.78725004196167,5.821000099182129,5.691999912261963,5.794250011444092,350792000
2018-04-17,5.862635612487793,5.938499927520752,5.960000038146973,5.783750057220459,5.840000152587891,447224000
2018-04-18,5.833759784698486,5.909249782562256,5.981249809265137,5.819250106811523,5.887499809265137,391364000
2018-04-19,5.6528496742248535,5.72599983215332,5.827499866485596,5.670000076293945,5.793749809265137,471996000
2018-04-20,5.644707202911377,5.717750072479248,5.802499771118164,5.68625020980835,5.717249870300293,386200000
2018-04-23,5.525497913360596,5.5970001220703125,5.787499904632568,5.5707502365112305,5.735750198364258,427508000
2018-04-24,5.45935583114624,5.53000020980835,5.71999979019165,5.464000225067139,5.623000144958496,414596000
2018-04-25,5.34730339050293,5.416500091552734,5.5395002365112305,5.257500171661377,5.5,588492000
2018-04-26,5.558570861816406,5.630499839782715,5.638750076293945,5.51324987411499,5.579999923706055,375824000
2018-04-27,5.585966110229492,5.658249855041504,5.757500171661377,5.615499973297119,5.737500190734863,400848000
2018-04-30,5.550673484802246,5.622499942779541,5.724999904632568,5.603000164031982,5.674749851226807,327844000
2018-05-01,5.605957984924316,5.678500175476074,5.681250095367432,5.554999828338623,5.614250183105469,253788000
2018-05-02,5.585472106933594,5.657750129699707,5.71999979019165,5.631249904632568,5.675000190734863,268248000
2018-05-03,5.750339984893799,5.824749946594238,5.851250171661377,5.64424991607666,5.690000057220459,443144000
2018-05-04,5.900150775909424,5.976500034332275,5.979750156402588,5.778250217437744,5.795750141143799,400660000
2018-05-07,6.13757848739624,6.2170000076293945,6.274750232696533,6.072249889373779,6.082250118255615,687616000
2018-05-08,6.180027961730957,6.260000228881836,6.262750148773193,6.167749881744385,6.217249870300293,506616000
2018-05-09,6.312811851501465,6.394499778747559,6.396749973297119,6.252749919891357,6.280250072479248,596760000
2018-05-10,6.420170307159424,6.5032501220703125,6.512499809265137,6.429999828338623,6.447999954223633,994080000
2018-05-11,6.2819600105285645,6.363249778747559,6.494750022888184,6.263500213623047,6.319499969482422,1214456000
2018-05-14,6.302443981170654,6.383999824523926,6.462250232696533,6.360000133514404,6.401750087738037,523140000
2018-05-15,6.060574531555176,6.138999938964844,6.322500228881836,6.037499904632568,6.31974983215332,963528000
2018-05-16,6.071681499481201,6.15024995803833,6.2129998207092285,6.062749862670898,6.099999904632568,553828000
2018-05-17,6.113638401031494,6.192749977111816,6.287499904632568,6.135749816894531,6.1519999504089355,519784000
2018-05-18,6.0699543952941895,6.148499965667725,6.3092498779296875,6.143499851226807,6.245250225067139,483716000
2018-05-21,6.02799654006958,6.105999946594238,6.2507500648498535,6.012249946594238,6.247000217437744,640624000
2018-05-22,5.989988803863525,6.067500114440918,6.144999980926514,6.006249904632568,6.119500160217285,518264000
2018-05-23,6.11322021484375,6.188499927520752,6.1897501945495605,6.006249904632568,6.006999969482422,442956000
2018-05-24,6.116923809051514,6.192249774932861,6.235000133514404,6.13100004196167,6.184750080108643,437372000
2018-05-25,6.156190872192383,6.23199987411499,6.248499870300293,6.169000148773193,6.204999923706055,292112000
2018-05-29,6.139151096343994,6.214749813079834,6.2835001945495605,6.167500019073486,6.213749885559082,352684000
2018-05-30,6.2478132247924805,6.324749946594238,6.333499908447266,6.223750114440918,6.24875020980835,390996000
2018-05-31,6.22805643081665,6.304749965667725,6.380000114440918,6.281750202178955,6.292500019073486,493868000
2018-06-01,6.362154960632324,6.440499782562256,6.446750164031982,6.341249942779541,6.349999904632568,421968000
2018-06-04,6.540707111358643,6.621250152587891,6.643499851226807,6.442500114440918,6.474999904632568,642024000
2018-06-05,6.546139240264893,6.6267499923706055,6.664750099182129,6.579249858856201,6.624499797821045,391712000
2018-06-06,6.5481157302856445,6.628749847412109,6.631999969482422,6.51924991607666,6.535749912261963,371356000
2018-06-07,6.492549419403076,6.572500228881836,6.63700008392334,6.481249809265137,6.625,369448000
2018-06-08,6.477237224578857,6.557000160217285,6.599999904632568,6.480000019073486,6.499000072479248,360456000
2018-06-11,6.436242580413818,6.515500068664551,6.586249828338623,6.502500057220459,6.544250011444092,265372000
2018-06-12,6.484647274017334,6.564499855041504,6.576749801635742,6.491499900817871,6.542250156402588,319160000
2018-06-13,6.480201244354248,6.559999942779541,6.641749858856201,6.550749778747559,6.565999984741211,338208000
2018-06-14,6.591581344604492,6.672749996185303,6.730000019073486,6.5904998779296875,6.605500221252441,430016000
2018-06-15,6.550831317901611,6.631499767303467,6.686999797821045,6.583749771118164,6.614999771118164,432260000
2018-06-18,6.546634197235107,6.6272501945495605,6.644999980926514,6.559500217437744,6.586999893188477,356268000
2018-06-19,6.4251298904418945,6.5042500495910645,6.591000080108643,6.375500202178955,6.5229997634887695,594932000
2018-06-20,6.477978229522705,6.557750225067139,6.611249923706055,6.506999969482422,6.545750141143799,369780000
2018-06-21,6.349559783935547,6.427750110626221,6.608500003814697,6.420000076293945,6.590000152587891,359516000
2018-06-22,6.197434425354004,6.273749828338623,6.462250232696533,6.2582502365112305,6.448750019073486,434160000
2018-06-25,5.905281066894531,5.978000164031982,6.170000076293945,5.888500213623047,6.166250228881836,665816000
2018-06-26,5.976158618927002,6.049749851226807,6.141250133514404,5.9977498054504395,6.09250020980835,478884000
2018-06-27,5.821314811706543,5.89300012588501,6.160749912261963,5.887499809265137,6.09375,453892000
2018-06-28,5.948252201080322,6.021500110626221,6.0335001945495605,5.875249862670898,5.882999897003174,338012000
2018-06-29,5.8504557609558105,5.922500133514404,6.099999904632568,5.921249866485596,6.087250232696533,392300000
2018-07-02,5.982333183288574,6.056000232696533,6.059750080108643,5.831500053405762,5.852250099182129,357572000
2018-07-03,5.848974227905273,5.921000003814697,6.0970001220703125,5.912499904632568,6.091000080108643,222732000
2018-07-05,5.994431972503662,6.0682501792907715,6.073249816894531,5.9375,5.976749897003174,306216000
2018-07-06,6.108034610748291,6.1832499504089355,6.1917500495910645,6.021999835968018,6.043499946594238,296352000
2018-07-09,6.155450344085693,6.231249809265137,6.26800012588501,6.151750087738037,6.2582502365112305,303880000
2018-07-10,6.254233360290527,6.331250190734863,6.353499889373779,6.203000068664551,6.243750095367432,360016000
2018-07-11,6.112972736358643,6.1882500648498535,6.272500038146973,6.177499771118164,6.237500190734863,367508000
2018-07-12,6.204348564147949,6.280749797821045,6.329249858856201,6.223999977111816,6.234000205993652,345508000
2018-07-13,6.157177448272705,6.232999801635742,6.299499988555908,6.190499782562256,6.299499988555908,246988000
2018-07-16,6.129520416259766,6.204999923706055,6.258500099182129,6.192500114440918,6.204999923706055,197036000
2018-07-17,6.265100002288818,6.342249870300293,6.357500076293945,6.129499912261963,6.155250072479248,362136000
2018-07-18,6.215956687927246,6.292500019073486,6.348750114440918,6.241000175476074,6.334750175476074,277640000
2018-07-19,6.2241058349609375,6.300749778747559,6.334750175476074,6.2582502365112305,6.273499965667725,235752000
2018-07-20,6.195952415466309,6.272250175476074,6.337500095367432,6.261250019073486,6.298250198364258,222352000
2018-07-23,6.1594014167785645,6.235249996185303,6.247250080108643,6.081999778747559,6.245500087738037,301584000
2018-07-24,6.142114162445068,6.217750072479248,6.371250152587891,6.199999809265137,6.283750057220459,354620000
2018-07-25,6.220154285430908,6.296750068664551,6.309500217437744,6.168749809265137,6.227250099182129,319112000
2018-07-26,6.29349946975708,6.370999813079834,6.408249855041504,6.259500026702881,6.276500225067139,325124000
2018-07-27,6.22385835647583,6.30049991607666,6.414999961853027,6.245999813079834,6.4079999923706055,295420000
2018-07-30,6.0290069580078125,6.103250026702881,6.3207502365112305,6.067999839782715,6.3147501945495605,340340000
2018-07-31,6.047035217285156,6.121500015258789,6.197000026702881,6.053500175476074,6.092750072479248,283988000
2018-08-01,6.086795806884766,6.161749839782715,6.209000110626221,6.097249984741211,6.153250217437744,283556000
2018-08-02,6.189284801483154,6.265500068664551,6.269499778747559,6.030250072479248,6.089749813079834,269668000
2018-08-03,6.225832462310791,6.302499771118164,6.326499938964844,6.273250102996826,6.290249824523926,214288000
2018-08-06,6.273497581481934,6.350749969482422,6.354249954223633,6.24275016784668,6.289750099182129,207508000
2018-08-07,6.345609188079834,6.423749923706055,6.442500114440918,6.373000144958496,6.400000095367432,258132000
2018-08-08,6.381912708282471,6.4604997634887695,6.50600004196167,6.389750003814697,6.425000190734863,262100000
2018-08-09,6.333507061004639,6.411499977111816,6.481249809265137,6.403749942779541,6.478499889373779,204280000
2018-08-10,6.292267322540283,6.369750022888184,6.402500152587891,6.317500114440918,6.328750133514404,256396000
2018-08-13,6.32511043548584,6.4029998779296875,6.525000095367432,6.3767499923706055,6.378499984741211,375208000
2018-08-14,6.456246852874756,6.535749912261963,6.550000190734863,6.42549991607666,6.509500026702881,466220000
2018-08-15,6.398212432861328,6.4770002365112305,6.591000080108643,6.397500038146973,6.5567498207092285,591136000
2018-08-16,6.357709884643555,6.435999870300293,6.550000190734863,6.375249862670898,6.547500133514404,801260000
2018-08-17,6.046049118041992,6.120500087738037,6.324250221252441,6.093249797821045,6.323500156402588,1143188000
2018-08-20,6.120630741119385,6.196000099182129,6.329999923706055,5.9679999351501465,6.079500198364258,854388000
2018-08-21,6.255961894989014,6.333000183105469,6.337500095367432,6.192500114440918,6.212500095367432,673988000
2018-08-22,6.490573883056641,6.570499897003174,6.575500011444092,6.296500205993652,6.300000190734863,749856000
2018-08-23,6.589851379394531,6.671000003814697,6.736999988555908,6.517499923706055,6.531499862670898,720684000
2018-08-24,6.722714900970459,6.805500030517578,6.820250034332275,6.675000190734863,6.679500102996826,531512000
2018-08-27,6.813594818115234,6.897500038146973,6.972499847412109,6.803750038146973,6.8354997634887695,505776000
2018-08-28,6.776058673858643,6.859499931335449,6.9145002365112305,6.738249778747559,6.891499996185303,475384000
2018-08-29,6.881320476531982,6.962250232696533,6.987500190734863,6.827000141143799,6.8480000495910645,420108000
2018-08-30,6.864518165588379,6.945250034332275,7.043000221252441,6.9079999923706055,6.930749893188477,346608000
2018-08-31,6.935434818267822,7.017000198364258,7.03000020980835,6.914999961853027,6.925000190734863,306592000
2018-09-04,7.01005744934082,7.09250020980835,7.130499839782715,6.974999904632568,7.003749847412109,391720000
2018-09-05,6.879590034484863,6.9604997634887695,7.110499858856201,6.878749847412109,7.074749946594238,393156000
2018-09-06,6.738746643066406,6.817999839782715,6.946499824523926,6.784749984741211,6.943999767303467,322796000
2018-09-07,6.717497825622559,6.796500205993652,6.923250198364258,6.679749965667725,6.724999904632568,295420000
2018-09-10,6.7884135246276855,6.868249893188477,6.898250102996826,6.775000095367432,6.819250106811523,220140000
2018-09-11,6.740723133087158,6.820000171661377,6.909999847412109,6.80049991607666,6.821499824523926,243112000
2018-09-12,6.627061367034912,6.704999923706055,6.799499988555908,6.547999858856201,6.779749870300293,419092000
2018-09-13,6.704647541046143,6.7835001945495605,6.875,6.754000186920166,6.771500110626221,305536000
2018-09-14,6.830419063568115,6.910749912261963,6.977499961853027,6.837500095367432,6.874750137329102,386936000
2018-09-17,6.768645286560059,6.848249912261963,6.934500217437744,6.828750133514404,6.885000228881836,205528000
2018-09-18,6.696742057800293,6.7754998207092285,6.955999851226807,6.768750190734863,6.852250099182129,299520000
2018-09-19,6.720461368560791,6.799499988555908,6.817500114440918,6.706250190734863,6.756750106811523,224860000
2018-09-20,6.579620361328125,6.6570000648498535,6.718999862670898,6.602499961853027,6.676249980926514,430584000
2018-09-21,6.509690284729004,6.586249828338623,6.715000152587891,6.552750110626221,6.669000148773193,435128000
2018-09-24,6.565287113189697,6.642499923706055,6.645999908447266,6.4670000076293945,6.554999828338623,293912000
2018-09-25,6.632249355316162,6.710249900817871,6.735499858856201,6.6227498054504395,6.709249973297119,280388000
2018-09-26,6.595432758331299,6.672999858856201,6.75600004196167,6.6570000648498535,6.715250015258789,268548000
2018-09-27,6.607292652130127,6.684999942779541,6.730000019073486,6.653250217437744,6.708499908447266,214428000
2018-09-28,6.9438347816467285,7.0254998207092285,7.047999858856201,6.789999961853027,6.8182501792907715,709396000
2018-10-01,7.149910926818848,7.234000205993652,7.301499843597412,7.065000057220459,7.104000091552734,622060000
2018-10-02,7.078749179840088,7.1620001792907715,7.318999767303467,7.139500141143799,7.206250190734863,383964000
2018-10-03,7.084925651550293,7.16825008392334,7.240499973297119,7.0632500648498535,7.232999801635742,320552000
2018-10-04,6.901088714599609,6.982250213623047,7.15625,6.9045000076293945,7.131750106811523,391220000
2018-10-05,6.668078899383545,6.746500015258789,7.019999980926514,6.688499927520752,6.957250118255615,426636000
2018-10-08,6.5670166015625,6.64424991607666,6.7789998054504395,6.501999855041504,6.662499904632568,408612000
2018-10-09,6.561332702636719,6.638500213623047,6.718999862670898,6.570000171661377,6.623499870300293,273500000
2018-10-10,6.070852279663086,6.142250061035156,6.577750205993652,6.139999866485596,6.531499862670898,684940000
2018-10-11,5.809920787811279,5.8782501220703125,6.189000129699707,5.856500148773193,6.0542497634887695,725436000
2018-10-12,6.091854095458984,6.16349983215332,6.238500118255615,5.991250038146973,6.137750148773193,608236000
2018-10-15,5.816098213195801,5.884500026702881,6.150000095367432,5.883500099182129,6.150000095367432,449760000
2018-10-16,6.074310779571533,6.145750045776367,6.1570000648498535,5.948500156402588,5.9982500076293945,408712000
2018-10-17,6.005865573883057,6.076499938964844,6.247000217437744,6.0269999504089355,6.208499908447266,329668000
2018-10-18,5.918641567230225,5.988249778747559,6.1852498054504395,5.927249908447266,6.146500110626221,524020000
2018-10-19,5.662652492523193,5.729249954223633,6.06374979019165,5.692500114440918,6.044000148773193,613608000
2018-10-22,5.713308334350586,5.7804999351501465,5.882999897003174,5.676750183105469,5.7820000648498535,368844000
2018-10-23,5.462259769439697,5.526500225067139,5.604750156402588,5.417749881744385,5.510749816894531,626436000
2018-10-24,4.927300930023193,4.985249996185303,5.534749984741211,4.971250057220459,5.487750053405762,884288000
2018-10-25,5.135601043701172,5.196000099182129,5.243750095367432,4.8420000076293945,4.886750221252441,951720000
2018-10-26,4.899626731872559,4.957250118255615,5.120999813079834,4.828000068664551,4.957749843597412,664784000
2018-10-29,4.586559295654297,4.640500068664551,5.103250026702881,4.40024995803833,5.09975004196167,758016000
2018-10-30,5.0160064697265625,5.074999809265137,5.085000038146973,4.640500068664551,4.663750171661377,807192000
2018-10-31,5.209481716156006,5.270750045776367,5.3147501945495605,5.100249767303467,5.241250038146973,745772000
2018-11-01,5.389368534088135,5.452750205993652,5.462250232696533,5.179749965667725,5.307499885559082,566528000
2018-11-02,5.310544967651367,5.373000144958496,5.550000190734863,5.255249977111816,5.4432501792907715,452960000
2018-11-05,5.232707500457764,5.294250011444092,5.3832502365112305,5.131999969482422,5.359749794006348,379332000
2018-11-06,5.2151665687561035,5.276500225067139,5.371250152587891,5.238999843597412,5.286250114440918,299012000
2018-11-07,5.282622814178467,5.344749927520752,5.4352498054504395,5.2795000076293945,5.34375,483812000
2018-11-08,5.0898895263671875,5.149750232696533,5.285749912261963,5.095749855041504,5.284999847412109,511352000
2018-11-09,5.081981182098389,5.141749858856201,5.232999801635742,5.026000022888184,5.059999942779541,413240000
2018-11-12,4.683420181274414,4.738500118255615,5.071750164031982,4.7164998054504395,5.049499988555908,617116000
2018-11-13,4.924829959869385,4.982749938964844,5.105249881744385,4.830999851226807,4.837250232696533,644712000
2018-11-14,4.872447490692139,4.929749965667725,5.171999931335449,4.8207502365112305,5.15749979019165,526580000
2018-11-15,5.00093412399292,5.059750080108643,5.132500171661377,4.887499809265137,4.923749923706055,840708000
2018-11-16,4.062967777252197,4.110750198364258,4.266499996185303,4.040249824523926,4.083000183105469,1963520000
2018-11-19,3.5754497051239014,3.617500066757202,4.045499801635742,3.6157500743865967,4.044750213623047,1697820000
2018-11-20,3.6836769580841064,3.7269999980926514,3.8564999103546143,3.332750082015991,3.3515000343322754,1692032000
2018-11-21,3.5756969451904297,3.6177499294281006,3.882499933242798,3.590250015258789,3.865499973297119,1025496000
2018-11-23,3.5828633308410645,3.625,3.7397499084472656,3.5697500705718994,3.582750082015991,411968000
2018-11-26,3.781773328781128,3.8262500762939453,3.836750030517578,3.6640000343322754,3.7472500801086426,814832000
2018-11-27,3.7985763549804688,3.843250036239624,3.9252500534057617,3.7637500762939453,3.799999952316284,738060000
2018-11-28,3.955233573913574,4.0017499923706055,4.006999969482422,3.828249931335449,3.9619998931884766,804524000
2018-11-29,3.8921613693237305,3.934000015258789,4.037499904632568,3.9035000801086426,4.0,549172000
2018-11-30,4.04229736328125,4.085750102996826,4.096499919891357,3.8929998874664307,3.9437499046325684,729564000
2018-12-03,4.205790996551514,4.250999927520752,4.367000102996826,4.183499813079834,4.315000057220459,890804000
2018-12-04,3.885977268218994,3.9277501106262207,4.210999965667725,3.9124999046325684,4.205999851226807,812112000
2018-12-06,3.9151647090911865,3.9572501182556152,3.962249994277954,3.770250082015991,3.7860000133514404,692308000
2018-12-07,3.65100359916687,3.6902499198913574,3.971750020980835,3.640500068664551,3.9614999294281006,681676000
2018-12-10,3.7561237812042236,3.7964999675750732,3.821500062942505,3.641249895095825,3.6449999809265137,629472000
2018-12-11,3.6653497219085693,3.7047500610351562,3.897249937057495,3.625,3.8889999389648438,671912000
2018-12-12,3.682910680770874,3.7225000858306885,3.819499969482422,3.620500087738037,3.7105000019073486,654136000
2018-12-13,3.682663679122925,3.722249984741211,3.8345000743865967,3.686000108718872,3.7697501182556152,471384000
2018-12-14,3.6223130226135254,3.661250114440918,3.7647500038146973,3.637500047683716,3.6802499294281006,471820000
2018-12-17,3.5513243675231934,3.5894999504089355,3.703749895095825,3.5309998989105225,3.63100004196167,662868000
2018-12-18,3.6344316005706787,3.6735000610351562,3.7582499980926514,3.606250047683716,3.6337499618530273,564372000
2018-12-19,3.4259233474731445,3.46274995803833,3.69350004196167,3.410749912261963,3.6394999027252197,745364000
2018-12-20,3.341580629348755,3.377500057220459,3.5450000762939453,3.3172500133514404,3.4542500972747803,749588000
2018-12-21,3.204800605773926,3.2392499446868896,3.4375,3.2114999294281006,3.404249906539917,863740000
2018-12-24,3.143211841583252,3.177000045776367,3.249500036239624,3.112499952316284,3.16225004196167,463840000
2018-12-26,3.29211163520813,3.327500104904175,3.3285000324249268,3.1115000247955322,3.2235000133514404,695100000
2018-12-27,3.2443747520446777,3.279249906539917,3.309499979019165,3.129499912261963,3.274749994277954,637044000
2018-12-28,3.305715322494507,3.341249942779541,3.4347500801086426,3.2577500343322754,3.299999952316284,628728000
2018-12-31,3.3020052909851074,3.3375000953674316,3.4177498817443848,3.30649995803833,3.384999990463257,465140000
2019-01-02,3.3692820072174072,3.4054999351501465,3.4619998931884766,3.2512500286102295,3.2660000324249268,508752000
2019-01-03,3.1657204627990723,3.1997499465942383,3.378999948501587,3.1922500133514404,3.344749927520752,705552000
2019-01-04,3.3685407638549805,3.404750108718872,3.4432499408721924,3.242500066757202,3.2734999656677246,585620000
2019-01-07,3.5468733310699463,3.5850000381469727,3.6222500801086426,3.410749912261963,3.4625000953674316,709160000
2019-01-08,3.458571434020996,3.4957499504089355,3.6695001125335693,3.422499895095825,3.667249917984009,786016000
2019-01-09,3.5265910625457764,3.564500093460083,3.6122500896453857,3.496500015258789,3.547499895095825,617260000
2019-01-10,3.5921359062194824,3.6307499408721924,3.6394999027252197,3.4839999675750732,3.5450000762939453,523156000
2019-01-11,3.6811790466308594,3.720750093460083,3.7437500953674316,3.5802500247955322,3.6082499027252197,874764000
2019-01-14,3.7210018634796143,3.760999917984009,3.7864999771118164,3.64424991607666,3.6679999828338623,730168000
2019-01-15,3.7069032192230225,3.7467501163482666,3.833750009536743,3.728250026702881,3.7939999103546143,617012000
2019-01-16,3.681427001953125,3.7209999561309814,3.807499885559082,3.7155001163482666,3.774250030517578,470104000
2019-01-17,3.7526605129241943,3.7929999828338623,3.833250045776367,3.660249948501587,3.6877501010894775,493436000
2019-01-18,3.8815269470214844,3.9232499599456787,3.94950008392334,3.791249990463257,3.843250036239624,651336000
2019-01-22,3.6796951293945312,3.719249963760376,3.9045000076293945,3.6887500286102295,3.8927500247955322,661552000
2019-01-23,3.6925570964813232,3.7322499752044678,3.864500045776367,3.7007501125335693,3.7750000953674316,591020000
2019-01-24,3.90403413772583,3.946000099182129,3.963749885559082,3.8127501010894775,3.817500114440918,708972000
2019-01-25,3.9611687660217285,4.003749847412109,4.021999835968018,3.7825000286102295,3.885999917984009,1154572000
2019-01-28,3.4135560989379883,3.4502499103546143,3.5409998893737793,3.2750000953674316,3.413749933242798,2511528000
2019-01-29,3.2550110816955566,3.2899999618530273,3.452500104904175,3.27524995803833,3.403749942779541,1153932000
2019-01-30,3.398221492767334,3.4347500801086426,3.4492499828338623,3.2864999771118164,3.3667500019073486,974228000
2019-01-31,3.555530071258545,3.59375,3.6297500133514404,3.4094998836517334,3.43149995803833,842852000
2019-02-01,3.5797693729400635,3.6182498931884766,3.6697499752044678,3.564500093460083,3.612499952316284,625048000
2019-02-04,3.6898365020751953,3.7295000553131104,3.7669999599456787,3.611999988555908,3.6342499256134033,528592000
2019-02-05,3.708881139755249,3.7487499713897705,3.785749912261963,3.7074999809265137,3.741499900817871,542424000
2019-02-06,3.784320116043091,3.825000047683716,3.890000104904175,3.776750087738037,3.782249927520752,702464000
2019-02-07,3.646303176879883,3.685499906539917,3.7804999351501465,3.6422500610351562,3.778249979019165,637120000
2019-02-08,3.6648542881011963,3.7042500972747803,3.7149999141693115,3.603250026702881,3.6177499294281006,461604000
2019-02-11,3.6223130226135254,3.661250114440918,3.7144999504089355,3.612499952316284,3.659749984741211,495180000
2019-02-12,3.7390570640563965,3.779249906539917,3.7950000762939453,3.685499906539917,3.700000047683716,591060000
2019-02-13,3.7813525199890137,3.822000026702881,3.895750045776367,3.7952499389648438,3.809000015258789,605372000
2019-02-14,3.8221633434295654,3.8632500171661377,3.8917500972747803,3.7774999141693115,3.821000099182129,827264000
2019-02-15,3.8916664123535156,3.933500051498413,4.096749782562256,3.9105000495910645,4.073750019073486,1516748000
2019-02-19,3.8743526935577393,3.9159998893737793,3.9972500801086426,3.9035000801086426,3.9227499961853027,551892000
2019-02-20,3.9215950965881348,3.963749885559082,4.031499862670898,3.9342501163482666,3.945499897003174,540988000
2019-02-21,3.8528342247009277,3.89424991607666,4.00124979019165,3.879499912261963,3.9765000343322754,448548000
2019-02-22,3.937424659729004,3.979749917984009,3.9987499713897705,3.9327499866485596,3.946500062942505,401740000
2019-02-25,3.925058364868164,3.967250108718872,4.131999969482422,3.9584999084472656,4.064000129699707,656020000
2019-02-26,3.885730504989624,3.927500009536743,4.019000053405762,3.893749952316284,3.9625000953674316,488464000
2019-02-27,3.8439300060272217,3.8852500915527344,3.9397499561309814,3.8277499675750732,3.9130001068115234,500256000
2019-02-28,3.819418430328369,3.8564999103546143,3.8975000381469727,3.8340001106262207,3.875,324944000
2019-03-01,3.8736417293548584,3.911250114440918,3.953749895095825,3.8480000495910645,3.906749963760376,357188000
2019-03-04,3.88181209564209,3.9195001125335693,3.9730000495910645,3.862499952316284,3.950000047683716,409992000
2019-03-05,3.8753747940063477,3.9130001068115234,3.9514999389648438,3.8489999771118164,3.903749942779541,362924000
2019-03-06,3.7646989822387695,3.8012499809265137,3.9124999046325684,3.7985000610351562,3.9040000438690186,403524000
2019-03-07,3.695620059967041,3.7314999103546143,3.78725004196167,3.684999942779541,3.7774999141693115,450104000
2019-03-08,3.729788303375244,3.7660000324249268,3.776750087738037,3.619999885559082,3.6414999961853027,422416000
2019-03-11,3.989764928817749,4.028500080108643,4.051499843597412,3.7422499656677246,3.789750099182129,859728000
2019-03-12,4.023932456970215,4.063000202178955,4.109749794006348,3.979749917984009,4.05649995803833,579576000
2019-03-13,4.174965858459473,4.2154998779296875,4.244999885559082,4.093249797821045,4.100749969482422,768900000
2019-03-14,4.099201202392578,4.138999938964844,4.23675012588501,4.131249904632568,4.22475004196167,519384000
2019-03-15,4.20443058013916,4.245250225067139,4.288249969482422,4.178999900817871,4.182499885559082,661484000
2019-03-18,4.183136940002441,4.223750114440918,4.331250190734863,4.196499824523926,4.2769999504089355,486992000
2019-03-19,4.35051155090332,4.392749786376953,4.4375,4.302000045776367,4.318999767303467,854972000
2019-03-20,4.318076133728027,4.360000133514404,4.475749969482422,4.324999809265137,4.421999931335449,719148000
2019-03-21,4.55428409576416,4.598499774932861,4.625,4.3782501220703125,4.3832502365112305,824312000
2019-03-22,4.394830703735352,4.4375,4.619999885559082,4.423500061035156,4.571000099182129,747644000
2019-03-25,4.3027262687683105,4.3445000648498535,4.461249828338623,4.277750015258789,4.396500110626221,525212000
2019-03-26,4.3792314529418945,4.421750068664551,4.543749809265137,4.364999771118164,4.487249851226807,703508000
2019-03-27,4.3700714111328125,4.412499904632568,4.4942498207092285,4.34250020980835,4.447500228881836,474372000
2019-03-28,4.388641834259033,4.431250095367432,4.497499942779541,4.377749919891357,4.43874979019165,480264000
2019-03-29,4.445837020874023,4.488999843597412,4.513500213623047,4.447750091552734,4.498499870300293,456896000
2019-04-01,4.513184070587158,4.557000160217285,4.587500095367432,4.509250164031982,4.581500053405762,483824000
2019-04-02,4.531009674072266,4.574999809265137,4.619750022888184,4.538000106811523,4.581250190734863,440920000
2019-04-03,4.670158863067627,4.7154998779296875,4.775000095367432,4.619999885559082,4.625,783504000
2019-04-04,4.661245346069336,4.706500053405762,4.7492499351501465,4.643249988555908,4.699999809265137,457376000
2019-04-05,4.727847576141357,4.773749828338623,4.791250228881836,4.713250160217285,4.75,481744000
2019-04-08,4.7486467361450195,4.794750213623047,4.820000171661377,4.71875,4.743000030517578,424192000
2019-04-09,4.686006546020508,4.731500148773193,4.772250175476074,4.689000129699707,4.761000156402588,439972000
2019-04-10,4.756320476531982,4.802499771118164,4.828499794006348,4.726250171661377,4.73075008392334,444772000
2019-04-11,4.74245548248291,4.78849983215332,4.836750030517578,4.738749980926514,4.804999828338623,374600000
2019-04-12,4.704574108123779,4.750249862670898,4.831500053405762,4.741499900817871,4.827499866485596,471708000
2019-04-15,4.573101043701172,4.617499828338623,4.747499942779541,4.577499866485596,4.742499828338623,440092000
2019-04-16,4.660006999969482,4.705249786376953,4.724249839782715,4.624000072479248,4.6570000648498535,394964000
2019-04-17,4.637227535247803,4.682250022888184,4.761499881744385,4.659749984741211,4.740499973297119,351004000
2019-04-18,4.612714767456055,4.65749979019165,4.723249912261963,4.629499912261963,4.689000129699707,380988000
2019-04-22,4.666444778442383,4.711750030517578,4.727499961853027,4.6020002365112305,4.633749961853027,279936000
2019-04-23,4.720914840698242,4.766749858856201,4.798250198364258,4.715250015258789,4.724999904632568,346856000
2019-04-24,4.73329496383667,4.779250144958496,4.820250034332275,4.716000080108643,4.777249813079834,318204000
2019-04-25,4.6278181076049805,4.672749996185303,4.761250019073486,4.59250020980835,4.738749980926514,499296000
2019-04-26,4.409438610076904,4.452250003814697,4.522250175476074,4.332499980926514,4.517749786376953,868988000
2019-04-29,4.44014310836792,4.483250141143799,4.511250019073486,4.387499809265137,4.460249900817871,391920000
2019-04-30,4.481490612030029,4.525000095367432,4.550749778747559,4.43149995803833,4.45074987411499,362920000
2019-05-01,4.468366622924805,4.511750221252441,4.620250225067139,4.511499881744385,4.577750205993652,354280000
2019-05-02,4.535712718963623,4.579750061035156,4.6217498779296875,4.478000164031982,4.521500110626221,394684000
2019-05-03,4.531257152557373,4.575250148773193,4.598249912261963,4.51324987411499,4.588250160217285,336824000
2019-05-06,4.4530158042907715,4.496250152587891,4.508500099182129,4.349999904632568,4.387499809265137,422176000
2019-05-07,4.286137580871582,4.327750205993652,4.447500228881836,4.279250144958496,4.447500228881836,555220000
2019-05-08,4.3061933517456055,4.3480000495910645,4.428750038146973,4.288000106811523,4.300000190734863,419168000
2019-05-09,4.21383810043335,4.254749774932861,4.288249969482422,4.135000228881836,4.278500080108643,660248000
2019-05-10,4.17991828918457,4.2204999923706055,4.289750099182129,4.099999904632568,4.223750114440918,569500000
2019-05-13,3.9231605529785156,3.961250066757202,4.110750198364258,3.9452500343322754,4.087500095367432,656912000
2019-05-14,4.012048244476318,4.051000118255615,4.08650016784668,3.962249994277954,4.00124979019165,524880000
2019-05-15,3.9511396884918213,3.989500045776367,4.026249885559082,3.9352500438690186,3.994999885559082,502320000
2019-05-16,3.966242551803589,4.004749774932861,4.047749996185303,3.9412500858306885,3.9839999675750732,781088000
2019-05-17,3.875622272491455,3.913249969482422,4.092750072479248,3.873500108718872,3.9625000953674316,1022068000
2019-05-20,3.7572720050811768,3.793750047683716,3.8692500591278076,3.768749952316284,3.8137500286102295,572064000
2019-05-21,3.8392257690429688,3.876499891281128,3.8924999237060547,3.815999984741211,3.8550000190734863,361848000
2019-05-22,3.768413782119751,3.805000066757202,3.8637499809265137,3.7939999103546143,3.8375000953674316,325868000
2019-05-23,3.647585868835449,3.683000087738037,3.7422499656677246,3.6227500438690186,3.7422499656677246,591844000
2019-05-24,3.593857765197754,3.6287500858306885,3.737499952316284,3.621999979019165,3.7019999027252197,357584000
2019-05-28,3.548795223236084,3.583250045776367,3.679500102996826,3.581249952316284,3.6465001106262207,428356000
2019-05-29,3.474764585494995,3.508500099182129,3.570499897003174,3.4735000133514404,3.535249948501587,559800000
2019-05-30,3.4482409954071045,3.477750062942505,3.543750047683716,3.4392499923706055,3.5077500343322754,394300000
2019-05-31,3.357764720916748,3.3864998817443848,3.4962499141693115,3.3847498893737793,3.428499937057495,389720000
2019-06-03,3.31612229347229,3.3445000648498535,3.4367499351501465,3.315000057220459,3.397749900817871,478644000
2019-06-04,3.544666290283203,3.575000047683716,3.5802500247955322,3.3867499828338623,3.4089999198913574,641836000
2019-06-05,3.502031087875366,3.5320000648498535,3.654750108718872,3.495500087738037,3.649250030517578,511616000
2019-06-06,3.5640006065368652,3.5945000648498535,3.6192500591278076,3.533750057220459,3.536250114440918,408140000
2019-06-07,3.606635570526123,3.637500047683716,3.671999931335449,3.581249952316284,3.6005001068115234,348856000
2019-06-10,3.6792643070220947,3.710750102996826,3.779750108718872,3.694000005722046,3.694000005722046,402780000
2019-06-11,3.736772060394287,3.768749952316284,3.809000015258789,3.7290000915527344,3.7709999084472656,383872000
2019-06-12,3.6239871978759766,3.6549999713897705,3.731250047683716,3.6397500038146973,3.7249999046325684,358892000
2019-06-13,3.675051689147949,3.7065000534057617,3.7249999046325684,3.6594998836517334,3.6772499084472656,308080000
2019-06-14,3.585317850112915,3.615999937057495,3.6372499465942383,3.571000099182129,3.6127500534057617,394428000
2019-06-17,3.5949859619140625,3.6257500648498535,3.6630001068115234,3.591249942779541,3.6142499446868896,276040000
2019-06-18,3.7895708084106445,3.822000026702881,3.8777499198913574,3.676500082015991,3.6875,581920000
2019-06-19,3.7955188751220703,3.828000068664551,3.86899995803833,3.8017499446868896,3.8575000762939453,331644000
2019-06-20,3.8198115825653076,3.8524999618530273,3.9332499504089355,3.8380000591278076,3.919250011444092,350168000
2019-06-21,3.761807918548584,3.7939999103546143,3.88700008392334,3.7874999046325684,3.8375000953674316,434428000
2019-06-24,3.7841169834136963,3.816499948501587,3.846250057220459,3.7679998874664307,3.815500020980835,282948000
2019-06-25,3.7548677921295166,3.7869999408721924,3.8970000743865967,3.784250020980835,3.821500062942505,311868000
2019-06-26,3.9477174282073975,3.9814999103546143,4.043000221252441,3.902250051498413,3.915250062942505,584072000
2019-06-27,4.046125888824463,4.080749988555908,4.099999904632568,4.031499862670898,4.067749977111816,445440000
2019-06-28,4.0709123611450195,4.10575008392334,4.134250164031982,4.058750152587891,4.125,397668000
2019-07-01,4.119001388549805,4.154250144958496,4.348750114440918,4.116499900817871,4.3142499923706055,709756000
2019-07-02,4.021336555480957,4.055749893188477,4.158750057220459,4.042500019073486,4.137499809265137,400228000
2019-07-03,4.034226894378662,4.068749904632568,4.085000038146973,4.008500099182129,4.079249858856201,246636000
2019-07-05,3.971761465072632,4.0057501792907715,4.014500141143799,3.941999912261963,4.010000228881836,396552000
2019-07-08,3.8969016075134277,3.9302499294281006,3.964750051498413,3.9000000953674316,3.9457499980926514,329788000
2019-07-09,3.899380683898926,3.9327499866485596,3.9609999656677246,3.875,3.8877499103546143,342860000
2019-07-10,3.967547655105591,4.001500129699707,4.0592498779296875,3.9625000953674316,3.9765000343322754,452076000
2019-07-11,4.12172794342041,4.1570000648498535,4.197999954223633,4.037499904632568,4.074999809265137,682560000
2019-07-12,4.1546950340271,4.190249919891357,4.261750221252441,4.184999942779541,4.184999942779541,506392000
2019-07-15,4.146268367767334,4.1817498207092285,4.227749824523926,4.153250217437744,4.21150016784668,289840000
2019-07-16,4.141557216644287,4.177000045776367,4.204249858856201,4.120999813079834,4.166749954223633,341444000
2019-07-17,4.206749439239502,4.24275016784668,4.249750137329102,4.149250030517578,4.178750038146973,348204000
2019-07-18,4.2184014320373535,4.254499912261963,4.317749977111816,4.196249961853027,4.2532501220703125,442192000
2019-07-19,4.17526912689209,4.210999965667725,4.299499988555908,4.204999923706055,4.293000221252441,344896000
2019-07-22,4.2466583251953125,4.2829999923706055,4.296000003814697,4.224999904632568,4.232500076293945,315940000
2019-07-23,4.354238033294678,4.391499996185303,4.393499851226807,4.3067498207092285,4.322500228881836,428176000
2019-07-24,4.4286017417907715,4.4664998054504395,4.472249984741211,4.358500003814697,4.434999942779541,366236000
2019-07-25,4.297721862792969,4.334499835968018,4.4375,4.310999870300293,4.424749851226807,392700000
2019-07-26,4.339613914489746,4.3767499923706055,4.423749923706055,4.36175012588501,4.36175012588501,274160000
2019-07-29,4.33341646194458,4.370500087738037,4.386750221252441,4.281750202178955,4.369500160217285,248160000
2019-07-30,4.349032878875732,4.386250019073486,4.398499965667725,4.3092498779296875,4.323750019073486,197772000
2019-07-31,4.182209014892578,4.2179999351501465,4.355500221252441,4.17549991607666,4.354499816894531,359416000
2019-08-01,4.088016986846924,4.123000144958496,4.319499969482422,4.070499897003174,4.228499889373779,421212000
2019-08-02,3.995558023452759,4.029749870300293,4.0995001792907715,3.9820001125335693,4.029749870300293,428348000
2019-08-05,3.7377641201019287,3.7697501182556152,3.846250057220459,3.7225000858306885,3.8450000286102295,589156000
2019-08-06,3.7764322757720947,3.8087499141693115,3.890749931335449,3.7607500553131104,3.8450000286102295,361272000
2019-08-07,3.814606189727783,3.847249984741211,3.859250068664551,3.7300000190734863,3.747499942779541,372560000
2019-08-08,3.922928810119629,3.9565000534057617,3.957750082015991,3.8475000858306885,3.905250072479248,309300000
2019-08-09,3.8217945098876953,3.8545000553131104,3.918750047683716,3.8037500381469727,3.915250062942505,341816000
2019-08-12,3.7541236877441406,3.786250114440918,3.8545000553131104,3.7642500400543213,3.802000045776367,279200000
2019-08-13,3.868147611618042,3.901249885559082,3.947499990463257,3.745500087738037,3.784749984741211,351956000
2019-08-14,3.7199158668518066,3.7517499923706055,3.8237500190734863,3.707750082015991,3.8125,419880000
2019-08-15,3.6876919269561768,3.719249963760376,3.790750026702881,3.6847500801086426,3.770750045776367,477200000
2019-08-16,3.955153703689575,3.989000082015991,4.03849983215332,3.921999931335449,3.983750104904175,1007960000
2019-08-19,4.233272552490234,4.269499778747559,4.2855000495910645,4.086750030517578,4.103000164031982,815112000
2019-08-20,4.161140441894531,4.196750164031982,4.264500141143799,4.17549991607666,4.263999938964844,463188000
2019-08-21,4.24442720413208,4.280749797821045,4.336249828338623,4.241499900817871,4.26324987411499,427244000
2019-08-22,4.250625133514404,4.2870001792907715,4.333250045776367,4.247499942779541,4.290500164031982,303488000
2019-08-23,4.026540756225586,4.060999870300293,4.264750003814697,4.040999889373779,4.210000038146973,568056000
2019-08-26,4.10115385055542,4.136250019073486,4.1645002365112305,4.097750186920166,4.140250205993652,318208000
2019-08-27,4.010676860809326,4.045000076293945,4.177499771118164,4.015500068664551,4.174749851226807,290968000
2019-08-28,4.000256538391113,4.0304999351501465,4.083499908447266,3.9749999046325684,4.014500141143799,255612000
2019-08-29,4.143673896789551,4.175000190734863,4.207499980926514,4.11899995803833,4.122499942779541,357976000
2019-08-30,4.156326770782471,4.187749862670898,4.271500110626221,4.16949987411499,4.221499919891357,290616000
2019-09-03,4.073454856872559,4.104249954223633,4.147749900817871,4.081250190734863,4.114500045776367,296140000
2019-09-04,4.187342166900635,4.218999862670898,4.226500034332275,4.165249824523926,4.165249824523926,227728000
2019-09-05,4.459784507751465,4.493500232696533,4.499750137329102,4.320000171661377,4.321750164031982,695676000
2019-09-06,4.432737827301025,4.466249942779541,4.527249813079834,4.427999973297119,4.46999979019165,376976000
2019-09-09,4.478640079498291,4.512499809265137,4.5995001792907715,4.495999813079834,4.497499942779541,417524000
2019-09-10,4.545137405395508,4.579500198364258,4.606249809265137,4.469749927520752,4.479499816894531,352812000
2019-09-11,4.573670864105225,4.608250141143799,4.656750202178955,4.565000057220459,4.594250202178955,361512000
2019-09-12,4.572182655334473,4.606750011444092,4.710000038146973,4.598750114440918,4.65500020980835,327840000
2019-09-13,4.514369010925293,4.548500061035156,4.577000141143799,4.504499912261963,4.539750099182129,324592000
2019-09-16,4.471444129943848,4.505249977111816,4.539999961853027,4.462500095367432,4.4730000495910645,231832000
2019-09-17,4.4927825927734375,4.526750087738037,4.531000137329102,4.465250015258789,4.51200008392334,223048000
2019-09-18,4.465738773345947,4.499499797821045,4.5355000495910645,4.412499904632568,4.519750118255615,258152000
2019-09-19,4.390307903289795,4.423500061035156,4.52400016784668,4.412749767303467,4.505499839782715,245476000
2019-09-20,4.284854412078857,4.317249774932861,4.446249961853027,4.307000160217285,4.422500133514404,350244000
2019-09-23,4.338201999664307,4.370999813079834,4.416749954223633,4.31374979019165,4.317500114440918,249712000
2019-09-24,4.280885696411133,4.3132500648498535,4.432250022888184,4.277500152587891,4.402500152587891,317268000
2019-09-25,4.42231559753418,4.455749988555908,4.475500106811523,4.267749786376953,4.312749862670898,308432000
2019-09-26,4.400231838226318,4.433499813079834,4.454750061035156,4.38224983215332,4.446000099182129,234564000
2019-09-27,4.261780261993408,4.294000148773193,4.442500114440918,4.232999801635742,4.391499996185303,362056000
2019-09-30,4.319096088409424,4.351749897003174,4.361999988555908,4.28849983215332,4.320000171661377,186184000
2019-10-01,4.317359924316406,4.349999904632568,4.525000095367432,4.345250129699707,4.375,366008000
2019-10-02,4.293540954589844,4.326000213623047,4.340000152587891,4.2532501220703125,4.328000068664551,293372000
2019-10-03,4.4987382888793945,4.532750129699707,4.539000034332275,4.300000190734863,4.33050012588501,450588000
2019-10-04,4.515115261077881,4.54925012588501,4.578750133514404,4.4695000648498535,4.534999847412109,265524000
2019-10-07,4.573670864105225,4.608250141143799,4.708499908447266,4.60575008392334,4.614500045776367,480984000
2019-10-08,4.397504806518555,4.430749893188477,4.515999794006348,4.412499904632568,4.515999794006348,444436000
2019-10-09,4.483850002288818,4.517749786376953,4.567500114440918,4.479000091552734,4.507999897003174,292412000
2019-10-10,4.541415691375732,4.57574987411499,4.626999855041504,4.510250091552734,4.515500068664551,309124000
2019-10-11,4.614860534667969,4.649750232696533,4.733500003814697,4.641250133514404,4.660250186920166,446404000
2019-10-14,4.62825870513916,4.663249969482422,4.6842498779296875,4.609749794006348,4.640999794006348,200040000
2019-10-15,4.872412204742432,4.909249782562256,4.982250213623047,4.739999771118164,4.754000186920166,664124000
2019-10-16,4.81881856918335,4.855249881744385,4.980500221252441,4.84375,4.875,428944000
2019-10-17,4.820803642272949,4.857250213623047,4.945250034332275,4.802499771118164,4.900000095367432,263436000
2019-10-18,4.726515769958496,4.762249946594238,4.890500068664551,4.6875,4.857749938964844,307440000
2019-10-21,4.8634819984436035,4.90024995803833,4.913750171661377,4.804999828338623,4.823999881744385,261868000
2019-10-22,4.853555679321289,4.890250205993652,5.0632500648498535,4.882500171661377,4.957499980926514,328720000
2019-10-23,4.840652942657471,4.8772501945495605,4.891499996185303,4.775750160217285,4.807750225067139,279916000
2019-10-24,4.8845720291137695,4.921500205993652,4.955249786376953,4.884500026702881,4.918749809265137,232020000
2019-10-25,5.075129985809326,5.113500118255615,5.134500026702881,4.994750022888184,5.002500057220459,423092000
2019-10-28,5.1309590339660645,5.169750213623047,5.222499847412109,5.127999782562256,5.15749979019165,330792000
2019-10-29,5.034934997558594,5.072999954223633,5.16225004196167,5.053500175476074,5.155749797821045,211236000
2019-10-30,5.036920070648193,5.074999809265137,5.10575008392334,5.006499767303467,5.099999904632568,205960000
2019-10-31,4.987790584564209,5.0254998207092285,5.074999809265137,4.945250034332275,5.053999900817871,209732000
2019-11-01,5.0267462730407715,5.0647501945495605,5.097249984741211,4.964749813079834,4.989999771118164,283640000
2019-11-04,5.223012447357178,5.262499809265137,5.275000095367432,5.123000144958496,5.146249771118164,376716000
2019-11-05,5.200929164886475,5.240250110626221,5.28849983215332,5.191999912261963,5.262249946594238,300868000
2019-11-06,5.151800632476807,5.1907501220703125,5.2417497634887695,5.102749824523926,5.216000080108643,269012000
2019-11-07,5.169418811798096,5.208499908447266,5.292500019073486,5.16349983215332,5.277750015258789,280340000
2019-11-08,5.155521392822266,5.194499969482422,5.226250171661377,5.153749942779541,5.191500186920166,189100000
2019-11-11,5.165449142456055,5.204500198364258,5.227749824523926,5.10699987411499,5.193749904632568,243436000
2019-11-12,5.200929164886475,5.240250110626221,5.296500205993652,5.207749843597412,5.243000030517578,283504000
2019-11-13,5.175123691558838,5.214250087738037,5.236499786376953,5.147500038146973,5.208749771118164,300188000
2019-11-14,5.2053961753845215,5.244750022888184,5.247000217437744,5.163000106811523,5.223249912261963,518080000
2019-11-15,5.066445827484131,5.104750156402588,5.29449987411499,5.015999794006348,5.242499828338623,1053628000
2019-11-18,5.267179489135742,5.307000160217285,5.333749771118164,5.094250202178955,5.097249984741211,574588000
2019-11-19,5.160733222961426,5.199749946594238,5.299499988555908,5.141250133514404,5.275750160217285,414564000
2019-11-20,5.2398858070373535,5.2795000076293945,5.363749980926514,5.164000034332275,5.176750183105469,472588000
2019-11-21,5.215073108673096,5.254499912261963,5.330999851226807,5.232749938964844,5.275000095367432,288388000
2019-11-22,5.232690334320068,5.272250175476074,5.323999881744385,5.248499870300293,5.277249813079834,224100000
2019-11-25,5.4887542724609375,5.530250072479248,5.535250186920166,5.388000011444092,5.401000022888184,506476000
2019-11-26,5.3842926025390625,5.425000190734863,5.517250061035156,5.418499946594238,5.512499809265137,385244000
2019-11-27,5.4190568923950195,5.455999851226807,5.50124979019165,5.429500102996826,5.466750144958496,215784000
2019-11-29,5.381810188293457,5.418499946594238,5.453499794006348,5.394499778747559,5.425000190734863,141556000
2019-12-02,5.195827484130859,5.231249809265137,5.425000190734863,5.216000080108643,5.411499977111816,372036000
2019-12-03,5.156347274780273,5.191500186920166,5.195499897003174,5.009250164031982,5.046750068664551,465232000
2019-12-04,5.20004940032959,5.235499858856201,5.297999858856201,5.20674991607666,5.2754998207092285,273424000
2019-12-05,5.183165073394775,5.218500137329102,5.273250102996826,5.187749862670898,5.257500171661377,184884000
2019-12-06,5.268334865570068,5.3042497634887695,5.337250232696533,5.2779998779296875,5.288000106811523,232236000
2019-12-09,5.268334865570068,5.3042497634887695,5.359250068664551,5.272500038146973,5.28125,211880000
2019-12-10,5.313277244567871,5.3495001792907715,5.401500225067139,5.281499862670898,5.334499835968018,256388000
2019-12-11,5.396707534790039,5.433499813079834,5.439000129699707,5.357500076293945,5.360000133514404,233796000
2019-12-12,5.56381893157959,5.601749897003174,5.619999885559082,5.395500183105469,5.4045000076293945,404348000
2019-12-13,5.561833381652832,5.59975004196167,5.7245001792907715,5.545499801635742,5.604750156402588,454704000
2019-12-16,5.590636730194092,5.628749847412109,5.701499938964844,5.6192498207092285,5.647500038146973,320976000
2019-12-17,5.668604850769043,5.707250118255615,5.730000019073486,5.638000011444092,5.647500038146973,321196000
2019-12-18,5.698897838592529,5.737750053405762,5.798500061035156,5.733749866485596,5.742249965667725,343548000
2019-12-19,5.846640586853027,5.886499881744385,5.900000095367432,5.767499923706055,5.772500038146973,445360000
2019-12-20,5.943728923797607,5.984250068664551,6.009749889373779,5.934000015258789,5.953249931335449,603044000
2019-12-23,5.930073261260986,5.9704999923706055,6.045249938964844,5.959750175476074,6.013000011444092,355060000
2019-12-24,5.925106048583984,5.9654998779296875,5.982749938964844,5.920499801635742,5.954999923706055,138864000
2019-12-26,5.9392595291137695,5.979750156402588,6.007999897003174,5.949999809265137,5.968999862670898,182852000
2019-12-27,5.881651878356934,5.921750068664551,6.008500099182129,5.895249843597412,5.994999885559082,254644000
2019-12-30,5.768671989440918,5.808000087738037,5.90500020980835,5.776500225067139,5.899750232696533,258056000
2019-12-31,5.842668056488037,5.882500171661377,5.892000198364258,5.7532501220703125,5.772500038146973,231004000
2020-01-02,5.957137584686279,5.9977498054504395,5.9977498054504395,5.918000221252441,5.96875,237536000
2020-01-03,5.861786365509033,5.901750087738037,5.9457502365112305,5.852499961853027,5.877500057220459,205384000
2020-01-06,5.886369705200195,5.926499843597412,5.9317498207092285,5.781750202178955,5.808000087738037,262636000
2020-01-07,5.957633972167969,5.9982500076293945,6.044250011444092,5.909749984741211,5.954999923706055,314856000
2020-01-08,5.968808650970459,6.009500026702881,6.051000118255615,5.953750133514404,5.99399995803833,277108000
2020-01-09,6.034360885620117,6.075500011444092,6.148250102996826,6.021500110626221,6.096250057220459,255112000
2020-01-10,6.0666399002075195,6.107999801635742,6.213749885559082,6.09375,6.1832499504089355,316296000
2020-01-13,6.256844520568848,6.299499988555908,6.324749946594238,6.168749809265137,6.191500186920166,319840000
2020-01-14,6.140141487121582,6.182000160217285,6.2820000648498535,6.168749809265137,6.256499767303467,359088000
2020-01-15,6.09768009185791,6.139249801635742,6.217249870300293,6.113249778747559,6.19474983215332,263104000
2020-01-16,6.181110858917236,6.223249912261963,6.229249954223633,6.16949987411499,6.192999839782715,284192000
2020-01-17,6.189803123474121,6.23199987411499,6.25,6.1842498779296875,6.242499828338623,253792000
2020-01-21,6.156527996063232,6.198500156402588,6.232250213623047,6.164249897003174,6.195250034332275,217916000
2020-01-22,6.210411548614502,6.252749919891357,6.339749813079834,6.224999904632568,6.24399995803833,239240000
2020-01-23,6.278695583343506,6.321499824523926,6.329999923706055,6.203750133514404,6.293000221252441,244516000
2020-01-24,6.219598293304443,6.26200008392334,6.487500190734863,6.207499980926514,6.4375,373512000
2020-01-27,5.964338779449463,6.005000114440918,6.056250095367432,5.805749893188477,5.955999851226807,470536000
2020-01-28,6.157273769378662,6.199250221252441,6.231750011444092,6.017749786376953,6.071249961853027,310976000
2020-01-29,6.096935749053955,6.138500213623047,6.2210001945495605,6.098499774932861,6.184750080108643,258848000
2020-01-30,6.1036376953125,6.145249843597412,6.158750057220459,5.985000133514404,6.040249824523926,290504000
2020-01-31,5.870726585388184,5.910749912261963,6.111249923706055,5.868750095367432,6.099249839782715,370420000
2020-02-03,5.967567443847656,6.0082502365112305,6.027750015258789,5.886250019073486,5.892499923706055,255564000
2020-02-04,6.136415958404541,6.178249835968018,6.197500228881836,6.100500106811523,6.150750160217285,271544000
2020-02-05,6.226550579071045,6.269000053405762,6.309999942779541,6.1852498054504395,6.299749851226807,208220000
2020-02-06,6.3132123947143555,6.356249809265137,6.356249809265137,6.2220001220703125,6.303500175476074,218284000
2020-02-07,6.2471604347229,6.289750099182129,6.338250160217285,6.264249801635742,6.315999984741211,189752000
2020-02-10,6.5297346115112305,6.574250221252441,6.574999809265137,6.307499885559082,6.3125,529608000
2020-02-11,6.6519012451171875,6.697249889373779,6.8125,6.6207499504089355,6.683000087738037,638556000
2020-02-12,6.767364025115967,6.813499927520752,6.820000171661377,6.711249828338623,6.750249862670898,374644000
2020-02-13,6.723660945892334,6.769499778747559,6.836999893188477,6.727749824523926,6.755249977111816,528016000
2020-02-14,7.1956939697265625,7.244750022888184,7.3742499351501465,7.150000095367432,7.18149995803833,1041924000
2020-02-18,7.364046096801758,7.414249897003174,7.432750225067139,7.121500015258789,7.140999794006348,620164000
2020-02-19,7.814228057861328,7.867499828338623,7.885250091552734,7.53725004196167,7.53725004196167,694332000
2020-02-20,7.665243148803711,7.71750020980835,7.9079999923706055,7.408750057220459,7.819250106811523,810052000
2020-02-21,7.3019700050354,7.351749897003174,7.630000114440918,7.266499996185303,7.604750156402588,768180000
2020-02-24,6.785738468170166,6.831999778747559,7.046750068664551,6.699999809265137,6.754749774932861,856916000
2020-02-25,6.506889343261719,6.551249980926514,6.969749927520752,6.448999881744385,6.90749979019165,1055496000
2020-02-26,6.645941734313965,6.691249847412109,6.886250019073486,6.550000190734863,6.551499843597412,747732000
2020-02-27,6.275990962982178,6.315000057220459,6.675000190734863,6.222249984741211,6.372499942779541,906416000
2020-02-28,6.710043430328369,6.7517499923706055,6.811500072479248,6.044750213623047,6.061500072479248,1133252000
2020-03-02,6.868061065673828,6.910749912261963,6.9397501945495605,6.525000095367432,6.922500133514404,890744000
2020-03-03,6.606189727783203,6.647250175476074,7.026750087738037,6.561500072479248,6.966750144958496,652792000
2020-03-04,7.068813323974609,7.112750053405762,7.122250080108643,6.679999828338623,6.755000114440918,597408000
2020-03-05,6.7900471687316895,6.832250118255615,7.079999923706055,6.787499904632568,6.912499904632568,540328000
2020-03-06,6.609917163848877,6.651000022888184,6.709750175476074,6.449999809265137,6.6519999504089355,515412000
2020-03-09,6.09809684753418,6.136000156402588,6.485000133514404,5.954500198364258,5.997499942779541,614160000
2020-03-10,6.486681938171387,6.5269999504089355,6.5269999504089355,6.149750232696533,6.41349983215332,580648000
2020-03-11,6.123688220977783,6.161749839782715,6.414999961853027,6.0642499923706055,6.386499881744385,499964000
2020-03-12,5.374345779418945,5.407750129699707,5.9029998779296875,5.394999980926514,5.636499881744385,816540000
2020-03-13,5.98380708694458,6.020999908447266,6.0254998207092285,5.490250110626221,5.762499809265137,634836000
2020-03-16,4.879671096801758,4.909999847412109,5.652500152587891,4.849999904632568,5.3102498054504395,726972000
2020-03-17,5.398198127746582,5.4317498207092285,5.521500110626221,4.775000095367432,5.022749900817871,833632000
2020-03-18,5.039178371429443,5.070499897003174,5.248499870300293,4.517000198364258,5.002500057220459,874268000
2020-03-19,5.291362285614014,5.324250221252441,5.41825008392334,4.834750175476074,5.048999786376953,765512000
2020-03-20,5.1119771003723145,5.143750190734863,5.757999897003174,5.1282501220703125,5.474999904632568,804636000
2020-03-23,5.2844038009643555,5.317249774932861,5.4120001792907715,4.9629998207092285,5.142749786376953,643876000
2020-03-24,6.191018104553223,6.229499816894531,6.316500186920166,5.701250076293945,5.724999904632568,1101644000
2020-03-25,6.102568626403809,6.140500068664551,6.545499801635742,6.0914998054504395,6.34499979019165,793432000
2020-03-26,6.391274929046631,6.431000232696533,6.555500030517578,6.25,6.348499774932861,696108000
2020-03-27,6.279221534729004,6.3182501792907715,6.578000068664551,6.2170000076293945,6.25,638828000
2020-03-30,6.598735809326172,6.639750003814697,6.64900016784668,6.339749813079834,6.383999824523926,602252000
2020-03-31,6.549293518066406,6.590000152587891,6.885000228881836,6.443749904632568,6.679999828338623,949960000
2020-04-01,6.039212226867676,6.076749801635742,6.538249969482422,6.0320000648498535,6.391250133514404,656912000
2020-04-02,6.347299575805664,6.386750221252441,6.400000095367432,6.057750225067139,6.105999946594238,675764000
2020-04-03,6.060083389282227,6.097750186920166,6.390749931335449,5.959750175476074,6.348999977111816,663212000
2020-04-06,6.668552398681641,6.710000038146973,6.747000217437744,6.323249816894531,6.38100004196167,727884000
2020-04-07,6.435749053955078,6.475749969482422,6.956250190734863,6.432499885559082,6.932499885559082,784520000
2020-04-08,6.63252592086792,6.673749923706055,6.698750019073486,6.514999866485596,6.585249900817871,542444000
2020-04-09,6.53314208984375,6.573750019073486,6.822999954223633,6.510499954223633,6.800000190734863,525564000
2020-04-13,6.70457649230957,6.746250152587891,6.755000114440918,6.425000190734863,6.513750076293945,398408000
2020-04-14,7.054900646209717,7.098750114440918,7.132999897003174,6.847249984741211,6.875,530948000
2020-04-15,6.977630615234375,7.020999908447266,7.104249954223633,6.884500026702881,6.929999828338623,366148000
2020-04-16,7.3219895362854,7.367499828338623,7.474999904632568,7.163750171661377,7.177000045776367,745620000
2020-04-17,7.262856960296631,7.308000087738037,7.471499919891357,7.173500061035156,7.449999809265137,539120000
2020-04-20,7.131921768188477,7.176249980926514,7.337500095367432,7.131750106811523,7.181000232696533,449388000
2020-04-21,6.696128845214844,6.737750053405762,7.1192498207092285,6.677750110626221,7.057750225067139,735160000
2020-04-22,7.109559059143066,7.153749942779541,7.196750164031982,6.885000228881836,6.930749893188477,483356000
2020-04-23,7.056389808654785,7.100249767303467,7.328499794006348,7.074999809265137,7.196000099182129,424160000
2020-04-24,7.195030212402344,7.239749908447266,7.2417497634887695,7.014999866485596,7.090000152587891,352328000
2020-04-27,7.381123065948486,7.427000045776367,7.587500095367432,7.349999904632568,7.374750137329102,479388000
2020-04-28,7.239006519317627,7.283999919891357,7.605000019073486,7.278500080108643,7.574999809265137,442904000
2020-04-29,7.415408134460449,7.46150016784668,7.514500141143799,7.34375,7.419250011444092,379160000
2020-04-30,7.261863708496094,7.307000160217285,7.46150016784668,7.293000221252441,7.407249927520752,375916000
2020-05-01,7.025829315185547,7.069499969482422,7.222499847412109,7.020999908447266,7.108749866485596,342096000
2020-05-04,7.237265586853027,7.282249927520752,7.296000003814697,7.021999835968018,7.021999835968018,317556000
2020-05-05,7.298138618469238,7.343500137329102,7.506750106811523,7.282249927520752,7.386750221252441,368896000
2020-05-06,7.398761749267578,7.44474983215332,7.550000190734863,7.385250091552734,7.423250198364258,323464000
2020-05-07,7.5746684074401855,7.6217498779296875,7.6852498054504395,7.5329999923706055,7.584499835968018,373732000
2020-05-08,7.764241695404053,7.8125,7.818749904632568,7.659749984741211,7.693749904632568,339216000
2020-05-11,8.015679359436035,8.065500259399414,8.112500190734863,7.778749942779541,7.807499885559082,469060000
2020-05-12,7.754303455352783,7.802499771118164,8.172499656677246,7.792749881744385,8.123499870300293,493060000
2020-05-13,7.731943607330322,7.78000020980835,8.078499794006348,7.594749927520752,7.917500019073486,625852000
2020-05-14,7.980895042419434,8.030500411987305,8.03600025177002,7.6875,7.841750144958496,602312000
2020-05-15,8.438302993774414,8.490750312805176,8.500499725341797,7.874000072479248,7.889750003814697,987660000
2020-05-18,8.696199417114258,8.750249862670898,8.916500091552734,8.680500030517578,8.760499954223633,774460000
2020-05-19,8.751105308532715,8.805500030517578,9.087499618530273,8.762749671936035,8.790249824523926,717320000
2020-05-20,8.914588928222656,8.970000267028809,9.043000221252441,8.888750076293945,8.991000175476074,587536000
2020-05-21,8.721043586730957,8.775250434875488,9.052499771118164,8.737500190734863,9.05150032043457,761068000
2020-05-22,8.970494270324707,9.026249885559082,9.093000411987305,8.713250160217285,8.825249671936035,1038764000
2020-05-26,8.663897514343262,8.71774959564209,9.181750297546387,8.67199993133545,9.156749725341797,770780000
2020-05-27,8.472588539123535,8.525250434875488,8.632749557495117,7.9967498779296875,8.625,1175892000
2020-05-28,8.434576034545898,8.487000465393066,8.760499954223633,8.379249572753906,8.412249565124512,734896000
2020-05-29,8.82067584991455,8.875499725341797,8.875499725341797,8.484999656677246,8.554499626159668,745256000
2020-06-01,8.751852035522461,8.806249618530273,8.840749740600586,8.689499855041504,8.833250045776367,389876000
2020-06-02,8.770736694335938,8.825249671936035,8.837249755859375,8.657999992370605,8.796250343322754,391320000
2020-06-03,8.71533203125,8.769499778747559,8.866250038146973,8.699999809265137,8.822250366210938,365440000
2020-06-04,8.716323852539062,8.766500473022461,8.943249702453613,8.677499771118164,8.727999687194824,424280000
2020-06-05,8.86894702911377,8.920000076293945,8.996999740600586,8.708000183105469,8.794500350952148,481748000
2020-06-08,8.75460433959961,8.805000305175781,8.889749526977539,8.685750007629395,8.877249717712402,387736000
2020-06-09,8.994224548339844,9.045999526977539,9.109749794006348,8.751250267028809,8.800000190734863,468488000
2020-06-10,9.313138961791992,9.36674976348877,9.5,9.153499603271484,9.167750358581543,632180000
2020-06-11,8.745903015136719,8.796250343322754,9.261249542236328,8.78600025177002,9.149999618530273,583652000
2020-06-12,8.881375312805176,8.932499885559082,9.187250137329102,8.70324993133545,9.162500381469727,570908000
2020-06-15,9.12124252319336,9.173749923706055,9.182250022888184,8.743749618530273,8.815250396728516,400004000
2020-06-16,9.016595840454102,9.068499565124512,9.26675033569336,8.838749885559082,9.225000381469727,535716000
2020-06-17,9.183135986328125,9.236000061035156,9.298999786376953,9.070249557495117,9.113750457763672,408304000
2020-06-18,9.165239334106445,9.218000411987305,9.282500267028809,9.114500045776367,9.22700023651123,254408000
2020-06-19,9.208242416381836,9.261249542236328,9.444999694824219,9.227250099182129,9.242500305175781,524160000
2020-06-22,9.472222328186035,9.526749610900879,9.53125,9.273249626159668,9.300000190734863,398468000
2020-06-23,9.395910263061523,9.449999809265137,9.642499923706055,9.407500267028809,9.550999641418457,375108000
2020-06-24,9.182641983032227,9.23550033569336,9.556500434875488,9.144499778747559,9.476249694824219,449372000
2020-06-25,9.435681343078613,9.489999771118164,9.505000114440918,9.182250022888184,9.35575008392334,376072000
2020-06-26,9.102599143981934,9.154999732971191,9.5,9.125,9.5,592084000
2020-06-29,9.14734172821045,9.199999809265137,9.204500198364258,8.899999618530273,9.169750213623047,342248000
2020-06-30,9.443389892578125,9.497750282287598,9.526249885559082,9.266500473022461,9.314000129699707,367892000
2020-07-01,9.475454330444336,9.529999732971191,9.575750350952148,9.413000106811523,9.520750045776367,326648000
2020-07-02,9.557230949401855,9.612250328063965,9.737500190734863,9.57824993133545,9.638999938964844,364056000
2020-07-06,9.782930374145508,9.839249610900879,9.9087495803833,9.712499618530273,9.74174976348877,315892000
2020-07-07,9.815245628356934,9.871749877929688,10.069999694824219,9.850749969482422,9.946249961853027,357800000
2020-07-08,10.157526969909668,10.215999603271484,10.225000381469727,9.965499877929688,9.993749618530273,365480000
2020-07-09,10.448848724365234,10.508999824523926,10.569999694824219,10.233499526977539,10.380249977111816,494548000
2020-07-10,10.419271469116211,10.479249954223633,10.65524959564209,10.37874984741211,10.588749885559082,497676000
2020-07-13,9.99471378326416,10.052249908447266,10.79224967956543,10.024999618530273,10.595000267028809,457076000
2020-07-14,10.317608833312988,10.376999855041504,10.402750015258789,9.785499572753906,10.074999809265137,542676000
2020-07-15,10.168713569641113,10.227250099182129,10.432999610900879,10.055749893188477,10.414250373840332,403984000
2020-07-16,10.076743125915527,10.134750366210938,10.20674991607666,9.895500183105469,10.015000343322754,344964000
2020-07-17,10.143111228942871,10.201499938964844,10.248499870300293,10.087750434875488,10.225500106811523,266284000
2020-07-20,10.450591087341309,10.510749816894531,10.53125,10.156749725341797,10.274250030517578,284852000
2020-07-21,10.269383430480957,10.328499794006348,10.5600004196167,10.286749839782715,10.512999534606934,277036000
2020-07-22,10.37900161743164,10.438750267028809,10.602499961853027,10.291500091552734,10.367500305175781,367292000
2020-07-23,10.071771621704102,10.12975025177002,10.54699993133545,10.03125,10.449999809265137,411660000
2020-07-24,10.136149406433105,10.194499969482422,10.364749908447266,9.777000427246094,9.875,473292000
2020-07-27,10.36185359954834,10.421500205993652,10.441749572753906,10.21774959564209,10.232250213623047,292132000
2020-07-28,10.15703010559082,10.215499877929688,10.381999969482422,10.209250450134277,10.374250411987305,271636000
2020-07-29,10.405600547790527,10.465499877929688,10.516249656677246,10.347000122070312,10.39074993133545,284508000
2020-07-30,10.55324935913086,10.61400032043457,10.623000144958496,10.295249938964844,10.375,308880000
2020-07-31,10.553997039794922,10.614749908447266,10.766500473022461,10.432999610900879,10.563249588012695,386080000
2020-08-03,10.947234153747559,11.010250091552734,11.098750114440918,10.715250015258789,10.732500076293945,412720000
2020-08-04,11.16348648071289,11.227749824523926,11.227749824523926,10.906000137329102,11.050000190734863,310336000
2020-08-05,11.222148895263672,11.286749839782715,11.371749877929688,11.166250228881836,11.244000434875488,249924000
2020-08-06,11.270622253417969,11.33549976348877,11.357999801635742,11.178750038146973,11.349749565124512,244316000
2020-08-07,11.135397911071777,11.19950008392334,11.50475025177002,11.037500381469727,11.3125,342516000
2020-08-10,11.101096153259277,11.164999961853027,11.408249855041504,10.856499671936035,11.334250450134277,427796000
2020-08-11,10.787898063659668,10.850000381469727,11.136750221252441,10.79574966430664,11.073749542236328,354512000
2020-08-12,11.374770164489746,11.440250396728516,11.467000007629395,10.958250045776367,10.990750312805176,464412000
2020-08-13,11.377504348754883,11.442999839782715,11.721750259399414,11.35575008392334,11.545999526977539,374460000
2020-08-14,11.497811317443848,11.564000129699707,11.704750061035156,11.440500259399414,11.529999732971191,366436000
2020-08-17,12.266389846801758,12.336999893188477,12.409749984741211,11.81725025177002,11.851249694824219,621300000
2020-08-18,12.190574645996094,12.260749816894531,12.496000289916992,12.086250305175781,12.449999809265137,503448000
2020-08-19,12.069023132324219,12.138500213623047,12.3149995803833,12.097999572753906,12.296500205993652,622624000
2020-08-20,12.07150936126709,12.140999794006348,12.375,11.87874984741211,11.975000381469727,921388000
2020-08-21,12.610902786254883,12.683500289916992,12.80875015258789,12.195249557495117,12.201749801635742,999868000
2020-08-24,12.647444725036621,12.720250129699707,12.912500381469727,12.507499694824219,12.883749961853027,490564000
2020-08-25,12.677023887634277,12.75,12.761249542236328,12.573749542236328,12.630749702453613,289076000
2020-08-26,12.699891090393066,12.77299976348877,12.868499755859375,12.677749633789062,12.799249649047852,321244000
2020-08-27,12.555970191955566,12.628250122070312,12.850000381469727,12.566499710083008,12.781499862670898,317604000
2020-08-28,13.072497367858887,13.147749900817871,13.14799976348877,12.642499923706055,12.675000190734863,537160000
2020-08-31,13.297951698303223,13.374500274658203,13.574999809265137,13.037750244140625,13.18274974822998,500840000
2020-09-01,13.746004104614258,13.821000099182129,13.993749618530273,13.43649959564209,13.479999542236328,511316000
2020-09-02,14.268655776977539,14.346500396728516,14.726750373840332,13.899999618530273,14.703749656677246,874012000
2020-09-03,12.94487476348877,13.01550006866455,13.884499549865723,12.87874984741211,13.828749656677246,945128000
2020-09-04,12.554010391235352,12.6225004196167,13.175000190734863,11.704750061035156,12.7837495803833,1463684000
2020-09-08,11.848357200622559,11.913000106811523,12.550000190734863,11.70425033569336,11.73449993133545,795728000
2020-09-09,12.646005630493164,12.71500015258789,12.809249877929688,12.231749534606934,12.399999618530273,736200000
2020-09-10,12.244946479797363,12.311750411987305,13.065250396728516,12.166999816894531,12.989250183105469,698684000
2020-09-11,12.098498344421387,12.16450023651123,12.65250015258789,11.895750045776367,12.48550033569336,636928000
2020-09-14,12.802403450012207,12.872249603271484,13.3149995803833,12.631250381469727,13.081000328063965,1201744000
2020-09-15,12.920511245727539,12.991000175476074,13.298749923706055,12.827750205993652,13.279999732971191,727556000
2020-09-16,12.446595191955566,12.51449966430664,13.09274959564209,12.513750076293945,12.957249641418457,556384000
2020-09-17,12.39587116241455,12.463500022888184,12.589750289916992,12.034749984741211,12.13224983215332,792512000
2020-09-18,12.12310791015625,12.189249992370605,12.632499694824219,11.988750457763672,12.59375,698460000
2020-09-21,12.449329376220703,12.517250061035156,12.522500038146973,11.904500007629395,11.925000190734863,721044000
2020-09-22,12.569175720214844,12.637749671936035,12.64799976348877,12.155500411987305,12.574999809265137,646452000
2020-09-23,12.057964324951172,12.123749732971191,12.72700023651123,12.07925033569336,12.575499534606934,647012000
2020-09-24,12.280998229980469,12.347999572753906,12.569499969482422,12.013999938964844,12.072250366210938,731240000
2020-09-25,12.8038969039917,12.873749732971191,12.883500099182129,12.245750427246094,12.447500228881836,588016000
2020-09-28,12.96427059173584,13.03499984741211,13.051750183105469,12.75,13.040249824523926,573808000
2020-09-29,13.153985977172852,13.225749969482422,13.442749977111816,12.933250427246094,12.9375,621460000
2020-09-30,13.45708179473877,13.530500411987305,13.6225004196167,13.150250434875488,13.157500267028809,689184000
2020-10-01,13.540627479553223,13.614500045776367,13.762749671936035,13.460749626159668,13.758000373840332,525004000
2020-10-02,12.991373062133789,13.062250137329102,13.519499778747559,13.050999641418457,13.225000381469727,552496000
2020-10-05,13.568474769592285,13.642499923706055,13.64424991607666,13.222749710083008,13.236000061035156,479820000
2020-10-06,13.661965370178223,13.736499786376953,14.142000198364258,13.664999961853027,13.829999923706055,784420000
2020-10-07,13.88823127746582,13.96399974822998,14.119250297546387,13.863499641418457,13.999750137329102,418084000
2020-10-08,13.76366138458252,13.838749885559082,14.084500312805176,13.758000373840332,14.074999809265137,378900000
2020-10-09,13.688072204589844,13.762749671936035,13.824250221252441,13.660750389099121,13.767000198364258,346892000
2020-10-12,14.148808479309082,14.22599983215332,14.347000122070312,13.912500381469727,13.989500045776367,434744000
2020-10-13,14.170937538146973,14.248250007629395,14.34850025177002,14.018750190734863,14.296500205993652,344604000
2020-10-14,14.018767356872559,14.095250129699707,14.34274959564209,13.960000038146973,14.290499687194824,276100000
2020-10-15,13.894194602966309,13.970000267028809,14.005749702453613,13.767749786376953,13.810750007629395,267224000
2020-10-16,13.736557006835938,13.81149959564209,14.121500015258789,13.792499542236328,14.036749839782715,242392000
2020-10-19,13.424509048461914,13.497750282287598,13.983499526977539,13.406749725341797,13.902999877929688,298068000
2020-10-20,13.571455955505371,13.645500183105469,13.799750328063965,13.506999969482422,13.583499908447266,229212000
2020-10-21,13.451364517211914,13.524749755859375,13.791500091552734,13.477499961853027,13.625,219596000
2020-10-22,13.28850269317627,13.361000061035156,13.611749649047852,13.231749534606934,13.522500038146973,290480000
2020-10-23,13.516507148742676,13.590250015258789,13.593250274658203,13.291250228881836,13.449999809265137,233484000
2020-10-26,13.06994342803955,13.141249656677246,13.692749977111816,13.03849983215332,13.427000045776367,336896000
2020-10-27,13.324057579040527,13.396750450134277,13.442000389099121,13.191499710083008,13.305999755859375,250520000
2020-10-28,12.558483123779297,12.626999855041504,13.260000228881836,12.609000205993652,13.197999954223633,376520000
2020-10-29,12.95333194732666,13.02400016784668,13.192749977111816,12.75,12.838500022888184,320080000
2020-10-30,12.465989112854004,12.534000396728516,12.93649959564209,12.300000190734863,12.850000381469727,416820000
2020-11-02,12.51248550415039,12.580750465393066,12.836750030517578,12.395000457763672,12.657750129699707,299652000
2020-11-03,12.948854446411133,13.019499778747559,13.104999542236328,12.602749824523926,12.708499908447266,272900000
2020-11-04,13.719401359558105,13.794249534606934,13.827500343322754,13.336999893188477,13.389249801635742,410228000
2020-11-05,14.083165168762207,14.15999984741211,14.33899974822998,13.991000175476074,14.162500381469727,319028000
2020-11-06,14.482983589172363,14.562000274658203,14.588749885559082,13.895000457763672,14.109749794006348,383348000
2020-11-09,13.556787490844727,13.630749702453613,14.691499710083008,13.610750198364258,14.552499771118164,582976000
2020-11-10,12.70070743560791,12.770000457763672,13.606499671936035,12.628250122070312,13.606499671936035,644068000
2020-11-11,13.345192909240723,13.418000221252441,13.4350004196167,12.948249816894531,13.053750038146973,404744000
2020-11-12,13.3837308883667,13.45674991607666,13.765999794006348,13.315999984741211,13.479000091552734,365812000
2020-11-13,13.224847793579102,13.29699993133545,13.668749809265137,13.059249877929688,13.627249717712402,346312000
2020-11-16,13.441915512084961,13.515250205993652,13.649499893188477,13.156000137329102,13.172499656677246,413776000
2020-11-17,13.34941577911377,13.422249794006348,13.5962495803833,13.303750038146973,13.552499771118164,312028000
2020-11-18,13.355883598327637,13.428750038146973,13.60575008392334,13.1850004196167,13.465250015258789,510924000
2020-11-19,13.36732006072998,13.440250396728516,13.487500190734863,13.100000381469727,13.212750434875488,565936000
2020-11-20,13.016733169555664,13.087750434875488,13.494500160217285,13.0649995803833,13.454000473022461,341088000
2020-11-23,13.068697929382324,13.140000343322754,13.382499694824219,13.01550006866455,13.171250343322754,361356000
2020-11-24,12.887441635131836,12.95775032043457,13.161999702453613,12.885000228881836,13.142499923706055,346500000
2020-11-25,13.162938117980957,13.234749794006348,13.269499778747559,13.020000457763672,13.032500267028809,259916000
2020-11-27,13.189291954040527,13.261249542236328,13.407500267028809,13.170499801635742,13.375,167276000
2020-11-30,13.328781127929688,13.40149974822998,13.412500381469727,12.972249984741211,13.265000343322754,286952000
2020-12-01,13.317341804504395,13.390000343322754,13.5287504196167,13.228249549865723,13.492250442504883,296948000
2020-12-02,13.4710054397583,13.544500350952148,13.673500061035156,13.23425006866455,13.350500106811523,283360000
2020-12-03,13.327249526977539,13.395999908447266,13.65999984741211,13.329000473022461,13.587499618530273,199520000
2020-12-04,13.488666534423828,13.558250427246094,13.5600004196167,13.388750076293945,13.44849967956543,202244000
2020-12-07,13.53691577911377,13.606749534606934,13.731249809265137,13.5,13.601249694824219,223244000
2020-12-08,13.281487464904785,13.350000381469727,13.598750114440918,13.281499862670898,13.585000038146973,271920000
2020-12-09,12.864384651184082,12.930749893188477,13.413999557495117,12.868249893188477,13.30049991607666,401300000
2020-12-10,12.905671119689941,12.972249984741211,13.068750381469727,12.849499702453613,12.869000434875488,207764000
2020-12-11,12.946463584899902,13.013250350952148,13.020000457763672,12.822999954223633,12.967249870300293,209264000
2020-12-14,13.240445137023926,13.30875015258789,13.388750076293945,13.077500343322754,13.088000297546387,270156000
2020-12-15,13.291930198669434,13.36050033569336,13.46399974822998,13.186750411987305,13.439749717712402,193016000
2020-12-16,13.174534797668457,13.242500305175781,13.437250137329102,13.212499618530273,13.422499656677246,223116000
2020-12-17,13.272778511047363,13.3412504196167,13.379500389099121,13.178500175476074,13.36674976348877,231384000
2020-12-18,13.203883171081543,13.272000312805176,13.404999732971191,13.070500373840332,13.378999710083008,342064000
2020-12-21,13.263825416564941,13.332249641418457,13.369999885559082,12.967499732971191,13.074749946594238,302332000
2020-12-22,13.210103988647461,13.278249740600586,13.337249755859375,13.053999900817871,13.319250106811523,185580000
2020-12-23,12.942480087280273,13.009249687194824,13.274999618530273,13.005000114440918,13.255999565124512,179144000
2020-12-24,12.9270601272583,12.993749618530273,13.132499694824219,12.938750267028809,13.037249565124512,97884000
2020-12-28,12.833791732788086,12.899999618530273,13.0625,12.763250350952148,13.0625,212564000
2020-12-29,12.876822471618652,12.943249702453613,13.072500228881836,12.842249870300293,12.925000190734863,170372000
2020-12-30,13.07828140258789,13.145750045776367,13.213749885559082,12.896750450134277,12.990249633789062,225396000
2020-12-31,12.987996101379395,13.055000305175781,13.151000022888184,12.914999961853027,13.136500358581543,192424000
2021-01-04,13.046196937561035,13.113499641418457,13.65250015258789,12.962499618530273,13.104249954223633,560640000
2021-01-05,13.335952758789062,13.404749870300293,13.443499565124512,13.086999893188477,13.099749565124512,322760000
2021-01-06,12.549758911132812,12.614500045776367,13.244999885559082,12.586000442504883,13.22249984741211,580424000
2021-01-07,13.275513648986816,13.343999862670898,13.377750396728516,12.886500358581543,12.967499732971191,461480000
2021-01-08,13.208610534667969,13.276749610900879,13.420999526977539,13.041999816894531,13.362500190734863,292528000
2021-01-11,13.551589965820312,13.621500015258789,13.961000442504883,13.362500190734863,13.418749809265137,518344000
2021-01-12,13.41554069519043,13.484749794006348,13.754500389099121,13.345000267028809,13.7524995803833,291476000
2021-01-13,13.462298393249512,13.531749725341797,13.625,13.385000228881836,13.489999771118164,210028000
2021-01-14,13.132501602172852,13.200249671936035,13.599749565124512,13.180500030517578,13.574999809265137,283120000
2021-01-15,12.793499946594238,12.85949993133545,13.325249671936035,12.84850025177002,13.227999687194824,277780000
2021-01-19,12.958404541015625,13.025250434875488,13.093999862670898,12.843999862670898,13.016249656677246,226188000
2021-01-20,13.297154426574707,13.365750312805176,13.430500030517578,13.056750297546387,13.111749649047852,258572000
2021-01-21,13.79632568359375,13.867500305175781,13.999250411987305,13.253000259399414,13.418499946594238,337780000
2021-01-22,13.642122268676758,13.712499618530273,13.841750144958496,13.627249717712402,13.739999771118164,246820000
2021-01-25,13.58317756652832,13.653249740600586,13.828499794006348,13.236499786376953,13.781749725341797,251112000
2021-01-26,13.366296768188477,13.435250282287598,13.644749641418457,13.387499809265137,13.580499649047852,163980000
2021-01-27,12.85145092010498,12.917750358581543,13.232749938964844,12.793749809265137,13.229999542236328,371272000
2021-01-28,12.984016418457031,13.050999641418457,13.339750289916992,12.96049976348877,12.99625015258789,228316000
2021-01-29,12.923084259033203,12.989749908447266,13.334750175476074,12.911499977111816,13.074999809265137,271552000
2021-02-01,13.169062614440918,13.237000465393066,13.270750045776367,12.902750015258789,13.053250312805176,217204000
2021-02-02,13.487174034118652,13.556750297546387,13.571999549865723,13.285499572753906,13.398750305175781,220440000
2021-02-03,13.461057662963867,13.530500411987305,13.931750297546387,13.516500473022461,13.63599967956543,245408000
2021-02-04,13.594121932983398,13.664250373840332,13.673500061035156,13.337750434875488,13.531000137329102,201340000
2021-02-05,13.521246910095215,13.590999603271484,13.737250328063965,13.54574966430664,13.725000381469727,169152000
2021-02-08,14.364645957946777,14.438750267028809,14.473750114440918,13.727250099182129,13.727250099182129,434624000
2021-02-09,14.190047264099121,14.263250350952148,14.583250045776367,14.22249984741211,14.340749740600586,287560000
2021-02-10,14.688475608825684,14.764249801635742,14.904999732971191,14.341500282287598,14.463250160217285,485352000
2021-02-11,15.172477722167969,15.250749588012695,15.272250175476074,14.925000190734863,14.980250358581543,450828000
2021-02-12,14.8844633102417,14.961250305175781,15.291250228881836,14.774999618530273,15.050000190734863,374756000
2021-02-16,15.251568794250488,15.330249786376953,15.3725004196167,14.949999809265137,15.064249992370605,321960000
2021-02-17,14.829496383666992,14.906000137329102,15.22350025177002,14.779999732971191,15.170999526977539,274756000
2021-02-18,14.752890586853027,14.829000473022461,14.873250007629395,14.574999809265137,14.729000091552734,233868000
2021-02-19,14.849893569946289,14.92650032043457,15.177000045776367,14.846750259399414,15.024499893188477,271724000
2021-02-22,14.282073020935059,14.35575008392334,15.13325023651123,14.324999809265137,14.774749755859375,325884000
2021-02-23,14.069419860839844,14.142000198364258,14.238750457763672,13.38949966430664,14.075249671936035,391780000
2021-02-24,14.424589157104492,14.49899959564209,14.506750106811523,13.755999565124512,14.122750282287598,448320000
2021-02-25,13.239201545715332,13.307499885559082,14.374750137329102,13.2162504196167,14.045499801635742,824436000
2021-02-26,13.644113540649414,13.714500427246094,13.854499816894531,13.361000061035156,13.7524995803833,500932000
2021-03-01,13.770709991455078,13.841750144958496,13.925000190734863,13.553250312805176,13.875,353184000
2021-03-02,13.337443351745605,13.40625,13.920499801635742,13.395999908447266,13.899999618530273,264116000
2021-03-03,12.739032745361328,12.804750442504883,13.451499938964844,12.798749923706055,13.426250457763672,377592000
2021-03-04,12.306763648986816,12.37024974822998,12.975000381469727,12.083749771118164,12.800749778747559,573344000
2021-03-05,12.397544860839844,12.46150016784668,12.550000190734863,11.67924976348877,12.550000190734863,542840000
2021-03-08,11.5337495803833,11.593250274658203,12.4712495803833,11.566499710083008,12.449999809265137,543112000
2021-03-09,12.460291862487793,12.52025032043457,12.61674976348877,12.059249877929688,12.130249977111816,521824000
2021-03-10,12.408541679382324,12.468250274658203,12.979999542236328,12.457500457763672,12.840499877929688,384376000
2021-03-11,12.931273460388184,12.993499755859375,13.046250343322754,12.73449993133545,12.949999809265137,299916000
2021-03-12,12.794434547424316,12.855999946594238,12.888750076293945,12.59000015258789,12.648249626159668,243964000
2021-03-15,13.128080368041992,13.19124984741211,13.20674991607666,12.767250061035156,12.864749908447266,221988000
2021-03-16,13.227601051330566,13.291250228881836,13.512499809265137,13.11674976348877,13.356499671936035,272128000
2021-03-17,13.277359962463379,13.3412504196167,13.45324993133545,12.989500045776367,13.039750099182129,243864000
2021-03-18,12.661575317382812,12.72249984741211,13.184000015258789,12.717000007629395,13.136500358581543,293896000
2021-03-19,12.784233093261719,12.845749855041504,12.921500205993652,12.612500190734863,12.75,299208000
2021-03-22,13.123102188110352,13.186249732971191,13.394499778747559,12.906749725341797,12.912750244140625,297804000
2021-03-23,13.008156776428223,13.07075023651123,13.344499588012695,13.021249771118164,13.254249572753906,222048000
2021-03-24,12.582453727722168,12.642999649047852,13.159250259399414,12.636750221252441,13.151249885559082,245840000
2021-03-25,12.4752197265625,12.535249710083008,12.714750289916992,12.272000312805176,12.499500274658203,295144000
2021-03-26,12.777764320373535,12.839249610900879,12.856249809265137,12.373499870300293,12.554499626159668,363968000
2021-03-29,12.886241912841797,12.948249816894531,13.0625,12.699999809265137,12.820249557495117,273520000
2021-03-30,12.81010913848877,12.871749877929688,12.975250244140625,12.704999923706055,12.842000007629395,200204000
2021-03-31,13.284326553344727,13.348250389099121,13.470499992370605,12.982500076293945,13.01550006866455,314776000
2021-04-01,13.745609283447266,13.811750411987305,13.869999885559082,13.511249542236328,13.572250366210938,308276000
2021-04-05,13.920515060424805,13.987500190734863,14.013999938964844,13.732999801635742,13.867500305175781,255672000
2021-04-06,13.795121192932129,13.861499786376953,14.05424976348877,13.773500442504883,13.999750137329102,191744000
2021-04-07,14.075769424438477,14.143500328063965,14.243499755859375,13.71150016784668,13.880749702453613,251284000
2021-04-08,14.248437881469727,14.317000389099121,14.471500396728516,14.24899959564209,14.252750396728516,244416000
2021-04-09,14.331039428710938,14.399999618530273,14.407999992370605,14.175000190734863,14.21399974822998,195172000
2021-04-12,15.136164665222168,15.208999633789062,15.352499961853027,14.139249801635742,14.289750099182129,869324000
2021-04-13,15.604412078857422,15.679499626159668,15.699999809265137,15.125749588012695,15.231499671936035,676212000
2021-04-14,15.203839302062988,15.277000427246094,15.720499992370605,15.227499961853027,15.625,385500000
2021-04-15,16.05997085571289,16.137250900268555,16.214250564575195,15.631500244140625,15.662500381469727,598480000
2021-04-16,15.836295127868652,15.912500381469727,16.16575050354004,15.865249633789062,16.05299949645996,335208000
2021-04-19,15.28818416595459,15.361749649047852,15.807499885559082,15.232999801635742,15.536499977111816,404420000
2021-04-20,15.098597526550293,15.171250343322754,15.496999740600586,14.963000297546387,15.323249816894531,334132000
2021-04-21,15.286940574645996,15.36050033569336,15.362500190734863,15.102250099182129,15.118749618530273,216776000
2021-04-22,14.779134750366211,14.850250244140625,15.43850040435791,14.783499717712402,15.375,277788000
2021-04-23,15.192145347595215,15.265250205993652,15.335000038146973,14.900250434875488,14.934249877929688,227500000
2021-04-26,15.403879165649414,15.477999687194824,15.479000091552734,15.125,15.1850004196167,197796000
2021-04-27,15.308086395263672,15.381750106811523,15.670499801635742,15.354499816894531,15.578499794006348,164572000
2021-04-28,15.203591346740723,15.276749610900879,15.53225040435791,15.215499877929688,15.364500045776367,209416000
2021-04-29,15.251362800598145,15.324749946594238,15.43649959564209,15.071499824523926,15.399999618530273,173196000
2021-04-30,14.937623023986816,15.009499549865723,15.364999771118164,14.996999740600586,15.174500465393066,201912000
2021-05-03,14.765695571899414,14.836750030517578,15.246749877929688,14.787500381469727,15.125,203912000
2021-05-04,14.282522201538086,14.351249694824219,14.637499809265137,14.010250091552734,14.637249946594238,405324000
2021-05-05,14.389259338378906,14.458499908447266,14.81350040435791,14.387499809265137,14.708999633789062,292024000
2021-05-06,14.453449249267578,14.52299976348877,14.571249961853027,14.218000411987305,14.49524974822998,193380000
2021-05-07,14.741314888000488,14.812250137329102,14.970749855041504,14.67175006866455,14.808250427246094,229328000
2021-05-10,14.197432518005371,14.26574993133545,14.805999755859375,14.25,14.787249565124512,268904000
2021-05-11,14.237737655639648,14.306249618530273,14.35474967956543,13.75,13.824999809265137,285584000
2021-05-12,13.692611694335938,13.758500099182129,14.260250091552734,13.709250450134277,14.009499549865723,303408000
2021-05-13,13.599807739257812,13.665249824523926,14.080750465393066,13.458999633789062,14.0337495803833,285404000
2021-05-14,14.17479133605957,14.243000030517578,14.32800006866455,13.748499870300293,13.890000343322754,258616000
2021-05-17,14.097663879394531,14.165499687194824,14.169249534606934,13.853500366210938,14.156999588012695,216980000
2021-05-18,13.948629379272461,14.01574993133545,14.404250144958496,14.003999710083008,14.267000198364258,186256000
2021-05-19,13.99838924407959,14.065750122070312,14.079500198364258,13.54325008392334,13.566499710083008,344000000
2021-05-20,14.542523384094238,14.612500190734863,14.68375015258789,14.270500183105469,14.302499771118164,321592000
2021-05-21,14.919953346252441,14.99174976348877,15.222000122070312,14.869500160217285,15.163749694824219,672992000
2021-05-24,15.537233352661133,15.612000465393066,15.744999885559082,15.175999641418457,15.212499618530273,554816000
2021-05-25,15.572813987731934,15.647749900817871,15.818499565124512,15.482500076293945,15.765999794006348,435408000
2021-05-26,15.62481689453125,15.699999809265137,15.793749809265137,15.586250305175781,15.73425006866455,370440000
2021-05-27,15.41382884979248,15.48799991607666,15.75,15.460000038146973,15.699749946594238,581476000
2021-05-28,16.166704177856445,16.24449920654297,16.27750015258789,15.50100040435791,15.50100040435791,644536000
2021-06-01,16.186609268188477,16.26449966430664,16.38825035095215,15.903249740600586,16.270000457763672,472804000
2021-06-02,16.697895050048828,16.778249740600586,16.918750762939453,16.23550033569336,16.25225067138672,594168000
2021-06-03,16.88848114013672,16.969749450683594,17.259000778198242,16.58300018310547,16.70075035095215,580008000
2021-06-04,17.494070053100586,17.578250885009766,17.660999298095703,17.095500946044922,17.112499237060547,617120000
2021-06-07,17.53462028503418,17.618999481201172,17.8125,17.192750930786133,17.571250915527344,575756000
2021-06-08,17.37339973449707,17.457000732421875,17.62150001525879,17.250999450683594,17.527250289916992,323848000
2021-06-09,17.27907943725586,17.35824966430664,17.575000762939453,17.25575065612793,17.515750885009766,381656000
2021-06-10,17.345529556274414,17.424999237060547,17.492000579833984,17.176000595092773,17.350000381469727,287772000
2021-06-11,17.74394989013672,17.82525062561035,17.939250946044922,17.443750381469727,17.47949981689453,416308000
2021-06-14,17.936569213867188,18.018749237060547,18.039499282836914,17.662750244140625,17.9060001373291,321376000
2021-06-15,17.707368850708008,17.78849983215332,18.016250610351562,17.72800064086914,17.915000915527344,243032000
2021-06-16,17.72901725769043,17.81024932861328,17.954750061035156,17.58449935913086,17.79075050354004,307124000
2021-06-17,18.572158813476562,18.657249450683594,18.834999084472656,17.756250381469727,17.774499893188477,809656000
2021-06-18,18.553741455078125,18.638750076293945,19.375,18.583999633789062,18.784000396728516,968856000
2021-06-21,18.343204498291016,18.427249908447266,18.536500930786133,17.822750091552734,18.43524932861328,672384000
2021-06-22,18.800609588623047,18.886749267578125,18.9637508392334,18.38599967956543,18.471500396728516,580144000
2021-06-23,18.9703311920166,19.057249069213867,19.15275001525879,18.90774917602539,19.007749557495117,332356000
2021-06-24,19.117910385131836,19.20549964904785,19.420000076293945,19.08824920654297,19.227750778198242,320924000
2021-06-25,18.944202423095703,19.0310001373291,19.345500946044922,18.894500732421875,19.280500411987305,278364000
2021-06-28,19.893850326538086,19.985000610351562,20.078750610351562,19.319000244140625,19.361249923706055,495436000
2021-06-29,19.93541145324707,20.026750564575195,20.0987491607666,19.656999588012695,19.88249969482422,367632000
2021-06-30,19.91126823425293,20.002500534057617,20.162500381469727,19.863750457763672,19.999250411987305,326568000
2021-07-01,20.11981773376465,20.211999893188477,20.45599937438965,20.018999099731445,20.125,480136000
2021-07-02,20.3935604095459,20.48699951171875,20.505250930786133,20.287750244140625,20.440250396728516,342764000
2021-07-06,20.604097366333008,20.69849967956543,20.841999053955078,20.350250244140625,20.737499237060547,446708000
2021-07-07,20.278837203979492,20.371749877929688,20.875,20.332000732421875,20.853500366210938,418428000
2021-07-08,19.811973571777344,19.90275001525879,20.132999420166016,19.70075035095215,19.85650062561035,503300000
2021-07-09,19.958803176879883,20.050249099731445,20.080249786376953,19.754249572753906,19.962499618530273,296624000
2021-07-12,20.418947219848633,20.512500762939453,20.53274917602539,20.1877498626709,20.239999771118164,321984000
2021-07-13,20.157642364501953,20.25,20.46125030517578,20.11400032043457,20.40049934387207,290708000
2021-07-14,19.751007080078125,19.84149932861328,20.417749404907227,19.752750396728516,20.357749938964844,380100000
2021-07-15,18.879749298095703,18.966249465942383,19.847000122070312,18.85849952697754,19.811750411987305,550564000
2021-07-16,18.078166961669922,18.160999298095703,19.156999588012695,18.072999954223633,19.030500411987305,688224000
2021-07-19,18.694101333618164,18.77975082397461,19.04199981689453,17.86549949645996,17.915250778198242,749060000
2021-07-20,18.527116775512695,18.61199951171875,18.83799934387207,18.163999557495117,18.729999542236328,434687000
2021-07-21,19.32147216796875,19.40999984741211,19.527000427246094,18.742000579833984,18.881999969482422,371017000
2021-07-22,19.504636764526367,19.5939998626709,19.886999130249023,19.275999069213867,19.642000198364258,323826000
2021-07-23,19.46880340576172,19.558000564575195,19.700000762939453,19.25,19.6560001373291,195672000
2021-07-26,19.206003189086914,19.29400062561035,19.441999435424805,18.913999557495117,19.31100082397461,203943000
2021-07-27,19.120393753051758,19.20800018310547,19.621999740600586,18.740999221801758,19.264999389648438,248863000
2021-07-28,19.414045333862305,19.503000259399414,19.645999908447266,18.9950008392334,19.319000244140625,202191000
2021-07-29,19.572324752807617,19.66200065612793,19.85300064086914,19.327999114990234,19.518999099731445,190781000
2021-07-30,19.41006851196289,19.499000549316406,19.6299991607666,19.26300048828125,19.417999267578125,183497000
2021-08-02,19.65992546081543,19.75,19.961000442504883,19.361000061035156,19.700000762939453,217444000
2021-08-03,19.724626541137695,19.815000534057617,20.222000122070312,19.219999313354492,19.739999771118164,301811000
2021-08-04,20.181535720825195,20.27400016784668,20.31800079345703,19.827999114990234,19.989999771118164,231309000
2021-08-05,20.542879104614258,20.636999130249023,20.732999801635742,20.341999053955078,20.5,211435000
2021-08-06,20.273117065429688,20.365999221801758,20.56999969482422,20.209999084472656,20.52400016784668,178497000
2021-08-09,20.202442169189453,20.295000076293945,20.507999420166016,20.14299964904785,20.445999145507812,146443000
2021-08-10,19.845075607299805,19.93600082397461,20.43000030517578,19.834999084472656,20.32200050354004,179238000
2021-08-11,19.60915756225586,19.698999404907227,20.048999786376953,19.43000030517578,20.042999267578125,185925000
2021-08-12,19.81421661376953,19.905000686645508,20.02899932861328,19.6200008392334,19.8700008392334,151652000
2021-08-13,20.095928192138672,20.187999725341797,20.214000701904297,19.85099983215332,19.905000686645508,183063000
2021-08-16,19.859012603759766,19.950000762939453,20.28700065612793,19.452999114990234,20.135000228881836,210876000
2021-08-17,19.36925506591797,19.45800018310547,19.770000457763672,19.267000198364258,19.684999465942383,204585000
2021-08-18,18.95316505432129,19.040000915527344,19.634000778198242,19.0,19.5,285913000
2021-08-19,19.707704544067383,19.79800033569336,20.4950008392334,18.761999130249023,19.493999481201172,766555000
2021-08-20,20.72106170654297,20.81599998474121,20.864999771118164,19.933000564575195,19.990999221801758,675741000
2021-08-23,21.85785484313965,21.95800018310547,21.996999740600586,20.950000762939453,20.97100067138672,575807000
2021-08-24,21.693607330322266,21.792999267578125,21.958999633789062,21.53499984741211,21.753000259399414,297299000
2021-08-25,22.111696243286133,22.21299934387207,22.469999313354492,21.722000122070312,21.73699951171875,347701000
2021-08-26,21.967350006103516,22.06800079345703,22.34000015258789,21.790000915527344,22.200000762939453,237940000
2021-08-27,22.532760620117188,22.63599967956543,22.722000122070312,22.16699981689453,22.18400001525879,304722000
2021-08-30,22.58452033996582,22.687999725341797,23.042999267578125,22.551000595092773,22.829999923706055,262580000
2021-08-31,22.286834716796875,22.385000228881836,22.69499969482422,22.1200008392334,22.69499969482422,259850000
2021-09-01,22.34258460998535,22.44099998474121,22.69700050354004,22.35700035095215,22.485000610351562,201767000
2021-09-02,22.297786712646484,22.395999908447266,22.593000411987305,22.295000076293945,22.51799964904785,187834000
2021-09-03,22.742826461791992,22.843000411987305,22.986000061035156,22.200000762939453,22.325000762939453,280532000
2021-09-07,22.5626220703125,22.66200065612793,22.89900016784668,22.52199935913086,22.83300018310547,198107000
2021-09-08,22.24103546142578,22.339000701904297,22.610000610351562,21.976999282836914,22.51300048828125,254434000
2021-09-09,22.079748153686523,22.177000045776367,22.538000106811523,22.131000518798828,22.312000274658203,196856000
2021-09-10,22.379425048828125,22.47800064086914,22.625999450683594,22.270000457763672,22.347999572753906,248376000
2021-09-13,22.054859161376953,22.152000427246094,22.964000701904297,21.857999801635742,22.68400001525879,297500000
2021-09-14,22.14446258544922,22.242000579833984,22.40999984741211,22.086000442504883,22.274999618530273,199755000
2021-09-15,22.24302864074707,22.340999603271484,22.367000579833984,21.965999603271484,22.30900001525879,166538000
2021-09-16,22.14446258544922,22.242000579833984,22.277000427246094,21.927000045776367,22.183000564575195,156033000
2021-09-17,21.803958892822266,21.899999618530273,22.320999145507812,21.829999923706055,22.299999237060547,294503000
2021-09-20,21.02041244506836,21.113000869750977,21.433000564575195,20.66200065612793,21.145999908447266,349440000
2021-09-21,21.15283203125,21.246000289916992,21.424999237060547,20.950000762939453,21.41699981689453,204688000
2021-09-22,21.844778060913086,21.94099998474121,21.959999084472656,21.195999145507812,21.365999221801758,268726000
2021-09-23,22.383407592773438,22.48200035095215,22.53499984741211,21.889999389648438,22.139999389648438,248555000
2021-09-24,21.984163284301758,22.08099937438965,22.14900016784668,21.861000061035156,22.06999969482422,217655000
2021-09-27,21.565017700195312,21.65999984741211,21.798999786376953,21.325000762939453,21.709999084472656,245215000
2021-09-28,20.608230590820312,20.698999404907227,21.41900062561035,20.650999069213867,21.214000701904297,343069000
2021-09-29,20.427024841308594,20.517000198364258,21.017000198364258,20.466999053955078,20.940000534057617,218394000
2021-09-30,20.625154495239258,20.715999603271484,21.06599998474121,20.687999725341797,20.76799964904785,221009000
2021-10-01,20.651039123535156,20.742000579833984,20.858999252319336,20.202999114990234,20.75,240978000
2021-10-04,19.645469665527344,19.73200035095215,20.54199981689453,19.55500030517578,20.503999710083008,345635000
2021-10-05,20.361316680908203,20.451000213623047,20.648000717163086,19.854000091552734,19.950000762939453,279282000
2021-10-06,20.609228134155273,20.700000762939453,20.719999313354492,20.079999923706055,20.1200008392334,297202000
2021-10-07,20.982585906982422,21.075000762939453,21.32200050354004,20.972000122070312,21.091999053955078,256919000
2021-10-08,20.739646911621094,20.83099937438965,21.20599937438965,20.774999618530273,21.10099983215332,151258000
2021-10-11,20.604248046875,20.69499969482422,21.062999725341797,20.51099967956543,20.575000762939453,163388000
2021-10-12,20.58034896850586,20.67099952697754,21.05699920654297,20.527999877929688,20.827999114990234,162134000
2021-10-13,20.847177505493164,20.93899917602539,20.989999771118164,20.71299934387207,20.917999267578125,180652000
2021-10-14,21.6506404876709,21.746000289916992,21.7549991607666,21.121999740600586,21.288000106811523,243589000
2021-10-15,21.766130447387695,21.86199951171875,21.930999755859375,21.66200065612793,21.809999465942383,226994000
2021-10-18,22.124544143676758,22.222000122070312,22.291000366210938,21.643999099731445,21.749000549316406,189494000
2021-10-19,22.192251205444336,22.290000915527344,22.378999710083008,22.03700065612793,22.275999069213867,161473000
2021-10-20,22.006071090698242,22.10300064086914,22.433000564575195,21.98200035095215,22.30500030517578,146276000
2021-10-21,22.592491149902344,22.691999435424805,22.711000442504883,22.08300018310547,22.097000122070312,187590000
2021-10-22,22.626338958740234,22.72599983215332,23.1299991607666,22.56100082397461,22.822999954223633,249384000
2021-10-25,23.06441307067871,23.166000366210938,23.354999542236328,22.770000457763672,22.972999572753906,230235000
2021-10-26,24.60860824584961,24.716999053955078,25.259000778198242,23.923999786376953,23.98900032043457,485898000
2021-10-27,24.343772888183594,24.451000213623047,25.09000015258789,24.281999588012695,24.474000930786133,245990000
2021-10-28,24.83163070678711,24.94099998474121,24.950000762939453,24.523000717163086,24.878000259399414,234204000
2021-10-29,25.45488166809082,25.566999435424805,25.708999633789062,25.0,25.000999450683594,292503000
2021-11-01,25.713743209838867,25.82699966430664,25.893999099731445,25.226999282836914,25.64900016784668,265740000
2021-11-02,26.28522491455078,26.400999069213867,26.67799949645996,25.799999237060547,25.82200050354004,294112000
2021-11-03,26.48135757446289,26.597999572753906,26.784000396728516,26.235000610351562,26.670000076293945,239910000
2021-11-04,29.67031478881836,29.801000595092773,31.364999771118164,27.118000030517578,27.229000091552734,1153631000
2021-11-05,29.621532440185547,29.75200080871582,31.399999618530273,29.40999984741211,30.187000274658203,851260000
2021-11-08,30.668916702270508,30.804000854492188,31.100000381469727,29.906999588012695,30.14900016784668,503101000
2021-11-09,30.522558212280273,30.656999588012695,32.310001373291016,29.964000701904297,32.28200149536133,646746000
2021-11-10,29.32981300354004,29.458999633789062,30.850000381469727,28.777999877929688,29.356000900268555,636206000
2021-11-11,30.256732940673828,30.389999389648438,30.59000015258789,29.777000427246094,30.468000411987305,332172000
2021-11-12,30.256732940673828,30.389999389648438,30.68000030517578,29.6299991607666,30.010000228881836,413054000
2021-11-15,29.893327713012695,30.024999618530273,30.643999099731445,29.246999740600586,30.552000045776367,384909000
2021-11-16,30.070547103881836,30.202999114990234,30.389999389648438,29.70599937438965,29.759000778198242,264484000
2021-11-17,29.132680892944336,29.26099967956543,30.509000778198242,28.799999237060547,30.417999267578125,428508000
2021-11-18,31.53609848022461,31.674999237060547,32.7599983215332,31.320999145507812,32.367000579833984,781711000
2021-11-19,32.84036636352539,32.98500061035156,33.0880012512207,31.905000686645508,32.24300003051758,533867000
2021-11-22,31.81586456298828,31.95599937438965,34.64699935913086,31.899999618530273,33.516998291015625,754335000
2021-11-23,31.60678482055664,31.746000289916992,32.36000061035156,30.8799991607666,31.53499984741211,532163000
2021-11-24,32.53070831298828,32.67399978637695,32.85499954223633,30.92799949645996,31.461000442504883,435162000
2021-11-26,31.364850997924805,31.503000259399414,32.709999084472656,31.350000381469727,32.599998474121094,283069000
2021-11-29,33.22962951660156,33.375999450683594,33.4119987487793,32.0359992980957,32.36600112915039,454964000
2021-11-30,32.5327033996582,32.67599868774414,33.35300064086914,31.86400032043457,33.16899871826172,622066000
2021-12-01,31.300979614257812,31.434999465942383,33.28900146484375,31.3799991607666,33.21900177001953,484368000
2021-12-02,31.989032745361328,32.125999450683594,32.47800064086914,31.024999618530273,31.214000701904297,472890000
2021-12-03,30.562145233154297,30.69300079345703,32.12900161743164,30.1299991607666,32.0,544325000
2021-12-06,29.9089412689209,30.03700065612793,30.240999221801758,28.038000106811523,29.8799991607666,658938000
2021-12-07,32.288753509521484,32.426998138427734,32.44900131225586,30.650999069213867,30.957000732421875,593053000
2021-12-08,31.69031524658203,31.826000213623047,32.290000915527344,31.42099952697754,31.999000549316406,475551000
2021-12-09,30.36000633239746,30.489999771118164,32.20500183105469,30.42799949645996,31.733999252319336,488507000
2021-12-10,30.069252014160156,30.197999954223633,31.30500030517578,29.861000061035156,31.149999618530273,488825000
2021-12-13,28.04094123840332,28.160999298095703,30.29400062561035,28.115999221801758,30.249000549316406,598344000
2021-12-14,28.216184616088867,28.336999893188477,28.67799949645996,27.25,27.698999404907227,667035000
2021-12-15,30.32914161682129,30.458999633789062,30.5,27.83799934387207,28.399999618530273,698297000
2021-12-16,28.26597785949707,28.386999130249023,31.15999984741211,28.093000411987305,31.152000427246094,707366000
2021-12-17,27.68247413635254,27.801000595092773,28.922000885009766,27.760000228881836,27.985000610351562,713758000
2021-12-20,27.6008243560791,27.7189998626709,28.143999099731445,27.145000457763672,27.30500030517578,461847000
2021-12-21,28.951045989990234,29.075000762939453,29.1200008392334,27.400999069213867,28.374000549316406,524385000
2021-12-22,29.274658203125,29.399999618530273,29.55500030517578,28.448999404907227,28.891000747680664,395184000
2021-12-23,29.51363182067871,29.639999389648438,30.05900001525879,29.430999755859375,29.7549991607666,343022000
2021-12-27,30.813072204589844,30.94499969482422,31.086999893188477,29.639999389648438,29.65999984741211,403686000
2021-12-28,30.192724227905273,30.32200050354004,31.329999923706055,30.011999130249023,31.312000274658203,420591000
2021-12-29,29.873092651367188,30.000999450683594,30.54800033569336,29.365999221801758,30.273000717163086,343139000
2021-12-30,29.45986557006836,29.586000442504883,30.457000732421875,29.540000915527344,29.82699966430664,308864000
2021-12-31,29.28561019897461,29.410999298095703,30.030000686645508,29.33099937438965,29.673999786376953,266530000
2022-01-03,29.992584228515625,30.121000289916992,30.711000442504883,29.78499984741211,29.815000534057617,391547000
2022-01-04,29.165124893188477,29.290000915527344,30.468000411987305,28.349000930786133,30.277000427246094,527154000
2022-01-05,27.486316680908203,27.604000091552734,29.416000366210938,27.533000946044922,28.948999404907227,498064000
2022-01-06,28.057863235473633,28.17799949645996,28.437999725341797,27.065000534057617,27.639999389648438,454186000
2022-01-07,27.130836486816406,27.246999740600586,28.422000885009766,27.05699920654297,28.141000747680664,409939000
2022-01-10,27.283187866210938,27.399999618530273,27.4689998626709,25.643999099731445,26.58099937438965,594681000
2022-01-11,27.698406219482422,27.816999435424805,28.065000534057617,26.839000701904297,27.322999954223633,404089000
2022-01-12,27.87963104248047,27.999000549316406,28.594999313354492,27.607999801635742,28.066999435424805,383413000
2022-01-13,26.461698532104492,26.575000762939453,28.479999542236328,26.49799919128418,28.378999710083008,540171000
2022-01-14,26.827133178710938,26.941999435424805,27.19700050354004,26.209999084472656,26.299999237060547,395832000
2022-01-18,25.792566299438477,25.902999877929688,26.63800048828125,25.770000457763672,26.260000228881836,424270000
2022-01-19,24.960128784179688,25.066999435424805,26.542999267578125,25.052000045776367,26.07900047302246,488315000
2022-01-20,24.047040939331055,24.149999618530273,25.57900047302246,24.077999114990234,25.304000854492188,435181000
2022-01-21,23.27434730529785,23.374000549316406,24.822999954223633,23.26300048828125,23.506999969482422,718958000
2022-01-24,23.272354125976562,23.371999740600586,23.3799991607666,20.88800048828125,22.329999923706055,913982000
2022-01-25,22.228822708129883,22.323999404907227,22.94300079345703,22.0,22.54599952697754,664616000
2022-01-26,22.674917221069336,22.77199935913086,24.05699920654297,22.299999237060547,23.239999771118164,755959000
2022-01-27,21.850439071655273,21.944000244140625,23.9950008392334,21.674999237060547,23.56800079345703,573353000
2022-01-28,22.74262809753418,22.84000015258789,22.857999801635742,21.29599952697754,22.011999130249023,543774000
2022-01-31,24.381607055664062,24.486000061035156,24.509000778198242,23.052000045776367,23.18199920654297,564680000
2022-02-01,24.5329532623291,24.63800048828125,25.145000457763672,23.889999389648438,25.104000091552734,518925000
2022-02-02,25.134387969970703,25.242000579833984,25.816999435424805,24.55299949645996,25.79400062561035,543419000
2022-02-03,23.845903396606445,23.947999954223633,25.07699966430664,23.780000686645508,24.45800018310547,410178000
2022-02-04,24.215322494506836,24.319000244140625,24.635000228881836,23.631999969482422,23.972000122070312,354829000
2022-02-07,24.62257194519043,24.72800064086914,25.18199920654297,24.20199966430664,24.371999740600586,376868000
2022-02-08,25.000959396362305,25.107999801635742,25.229999542236328,23.979999542236328,24.358999252319336,410359000
2022-02-09,26.59114646911621,26.704999923706055,26.725000381469727,25.35300064086914,25.621999740600586,524282000
2022-02-10,25.713903427124023,25.823999404907227,26.924999237060547,25.600000381469727,25.9950008392334,513200000
2022-02-11,23.846895217895508,23.948999404907227,26.152000427246094,23.773000717163086,25.916000366210938,605472000
2022-02-14,24.163536071777344,24.267000198364258,24.875,23.7549991607666,23.93400001525879,440424000
2022-02-15,26.38204002380371,26.4950008392334,26.545000076293945,24.784000396728516,24.948999404907227,699869000
2022-02-16,26.39797592163086,26.51099967956543,26.582000732421875,25.552000045776367,26.259000778198242,732676000
2022-02-17,24.402515411376953,24.506999969482422,25.78499984741211,24.165000915527344,25.6299991607666,810595000
2022-02-18,23.541202545166016,23.642000198364258,24.986000061035156,23.100000381469727,24.667999267578125,761255000
2022-02-22,23.290279388427734,23.389999389648438,24.06399917602539,23.0,23.03499984741211,633422000
2022-02-23,22.291553497314453,22.386999130249023,24.155000686645508,22.301000595092773,23.802000045776367,566511000
2022-02-24,23.646751403808594,23.74799919128418,23.799999237060547,20.889999389648438,21.014999389648438,735801000
2022-02-25,24.05400848388672,24.156999588012695,24.216999053955078,23.381000518798828,23.72100067138672,528866000
2022-02-28,24.28104019165039,24.385000228881836,24.665000915527344,23.707000732421875,23.992000579833984,477319000
2022-03-01,23.376909255981445,23.476999282836914,24.37700080871582,23.131999969482422,24.291000366210938,412056000
2022-03-02,24.120851516723633,24.219999313354492,24.409000396728516,23.415000915527344,23.756000518798828,389642000
2022-03-03,23.61692237854004,23.714000701904297,24.326000213623047,23.4689998626709,24.261999130249023,365095000
2022-03-04,22.842105865478516,22.93600082397461,23.68000030517578,22.48200035095215,23.384000778198242,431415000
2022-03-07,21.26459503173828,21.351999282836914,23.033000946044922,21.329999923706055,22.816999435424805,450821000
2022-03-08,21.425926208496094,21.513999938964844,22.37299919128418,20.649999618530273,21.30900001525879,557467000
2022-03-09,22.919788360595703,23.013999938964844,23.219999313354492,22.246999740600586,22.386999130249023,492742000
2022-03-10,22.565242767333984,22.658000946044922,22.788000106811523,21.881999969482422,22.5310001373291,428066000
2022-03-11,22.009531021118164,22.100000381469727,23.145000457763672,22.04599952697754,23.02199935913086,367209000
2022-03-14,21.24267578125,21.329999923706055,22.261999130249023,21.159000396728516,21.868999481201172,385354000
2022-03-15,22.87895393371582,22.972999572753906,23.038000106811523,21.32200050354004,21.51799964904785,491996000
2022-03-16,24.395719528198242,24.496000289916992,24.597000122070312,23.172000885009766,23.5,671422000
2022-03-17,24.664615631103516,24.766000747680664,24.841999053955078,23.9060001373291,24.1200008392334,471941000
2022-03-18,26.344709396362305,26.452999114990234,26.569000244140625,24.624000549316406,24.798999786376953,730719000
2022-03-21,26.62455940246582,26.733999252319336,27.152000427246094,25.966999053955078,26.506999969482422,591727000
2022-03-22,26.415416717529297,26.52400016784668,27.238000869750977,26.07200050354004,26.726999282836914,547007000
2022-03-23,25.529064178466797,25.634000778198242,26.61199951171875,25.575000762939453,26.125999450683594,502120000
2022-03-24,28.034759521484375,28.149999618530273,28.31999969482422,25.906999588012695,26.166000366210938,877379000
2022-03-25,27.57863426208496,27.691999435424805,28.357999801635742,27.270999908447266,27.88599967956543,579016000
2022-03-28,28.103473663330078,28.2189998626709,28.25,27.20599937438965,27.756000518798828,425494000
2022-03-29,28.538692474365234,28.6560001373291,28.945999145507812,27.979999542236328,28.69499969482422,488984000
2022-03-30,27.576644897460938,27.690000534057617,28.496000289916992,27.503000259399414,28.304000854492188,463487000
2022-03-31,27.174297332763672,27.285999298095703,28.24799919128418,27.270000457763672,27.781999588012695,523440000
2022-04-01,26.60264778137207,26.711999893188477,27.496000289916992,26.267000198364258,27.375,517235000
2022-04-04,27.24799346923828,27.360000610351562,27.558000564575195,26.613000869750977,26.72800064086914,397120000
2022-04-05,25.82484245300293,25.930999755859375,27.319000244140625,25.81999969482422,27.253999710083008,436615000
2022-04-06,24.307083129882812,24.406999588012695,25.299999237060547,24.003000259399414,24.93400001525879,703833000
2022-04-07,24.108901977539062,24.20800018310547,24.722000122070312,23.47800064086914,24.44099998474121,557992000
2022-04-08,23.024354934692383,23.118999481201172,23.92300033569336,23.062000274658203,23.91699981689453,524781000
2022-04-11,21.827274322509766,21.91699981689453,22.31999969482422,21.65999984741211,22.214000701904297,575207000
2022-04-12,21.415969848632812,21.503999710083008,22.725000381469727,21.281999588012695,22.53700065612793,662258000
2022-04-13,22.112104415893555,22.202999114990234,22.5,21.454999923706055,21.72800064086914,516943000
2022-04-14,21.170976638793945,21.257999420166016,22.777000427246094,21.163000106811523,22.5049991607666,569097000
2022-04-18,21.69382667541504,21.783000946044922,22.08799934387207,21.07900047302246,21.200000762939453,525701000
2022-04-19,22.107126235961914,22.197999954223633,22.37299919128418,21.31399917602539,21.719999313354492,512781000
2022-04-20,21.394058227539062,21.48200035095215,22.670000076293945,21.200000762939453,22.517000198364258,468974000
2022-04-21,20.100374221801758,20.183000564575195,22.392000198364258,20.0,21.708999633789062,656209000
2022-04-22,19.43511390686035,19.514999389648438,20.486000061035156,19.5,20.30299949645996,624713000
2022-04-25,19.820524215698242,19.902000427246094,19.94499969482422,19.09600067138672,19.20199966430664,641566000
2022-04-26,18.711088180541992,18.788000106811523,19.788000106811523,18.670000076293945,19.718000411987305,653143000
2022-04-27,18.33961296081543,18.415000915527344,19.16699981689453,18.290000915527344,18.597999572753906,499460000
2022-04-28,19.701019287109375,19.781999588012695,20.03700065612793,18.489999771118164,18.966999053955078,570327000
2022-04-29,18.4710750579834,18.547000885009766,20.128000259399414,18.517000198364258,19.402000427246094,500435000
2022-05-02,19.453039169311523,19.533000946044922,19.573999404907227,18.391000747680664,18.541000366210938,572049000
2022-05-03,19.521757125854492,19.601999282836914,19.825000762939453,19.132999420166016,19.399999618530273,475751000
2022-05-04,20.250757217407227,20.333999633789062,20.399999618530273,18.750999450683594,19.92300033569336,648855000
2022-05-05,18.76685905456543,18.8439998626709,19.924999237060547,18.5,19.867000579833984,626331000
2022-05-06,18.598546981811523,18.674999237060547,19.511999130249023,17.989999771118164,18.736000061035156,633297000
2022-05-09,16.880615234375,16.950000762939453,18.2549991607666,16.82699966430664,18.034000396728516,644455000
2022-05-10,17.522974014282227,17.594999313354492,18.197999954223633,17.024999618530273,17.68899917602539,761474000
2022-05-11,16.56192398071289,16.6299991607666,17.753000259399414,16.56800079345703,17.347000122070312,670167000
2022-05-12,16.108783721923828,16.174999237060547,16.788000106811523,15.567000389099121,16.2189998626709,708728000
2022-05-13,17.633516311645508,17.70599937438965,17.92799949645996,16.593000411987305,16.788000106811523,670437000
2022-05-16,17.19332504272461,17.263999938964844,17.788000106811523,17.106000900268555,17.509000778198242,521446000
2022-05-17,18.102590560913086,18.177000045776367,18.371000289916992,17.634000778198242,18.073999404907227,585830000
2022-05-18,16.86865997314453,16.937999725341797,18.118000030517578,16.86400032043457,17.704999923706055,545161000
2022-05-19,17.053897857666016,17.124000549316406,17.687000274658203,16.733999252319336,16.937000274658203,621310000
2022-05-20,16.62565803527832,16.694000244140625,17.40999984741211,15.755000114440918,17.332000732421875,739105000
2022-05-23,16.828824996948242,16.898000717163086,16.915000915527344,16.179000854492188,16.27400016784668,639889000
2022-05-24,16.087865829467773,16.15399932861328,16.597000122070312,15.779999732971191,16.510000228881836,588550000
2022-05-25,16.90550422668457,16.975000381469727,17.111000061035156,16.0,16.020000457763672,781132000
2022-05-26,17.777923583984375,17.85099983215332,18.091999053955078,16.02199935913086,16.035999298095703,996575000
2022-05-27,18.733993530273438,18.81100082397461,18.881000518798828,18.100000381469727,18.18600082397461,738379000
2022-05-31,18.595563888549805,18.672000885009766,19.200000762939453,18.350000381469727,18.979999542236328,664100000
2022-06-01,18.245004653930664,18.31999969482422,19.05299949645996,18.121999740600586,18.724000930786133,544514000
2022-06-02,19.511795043945312,19.591999053955078,19.618999481201172,18.197999954223633,18.29199981689453,648656000
2022-06-03,18.64336395263672,18.719999313354492,19.332000732421875,18.52199935913086,19.082000732421875,598779000
2022-06-06,18.709096908569336,18.785999298095703,19.336999893188477,18.56399917602539,19.138999938964844,422406000
2022-06-07,18.848527908325195,18.926000595092773,19.0,18.187999725341797,18.472000122070312,388914000
2022-06-08,18.575586318969727,18.648000717163086,19.18000030517578,18.53499984741211,18.798999786376953,363252000
2022-06-09,17.977916717529297,18.04800033569336,18.933000564575195,18.041000366210938,18.481000900268555,395574000
2022-06-10,16.9080867767334,16.974000930786133,17.69700050354004,16.868999481201172,17.600000381469727,465248000
2022-06-13,15.586238861083984,15.647000312805176,16.312000274658203,15.605999946594238,16.0,604153000
2022-06-14,15.774507522583008,15.836000442504883,16.06599998474121,15.411999702453613,15.730999946594238,469680000
2022-06-15,16.46282386779785,16.527000427246094,16.868000030517578,15.925999641418457,16.094999313354492,563936000
2022-06-16,15.54041862487793,15.60099983215332,15.942000389099121,15.401000022888184,15.859999656677246,545749000
2022-06-17,15.818336486816406,15.880000114440918,15.994999885559082,15.32800006866455,15.64799976348877,630334000
2022-06-21,16.501676559448242,16.56599998474121,17.007999420166016,16.406999588012695,16.475000381469727,483089000
2022-06-22,16.29646873474121,16.360000610351562,16.66200065612793,16.18000030517578,16.22599983215332,437135000
2022-06-23,16.1619930267334,16.225000381469727,16.584999084472656,15.852999687194824,16.518999099731445,463680000
2022-06-24,17.05949592590332,17.125999450683594,17.139999389648438,16.309999465942383,16.5,472153000
2022-06-27,16.80349349975586,16.868999481201172,17.329999923706055,16.625999450683594,17.312000274658203,427968000
2022-06-28,15.919936180114746,15.982000350952148,17.20199966430664,15.944999694824219,16.899999618530273,461149000
2022-06-29,15.481647491455078,15.541999816894531,15.819999694824219,15.170000076293945,15.814000129699707,482352000
2022-06-30,15.100135803222656,15.159000396728516,15.567000389099121,14.862000465393066,15.361000061035156,686070000
2022-07-01,14.46660327911377,14.52299976348877,15.062999725341797,14.392000198364258,14.89900016784668,577610000
2022-07-05,14.905890464782715,14.96399974822998,14.970999717712402,14.055000305175781,14.175000190734863,651397000
2022-07-06,15.071249961853027,15.130000114440918,15.319000244140625,14.788999557495117,15.010000228881836,529066000
2022-07-07,15.796420097351074,15.857999801635742,15.944999694824219,15.388999938964844,15.456000328063965,492903000
2022-07-08,15.77649974822998,15.838000297546387,16.03700065612793,15.388999938964844,15.430000305175781,467972000
2022-07-11,15.093161582946777,15.152000427246094,15.527000427246094,15.038000106811523,15.526000022888184,437321000
2022-07-12,15.023431777954102,15.081999778747559,15.430999755859375,14.876999855041504,15.267999649047852,458483000
2022-07-13,15.105117797851562,15.163999557495117,15.375,14.46500015258789,14.59000015258789,521918000
2022-07-14,15.312307357788086,15.371999740600586,15.472999572753906,14.727999687194824,15.107999801635742,456235000
2022-07-15,15.700793266296387,15.76200008392334,15.781999588012695,15.444999694824219,15.659000396728516,385935000
2022-07-18,16.038476943969727,16.10099983215332,16.89699935913086,16.00200080871582,16.302000045776367,670517000
2022-07-19,16.92601776123047,16.992000579833984,17.110000610351562,16.172000885009766,16.486000061035156,702366000
2022-07-20,17.737852096557617,17.80699920654297,17.933000564575195,16.801000595092773,16.94700050354004,760538000
2022-07-21,17.97990608215332,18.049999237060547,18.143999099731445,17.545000076293945,17.885000228881836,557049000
2022-07-22,17.25174903869629,17.319000244140625,17.966999053955078,17.136999130249023,17.89299964904785,536671000
2022-07-25,16.9578914642334,17.02400016784668,17.124000549316406,16.64900016784668,17.018999099731445,480748000
2022-07-26,16.468799591064453,16.533000946044922,16.91900062561035,16.47800064086914,16.888999938964844,397865000
2022-07-27,17.72092056274414,17.790000915527344,17.93600082397461,16.913000106811523,17.031999588012695,569776000
2022-07-28,17.91416358947754,17.983999252319336,18.139999389648438,17.440000534057617,17.975000381469727,474646000
2022-07-29,18.09246826171875,18.163000106811523,18.243999481201172,17.691999435424805,17.812999725341797,435460000
2022-08-01,18.369394302368164,18.44099998474121,18.84600067138672,17.989999771118164,18.18199920654297,476469000
2022-08-02,18.454059600830078,18.525999069213867,18.937999725341797,18.091999053955078,18.121999740600586,489527000
2022-08-03,18.81963348388672,18.89299964904785,18.968000411987305,18.136999130249023,18.18400001525879,418146000
2022-08-04,19.140384674072266,19.21500015258789,19.27400016784668,18.760000228881836,18.849000930786133,409652000
2022-08-05,18.915258407592773,18.98900032043457,19.229000091552734,18.666000366210938,18.809999465942383,386068000
2022-08-08,17.72391128540039,17.792999267578125,18.23900032043457,17.242000579833984,17.50200080871582,981859000
2022-08-09,17.019651412963867,17.086000442504883,17.44700050354004,16.724000930786133,17.25200080871582,668263000
2022-08-10,18.0267276763916,18.097000122070312,18.118000030517578,17.316999435424805,17.697999954223633,597422000
2022-08-11,17.87232780456543,17.941999435424805,18.707000732421875,17.875999450683594,18.131000518798828,509327000
2022-08-12,18.6363468170166,18.708999633789062,18.718000411987305,17.952999114990234,18.15999984741211,478094000
2022-08-15,18.95809555053711,19.031999588012695,19.163999557495117,18.613000869750977,18.701000213623047,457666000
2022-08-16,18.805688858032227,18.878999710083008,19.142000198364258,18.500999450683594,18.920000076293945,451240000
2022-08-17,18.263803482055664,18.334999084472656,18.687999725341797,18.145000457763672,18.523000717163086,446799000
2022-08-18,18.700105667114258,18.773000717163086,18.864999771118164,18.183000564575195,18.301000595092773,415447000
2022-08-19,17.779685974121094,17.849000930786133,18.520000457763672,17.770000457763672,18.4060001373291,441588000
2022-08-22,16.967849731445312,17.034000396728516,17.558000564575195,16.965999603271484,17.489999771118164,409593000
2022-08-23,17.11428451538086,17.180999755859375,17.46500015258789,16.969999313354492,16.98900032043457,369986000
2022-08-24,17.15512466430664,17.222000122070312,17.4060001373291,16.895000457763672,17.011999130249023,522661000
2022-08-25,17.84343910217285,17.913000106811523,17.94700050354004,16.83300018310547,16.8439998626709,770691000
2022-08-26,16.19685935974121,16.260000228881836,17.923999786376953,16.23699951171875,17.85700035095215,769127000
2022-08-29,15.739643096923828,15.800999641418457,16.33799934387207,15.767000198364258,16.020000457763672,496132000
2022-08-30,15.407934188842773,15.468000411987305,16.038999557495117,15.182000160217285,15.960000038146973,530181000
2022-08-31,15.03538703918457,15.093999862670898,15.539999961853027,14.958999633789062,15.383999824523926,573710000
2022-09-01,13.882881164550781,13.937000274658203,14.380000114440918,13.270000457763672,14.208999633789062,1178865000
2022-09-02,13.594005584716797,13.647000312805176,14.170999526977539,13.590999603271484,14.100000381469727,743157000
2022-09-06,13.412714958190918,13.46500015258789,13.779000282287598,13.35099983215332,13.730999946594238,535751000
2022-09-07,13.664804458618164,13.71399974822998,13.838000297546387,13.345999717712402,13.562999725341797,512657000
2022-09-08,13.93981647491455,13.989999771118164,14.008000373840332,13.369000434875488,13.458999633789062,624873000
2022-09-09,14.3353910446167,14.38700008392334,14.473999977111816,14.12600040435791,14.156999588012695,486612000
2022-09-12,14.452967643737793,14.505000114440918,14.54699993133545,14.197999954223633,14.369000434875488,484159000
2022-09-13,13.083895683288574,13.130999565124512,13.92199993133545,13.098999977111816,13.802000045776367,714956000
2022-09-14,13.080907821655273,13.128000259399414,13.289999961853027,12.913000106811523,13.253999710083008,588507000
2022-09-15,12.882620811462402,12.928999900817871,13.232999801635742,12.789999961853027,13.015000343322754,523625000
2022-09-16,13.150657653808594,13.197999954223633,13.211999893188477,12.616999626159668,12.741999626159668,670751000
2022-09-19,13.333995819091797,13.381999969482422,13.463000297546387,13.010000228881836,13.01200008392334,569685000
2022-09-20,13.12873363494873,13.175999641418457,13.482999801635742,13.057000160217285,13.21500015258789,524818000
2022-09-21,13.213430404663086,13.26099967956543,14.031000137329102,13.109999656677246,13.213000297546387,807679000
2022-09-22,12.515939712524414,12.560999870300293,13.14900016784668,12.428000450134277,13.069999694824219,759162000
2022-09-23,12.47110366821289,12.515999794006348,12.611000061035156,12.256999969482422,12.420000076293945,663309000
2022-09-26,12.184133529663086,12.227999687194824,12.659000396728516,12.21399974822998,12.491000175476074,547343000
2022-09-27,12.368473052978516,12.413000106811523,12.736000061035156,12.258000373840332,12.506999969482422,553854000
2022-09-28,12.690314292907715,12.736000061035156,12.822999954223633,12.354000091552734,12.40999984741211,542414000
2022-09-29,12.176164627075195,12.220000267028809,12.5,11.946000099182129,12.447999954223633,532763000
2022-09-30,12.095454216003418,12.138999938964844,12.633000373840332,12.074999809265137,12.086999893188477,565638000
2022-10-03,12.467117309570312,12.51200008392334,12.678000450134277,12.104999542236328,12.347000122070312,547478000
2022-10-04,13.119768142700195,13.166999816894531,13.220000267028809,12.878999710083008,12.878999710083008,584182000
2022-10-05,13.161616325378418,13.208999633789062,13.321000099182129,12.621000289916992,12.91100025177002,507131000
2022-10-06,13.082900047302246,13.130000114440918,13.656000137329102,13.102999687194824,13.220000267028809,644157000
2022-10-07,12.032681465148926,12.076000213623047,12.670000076293945,12.022000312805176,12.505000114440918,672478000
2022-10-10,11.628138542175293,11.670000076293945,12.12399959564209,11.407999992370605,12.036999702453613,698699000
2022-10-11,11.544438362121582,11.586000442504883,11.845999717712402,11.282999992370605,11.560999870300293,667482000
2022-10-12,11.458745956420898,11.5,11.734999656677246,11.345000267028809,11.579000473022461,492590000
2022-10-13,11.917098045349121,11.960000038146973,12.07800006866455,10.812999725341797,10.970999717712402,850103000
2022-10-14,11.186725616455078,11.22700023651123,12.111000061035156,11.204000473022461,12.057000160217285,713432000
2022-10-17,11.845353126525879,11.887999534606934,11.947999954223633,11.517000198364258,11.517999649047852,580774000
2022-10-18,11.924071311950684,11.967000007629395,12.491999626159668,11.618000030517578,12.343999862670898,659362000
2022-10-19,12.007767677307129,12.050999641418457,12.350000381469727,11.833999633789062,11.878999710083008,523131000
2022-10-20,12.15025806427002,12.194000244140625,12.769000053405762,12.104999542236328,12.11299991607666,652398000
2022-10-21,12.421282768249512,12.465999603271484,12.498000144958496,11.88700008392334,12.097999572753906,609494000
2022-10-24,12.553805351257324,12.598999977111816,12.710000038146973,12.064000129699707,12.508000373840332,517457000
2022-10-25,13.213430404663086,13.26099967956543,13.300000190734863,12.663999557495117,12.694000244140625,505482000
2022-10-26,12.849740028381348,12.895999908447266,13.387999534606934,12.708000183105469,12.869000434875488,532953000
2022-10-27,13.12873363494873,13.175999641418457,13.838000297546387,13.121999740600586,13.630000114440918,583113000
2022-10-28,13.78437328338623,13.833999633789062,13.850000381469727,13.060999870300293,13.104000091552734,521040000
2022-10-31,13.448582649230957,13.496999740600586,13.838000297546387,13.29699993133545,13.777999877929688,486341000
2022-11-01,13.49441909790039,13.543000221252441,13.925000190734863,13.519000053405762,13.810999870300293,432817000
2022-11-02,13.171581268310547,13.218999862670898,14.210000038146973,13.211000442504883,13.850000381469727,672628000
2022-11-03,13.372857093811035,13.420999526977539,13.781000137329102,12.956000328063965,13.043000221252441,500065000
2022-11-04,14.105219841003418,14.156000137329102,14.229000091552734,13.696999549865723,13.986000061035156,612576000
2022-11-07,14.249699592590332,14.300999641418457,14.411999702453613,13.954000473022461,14.227999687194824,410061000
2022-11-08,14.549620628356934,14.60200023651123,14.890999794006348,14.215999603271484,14.800999641418457,595292000
2022-11-09,13.726582527160645,13.776000022888184,14.211000442504883,13.758999824523926,14.161999702453613,454414000
2022-11-10,15.693502426147461,15.75,15.77299976348877,14.54699993133545,14.800000190734863,700819000
2022-11-11,16.268430709838867,16.32699966430664,16.388999938964844,15.482000350952148,15.807000160217285,655487000
2022-11-14,16.236543655395508,16.295000076293945,16.540000915527344,15.92199993133545,16.218000411987305,527852000
2022-11-15,16.60621452331543,16.666000366210938,16.99799919128418,16.381999969482422,16.722000122070312,545876000
2022-11-16,15.852926254272461,15.90999984741211,16.36199951171875,15.873000144958496,16.16200065612793,649547000
2022-11-17,15.620763778686523,15.677000045776367,16.266000747680664,15.53499984741211,15.71500015258789,710894000
2022-11-18,15.353724479675293,15.409000396728516,16.00200080871582,15.119999885559082,15.965999603271484,492072000
2022-11-21,15.262054443359375,15.317000389099121,15.47700023651123,15.079999923706055,15.147000312805176,404739000
2022-11-22,15.98046875,16.038000106811523,16.058000564575195,15.121999740600586,15.32800006866455,472866000
2022-11-23,16.459745407104492,16.518999099731445,16.527000427246094,16.04800033569336,16.097999572753906,427241000
2022-11-25,16.211639404296875,16.270000457763672,16.48699951171875,16.172000885009766,16.31800079345703,167934000
2022-11-28,15.770224571228027,15.82699966430664,16.35700035095215,15.725000381469727,16.025999069213867,303741000
2022-11-29,15.582901954650879,15.638999938964844,15.932000160217285,15.520000457763672,15.82699966430664,298384000
2022-11-30,16.866607666015625,16.92300033569336,16.93000030517578,15.597000122070312,15.696999549865723,565298000
2022-12-01,17.077903747558594,17.135000228881836,17.264999389648438,16.635000228881836,16.999000549316406,470977000
2022-12-02,16.819765090942383,16.875999450683594,16.933000564575195,16.44499969482422,16.659000396728516,371389000
2022-12-05,16.55465316772461,16.610000610351562,16.9950008392334,16.472000122070312,16.679000854492188,352255000
2022-12-06,15.933728218078613,15.987000465393066,16.572999954223633,15.819000244140625,16.530000686645508,352694000
2022-12-07,16.0662841796875,16.1200008392334,16.18600082397461,15.666999816894531,15.772000312805176,372388000
2022-12-08,17.111793518066406,17.16900062561035,17.179000854492188,15.958999633789062,16.273000717163086,515456000
2022-12-09,16.94434928894043,17.000999450683594,17.58300018310547,16.975000381469727,17.15999984741211,465338000
2022-12-12,17.47657012939453,17.53499984741211,17.538000106811523,16.797000885009766,17.03700065612793,457328000
2022-12-13,18.011777877807617,18.07200050354004,18.790000915527344,17.711000442504883,18.5310001373291,656589000
2022-12-14,17.615108489990234,17.673999786376953,18.25200080871582,17.420000076293945,17.98699951171875,496888000
2022-12-15,16.8955135345459,16.95199966430664,17.31999969482422,16.700000762939453,17.145999908447266,478542000
2022-12-16,16.515775680541992,16.570999145507812,17.041000366210938,16.40999984741211,16.86400032043457,478232000
2022-12-19,16.199832916259766,16.253999710083008,16.608999252319336,16.145000457763672,16.57200050354004,354039000
2022-12-20,16.03139877319336,16.084999084472656,16.309999465942383,15.85200023651123,16.06399917602539,403260000
2022-12-21,16.44601058959961,16.500999450683594,16.62700080871582,16.101999282836914,16.11400032043457,325025000
2022-12-22,15.287885665893555,15.33899974822998,16.13800048828125,14.881999969482422,16.0939998626709,565045000
2022-12-23,15.155329704284668,15.206000328063965,15.33899974822998,14.883000373840332,15.196000099182129,349326000
2022-12-27,14.073944091796875,14.121000289916992,15.100000381469727,14.055999755859375,15.074000358581543,464902000
2022-12-28,13.989229202270508,14.03600025177002,14.26200008392334,13.883999824523926,13.927000045776367,351066000
2022-12-29,14.554340362548828,14.602999687194824,14.682999610900879,14.22700023651123,14.402000427246094,354923000
2022-12-30,14.565302848815918,14.61400032043457,14.628999710083008,14.232999801635742,14.333999633789062,310490000
2023-01-03,14.267298698425293,14.3149995803833,14.996000289916992,14.095999717712402,14.85099983215332,401277000
2023-01-04,14.699851989746094,14.74899959564209,14.852999687194824,14.241000175476074,14.567000389099121,431324000
2023-01-05,14.217466354370117,14.265000343322754,14.564000129699707,14.14799976348877,14.491000175476074,389168000
2023-01-06,14.809486389160156,14.859000205993652,15.010000228881836,14.034000396728516,14.473999977111816,405044000
2023-01-09,15.575925827026367,15.628000259399414,16.055999755859375,15.140999794006348,15.284000396728516,504231000
2023-01-10,15.855989456176758,15.909000396728516,15.961999893188477,15.472000122070312,15.506999969482422,384101000
2023-01-11,15.94767951965332,16.000999450683594,16.027999877929688,15.562999725341797,15.84000015258789,353285000
2023-01-12,16.455978393554688,16.51099967956543,16.636999130249023,15.491999626159668,16.100000381469727,551409000
2023-01-13,16.842689514160156,16.89900016784668,16.922000885009766,16.165000915527344,16.277999877929688,447287000
2023-01-17,17.64301109313965,17.70199966430664,17.72800064086914,16.89900016784668,16.89900016784668,511102000
2023-01-18,17.3190975189209,17.37700080871582,17.87299919128418,17.281999588012695,17.66699981689453,439624000
2023-01-19,16.709135055541992,16.764999389648438,17.19700050354004,16.731000900268555,17.035999298095703,452932000
2023-01-20,17.779558181762695,17.839000701904297,17.856000900268555,16.825000762939453,17.01099967956543,564967000
2023-01-23,19.129043579101562,19.19300079345703,19.2450008392334,17.81800079345703,18.06399917602539,655163000
2023-01-24,19.200803756713867,19.264999389648438,19.4950008392334,18.81999969482422,18.82699966430664,496204000
2023-01-25,19.258609771728516,19.322999954223633,19.3700008392334,18.579999923706055,18.913000106811523,449537000
2023-01-26,19.736013412475586,19.802000045776367,20.166000366210938,19.277999877929688,19.701000213623047,489535000
2023-01-27,20.297138214111328,20.364999771118164,20.628000259399414,19.405000686645508,19.461999893188477,542142000
2023-01-30,19.098148345947266,19.16200065612793,20.139999389648438,19.149999618530273,19.950000762939453,488611000
2023-01-31,19.471899032592773,19.53700065612793,19.687000274658203,18.950000762939453,19.170000076293945,498017000
2023-02-01,20.873214721679688,20.94300079345703,21.191999435424805,19.611000061035156,19.69099998474121,660477000
2023-02-02,21.636655807495117,21.708999633789062,21.948999404907227,20.700000762939453,21.0,564276000
2023-02-03,21.029687881469727,21.100000381469727,21.7450008392334,20.788999557495117,21.0,429366000
2023-02-06,21.018728256225586,21.089000701904297,21.56999969482422,20.785999298095703,20.805999755859375,452197000
2023-02-07,22.099111557006836,22.17300033569336,22.259000778198242,21.149999618530273,21.381999969482422,664150000
2023-02-08,22.131006240844727,22.204999923706055,22.878000259399414,22.007999420166016,22.386999130249023,559651000
2023-02-09,22.262563705444336,22.336999893188477,23.020000457763672,22.1200008392334,22.606000900268555,523876000
2023-02-10,21.19413948059082,21.264999389648438,22.077999114990234,20.81100082397461,21.690000534057617,550737000
2023-02-13,21.71539878845215,21.788000106811523,22.04800033569336,20.961999893188477,21.538000106811523,474919000
2023-02-14,22.89445686340332,22.97100067138672,23.048999786376953,21.365999221801758,21.577999114990234,675474000
2023-02-15,22.68814468383789,22.763999938964844,22.854999542236328,22.106000900268555,22.548999786376953,420575000
2023-02-16,21.928686141967773,22.00200080871582,22.549999237060547,21.927000045776367,22.132999420166016,412026000
2023-02-17,21.31673240661621,21.38800048828125,21.739999771118164,20.975000381469727,21.631000518798828,465888000
2023-02-21,20.586172103881836,20.655000686645508,21.493999481201172,20.618000030517578,21.0,410015000
2023-02-22,20.68484115600586,20.753999710083008,21.104000091552734,20.42099952697754,20.707000732421875,513184000
2023-02-23,23.58514404296875,23.663999557495117,23.88800048828125,23.024999618530273,23.440000534057617,1117995000
2023-02-24,23.208406448364258,23.285999298095703,23.474000930786133,22.94700050354004,23.225000381469727,589716000
2023-02-27,23.422685623168945,23.500999450683594,23.8799991607666,23.45400047302246,23.670000076293945,452994000
2023-02-28,23.13863754272461,23.215999603271484,23.825000762939453,23.20599937438965,23.371999740600586,455963000
2023-03-01,22.622365951538086,22.697999954223633,23.256000518798828,22.507999420166016,23.191999435424805,460026000
2023-03-02,23.236310958862305,23.31399917602539,23.3799991607666,22.43199920654297,22.488000869750977,389415000
2023-03-03,23.810392379760742,23.889999389648438,23.899999618530273,23.1299991607666,23.31999969482422,412393000
2023-03-06,23.475515365600586,23.554000854492188,24.24799919128418,23.48699951171875,23.891000747680664,437429000
2023-03-07,23.21433448791504,23.288000106811523,24.125,23.240999221801758,23.600000381469727,515154000
2023-03-08,24.10451316833496,24.180999755859375,24.200000762939453,23.423999786376953,23.48699951171875,513573000
2023-03-09,23.36187171936035,23.43600082397461,24.45400047302246,23.382999420166016,24.174999237060547,501257000
2023-03-10,22.89236068725586,22.96500015258789,23.62700080871582,22.72599983215332,23.409000396728516,474866000
2023-03-13,22.89335823059082,22.965999603271484,23.29800033569336,22.297000885009766,22.75200080871582,421890000
2023-03-14,23.98689079284668,24.062999725341797,24.2189998626709,23.459999084472656,23.496000289916992,474910000
2023-03-15,24.1513671875,24.22800064086914,24.285999298095703,23.360000610351562,23.76099967956543,524486000
2023-03-16,25.46021270751953,25.541000366210938,25.58799934387207,23.893999099731445,24.027000427246094,583253000
2023-03-17,25.643632888793945,25.725000381469727,26.39900016784668,25.667999267578125,25.98200035095215,848547000
2023-03-20,25.81807518005371,25.899999618530273,26.02400016784668,25.1299991607666,25.614999771118164,432747000
2023-03-21,26.116134643554688,26.198999404907227,26.392000198364258,25.381000518798828,26.18000030517578,547408000
2023-03-22,26.3842830657959,26.468000411987305,27.589000701904297,26.23699951171875,26.424999237060547,797295000
2023-03-23,27.104999542236328,27.19099998474121,27.499000549316406,26.690000534057617,27.114999771118164,564889000
2023-03-24,26.69429588317871,26.77899932861328,27.16699981689453,26.354999542236328,27.0310001373291,454920000
2023-03-27,26.44708251953125,26.5310001373291,27.0,26.364999771118164,26.836999893188477,361026000
2023-03-28,26.326461791992188,26.40999984741211,26.51300048828125,25.850000381469727,26.44700050354004,356104000
2023-03-29,26.898649215698242,26.983999252319336,27.077999114990234,26.597000122070312,26.825000762939453,393694000
2023-03-30,27.296384811401367,27.382999420166016,27.499000549316406,27.101999282836914,27.229000091552734,364516000
2023-03-31,27.68914222717285,27.777000427246094,27.833999633789062,27.104999542236328,27.139999389648438,433933000
2023-04-03,27.87654685974121,27.96500015258789,28.0,27.336000442504883,27.509000778198242,398716000
2023-04-04,27.366165161132812,27.452999114990234,28.0,27.30699920654297,27.965999603271484,368592000
2023-04-05,26.795974731445312,26.881000518798828,26.99799919128418,26.395000457763672,26.82900047302246,515015000
2023-04-06,26.951478958129883,27.03700065612793,27.079999923706055,26.427000045776367,26.583999633789062,397654000
2023-04-10,27.491769790649414,27.57900047302246,27.621000289916992,26.66900062561035,26.822999954223633,395279000
2023-04-11,27.083066940307617,27.16900062561035,27.790000915527344,27.125999450683594,27.724000930786133,314378000
2023-04-12,26.411195755004883,26.4950008392334,27.468000411987305,26.447999954223633,27.3700008392334,446259000
2023-04-13,26.379297256469727,26.46299934387207,26.886999130249023,26.32900047302246,26.733999252319336,353615000
2023-04-14,26.673362731933594,26.757999420166016,26.882999420166016,26.219999313354492,26.503999710083008,395660000
2023-04-17,26.916595458984375,27.00200080871582,27.006000518798828,26.433000564575195,26.565000534057617,321471000
2023-04-18,27.57948875427246,27.66699981689453,28.110000610351562,27.35700035095215,27.533000946044922,604812000
2023-04-19,27.842653274536133,27.930999755859375,28.0,27.23200035095215,27.361000061035156,358660000
2023-04-20,27.018268585205078,27.104000091552734,28.030000686645508,27.0,27.67099952697754,427713000
2023-04-21,27.033222198486328,27.118999481201172,27.183000564575195,26.722000122070312,26.95199966430664,345103000
2023-04-24,26.956464767456055,27.04199981689453,27.365999221801758,26.67099952697754,27.01300048828125,339282000
2023-04-25,26.157997131347656,26.240999221801758,27.246999740600586,26.225000381469727,27.077999114990234,378527000
2023-04-26,26.870738983154297,26.95599937438965,27.329999923706055,26.704999923706055,27.00200080871582,406337000
2023-04-27,27.13988494873047,27.22599983215332,27.4950008392334,26.625,27.363000869750977,377161000
2023-04-28,27.661235809326172,27.749000549316406,27.757999420166016,27.070999145507812,27.225000381469727,292216000
2023-05-01,28.818557739257812,28.90999984741211,29.058000564575195,27.780000686645508,27.84000015258789,570329000
2023-05-02,28.120773315429688,28.209999084472656,28.836000442504883,28.08300018310547,28.68000030517578,402730000
2023-05-03,27.714059829711914,27.802000045776367,28.367000579833984,27.472000122070312,27.84000015258789,383387000
2023-05-04,27.474822998046875,27.562000274658203,27.858999252319336,27.239999771118164,27.650999069213867,321850000
2023-05-05,28.589284896850586,28.68000030517578,28.7549991607666,27.731000900268555,27.826000213623047,361494000
2023-05-08,29.058792114257812,29.150999069213867,29.219999313354492,28.350000381469727,28.52199935913086,344979000
2023-05-09,28.480627059936523,28.570999145507812,28.972999572753906,28.450000762939453,28.89900016784668,314869000
2023-05-10,28.79364013671875,28.885000228881836,29.113000869750977,28.461000442504883,29.0049991607666,369350000
2023-05-11,28.48760414123535,28.577999114990234,28.950000762939453,28.246000289916992,28.895999908447266,322149000
2023-05-12,28.250356674194336,28.34000015258789,28.780000686645508,28.04599952697754,28.52899932861328,274222000
2023-05-15,28.861419677734375,28.952999114990234,28.9689998626709,28.152000427246094,28.507999420166016,293926000
2023-05-16,29.1205997467041,29.21299934387207,29.8700008392334,28.832000732421875,28.840999603271484,449405000
2023-05-17,30.082548141479492,30.17799949645996,30.198999404907227,29.43000030517578,29.583999633789062,432535000
2023-05-18,31.577802658081055,31.67799949645996,31.827999114990234,30.31999969482422,30.40999984741211,748725000
2023-05-19,31.165109634399414,31.263999938964844,31.579999923706055,30.916000366210938,31.535999298095703,473908000
2023-05-22,31.077390670776367,31.176000595092773,31.520000457763672,30.68000030517578,30.900999069213867,372000000
2023-05-23,30.590932846069336,30.687999725341797,31.288000106811523,30.631000518798828,31.0,356253000
2023-05-24,30.441410064697266,30.538000106811523,30.60700035095215,29.805999755859375,30.209999084472656,721419000
2023-05-25,37.85987091064453,37.97999954223633,39.47999954223633,36.6349983215332,38.52299880981445,1543911000
2023-05-26,38.822811126708984,38.94599914550781,39.16999816894531,37.54999923706055,37.88999938964844,714397000
2023-05-30,39.984127044677734,40.111000061035156,41.9379997253418,39.94900131225586,40.595001220703125,923401000
2023-05-31,37.71432876586914,37.83399963378906,40.29499816894531,37.821998596191406,39.487998962402344,1002580000
2023-06-01,39.64421081542969,39.77000045776367,40.04999923706055,38.34000015258789,38.48899841308594,635873000
2023-06-02,39.20261001586914,39.32699966430664,40.5,39.05799865722656,40.09700012207031,482731000
2023-06-05,39.04710388183594,39.17100143432617,39.564998626708984,38.707000732421875,38.909000396728516,396094000
2023-06-06,38.53173828125,38.65399932861328,39.15999984741211,38.14799880981445,38.83000183105469,388729000
2023-06-07,37.36033248901367,37.474998474121094,39.499000549316406,37.35599899291992,38.915000915527344,511998000
2023-06-08,38.39216232299805,38.5099983215332,38.86399841308594,37.505001068115234,37.7239990234375,417772000
2023-06-09,38.651371002197266,38.77000045776367,39.71099853515625,38.56700134277344,39.0369987487793,427717000
2023-06-12,39.36119079589844,39.481998443603516,39.529998779296875,38.61800003051758,39.20000076293945,388701000
2023-06-13,40.89647674560547,41.02199935913086,41.10100173950195,39.7400016784668,40.18600082397461,613208000
2023-06-14,42.865440368652344,42.99700164794922,43.0,40.551998138427734,40.82400131225586,740465000
2023-06-15,42.522491455078125,42.65299987792969,43.28900146484375,42.14699935913086,42.60200119018555,568622000
2023-06-16,42.561370849609375,42.69200134277344,43.72100067138672,42.6609992980957,43.45000076293945,655709000
2023-06-20,43.673954010009766,43.80799865722656,43.9900016784668,42.67399978637695,42.99800109863281,451153000
2023-06-21,42.91328811645508,43.04499816894531,43.6150016784668,42.08000183105469,43.500999450683594,551603000
2023-06-22,42.89335250854492,43.025001525878906,43.42599868774414,42.23400115966797,42.25299835205078,417737000
2023-06-23,42.0798454284668,42.20899963378906,42.808998107910156,42.01499938964844,42.4640007019043,358140000
2023-06-26,40.50767135620117,40.63199996948242,42.763999938964844,40.099998474121094,42.46099853515625,594322000
2023-06-27,41.74786376953125,41.875999450683594,41.939998626708984,40.448001861572266,40.79899978637695,462175000
2023-06-28,40.99119186401367,41.117000579833984,41.845001220703125,40.518001556396484,40.65999984741211,582639000
2023-06-29,40.697086334228516,40.821998596191406,41.599998474121094,40.599998474121094,41.55799865722656,380514000
2023-06-30,42.17256546020508,42.301998138427734,42.54999923706055,41.500999450683594,41.68000030517578,501148000
2023-07-03,42.28321838378906,42.41299819946289,42.89799880981445,42.20199966430664,42.516998291015625,198209000
2023-07-05,42.18751525878906,42.31700134277344,43.176998138427734,42.084999084472656,42.1349983215332,323618000
2023-07-06,41.97416687011719,42.10300064086914,42.17900085449219,41.34600067138672,41.84400177001953,303582000
2023-07-07,42.372947692871094,42.50299835205078,43.2140007019043,42.18000030517578,42.321998596191406,355881000
2023-07-10,42.050933837890625,42.18000030517578,42.81100082397461,41.64899826049805,42.65700149536133,353908000
2023-07-11,42.27524185180664,42.404998779296875,42.757999420166016,42.06700134277344,42.48099899291992,298244000
2023-07-12,43.76766586303711,43.902000427246094,43.935001373291016,42.777000427246094,43.03300094604492,481277000
2023-07-13,45.83631896972656,45.97700119018555,46.154998779296875,44.492000579833984,44.518001556396484,478204000
2023-07-14,45.329872131347656,45.46900177001953,48.0880012512207,45.060001373291016,46.58300018310547,772075000
2023-07-17,46.3188362121582,46.46099853515625,46.49599838256836,45.262001037597656,46.28900146484375,510488000
2023-07-18,47.34867477416992,47.49399948120117,47.895999908447266,45.73400115966797,46.70100021362305,569164000
2023-07-19,46.932952880859375,47.07699966430664,47.81800079345703,46.742000579833984,47.4640007019043,427502000
2023-07-20,45.38072204589844,45.52000045776367,47.08700180053711,45.0620002746582,46.50699996948242,537865000
2023-07-21,44.17341995239258,44.308998107910156,45.86600112915039,44.099998474121094,45.78799819946289,963769000
2023-07-24,44.475494384765625,44.61199951171875,45.10900115966797,44.040000915527344,44.73099899291992,382516000
2023-07-25,45.53923034667969,45.67900085449219,46.18299865722656,44.92300033569336,44.941001892089844,348081000
2023-07-26,45.312923431396484,45.45199966430664,46.053001403808594,44.630001068115234,46.020999908447266,364237000
2023-07-27,45.75955581665039,45.900001525878906,47.39500045776367,45.75,46.51900100708008,455976000
2023-07-28,46.60694885253906,46.75,47.027000427246094,46.38100051879883,46.667999267578125,331194000
2023-07-31,46.58601760864258,46.729000091552734,47.130001068115234,46.50600051879883,46.75400161743164,251055000
2023-08-01,46.36469650268555,46.50699996948242,46.900001525878906,46.027000427246094,46.459999084472656,237858000
2023-08-02,44.133548736572266,44.26900100708008,45.84000015258789,43.387001037597656,45.83100128173828,530142000
2023-08-03,44.378787994384766,44.51499938964844,45.11800003051758,43.79999923706055,43.79999923706055,324176000
2023-08-04,44.54328155517578,44.68000030517578,45.641998291015625,44.393001556396484,44.98500061035156,362666000
2023-08-07,45.27803039550781,45.41699981689453,45.540000915527344,44.5629997253418,45.111000061035156,322154000
2023-08-08,44.52733612060547,44.66400146484375,45.242000579833984,44.055999755859375,44.85300064086914,353843000
2023-08-09,42.42379379272461,42.55400085449219,44.3120002746582,42.13399887084961,44.27399826049805,586449000
2023-08-10,42.258296966552734,42.38800048828125,43.57400131225586,41.834999084472656,42.15999984741211,492705000
2023-08-11,40.729984283447266,40.85499954223633,42.018001556396484,40.638999938964844,41.750999450683594,533085000
2023-08-14,43.61911392211914,43.75299835205078,43.79999923706055,40.31100082397461,40.486000061035156,690286000
2023-08-15,43.805545806884766,43.939998626708984,45.268001556396484,43.709999084472656,44.560001373291016,676512000
2023-08-16,43.35293960571289,43.486000061035156,44.67499923706055,43.40599822998047,44.52000045776367,527451000
2023-08-17,43.21137237548828,43.34400177001953,44.0620002746582,43.000999450683594,43.970001220703125,452395000
2023-08-18,43.16651153564453,43.29899978637695,43.577999114990234,41.65999984741211,42.6349983215332,583768000
2023-08-21,46.82328796386719,46.96699905395508,47.064998626708984,44.22200012207031,44.49399948120117,692573000
2023-08-22,45.52826690673828,45.667999267578125,48.1870002746582,45.33300018310547,48.1349983215332,755293000
2023-08-23,46.971832275390625,47.11600112915039,47.20000076293945,45.20800018310547,45.86600112915039,779046000
2023-08-24,47.01869201660156,47.16299819946289,50.26599884033203,47.159000396728516,50.215999603271484,1156044000
2023-08-25,45.877193450927734,46.018001556396484,47.80500030517578,45.02399826049805,47.012001037597656,925341000
2023-08-28,46.69169616699219,46.834999084472656,46.97999954223633,44.88800048828125,46.481998443603516,685192000
2023-08-29,48.634735107421875,48.784000396728516,49.08100128173828,46.39099884033203,46.66600036621094,701397000
2023-08-30,49.11326217651367,49.263999938964844,49.926998138427734,48.42499923706055,49.04399871826172,735206000
2023-08-31,49.2039794921875,49.35499954223633,49.74399948120117,48.95800018310547,49.380001068115234,528570000
2023-09-01,48.360572814941406,48.50899887084961,49.79999923706055,48.141998291015625,49.762001037597656,463830000
2023-09-05,48.39945602416992,48.54800033569336,48.85100173950195,47.86000061035156,48.222999572753906,382653000
2023-09-06,46.92086410522461,47.06100082397461,48.54899978637695,46.58000183105469,48.441001892089844,468670000
2023-09-07,46.10331344604492,46.24100112915039,46.34400177001953,45.152000427246094,45.525001525878906,433330000
2023-09-08,45.43629455566406,45.571998596191406,46.60599899291992,45.270999908447266,45.94200134277344,473069000
2023-09-11,45.04347610473633,45.178001403808594,46.16299819946289,44.3120002746582,46.14799880981445,473966000
2023-09-12,44.736392974853516,44.869998931884766,45.67300033569336,44.53099822998047,44.737998962402344,349256000
2023-09-13,45.34955978393555,45.48500061035156,45.93000030517578,44.50299835205078,44.599998474121094,398355000
2023-09-14,45.445274353027344,45.58100128173828,45.98699951171875,45.13100051879883,45.95000076293945,370097000
2023-09-15,43.769283294677734,43.900001525878906,45.5989990234375,43.80799865722656,45.340999603271484,506831000
2023-09-18,43.835079193115234,43.965999603271484,44.242000579833984,42.0,42.74800109863281,500271000
2023-09-19,43.39041519165039,43.52000045776367,43.965999603271484,43.00199890136719,43.83300018310547,373064000
2023-09-20,42.11322021484375,42.23899841308594,43.90299987792969,42.222999572753906,43.599998474121094,367108000
2023-09-21,40.894859313964844,41.016998291015625,42.099998474121094,40.97999954223633,41.58300018310547,450736000
2023-09-22,41.486106872558594,41.61000061035156,42.1150016784668,41.23099899291992,41.571998596191406,479236000
2023-09-25,42.09627914428711,42.22200012207031,42.5359992980957,41.176998138427734,41.590999603271484,419091000
2023-09-26,41.786197662353516,41.9109992980957,42.81999969482422,41.654998779296875,42.000999450683594,402282000
2023-09-27,42.3415412902832,42.46799850463867,42.87200164794922,41.62900161743164,42.33000183105469,444935000
2023-09-28,42.960693359375,43.0890007019043,43.44599914550781,42.1150016784668,42.459999084472656,424663000
2023-09-29,43.369476318359375,43.499000549316406,44.14400100708008,43.30699920654297,43.82699966430664,397830000
2023-10-02,44.648651123046875,44.78200149536133,45.17499923706055,43.861000061035156,44.029998779296875,433298000
2023-10-03,43.387420654296875,43.516998291015625,45.130001068115234,43.24599838256836,44.80799865722656,470850000
2023-10-04,43.90986251831055,44.04100036621094,44.143001556396484,43.29199981689453,43.742000579833984,361821000
2023-10-05,44.554931640625,44.6879997253418,44.900001525878906,43.88800048828125,44.04999923706055,393483000
2023-10-06,45.625736236572266,45.762001037597656,45.78900146484375,44.0260009765625,44.19300079345703,434436000
2023-10-09,45.138187408447266,45.27299880981445,45.60499954223633,44.36800003051758,44.84199905395508,409675000
2023-10-10,45.66162872314453,45.79800033569336,46.25899887084961,45.0880012512207,45.310001373291016,368582000
2023-10-11,46.666622161865234,46.805999755859375,46.85900115966797,46.04999923706055,46.19599914550781,378137000
2023-10-12,46.805213928222656,46.94499969482422,47.60900115966797,46.33000183105469,46.777000427246094,481325000
2023-10-13,45.32563018798828,45.46099853515625,47.11600112915039,45.279998779296875,46.959999084472656,474115000
2023-10-16,45.95774459838867,46.095001220703125,46.224998474121094,44.9119987487793,45.0629997253418,375099000
2023-10-17,43.807159423828125,43.9379997253418,44.75400161743164,42.47999954223633,44.0,812333000
2023-10-18,42.070350646972656,42.19599914550781,43.21900177001953,41.82500076293945,42.590999603271484,627294000
2023-10-19,41.97563552856445,42.10100173950195,43.297000885009766,41.88199996948242,42.81100082397461,501233000
2023-10-20,41.26376724243164,41.387001037597656,42.470001220703125,41.077999114990234,41.88999938964844,477266000
2023-10-23,42.8470344543457,42.974998474121094,43.24800109863281,40.94499969482422,41.229000091552734,478530000
2023-10-24,43.53297805786133,43.66299819946289,43.696998596191406,42.691001892089844,43.07699966430664,401463000
2023-10-25,41.654598236083984,41.77899932861328,43.650001525878906,41.55500030517578,43.39799880981445,398379000
2023-10-26,40.2059211730957,40.32600021362305,42.25600051879883,39.880001068115234,41.85300064086914,541001000
2023-10-27,40.37940216064453,40.5,41.20600128173828,40.01499938964844,41.130001068115234,416784000
2023-10-30,41.03843307495117,41.1609992980957,41.76599884033203,40.48099899291992,41.08700180053711,388028000
2023-10-31,40.658573150634766,40.779998779296875,40.87900161743164,39.22999954223633,40.45000076293945,517969000
2023-11-01,42.19896697998047,42.32500076293945,42.38100051879883,40.86899948120117,40.88399887084961,437593000
2023-11-02,43.37644958496094,43.50600051879883,43.88399887084961,42.89400100708008,43.327999114990234,409172000
2023-11-03,44.8709831237793,45.005001068115234,45.308998107910156,43.722999572753906,44.02000045776367,424610000
2023-11-06,45.614768981933594,45.750999450683594,45.935001373291016,44.89899826049805,45.28499984741211,400733000
2023-11-07,45.81816101074219,45.95500183105469,46.21799850463867,45.15800094604492,45.71900177001953,343165000
2023-11-08,46.43531036376953,46.57400131225586,46.867000579833984,45.96799850463867,46.099998474121094,346719000
2023-11-09,46.81019592285156,46.95000076293945,48.22999954223633,46.75,47.46699905395508,540496000
2023-11-10,48.191070556640625,48.334999084472656,48.47200012207031,47.28300094604492,47.5,421245000
2023-11-13,48.475215911865234,48.619998931884766,49.11600112915039,48.0989990234375,48.31999969482422,384136000
2023-11-14,49.50813674926758,49.65599822998047,49.83399963378906,49.040000915527344,49.68000030517578,416954000
2023-11-15,48.742427825927734,48.88800048828125,49.959999084472656,48.20000076293945,49.935001373291016,475497000
2023-11-16,49.332664489746094,49.47999954223633,49.525001525878906,48.33000183105469,48.67900085449219,339756000
2023-11-17,49.15120315551758,49.29800033569336,49.71699905395508,49.00699996948242,49.52399826049805,325205000
2023-11-20,50.25889587402344,50.409000396728516,50.54800033569336,49.180999755859375,49.3120002746582,414120000
2023-11-21,49.79528045654297,49.944000244140625,50.516998291015625,49.22200012207031,50.125999450683594,565747000
2023-11-22,48.57094192504883,48.715999603271484,50.334999084472656,47.689998626708984,49.85200119018555,899420000
2023-11-24,47.63374328613281,47.7760009765625,48.92100143432617,47.744998931884766,48.470001220703125,294645000
2023-11-27,48.09834289550781,48.242000579833984,48.529998779296875,47.652000427246094,47.79999923706055,395662000
2023-11-28,47.6786003112793,47.82099914550781,48.323001861572266,47.472999572753906,48.236000061035156,401491000
2023-11-29,47.99665069580078,48.13999938964844,48.762001037597656,47.86000061035156,48.37900161743164,382005000
2023-11-30,46.630733489990234,46.77000045776367,48.11000061035156,46.422000885009766,48.02399826049805,526247000
2023-12-01,46.62574768066406,46.76499938964844,47.20000076293945,46.1870002746582,46.525001525878906,369317000
2023-12-04,45.37448501586914,45.5099983215332,46.07699966430664,45.0099983215332,46.07699966430664,437543000
2023-12-05,46.43142318725586,46.566001892089844,46.599998474121094,45.270999908447266,45.465999603271484,371718000
2023-12-06,45.371490478515625,45.50299835205078,47.387001037597656,45.4119987487793,47.21500015258789,380590000
2023-12-07,46.461341857910156,46.59600067138672,46.62900161743164,45.604000091552734,45.70000076293945,350823000
2023-12-08,47.368709564208984,47.50600051879883,47.74100112915039,46.54999923706055,46.595001220703125,359224000
2023-12-11,46.49224853515625,46.62699890136719,47.53099822998047,45.83000183105469,47.49100112915039,509728000
2023-12-12,47.51926803588867,47.65700149536133,47.66600036621094,46.04600143432617,46.04600143432617,372387000
2023-12-13,47.94902420043945,48.0880012512207,48.59400177001953,47.608001708984375,47.62900161743164,447792000
2023-12-14,48.21025848388672,48.349998474121094,48.66999816894531,47.422000885009766,48.38999938964844,391232000
2023-12-15,48.74869918823242,48.88999938964844,49.40399932861328,48.119998931884766,48.194000244140625,479948000
2023-12-18,49.932273864746094,50.07699966430664,50.43299865722656,49.150001525878906,49.400001525878906,412587000
2023-12-19,49.46064376831055,49.604000091552734,49.70000076293945,48.89500045776367,49.42399978637695,464444000
2023-12-20,47.97195816040039,48.111000061035156,49.999000549316406,48.097999572753906,49.654998779296875,397894000
2023-12-21,48.848419189453125,48.9900016784668,49.095001220703125,48.41899871826172,48.81100082397461,300425000
2023-12-22,48.68887710571289,48.83000183105469,49.382999420166016,48.46699905395508,49.19499969482422,252507000
2023-12-26,49.13658142089844,49.27899932861328,49.599998474121094,48.959999084472656,48.96799850463867,244200000
2023-12-27,49.2741813659668,49.41699981689453,49.68000030517578,49.084999084472656,49.51100158691406,233648000
2023-12-28,49.378875732421875,49.52199935913086,49.88399887084961,49.4119987487793,49.643001556396484,246587000
2023-12-29,49.378875732421875,49.52199935913086,49.99700164794922,48.750999450683594,49.8129997253418,389293000
2024-01-02,48.02878952026367,48.167999267578125,49.29499816894531,47.595001220703125,49.24399948120117,411254000
2024-01-03,47.431522369384766,47.569000244140625,48.183998107910156,47.31999969482422,47.48500061035156,320896000
2024-01-04,47.859283447265625,47.99800109863281,48.5,47.507999420166016,47.766998291015625,306535000
2024-01-05,48.955108642578125,49.09700012207031,49.547000885009766,48.305999755859375,48.46200180053711,415039000
2024-01-08,52.10198974609375,52.25299835205078,52.275001525878906,49.479000091552734,49.512001037597656,642510000
2024-01-09,52.986419677734375,53.13999938964844,54.32500076293945,51.689998626708984,52.4010009765625,773100000
2024-01-10,54.19292068481445,54.349998474121094,54.599998474121094,53.48899841308594,53.61600112915039,533796000
2024-01-11,54.6635627746582,54.821998596191406,55.34600067138672,53.560001373291016,54.999000549316406,596759000
2024-01-12,54.551883697509766,54.709999084472656,54.970001220703125,54.33000183105469,54.619998931884766,352994000
2024-01-16,56.21904754638672,56.38199996948242,56.834999084472656,54.900001525878906,55.018001556396484,449580000
2024-01-17,55.8910026550293,56.053001403808594,56.47100067138672,54.7400016784668,56.34700012207031,474394000
2024-01-18,56.941959381103516,57.106998443603516,57.599998474121094,56.106998443603516,57.2599983215332,491650000
2024-01-19,59.319068908691406,59.49100112915039,59.5,57.224998474121094,57.98899841308594,543501000
2024-01-22,59.481597900390625,59.65399932861328,60.33100128173828,59.06999969482422,60.04899978637695,452955000
2024-01-23,59.69995880126953,59.87300109863281,59.90999984741211,58.584999084472656,59.56999969482422,294654000
2024-01-24,61.184661865234375,61.36199951171875,62.8489990234375,59.9379997253418,60.30400085449219,560271000
2024-01-25,61.43891525268555,61.617000579833984,62.71900177001953,60.849998474121094,62.349998474121094,482777000
2024-01-26,60.854610443115234,61.03099822998047,61.78300094604492,60.573001861572266,60.959999084472656,390309000
2024-01-29,62.28447341918945,62.46500015258789,62.48899841308594,60.90700149536133,61.231998443603516,348733000
2024-01-30,62.59257507324219,62.77399826049805,63.49300003051758,62.2599983215332,62.900001525878906,410735000
2024-01-31,61.349185943603516,61.527000427246094,62.26900100708008,60.70000076293945,61.439998626708984,453795000
2024-02-01,62.8448600769043,63.027000427246094,63.191001892089844,61.650001525878906,62.099998474121094,369146000
2024-02-02,65.96879577636719,66.16000366210938,66.5999984741211,63.689998626708984,63.9739990234375,476578000
2024-02-05,69.13162994384766,69.33200073242188,69.49700164794922,67.20500183105469,68.2249984741211,680078000
2024-02-06,68.02583312988281,68.2229995727539,69.75399780273438,66.30000305175781,69.62999725341797,683111000
2024-02-07,69.89640808105469,70.0989990234375,70.22000122070312,67.5999984741211,68.31900024414062,495575000
2024-02-08,69.43974304199219,69.64099884033203,70.79399871826172,69.45500183105469,70.0739974975586,414422000
2024-02-09,71.92453002929688,72.13300323486328,72.18499755859375,70.21199798583984,70.53299713134766,436637000
2024-02-12,72.03919982910156,72.24800109863281,74.61100006103516,71.25,72.5999984741211,613710000
2024-02-13,71.9195327758789,72.12799835205078,73.44999694824219,69.62000274658203,70.4000015258789,602580000
2024-02-14,73.68643188476562,73.9000015258789,74.23600006103516,71.93800354003906,73.2020034790039,504917000
2024-02-15,72.4480209350586,72.65799713134766,73.9749984741211,72.4000015258789,73.86900329589844,420122000
2024-02-16,72.40314483642578,72.61299896240234,74.4020004272461,72.5009994506836,74.0999984741211,495327000
2024-02-20,69.25128936767578,69.4520034790039,71.95600128173828,67.73400115966797,71.9469985961914,704833000
2024-02-21,67.2770004272461,67.47200012207031,68.88800048828125,66.24800109863281,68.00599670410156,673755000
2024-02-22,78.31101989746094,78.53800201416016,78.57499694824219,74.22000122070312,75.0250015258789,865100000
2024-02-23,78.58922576904297,78.81700134277344,82.39399719238281,77.56999969482422,80.79000091552734,829388000
2024-02-26,78.86343383789062,79.09200286865234,80.64600372314453,78.50499725341797,79.69999694824219,503973000
2024-02-27,78.47354888916016,78.70099639892578,79.4800033569336,77.16200256347656,79.38099670410156,391705000
2024-02-28,77.43856048583984,77.66300201416016,78.93299865722656,77.125,77.62000274658203,393110000
2024-02-29,78.88336944580078,79.11199951171875,79.98999786376953,78.3499984741211,79.09400177001953,507289000
2024-03-01,82.04119873046875,82.27899932861328,82.30000305175781,79.43499755859375,80.0,479135000
2024-03-04,84.99064636230469,85.23699951171875,87.69499969482422,83.71900177001953,84.12999725341797,615616000
2024-03-05,85.7195816040039,85.96399688720703,86.09700012207031,83.41699981689453,85.2699966430664,520639000
2024-03-06,88.44780731201172,88.69999694824219,89.7239990234375,87.02999877929688,88.02200317382812,582520000
2024-03-07,92.405517578125,92.66899871826172,92.76699829101562,89.60199737548828,90.15799713134766,608119000
2024-03-08,87.27913665771484,87.52799987792969,97.4000015258789,86.50599670410156,95.13800048828125,1142269000
2024-03-11,85.5301284790039,85.77400207519531,88.7969970703125,84.16600036621094,86.42900085449219,678364000
2024-03-12,91.65167236328125,91.91300201416016,91.95999908447266,86.1500015258789,88.04900360107422,668075000
2024-03-13,90.62957763671875,90.88800048828125,91.50399780273438,88.43499755859375,91.05500030517578,635713000
2024-03-14,87.6939468383789,87.94400024414062,90.64600372314453,86.5999984741211,89.5770034790039,602318000
2024-03-15,87.5872573852539,87.83699798583984,89.5459976196289,86.25700378417969,86.93000030517578,642086000
2024-03-18,88.2034912109375,88.45500183105469,92.40499877929688,87.08499908447266,90.38800048828125,668976000
2024-03-19,89.14382934570312,89.39800262451172,90.54399871826172,85.01000213623047,86.69999694824219,672171000
2024-03-20,90.11505126953125,90.37200164794922,90.41000366210938,88.2229995727539,89.7969970703125,479063000
2024-03-21,91.1750259399414,91.43499755859375,92.64800262451172,90.40499877929688,92.30000305175781,480372000
2024-03-22,94.02090454101562,94.28900146484375,94.77799987792969,90.83399963378906,91.14099884033203,586719000
2024-03-25,94.73188018798828,95.00199890136719,96.76599884033203,93.51000213623047,93.94100189208984,552136000
2024-03-26,92.29782104492188,92.56099700927734,96.375,92.50199890136719,95.85099792480469,513648000
2024-03-27,89.99340057373047,90.25,93.23999786376953,89.12300109863281,93.11199951171875,586067000
2024-03-28,90.0990982055664,90.35600280761719,91.30000305175781,89.19300079345703,90.0,435212000
2024-04-01,90.1060791015625,90.36299896240234,92.2249984741211,89.2040023803711,90.29900360107422,452441000
2024-04-02,89.19766998291016,89.4520034790039,90.09400177001953,87.62000274658203,88.447998046875,433064000
2024-04-03,88.7110366821289,88.96399688720703,90.3740005493164,88.4000015258789,88.48400115966797,370067000
2024-04-04,85.66073608398438,85.90499877929688,90.63400268554688,85.87999725341797,90.40599822998047,434965000
2024-04-05,87.75777435302734,88.00800323486328,88.48100280761719,85.9260025024414,86.86599731445312,399678000
2024-04-08,86.88525390625,87.13300323486328,88.83000183105469,86.73200225830078,88.69999694824219,283220000
2024-04-09,85.11129760742188,85.35399627685547,87.63500213623047,83.02200317382812,87.44200134277344,501700000
2024-04-10,86.79153442382812,87.03900146484375,87.4000015258789,83.70899963378906,83.9260025024414,431929000
2024-04-11,90.35835266113281,90.61599731445312,90.73899841308594,86.9260025024414,87.41999816894531,431637000
2024-04-12,87.93526458740234,88.18599700927734,90.17500305175781,87.52999877929688,89.6989974975586,426805000
2024-04-15,85.75646209716797,86.0009994506836,90.61299896240234,85.92900085449219,89.0979995727539,443077000
2024-04-16,87.16646575927734,87.41500091552734,88.11799621582031,86.06400299072266,86.43299865722656,370453000
2024-04-17,83.79606628417969,84.03500366210938,88.7750015258789,83.94999694824219,88.33999633789062,495400000
2024-04-18,84.43024444580078,84.6709976196289,86.19000244140625,82.4020004272461,84.97000122070312,447260000
2024-04-19,75.98334503173828,76.19999694824219,84.3239974975586,75.60600280761719,83.1500015258789,875198000
2024-04-22,79.29191589355469,79.51799774169922,80.072998046875,76.4000015258789,78.10399627685547,596341000
2024-04-23,82.18864440917969,82.4229965209961,82.76899719238281,80.26399993896484,80.76899719238281,438559000
2024-04-24,79.45045471191406,79.677001953125,84.08200073242188,79.18299865722656,83.94999694824219,512208000
2024-04-25,82.3970718383789,82.63200378417969,83.322998046875,78.2229995727539,78.86799621582031,424641000
2024-04-26,87.48554992675781,87.73500061035156,88.33100128173828,83.38700103759766,83.81800079345703,551011000
2024-04-29,87.50748443603516,87.75700378417969,87.99199676513672,85.26599884033203,87.59500122070312,388971000
2024-04-30,86.15633392333984,86.4020004272461,88.81900024414062,86.30000305175781,87.23999786376953,363709000
2024-05-01,82.80489349365234,83.04100036621094,86.0,81.25499725341797,85.0770034790039,559863000
2024-05-02,85.57300567626953,85.81700134277344,86.23699951171875,83.19999694824219,84.4489974975586,377898000
2024-05-03,88.53654479980469,88.78900146484375,89.28099822998047,87.04000091552734,87.78900146484375,398341000
2024-05-06,91.87802124023438,92.13999938964844,92.22000122070312,89.05500030517578,89.38999938964844,376203000
2024-05-07,90.29652404785156,90.55400085449219,91.78099822998047,89.01100158691406,91.0979995727539,437342000
2024-05-08,90.1549301147461,90.41200256347656,91.19400024414062,89.41999816894531,89.48300170898438,325721000
2024-05-09,88.49465942382812,88.74700164794922,91.0719985961914,88.23100280761719,90.52899932861328,378013000
2024-05-10,89.6224594116211,89.87799835205078,91.4010009765625,89.22699737548828,90.30500030517578,335325000
2024-05-13,90.1419677734375,90.39900207519531,90.99800109863281,88.52899932861328,90.47799682617188,289680000
2024-05-14,91.09625244140625,91.35600280761719,91.6510009765625,88.93399810791016,89.5989990234375,296507000
2024-05-15,94.36093139648438,94.62999725341797,94.86199951171875,91.5989990234375,92.47200012207031,417735000
2024-05-16,94.09071350097656,94.35900115966797,95.81900024414062,94.10299682617188,94.91000366210938,323952000
2024-05-17,92.21605682373047,92.47899627685547,94.73999786376953,91.80599975585938,94.36900329589844,359691000
2024-05-20,94.51051330566406,94.77999877929688,95.19999694824219,93.44000244140625,93.75,318764000
2024-05-21,95.11478424072266,95.38600158691406,95.4000015258789,93.18000030517578,93.5989990234375,328946000
2024-05-22,94.68002319335938,94.94999694824219,96.0199966430664,93.2490005493164,95.45899963378906,548648000
2024-05-23,103.5038833618164,103.79900360107422,106.31999969482422,101.5199966430664,102.02799987792969,835065000
2024-05-24,106.1662826538086,106.46900177001953,106.4749984741211,103.0,104.4489974975586,429494000
2024-05-28,113.57714080810547,113.9010009765625,114.93900299072266,109.88300323486328,110.24400329589844,652728000
2024-05-29,114.49850463867188,114.82499694824219,115.49199676513672,110.9010009765625,113.05000305175781,557442000
2024-05-30,110.1858139038086,110.5,115.81900024414062,109.66300201416016,114.6500015258789,484553000
2024-05-31,109.32129669189453,109.63300323486328,112.71700286865234,106.94000244140625,112.5199966430664,613263000
2024-06-03,114.67301177978516,115.0,115.0,112.00299835205078,113.62100219726562,438392000
2024-06-04,116.1059341430664,116.43699645996094,116.5999984741211,114.04499816894531,115.71600341796875,403324000
2024-06-05,122.09186553955078,122.44000244140625,122.4489974975586,117.46800231933594,118.37100219726562,528402000
2024-06-06,120.65396118164062,120.99800109863281,125.58699798583984,118.31999969482422,124.0479965209961,664696000
2024-06-07,120.5442886352539,120.88800048828125,121.69200134277344,118.02200317382812,119.7699966430664,412386000
2024-06-10,121.44371795654297,121.79000091552734,123.0999984741211,117.01000213623047,120.37000274658203,313434100
2024-06-11,120.57611846923828,120.91000366210938,122.87000274658203,118.73999786376953,121.7699966430664,222551200
2024-06-12,124.8542709350586,125.19999694824219,126.87999725341797,122.56999969482422,123.05999755859375,299595000
2024-06-13,129.2521209716797,129.61000061035156,129.8000030517578,127.16000366210938,129.38999938964844,260704500
2024-06-14,131.51580810546875,131.8800048828125,132.83999633789062,128.32000732421875,129.9600067138672,309320400
2024-06-17,130.6183319091797,130.97999572753906,133.72999572753906,129.5800018310547,132.99000549316406,288504400
2024-06-18,135.20562744140625,135.5800018310547,136.3300018310547,130.69000244140625,131.13999938964844,294335100
2024-06-20,130.4188690185547,130.77999877929688,140.75999450683594,129.52000427246094,139.8000030517578,517768400
2024-06-21,126.22049713134766,126.56999969482422,130.6300048828125,124.30000305175781,127.12000274658203,649445800
2024-06-24,117.78385162353516,118.11000061035156,124.45999908447266,118.04000091552734,123.23999786376953,476060900
2024-06-25,125.74180603027344,126.08999633789062,126.5,119.31999969482422,121.19999694824219,414192600
2024-06-26,126.05097198486328,126.4000015258789,128.1199951171875,122.5999984741211,126.12999725341797,362975900
2024-06-27,123.64761352539062,123.98999786376953,126.41000366210938,122.91999816894531,124.0999984741211,252571700
2024-06-28,123.1988754272461,123.54000091552734,127.70999908447266,122.75,124.58000183105469,315516700
2024-07-01,123.95675659179688,124.30000305175781,124.83999633789062,118.83000183105469,123.47000122070312,284885500
2024-07-02,122.33125305175781,122.66999816894531,123.41000366210938,121.02999877929688,121.12999725341797,218374000
2024-07-03,127.9258041381836,128.27999877929688,128.27999877929688,121.36000061035156,121.66000366210938,215749000
2024-07-05,125.48253631591797,125.83000183105469,128.85000610351562,125.68000030517578,127.37999725341797,214176700
2024-07-08,127.84598541259766,128.1999969482422,130.77000427246094,127.04000091552734,127.48999786376953,237677300
2024-07-09,131.0172119140625,131.3800048828125,133.82000732421875,128.64999389648438,130.35000610351562,285366600
2024-07-10,134.53746032714844,134.91000366210938,135.10000610351562,132.4199981689453,134.02999877929688,248978600
2024-07-11,127.0482177734375,127.4000015258789,136.14999389648438,127.05000305175781,135.75,374782700
2024-07-12,128.88311767578125,129.24000549316406,131.9199981689453,127.22000122070312,128.25999450683594,252680500
2024-07-15,128.08534240722656,128.44000244140625,131.38999938964844,127.18000030517578,130.55999755859375,208326200
2024-07-16,126.01107025146484,126.36000061035156,129.0399932861328,124.58000183105469,128.44000244140625,214769500
2024-07-17,117.66417694091797,117.98999786376953,121.8499984741211,116.72000122070312,121.3499984741211,390086200
2024-07-18,120.755615234375,121.08999633789062,122.4000015258789,116.55999755859375,121.8499984741211,320979500
2024-07-19,117.60435485839844,117.93000030517578,121.5999984741211,117.37000274658203,120.3499984741211,217223800
2024-07-22,123.1988754272461,123.54000091552734,124.06999969482422,119.86000061035156,120.3499984741211,258068900
2024-07-23,122.25147247314453,122.58999633789062,124.69000244140625,122.0999984741211,122.77999877929688,173911000
2024-07-24,113.93451690673828,114.25,119.94999694824219,113.44000244140625,119.16999816894531,327776900
2024-07-25,111.96995544433594,112.27999877929688,116.62999725341797,106.30000305175781,113.04000091552734,460067000
2024-07-26,112.747802734375,113.05999755859375,116.19999694824219,111.58000183105469,116.19000244140625,293399100
2024-07-29,111.28185272216797,111.58999633789062,116.27999877929688,111.30000305175781,113.69000244140625,248152100
2024-07-30,103.44356536865234,103.7300033569336,111.98999786376953,102.54000091552734,111.5199966430664,486833300
2024-07-31,116.69686126708984,117.0199966430664,118.33999633789062,110.87999725341797,112.9000015258789,473174200
2024-08-01,108.9084243774414,109.20999908447266,120.16000366210938,106.80999755859375,117.52999877929688,523462300
2024-08-02,106.9737777709961,107.2699966430664,108.72000122070312,101.37000274658203,103.76000213623047,482027500
2024-08-05,100.172607421875,100.44999694824219,103.41000366210938,90.69000244140625,92.05999755859375,552842400
2024-08-06,103.96212005615234,104.25,107.70999908447266,100.55000305175781,103.83999633789062,409012100
2024-08-07,98.63687896728516,98.91000366210938,108.80000305175781,98.69000244140625,107.80999755859375,411440400
2024-08-08,104.68014526367188,104.97000122070312,105.5,97.5199966430664,102.0,391910000
2024-08-09,104.46075439453125,104.75,106.5999984741211,103.43000030517578,105.63999938964844,290844200
2024-08-12,108.71894836425781,109.0199966430664,111.06999969482422,106.26000213623047,106.31999969482422,325559900
2024-08-13,115.8193130493164,116.13999938964844,116.2300033569336,111.58000183105469,112.44000244140625,312646700
2024-08-14,117.75393676757812,118.08000183105469,118.5999984741211,114.06999969482422,118.52999877929688,339246400
2024-08-15,122.52073669433594,122.86000061035156,123.23999786376953,117.47000122070312,118.76000213623047,318086700
2024-08-16,124.2359848022461,124.58000183105469,125.0,121.18000030517578,121.94000244140625,302589900
2024-08-19,129.64100646972656,130.0,130.0,123.41999816894531,124.27999877929688,318333600
2024-08-20,126.89861297607422,127.25,129.8800048828125,125.88999938964844,128.39999389648438,300087400
2024-08-21,128.14517211914062,128.5,129.35000610351562,126.66000366210938,127.31999969482422,257883600
2024-08-22,123.39830780029297,123.73999786376953,130.75,123.0999984741211,130.02000427246094,376189100
2024-08-23,129.01275634765625,129.3699951171875,129.60000610351562,125.22000122070312,125.86000061035156,323230300
2024-08-26,126.11078643798828,126.45999908447266,131.25999450683594,124.37000274658203,129.57000732421875,331964700
2024-08-27,127.94571685791016,128.3000030517578,129.1999969482422,123.87999725341797,125.05000305175781,303134600
2024-08-28,125.2631607055664,125.61000061035156,128.3300018310547,122.63999938964844,128.1199951171875,448101100
2024-08-29,117.2652816772461,117.58999633789062,124.43000030517578,116.70999908447266,121.36000061035156,453023300
2024-08-30,119.04037475585938,119.37000274658203,121.75,117.22000122070312,119.52999877929688,333751600
2024-09-03,107.70177459716797,108.0,116.20999908447266,107.29000091552734,116.01000213623047,477155100
2024-09-04,105.91670989990234,106.20999908447266,113.2699966430664,104.12000274658203,105.41000366210938,372470300
2024-09-05,106.91395568847656,107.20999908447266,109.6500015258789,104.76000213623047,104.98999786376953,306850700
2024-09-06,102.54606628417969,102.83000183105469,108.1500015258789,100.94999694824219,108.04000091552734,413638100
2024-09-09,106.17599487304688,106.47000122070312,106.55000305175781,103.69000244140625,104.87999725341797,273912000
2024-09-10,107.8014907836914,108.0999984741211,109.4000015258789,104.94999694824219,107.80999755859375,268283700
2024-09-11,116.58717346191406,116.91000366210938,117.19000244140625,107.41999816894531,109.38999938964844,441422400
2024-09-12,118.82117462158203,119.13999938964844,120.79000091552734,115.37999725341797,116.83999633789062,366052700
2024-09-13,118.78128051757812,119.0999984741211,119.95999908447266,117.5999984741211,119.08000183105469,238358300
2024-09-16,116.46749114990234,116.77999877929688,118.18000030517578,114.36000061035156,116.79000091552734,248772300
2024-09-17,115.28068542480469,115.58999633789062,118.80000305175781,114.83000183105469,118.16999816894531,231925900
2024-09-18,113.06661987304688,113.37000274658203,117.69999694824219,113.22000122070312,115.88999938964844,310318900
2024-09-19,117.55458068847656,117.87000274658203,119.66000366210938,117.25,117.3499984741211,293506400
2024-09-20,115.68958282470703,116.0,118.62000274658203,115.38999938964844,117.05999755859375,382462400
2024-09-23,115.94889068603516,116.26000213623047,116.98999786376953,114.86000061035156,116.55000305175781,206228500
2024-09-24,120.54655456542969,120.87000274658203,121.80000305175781,115.37999725341797,116.5199966430664,354966800
2024-09-25,123.17948150634766,123.51000213623047,124.94000244140625,121.61000061035156,122.0199966430664,284692900
2024-09-26,123.70805358886719,124.04000091552734,127.66999816894531,121.80000305175781,126.80000305175781,302582900
2024-09-27,121.07512664794922,121.4000015258789,124.02999877929688,119.26000213623047,123.97000122070312,271009200
2024-09-30,121.11503601074219,121.44000244140625,121.5,118.1500015258789,118.30999755859375,226553700
2024-10-01,116.6868896484375,117.0,122.44000244140625,115.79000091552734,121.7699966430664,302094500
2024-10-02,118.53195190429688,118.8499984741211,119.37999725341797,115.13999938964844,116.44000244140625,221845900
2024-10-03,122.52124786376953,122.8499984741211,124.36000061035156,120.33999633789062,120.91999816894531,277118000
2024-10-04,124.5857162475586,124.91999816894531,125.04000091552734,121.83000183105469,124.94000244140625,243678100
2024-10-07,127.37821197509766,127.72000122070312,130.63999938964844,124.94999694824219,124.98999786376953,346250200
2024-10-08,132.5343780517578,132.88999938964844,133.47999572753906,129.4199981689453,130.25999450683594,285722500
2024-10-09,132.29501342773438,132.64999389648438,134.52000427246094,131.3800048828125,134.11000061035156,246191600
2024-10-10,134.44921875,134.80999755859375,135.0,131.0,131.91000366210938,242311300
2024-10-11,134.43927001953125,134.8000030517578,135.77999877929688,133.66000366210938,134.00999450683594,170209500
2024-10-14,137.7005157470703,138.07000732421875,139.60000610351562,136.3000030517578,136.47000122070312,232347700
2024-10-15,131.24783325195312,131.60000610351562,138.57000732421875,128.74000549316406,137.8699951171875,377831000
2024-10-16,135.3568115234375,135.72000122070312,136.6199951171875,131.5800018310547,133.97999572753906,264879700
2024-10-17,136.5635528564453,136.92999267578125,140.88999938964844,136.8699951171875,139.33999633789062,306435900
2024-10-18,137.63070678710938,138.0,138.89999389648438,137.27999877929688,138.6699981689453,176090200
2024-10-21,143.325439453125,143.7100067138672,143.7100067138672,138.0,138.1300048828125,264554500
2024-10-22,143.2057342529297,143.58999633789062,144.4199981689453,141.77999877929688,142.91000366210938,226311600
2024-10-23,139.18653869628906,139.55999755859375,142.42999267578125,137.4600067138672,142.02999877929688,285930000
2024-10-24,140.03428649902344,140.41000366210938,141.35000610351562,138.4600067138672,140.82000732421875,172354900
2024-10-25,141.16123962402344,141.5399932861328,144.1300048828125,140.8000030517578,140.92999267578125,205122100
2024-10-28,140.14395141601562,140.52000427246094,143.13999938964844,140.0500030517578,143.0,173586700
2024-10-29,140.8720245361328,141.25,142.25999450683594,138.89999389648438,140.2899932861328,157593600
2024-10-30,138.96710205078125,139.33999633789062,140.3300018310547,136.80999755859375,139.5399932861328,179418100
2024-10-31,132.4047088623047,132.75999450683594,137.61000061035156,132.11000061035156,137.60000610351562,270039600
2024-11-01,135.0376434326172,135.39999389648438,137.30999755859375,134.57000732421875,134.6999969482422,207127800
2024-11-04,135.6859130859375,136.0500030517578,138.9600067138672,135.57000732421875,137.2100067138672,187528200
2024-11-05,139.5355987548828,139.91000366210938,140.3699951171875,137.3300018310547,137.4499969482422,160537400
2024-11-06,145.2203369140625,145.61000061035156,146.49000549316406,141.9600067138672,142.9600067138672,242043900
2024-11-07,148.48159790039062,148.8800048828125,148.92999267578125,146.1699981689453,146.38999938964844,207323300
2024-11-08,147.23492431640625,147.6300048828125,149.77000427246094,146.25999450683594,148.77000427246094,175665800
2024-11-11,144.8712921142578,145.25999450683594,148.85000610351562,143.57000732421875,148.67999267578125,182325600
2024-11-12,147.89317321777344,148.2899932861328,149.64999389648438,146.00999450683594,146.77999877929688,198634700
2024-11-13,145.8785858154297,146.27000427246094,149.3300018310547,145.89999389648438,149.07000732421875,191903300
2024-11-14,146.36724853515625,146.75999450683594,149.0,145.5500030517578,147.63999938964844,194463300
2024-11-15,141.60006713867188,141.97999572753906,145.24000549316406,140.0800018310547,144.8699951171875,250132900
2024-11-18,139.77496337890625,140.14999389648438,141.5500030517578,137.14999389648438,139.5,221205300
2024-11-19,146.6165771484375,147.00999450683594,147.1300048828125,140.99000549316406,141.32000732421875,227834900
2024-11-20,145.49960327148438,145.88999938964844,147.55999755859375,142.72999572753906,147.41000366210938,309871700
2024-11-21,146.27749633789062,146.6699981689453,152.88999938964844,140.6999969482422,149.35000610351562,400946600
2024-11-22,141.5701446533203,141.9499969482422,147.16000366210938,141.10000610351562,145.92999267578125,236406200
2024-11-25,135.656005859375,136.02000427246094,142.0500030517578,135.82000732421875,141.99000549316406,344941900
2024-11-26,136.5535888671875,136.9199981689453,139.3000030517578,135.6699981689453,137.6999969482422,190287700
2024-11-27,134.9778289794922,135.33999633789062,137.22000122070312,131.8000030517578,135.00999450683594,226370900
2024-11-29,137.88002014160156,138.25,139.35000610351562,136.0500030517578,136.77999877929688,141863200
2024-12-02,138.259033203125,138.6300048828125,140.4499969482422,137.82000732421875,138.8300018310547,171682800
2024-12-03,139.8846435546875,140.25999450683594,140.5399932861328,137.9499969482422,138.25999450683594,164414000
2024-12-04,144.7515869140625,145.13999938964844,145.7899932861328,140.2899932861328,142.0,231224300
2024-12-05,144.68177795410156,145.05999755859375,146.5399932861328,143.9499969482422,145.11000061035156,172621200
2024-12-06,142.068603515625,142.44000244140625,145.6999969482422,141.30999755859375,144.60000610351562,188505600
2024-12-09,138.4480743408203,138.80999755859375,139.9499969482422,137.1300048828125,138.97000122070312,189308600
2024-12-10,134.71783447265625,135.07000732421875,141.82000732421875,133.7899932861328,139.00999450683594,210020900
2024-12-11,138.94676208496094,139.30999755859375,140.1699981689453,135.2100067138672,137.36000061035156,184905200
2024-12-12,136.98190307617188,137.33999633789062,138.44000244140625,135.8000030517578,137.0800018310547,159211400
2024-12-13,133.89996337890625,134.25,139.60000610351562,132.5399932861328,138.94000244140625,231514900
2024-12-16,131.65582275390625,132.0,134.39999389648438,130.4199981689453,134.17999267578125,237951100
2024-12-17,130.05003356933594,130.38999938964844,131.58999633789062,126.86000061035156,129.08999633789062,259410300
2024-12-18,128.57388305664062,128.91000366210938,136.6999969482422,128.27999877929688,133.86000061035156,277444500
2024-12-19,130.33926391601562,130.67999267578125,134.02999877929688,129.5500030517578,131.75999450683594,209719200
2024-12-20,134.34878540039062,134.6999969482422,135.27999877929688,128.22000122070312,129.80999755859375,306528600
2024-12-23,139.30581665039062,139.6699981689453,139.7899932861328,135.1199951171875,136.27999877929688,176053500
2024-12-24,139.85440063476562,140.22000122070312,141.89999389648438,138.64999389648438,140.0,105157000
2024-12-26,139.56515502929688,139.92999267578125,140.85000610351562,137.72999572753906,139.6999969482422,116205600
2024-12-27,136.6527557373047,137.00999450683594,139.02000427246094,134.7100067138672,138.5500030517578,170582600
2024-12-30,137.1315155029297,137.49000549316406,140.27000427246094,134.02000427246094,134.8300018310547,167734700
2024-12-31,133.93984985351562,134.2899932861328,138.07000732421875,133.8300018310547,138.02999877929688,155659200
2025-01-02,137.94935607910156,138.30999755859375,138.8800048828125,134.6300048828125,136.0,198247200
2025-01-03,144.09332275390625,144.47000122070312,144.89999389648438,139.72999572753906,140.00999450683594,229322500
2025-01-06,149.0404052734375,149.42999267578125,152.16000366210938,147.82000732421875,148.58999633789062,265377400
2025-01-07,139.77459716796875,140.13999938964844,153.1300048828125,140.00999450683594,153.02999877929688,351782200
2025-01-08,139.7447052001953,140.11000061035156,143.9499969482422,137.55999755859375,142.5800018310547,227349900
2025-01-10,135.55564880371094,135.91000366210938,139.9199981689453,134.22000122070312,137.4499969482422,207602500
2025-01-13,132.8826141357422,133.22999572753906,133.49000549316406,129.50999450683594,129.99000549316406,204808900
2025-01-14,131.4164581298828,131.75999450683594,136.3800048828125,130.0500030517578,136.0500030517578,195590500
2025-01-15,135.88479614257812,136.24000549316406,136.4499969482422,131.2899932861328,133.64999389648438,185217300
2025-01-16,133.2217559814453,133.57000732421875,138.75,133.49000549316406,138.63999938964844,209235600
2025-01-17,137.3509521484375,137.7100067138672,138.5,135.4600067138672,136.69000244140625,201188800
2025-01-21,140.4628143310547,140.8300018310547,141.8300018310547,137.08999633789062,139.16000366210938,197749000
2025-01-22,146.68653869628906,147.07000732421875,147.7899932861328,143.6699981689453,144.66000366210938,237651400
2025-01-23,146.83615112304688,147.22000122070312,147.22999572753906,143.72000122070312,145.0500030517578,155915500
2025-01-24,142.24813842773438,142.6199951171875,148.97000122070312,141.8800048828125,148.3699951171875,234657600
2025-01-27,118.11124420166016,118.41999816894531,128.39999389648438,116.69999694824219,124.80000305175781,818830900
2025-01-28,128.65367126464844,128.99000549316406,129.0,116.25,121.80999755859375,579666400
2025-01-29,123.37747192382812,123.69999694824219,126.88999938964844,120.05000305175781,126.5,467120600
2025-01-30,124.32499694824219,124.6500015258789,125.0,118.0999984741211,123.0999984741211,392925500
2025-01-31,119.7569351196289,120.06999969482422,127.8499984741211,119.19000244140625,123.77999877929688,388161100
2025-02-03,116.35582733154297,116.66000366210938,118.56999969482422,113.01000213623047,114.75,371235700
2025-02-04,118.34063720703125,118.6500015258789,121.19999694824219,116.69999694824219,116.95999908447266,256550000
2025-02-05,124.5045394897461,124.83000183105469,125.0,120.76000213623047,121.76000213623047,262230800
2025-02-06,128.344482421875,128.67999267578125,128.77000427246094,125.20999908447266,127.41999816894531,251483600
2025-02-07,129.50146484375,129.83999633789062,130.3699951171875,125.0,129.22000122070312,228186300
2025-02-10,133.2217559814453,133.57000732421875,135.0,129.9600067138672,130.08999633789062,216989100
2025-02-11,132.45375061035156,132.8000030517578,134.47999572753906,131.02000427246094,132.5800018310547,178902400
2025-02-12,130.79808044433594,131.13999938964844,132.24000549316406,129.0800018310547,130.02000427246094,160278600
2025-02-13,134.937255859375,135.2899932861328,136.5,131.1699981689453,131.55999755859375,197430000
2025-02-14,138.4879913330078,138.85000610351562,139.25,135.5,136.47999572753906,195479600
2025-02-18,139.03652954101562,139.39999389648438,143.44000244140625,137.92999267578125,141.27000427246094,219176600
2025-02-19,138.8669891357422,139.22999572753906,141.36000061035156,137.22000122070312,139.50999450683594,167536000
2025-02-20,139.7447052001953,140.11000061035156,140.66000366210938,136.7899932861328,140.02999877929688,143903600
2025-02-21,134.07949829101562,134.42999267578125,141.4600067138672,134.02999877929688,140.0399932861328,228217600
2025-02-24,129.94032287597656,130.27999877929688,138.58999633789062,130.0800018310547,136.55999755859375,251381100
2025-02-25,126.29981994628906,126.62999725341797,130.1999969482422,124.44000244140625,129.97999572753906,271428700
2025-02-26,130.93771362304688,131.27999877929688,133.72999572753906,128.49000549316406,129.99000549316406,322553800
2025-02-27,119.83672332763672,120.1500015258789,135.00999450683594,120.01000213623047,135.0,443175800
2025-02-28,124.59429931640625,124.91999816894531,125.08999633789062,116.4000015258789,118.0199966430664,389091100
2025-03-03,113.76260375976562,114.05999755859375,123.69999694824219,112.27999877929688,123.51000213623047,411381400
2025-03-04,115.68757629394531,115.98999786376953,119.30999755859375,110.11000061035156,110.6500015258789,398163300
2025-03-05,116.99415588378906,117.30000305175781,118.27999877929688,114.51000213623047,117.58000183105469,284337900
2025-03-06,110.28170776367188,110.56999969482422,115.3499984741211,110.22000122070312,113.52999877929688,321181900
2025-03-07,112.39618682861328,112.69000244140625,113.4800033569336,107.55999755859375,111.25,341755500
2025-03-10,106.70106506347656,106.9800033569336,111.8499984741211,105.45999908447266,109.9000015258789,366487400
2025-03-11,108.47642517089844,108.76000213623047,112.23999786376953,104.7699966430664,106.98999786376953,354865700
2025-03-12,115.4488525390625,115.73999786376953,116.76000213623047,112.87999725341797,114.12000274658203,323857500
2025-03-13,115.28925323486328,115.58000183105469,117.76000213623047,113.79000091552734,117.02999877929688,299033100
2025-03-14,121.36392211914062,121.66999816894531,121.87999725341797,118.1500015258789,118.61000061035156,277593500
2025-03-17,119.22930908203125,119.52999877929688,122.88999938964844,118.02999877929688,122.73999786376953,255501500
2025-03-18,115.1396255493164,115.43000030517578,119.0199966430664,114.54000091552734,118.0,299686900
2025-03-19,117.22435760498047,117.5199966430664,120.44999694824219,115.68000030517578,117.2699966430664,273426200
2025-03-20,118.23181915283203,118.52999877929688,120.19999694824219,116.47000122070312,116.55000305175781,248829700
2025-03-21,117.4039077758789,117.69999694824219,117.98999786376953,115.41999816894531,116.94000244140625,266498500
2025-03-24,121.1045913696289,121.41000366210938,122.22000122070312,119.33999633789062,119.87999725341797,228452500
2025-03-25,120.38638305664062,120.69000244140625,121.29000091552734,118.91999816894531,120.55000305175781,167447200
2025-03-26,113.47382354736328,113.76000213623047,118.83999633789062,112.70999908447266,118.7300033569336,293463300
2025-03-27,111.1496810913086,111.43000030517578,114.44999694824219,110.66000366210938,111.3499984741211,236902100
2025-03-28,109.39411163330078,109.66999816894531,112.87000274658203,109.06999969482422,111.48999786376953,229872500
2025-03-31,108.10735321044922,108.37999725341797,110.95999908447266,103.6500015258789,105.12999725341797,299212700
2025-04-01,109.87290954589844,110.1500015258789,110.19999694824219,106.47000122070312,108.5199966430664,222614000
2025-04-02,110.14221954345703,110.41999816894531,111.9800033569336,106.79000091552734,107.29000091552734,220601200
2025-04-03,101.5439224243164,101.80000305175781,105.62999725341797,101.5999984741211,103.51000213623047,338769400
2025-04-04,94.07276153564453,94.30999755859375,100.12999725341797,92.11000061035156,98.91000366210938,532273800
2025-04-07,97.39437103271484,97.63999938964844,101.75,86.62000274658203,87.45999908447266,611041300
2025-04-08,96.05775451660156,96.30000305175781,105.8499984741211,94.45999908447266,103.80999755859375,476243400
2025-04-09,114.04239654541016,114.33000183105469,115.0999984741211,97.52999877929688,98.88999938964844,612918300
2025-04-10,107.29939270019531,107.56999969482422,110.86000061035156,99.1500015258789,109.37000274658203,437812400
2025-04-11,110.65094757080078,110.93000030517578,111.55000305175781,107.4800033569336,108.5,313417300
2025-04-14,110.43150329589844,110.70999908447266,114.29000091552734,109.06999969482422,114.11000061035156,264705000
2025-04-15,111.9177474975586,112.19999694824219,113.62000274658203,110.5,110.97000122070312,228966900
2025-04-16,104.2271499633789,104.48999786376953,106.79000091552734,100.44999694824219,104.55000305175781,397016900
2025-04-17,101.23468780517578,101.48999786376953,104.47000122070312,100.05000305175781,104.44999694824219,292517500
2025-04-21,96.66622161865234,96.91000366210938,99.44000244140625,95.04000091552734,98.7699966430664,288501100
2025-04-22,98.64122772216797,98.88999938964844,99.80999755859375,97.27999877929688,98.77999877929688,241004800
2025-04-23,102.45161437988281,102.70999908447266,104.80000305175781,102.0199966430664,104.5199966430664,247526000
2025-04-24,106.16226196289062,106.43000030517578,106.54000091552734,103.11000061035156,103.4800033569336,220815000
2025-04-25,110.73074340820312,111.01000213623047,111.91999816894531,105.7300033569336,106.8499984741211,251064700
2025-04-28,108.45648193359375,108.7300033569336,110.37000274658203,106.0199966430664,109.69000244140625,207708500
2025-04-29,108.7457504272461,109.0199966430664,110.19999694824219,107.44000244140625,107.66999816894531,170444300
2025-04-30,108.64598846435547,108.91999816894531,108.91999816894531,104.08000183105469,104.47000122070312,235044600
2025-05-01,111.32923889160156,111.61000061035156,114.94000244140625,111.30000305175781,113.08000183105469,236121500
2025-05-02,114.21196746826172,114.5,115.4000015258789,113.37000274658203,114.18000030517578,190194800
2025-05-05,113.53369140625,113.81999969482422,114.66999816894531,112.66000366210938,112.91000366210938,133163200
2025-05-06,113.25438690185547,113.54000091552734,114.73999786376953,110.81999969482422,111.4800033569336,158525600
2025-05-07,116.7655258178711,117.05999755859375,117.68000030517578,112.27999877929688,113.05000305175781,206758800
2025-05-08,117.07474517822266,117.37000274658203,118.68000030517578,115.8499984741211,118.25,198428100
2025-05-09,116.3565673828125,116.6500015258789,118.2300033569336,115.20999908447266,117.3499984741211,132972200
2025-05-12,122.69058227539062,123.0,123.0,120.27999877929688,121.97000122070312,225023300
2025-05-13,129.60313415527344,129.92999267578125,131.22000122070312,124.47000122070312,124.9800033569336,330430100
2025-05-14,134.9995574951172,135.33999633789062,135.44000244140625,131.67999267578125,133.1999969482422,281180800
2025-05-15,134.49081420898438,134.8300018310547,136.3000030517578,132.66000366210938,134.2899932861328,226632600
2025-05-16,135.0593719482422,135.39999389648438,136.35000610351562,133.4600067138672,136.22000122070312,226542500
2025-05-19,135.22898864746094,135.57000732421875,135.8699951171875,132.38999938964844,132.38999938964844,193154600
2025-05-20,134.04196166992188,134.3800048828125,134.5800018310547,132.6199951171875,134.2899932861328,161514200
2025-05-21,131.4684600830078,131.8000030517578,137.39999389648438,130.58999633789062,133.05999755859375,270608700
2025-05-22,132.495849609375,132.8300018310547,134.25,131.5500030517578,132.22999572753906,187344000
2025-05-23,130.959716796875,131.2899932861328,132.67999267578125,129.16000366210938,130.0,198821300
2025-05-27,135.1591339111328,135.5,135.66000366210938,133.30999755859375,134.14999389648438,192953600
2025-05-28,134.47085571289062,134.80999755859375,137.25,134.7899932861328,136.02999877929688,304021100
2025-05-29,138.83985900878906,139.19000244140625,143.49000549316406,137.91000366210938,142.25,369241900
2025-05-30,134.7900848388672,135.1300048828125,139.6199951171875,132.9199981689453,138.72000122070312,333170900
2025-06-02,137.03439331054688,137.3800048828125,138.1199951171875,135.39999389648438,135.49000549316406,197663100
2025-06-03,140.86474609375,141.22000122070312,142.0,137.9499969482422,138.77999877929688,225578800
2025-06-04,141.56298828125,141.9199981689453,142.38999938964844,139.5399932861328,142.19000244140625,167120800
2025-06-05,139.63783264160156,139.99000549316406,144.0,138.8300018310547,142.1699981689453,231397900
2025-06-06,141.36351013183594,141.72000122070312,143.27000427246094,141.50999450683594,142.50999450683594,153986200
2025-06-09,142.27120971679688,142.6300048828125,145.0,141.94000244140625,143.19000244140625,185114500
2025-06-10,143.5978546142578,143.9600067138672,144.2899932861328,141.52999877929688,142.69000244140625,155881900
2025-06-11,142.48060607910156,142.8300018310547,144.99000549316406,141.8699951171875,144.61000061035156,167694000
2025-06-12,144.64529418945312,145.0,145.0,141.85000610351562,141.97000122070312,162365000
2025-06-13,141.62271118164062,141.97000122070312,143.5800018310547,140.85000610351562,142.47999572753906,180820600
2025-06-16,144.33604431152344,144.69000244140625,146.17999267578125,143.1999969482422,143.35000610351562,183133700
2025-06-17,143.76742553710938,144.1199951171875,145.22000122070312,143.77999877929688,144.49000549316406,139108000
2025-06-18,145.12411499023438,145.47999572753906,145.64999389648438,143.1199951171875,144.00999450683594,161494100
2025-06-20,143.4980926513672,143.85000610351562,146.1999969482422,142.64999389648438,145.4499969482422,242956200
2025-06-23,143.81732177734375,144.1699981689453,144.77999877929688,142.02999877929688,142.5,154308900
2025-06-24,147.53817749023438,147.89999389648438,147.9600067138672,145.5,145.55999755859375,187566100
2025-06-25,153.9324951171875,154.30999755859375,154.4499969482422,149.25999450683594,149.27000427246094,269146500
2025-06-26,154.64077758789062,155.02000427246094,156.72000122070312,154.0,155.97999572753906,198145700
2025-06-27,157.3640899658203,157.75,158.7100067138672,155.25999450683594,156.0399932861328,263234500
2025-06-30,157.60350036621094,157.99000549316406,158.66000366210938,155.9600067138672,158.39999389648438,194580300
2025-07-01,152.9249725341797,153.3000030517578,157.1999969482422,151.49000549316406,156.2899932861328,213143600
2025-07-02,156.86532592773438,157.25,157.60000610351562,152.97000122070312,152.97999572753906,171224100
2025-07-03,158.9501953125,159.33999633789062,160.97999572753906,157.77000427246094,158.3699951171875,143716100
2025-07-07,157.85287475585938,158.24000549316406,159.30999755859375,157.33999633789062,158.1999969482422,140139000
2025-07-08,159.60858154296875,160.0,160.22000122070312,158.38999938964844,159.3300018310547,138133000
2025-07-09,162.48153686523438,162.8800048828125,164.4199981689453,161.16000366210938,161.22000122070312,183656400
2025-07-10,163.6985626220703,164.10000610351562,164.5,161.61000061035156,164.32000732421875,167704100
2025-07-11,164.5165557861328,164.9199981689453,167.88999938964844,163.47000122070312,163.72000122070312,193633300
2025-07-14,163.66864013671875,164.07000732421875,165.49000549316406,162.02000427246094,165.3699951171875,136975800
2025-07-15,170.28240966796875,170.6999969482422,172.39999389648438,169.1999969482422,171.19000244140625,230627400
2025-07-16,170.95077514648438,171.3699951171875,171.75,168.89999389648438,171.05999755859375,158831500
2025-07-17,172.5767822265625,173.0,174.16000366210938,170.8300018310547,172.02000427246094,160841100
2025-07-18,171.9882354736328,172.41000366210938,174.25,171.25999450683594,173.63999938964844,146456400
2025-07-21,170.96075439453125,171.3800048828125,173.3800048828125,171.0,172.75,123126100
2025-07-22,166.62136840820312,167.02999877929688,171.38999938964844,164.5800018310547,171.33999633789062,193114300
2025-07-23,170.3622283935547,170.77999877929688,171.25999450683594,167.97000122070312,169.52999877929688,154082200
2025-07-24,173.3149871826172,173.74000549316406,173.8300018310547,171.3000030517578,172.44000244140625,128984600
2025-07-25,173.0755615234375,173.5,174.72000122070312,172.9600067138672,173.61000061035156,122316800
2025-07-28,176.31761169433594,176.75,177.0,173.97000122070312,174.02000427246094,140023500
2025-07-29,175.08062744140625,175.50999450683594,179.3800048828125,175.02000427246094,177.9600067138672,154077500
2025-07-30,178.83145141601562,179.27000427246094,179.88999938964844,176.0399932861328,176.50999450683594,174312200
2025-07-31,177.4348602294922,177.8699951171875,183.3000030517578,175.92999267578125,182.89999389648438,221685400
2025-08-01,173.29502868652344,173.72000122070312,176.5399932861328,170.88999938964844,174.08999633789062,204529000
2025-08-04,179.55966186523438,180.0,180.1999969482422,174.52000427246094,175.16000366210938,148174600
2025-08-05,177.82391357421875,178.25999450683594,180.25999450683594,175.89999389648438,179.6199951171875,156407600
2025-08-06,178.9810791015625,179.4199981689453,179.89999389648438,176.25,176.3300018310547,137192300
2025-08-07,180.32778930664062,180.77000427246094,183.8800048828125,178.8000030517578,181.57000732421875,151878400
2025-08-08,182.2530517578125,182.6999969482422,183.3000030517578,180.39999389648438,181.5500030517578,123396700
2025-08-11,181.6146240234375,182.05999755859375,183.83999633789062,180.25,182.0500030517578,138323200
2025-08-12,182.71192932128906,183.16000366210938,184.47999572753906,179.4600067138672,182.9600067138672,145485700
2025-08-13,181.14576721191406,181.58999633789062,183.97000122070312,179.35000610351562,182.6199951171875,179871700
2025-08-14,181.57472229003906,182.02000427246094,183.02000427246094,179.4600067138672,179.75,129554000
2025-08-15,180.00856018066406,180.4499969482422,181.89999389648438,178.0399932861328,181.8800048828125,156602200
2025-08-18,181.5647430419922,182.00999450683594,182.94000244140625,180.58999633789062,180.60000610351562,132008000
2025-08-19,175.2103271484375,175.63999938964844,182.5,175.49000549316406,182.42999267578125,185229200
2025-08-20,174.97091674804688,175.39999389648438,176.0,168.8000030517578,175.1699981689453,215142700
2025-08-21,174.5519256591797,174.97999572753906,176.89999389648438,173.80999755859375,174.85000610351562,140040900
2025-08-22,177.55458068847656,177.99000549316406,178.58999633789062,171.1999969482422,172.61000061035156,172789400
2025-08-25,179.3701171875,179.80999755859375,181.91000366210938,176.57000732421875,178.35000610351562,163012800
2025-08-26,181.32533264160156,181.77000427246094,182.38999938964844,178.80999755859375,180.05999755859375,168688200
2025-08-27,181.15574645996094,181.60000610351562,182.49000549316406,179.10000610351562,181.97999572753906,235518900
2025-08-28,179.72923278808594,180.1699981689453,184.47000122070312,176.41000366210938,180.82000732421875,281787800
2025-08-29,173.75387573242188,174.17999267578125,178.14999389648438,173.14999389648438,178.11000061035156,243257900
2025-09-02,170.3622283935547,170.77999877929688,172.3800048828125,167.22000122070312,170.0,231164900
2025-09-03,170.20260620117188,170.6199951171875,172.41000366210938,168.8800048828125,171.05999755859375,164424900
2025-09-04,171.24008178710938,171.66000366210938,171.86000061035156,169.41000366210938,170.57000732421875,141670100
2025-09-05,166.61141967773438,167.02000427246094,169.02999877929688,164.07000732421875,168.02999877929688,224441400
2025-09-08,167.8982696533203,168.30999755859375,170.9600067138672,167.35000610351562,167.5500030517578,163769100
2025-09-09,170.34225463867188,170.75999450683594,170.97999572753906,166.74000549316406,169.08999633789062,157548400
2025-09-10,176.8961944580078,177.3300018310547,179.2899932861328,175.47000122070312,176.63999938964844,226852000
2025-09-11,176.7465362548828,177.1699981689453,180.27999877929688,176.47999572753906,179.67999267578125,151159300
2025-09-12,177.39500427246094,177.82000732421875,178.60000610351562,176.4499969482422,177.77000427246094,124911000
2025-09-15,177.3251495361328,177.75,178.85000610351562,174.50999450683594,175.6699981689453,147061600
2025-09-16,174.46202087402344,174.8800048828125,177.5,174.3800048828125,177.0,140737800
2025-09-17,169.8829803466797,170.2899932861328,173.1999969482422,168.41000366210938,172.63999938964844,211843800
2025-09-18,175.81878662109375,176.24000549316406,177.10000610351562,172.9600067138672,173.97999572753906,191763300
2025-09-19,176.2477264404297,176.6699981689453,178.0800018310547,175.17999267578125,175.77000427246094,237182100
2025-09-22,183.17117309570312,183.61000061035156,184.5500030517578,174.7100067138672,175.3000030517578,269637000
2025-09-23,178.0035400390625,178.42999267578125,182.4199981689453,176.2100067138672,181.97000122070312,192559600
2025-09-24,176.54701232910156,176.97000122070312,179.77999877929688,175.39999389648438,179.77000427246094,143564100
2025-09-25,177.2653045654297,177.69000244140625,180.25999450683594,173.1300048828125,174.47999572753906,191586700
2025-09-26,177.7641143798828,178.19000244140625,179.77000427246094,174.92999267578125,178.1699981689453,148573700
2025-09-29,181.4153594970703,181.85000610351562,184.0,180.32000732421875,180.42999267578125,193063500
2025-09-30,186.13404846191406,186.5800018310547,187.35000610351562,181.47999572753906,182.0800018310547,236981000
2025-10-01,186.79249572753906,187.24000549316406,188.13999938964844,183.89999389648438,185.24000549316406,173844900
2025-10-02,188.43853759765625,188.88999938964844,191.0500030517578,188.05999755859375,189.60000610351562,136805800
2025-10-03,187.1715545654297,187.6199951171875,190.36000061035156,185.3800048828125,189.19000244140625,137596900
2025-10-06,185.0965576171875,185.5399932861328,187.22999572753906,183.3300018310547,185.5,157678100
2025-10-07,184.5977325439453,185.0399932861328,189.05999755859375,184.0,186.22999572753906,140088000
2025-10-08,188.6580047607422,189.11000061035156,189.60000610351562,186.5399932861328,186.57000732421875,130168900
2025-10-09,192.1097412109375,192.57000732421875,195.3000030517578,191.05999755859375,192.22999572753906,182997200
2025-10-10,182.7222442626953,183.16000366210938,195.6199951171875,182.0500030517578,193.50999450683594,268774400
2025-10-13,187.8699188232422,188.32000732421875,190.11000061035156,185.9600067138672,187.97000122070312,153482800
2025-10-14,179.59971618652344,180.02999877929688,184.8000030517578,179.6999969482422,184.77000427246094,205641400
2025-10-15,179.4001922607422,179.8300018310547,184.8699951171875,177.2899932861328,184.8000030517578,214450500
2025-10-16,181.3754425048828,181.80999755859375,183.27999877929688,179.77000427246094,182.22999572753906,179723300
2025-10-17,182.78208923339844,183.22000122070312,184.10000610351562,179.75,180.17999267578125,173135200
2025-10-20,182.20347595214844,182.63999938964844,185.1999969482422,181.72999572753906,183.1300048828125,128544700
2025-10-21,180.72702026367188,181.16000366210938,182.7899932861328,179.8000030517578,182.7899932861328,124240200
2025-10-22,179.84910583496094,180.27999877929688,183.44000244140625,176.75999450683594,181.13999938964844,162249600
2025-10-23,181.72462463378906,182.16000366210938,183.02999877929688,179.7899932861328,180.4199981689453,111363700
2025-10-24,185.8148193359375,186.25999450683594,187.47000122070312,183.5,183.83999633789062,131296700
2025-10-27,191.03233337402344,191.49000549316406,192.0,188.42999267578125,189.99000549316406,153452700
2025-10-28,200.5495147705078,201.02999877929688,203.14999389648438,191.91000366210938,193.0500030517578,297986200
2025-10-29,206.545166015625,207.0399932861328,212.19000244140625,204.77999877929688,207.97999572753906,308829600
2025-10-30,202.4050750732422,202.88999938964844,206.16000366210938,201.41000366210938,205.14999389648438,178864400
2025-10-31,202.00604248046875,202.49000549316406,207.97000122070312,202.07000732421875,206.4499969482422,179802200
2025-11-03,206.3855438232422,206.8800048828125,211.33999633789062,205.55999755859375,208.0800018310547,180267300
2025-11-04,198.21510314941406,198.69000244140625,203.97000122070312,197.92999267578125,203.0,188919300
2025-11-05,194.74343872070312,195.2100067138672,202.9199981689453,194.64999389648438,198.77000427246094,171350300
2025-11-06,187.6304931640625,188.0800018310547,197.6199951171875,186.3800048828125,196.4199981689453,223029800
2025-11-07,187.70028686523438,188.14999389648438,188.32000732421875,178.91000366210938,184.89999389648438,264942300
2025-11-10,198.5742645263672,199.0500030517578,199.94000244140625,193.7899932861328,195.11000061035156,198897100
2025-11-11,192.69833374023438,193.16000366210938,195.4199981689453,191.3000030517578,195.16000366210938,176483300
2025-11-12,193.3367919921875,193.8000030517578,195.88999938964844,191.1300048828125,195.72000122070312,154935300
2025-11-13,186.41339111328125,186.86000061035156,191.44000244140625,183.85000610351562,191.0500030517578,207423100
2025-11-14,189.71546936035156,190.1699981689453,191.00999450683594,180.5800018310547,182.86000061035156,186591900
2025-11-17,186.15402221679688,186.60000610351562,189.0,184.32000732421875,185.97000122070312,173628900
2025-11-18,180.92652893066406,181.36000061035156,184.8000030517578,179.64999389648438,183.3800048828125,213598900
2025-11-19,186.07420349121094,186.52000427246094,187.86000061035156,182.8300018310547,184.7899932861328,247246400
2025-11-20,180.208251953125,180.63999938964844,196.0,179.85000610351562,195.9499969482422,343504800
2025-11-21,178.4524688720703,178.8800048828125,184.55999755859375,172.92999267578125,181.24000549316406,346926200
2025-11-24,182.1136932373047,182.5500030517578,183.5,176.47999572753906,179.49000549316406,256618300
2025-11-25,177.39500427246094,177.82000732421875,178.16000366210938,169.5500030517578,174.91000366210938,320600300
2025-11-26,179.8291473388672,180.25999450683594,182.91000366210938,178.24000549316406,181.6300048828125,183852000
2025-11-28,176.5769500732422,177.0,179.2899932861328,176.5,179.00999450683594,121332800
2025-12-01,179.48997497558594,179.9199981689453,180.3000030517578,173.67999267578125,174.75999450683594,188131000
2025-12-02,181.02630615234375,181.4600067138672,185.66000366210938,180.0,181.75999450683594,182632200
2025-12-03,179.16078186035156,179.58999633789062,182.4499969482422,179.11000061035156,181.0800018310547,165138000
2025-12-04,182.95188903808594,183.3800048828125,184.52000427246094,179.9600067138672,181.6199951171875,167364900
2025-12-05,181.98416137695312,182.41000366210938,184.66000366210938,180.91000366210938,183.88999938964844,143971100
2025-12-08,185.11683654785156,185.5500030517578,188.0,182.39999389648438,182.63999938964844,204378100
2025-12-09,184.53817749023438,184.97000122070312,185.72000122070312,183.32000732421875,185.55999755859375,144719700
2025-12-10,183.35096740722656,183.77999877929688,185.47999572753906,182.0399932861328,184.97000122070312,162785400
2025-12-11,180.50759887695312,180.92999267578125,181.32000732421875,176.6199951171875,180.27999877929688,182136600
2025-12-12,174.6114044189453,175.02000427246094,182.82000732421875,174.6199951171875,181.11000061035156,204274900
2025-12-15,175.87841796875,176.2899932861328,178.4199981689453,175.02999877929688,177.94000244140625,164775600
2025-12-16,177.3050994873047,177.72000122070312,178.49000549316406,174.89999389648438,176.25999450683594,148588100
2025-12-17,170.54092407226562,170.94000244140625,176.1300048828125,170.30999755859375,176.10000610351562,222775500
2025-12-18,173.73345947265625,174.13999938964844,176.14999389648438,171.82000732421875,174.52999877929688,176096000
2025-12-19,180.56748962402344,180.99000549316406,181.4499969482422,176.33999633789062,176.6699981689453,324925900
2025-12-22,183.26116943359375,183.69000244140625,184.16000366210938,182.35000610351562,183.9199981689453,129064400
2025-12-23,188.76829528808594,189.2100067138672,189.3300018310547,182.89999389648438,182.97000122070312,174873600
2025-12-24,188.169677734375,188.61000061035156,188.91000366210938,186.58999633789062,187.94000244140625,65528500
2025-12-26,190.085205078125,190.52999877929688,192.69000244140625,188.0,189.9199981689453,139740300
2025-12-29,187.7805938720703,188.22000122070312,188.75999450683594,185.91000366210938,187.7100067138672,120006100
2025-12-30,187.1021728515625,187.5399932861328,188.99000549316406,186.92999267578125,188.24000549316406,97687300
2025-12-31,186.06460571289062,186.5,190.55999755859375,186.49000549316406,189.57000732421875,120100500
2026-01-02,188.4091339111328,188.85000610351562,192.92999267578125,188.25999450683594,189.83999633789062,148240500
2026-01-05,187.6808319091797,188.1199951171875,193.6300048828125,186.14999389648438,191.75999450683594,183529700
2026-01-06,186.80288696289062,187.24000549316406,192.1699981689453,186.82000732421875,190.52000427246094,176862600
2026-01-07,188.66851806640625,189.11000061035156,191.3699951171875,186.55999755859375,188.57000732421875,153543200
2026-01-08,184.60800170898438,185.0399932861328,189.5500030517578,183.7100067138672,189.11000061035156,172457000
2026-01-09,184.42843627929688,184.86000061035156,186.33999633789062,183.6699981689453,185.0800018310547,131327500
2026-01-12,184.5082550048828,184.94000244140625,187.1199951171875,183.02000427246094,183.22000122070312,137968500
2026-01-13,185.376220703125,185.80999755859375,188.11000061035156,183.39999389648438,185.0,160128900
2026-01-14,182.7124481201172,183.13999938964844,184.4600067138672,180.8000030517578,184.32000732421875,159586100
2026-01-15,186.61331176757812,187.0500030517578,189.6999969482422,186.3300018310547,186.5,206188600
2026-01-16,185.79522705078125,186.22999572753906,190.44000244140625,186.0800018310547,189.0800018310547,187967200
2026-01-20,177.654296875,178.07000732421875,182.3800048828125,177.61000061035156,181.89999389648438,223345300
2026-01-21,182.8920440673828,183.32000732421875,185.3800048828125,178.39999389648438,179.0500030517578,200381000
2026-01-22,184.40847778320312,184.83999633789062,186.1699981689453,183.92999267578125,184.75,139636600
2026-01-23,187.23187255859375,187.6699981689453,189.60000610351562,186.82000732421875,187.5,142748100
2026-01-26,186.03468322753906,186.47000122070312,189.1199951171875,185.99000549316406,187.16000366210938,124799600
2026-01-27,188.07989501953125,188.52000427246094,190.0,185.6999969482422,187.24000549316406,143711600
2026-01-28,191.0728759765625,191.52000427246094,192.35000610351562,189.83999633789062,191.27000427246094,148552700
2026-01-29,192.06057739257812,192.50999450683594,193.47999572753906,186.05999755859375,191.33999633789062,171764400
2026-01-30,190.68380737304688,191.1300048828125,194.49000549316406,189.47000122070312,191.2100067138672,179489500
2026-02-02,185.1766815185547,185.61000061035156,190.3000030517578,184.8800048828125,187.1999969482422,165794100
2026-02-03,179.91897583007812,180.33999633789062,186.27000427246094,176.22999572753906,186.24000549316406,204019600
2026-02-04,173.78335571289062,174.19000244140625,179.5800018310547,171.91000366210938,179.4600067138672,207014100
2026-02-05,171.47874450683594,171.8800048828125,176.82000732421875,171.02999877929688,174.92999267578125,206312900
2026-02-06,184.97715759277344,185.41000366210938,187.0,174.60000610351562,176.69000244140625,231346200
2026-02-09,189.59634399414062,190.0399932861328,193.66000366210938,183.9499969482422,184.25999450683594,196387400
2026-02-10,188.09983825683594,188.5399932861328,192.47999572753906,188.1199951171875,191.3800048828125,136764800
2026-02-11,189.60633850097656,190.0500030517578,193.25999450683594,188.77000427246094,192.4499969482422,144192700
2026-02-12,186.5035858154297,186.94000244140625,193.61000061035156,186.50999450683594,193.02999877929688,189932500
2026-02-13,182.38320922851562,182.80999755859375,187.5,181.58999633789062,187.47999572753906,161888000
2026-02-17,184.53817749023438,184.97000122070312,187.14999389648438,179.17999267578125,181.75,162276900
2026-02-18,187.5411376953125,187.97999572753906,190.3699951171875,186.75999450683594,188.75,164749100
2026-02-19,187.46133422851562,187.89999389648438,188.42999267578125,185.66000366210938,187.05999755859375,126554500
2026-02-20,189.3768768310547,189.82000732421875,190.3300018310547,185.94000244140625,186.57000732421875,178422300
2026-02-23,191.10281372070312,191.5500030517578,193.9499969482422,189.5800018310547,191.39999389648438,171584800
2026-02-24,192.39979553222656,192.85000610351562,193.77000427246094,187.39999389648438,191.49000549316406,175123600
2026-02-25,195.10345458984375,195.55999755859375,197.6300048828125,193.7899932861328,194.4499969482422,250637100
2026-02-26,184.45835876464844,184.88999938964844,194.2899932861328,184.32000732421875,194.27000427246094,360807900
2026-02-27,176.77635192871094,177.19000244140625,182.58999633789062,176.3800048828125,181.25,311636500
2026-03-02,182.0540008544922,182.47999572753906,183.4600067138672,174.63999938964844,175.00999450683594,209095300
2026-03-03,179.62965393066406,180.0500030517578,180.89999389648438,176.9199981689453,178.49000549316406,178099400
2026-03-04,182.61268615722656,183.0399932861328,184.6999969482422,180.05999755859375,180.44000244140625,177731200
2026-03-05,182.91197204589844,183.33999633789062,184.05999755859375,177.8800048828125,181.1699981689453,198779700
2026-03-06,177.40489196777344,177.82000732421875,182.75999450683594,176.82000732421875,179.83999633789062,189021900
2026-03-09,182.2235870361328,182.64999389648438,182.91000366210938,175.55999755859375,176.8300018310547,177213600
2026-03-10,184.33863830566406,184.77000427246094,186.44000244140625,182.00999450683594,182.39999389648438,179118500
2026-03-11,185.60574340820312,186.02999877929688,187.6199951171875,184.4499969482422,185.91000366210938,145280400
2026-03-12,182.72235107421875,183.13999938964844,184.94000244140625,181.75,184.0500030517578,155762700
2026-03-13,179.83892822265625,180.25,186.08999633789062,179.94000244140625,184.9199981689453,160988400
2026-03-16,182.8021697998047,183.22000122070312,188.8800048828125,181.41000366210938,182.97000122070312,217307400
2026-03-17,181.5150909423828,181.92999267578125,185.39999389648438,181.67999267578125,185.05999755859375,182497800
2026-03-18,179.98858642578125,180.39999389648438,183.3800048828125,180.3300018310547,182.47999572753906,156683100
2026-03-19,178.1527862548828,178.55999755859375,179.97999572753906,175.7899932861328,178.00999450683594,170968500
2026-03-20,172.30613708496094,172.6999969482422,178.25999450683594,171.72000122070312,178.0,241323500
2026-03-23,175.23944091796875,175.63999938964844,178.3699951171875,174.75999450683594,177.25999450683594,182836300
2026-03-24,174.80044555664062,175.1999969482422,176.22000122070312,173.97999572753906,174.8300018310547,147667800
2026-03-25,178.2725067138672,178.67999267578125,181.22000122070312,176.85000610351562,177.10000610351562,162602100
2026-03-26,170.8494873046875,171.24000549316406,176.50999450683594,171.13999938964844,176.07000732421875,186152200
2026-03-27,167.13795471191406,167.52000427246094,170.97000122070312,167.00999450683594,170.0,196212700
2026-03-30,164.79331970214844,165.1699981689453,169.4499969482422,164.27000427246094,168.77999877929688,185627000
2026-03-31,174.0022735595703,174.39999389648438,174.6199951171875,166.9600067138672,166.97000122070312,226181300
2026-04-01,175.3491973876953,175.75,177.3699951171875,174.75,176.0,168132000
2026-04-02,176.98544311523438,177.38999938964844,177.49000549316406,171.3699951171875,172.17999267578125,143143200
2026-04-06,177.23487854003906,177.63999938964844,177.7899932861328,175.75999450683594,177.16000366210938,107564300
2026-04-07,177.69383239746094,178.10000610351562,178.22999572753906,173.66000366210938,175.72999572753906,132534900
2026-04-08,181.66476440429688,182.0800018310547,185.25999450683594,180.3000030517578,184.5,147732700
2026-04-09,183.49058532714844,183.91000366210938,184.0800018310547,180.6199951171875,181.83999633789062,116428500
2026-04-10,188.1998291015625,188.6300048828125,190.0,184.3000030517578,184.30999755859375,160459500
2026-04-13,188.87826538085938,189.30999755859375,189.66000366210938,185.74000549316406,186.02999877929688,133648200
2026-04-14,196.0618438720703,196.50999450683594,196.50999450683594,190.77000427246094,190.83999633789062,161307000
2026-04-15,198.41647338867188,198.8699951171875,200.39999389648438,195.74000549316406,196.5399932861328,185338400
2026-04-16,197.8976593017578,198.35000610351562,199.85000610351562,195.80999755859375,197.42999267578125,134012900
2026-04-17,201.2200469970703,201.67999267578125,201.6999969482422,199.27000427246094,199.89999389648438,160324400
2026-04-20,201.59918212890625,202.05999755859375,202.1699981689453,197.83999633789062,199.97999572753906,119381400
2026-04-21,199.42417907714844,199.8800048828125,202.75,199.0,202.1300048828125,107945300
2026-04-22,202.03819274902344,202.5,202.5,199.0,200.99000549316406,107501000
2026-04-23,199.18470764160156,199.63999938964844,203.8300018310547,197.22000122070312,202.4600067138672,113561800
2026-04-24,207.79502868652344,208.27000427246094,210.9499969482422,199.80999755859375,199.9600067138672,214134400
2026-04-27,216.1160125732422,216.61000061035156,216.8300018310547,207.3800048828125,209.64999389648438,187172400
2026-04-28,212.68385314941406,213.1699981689453,214.72999572753906,208.1999969482422,209.49000549316406,180275400
2026-04-29,208.77279663085938,209.25,212.72000122070312,207.5800018310547,212.6999969482422,123711800
2026-04-30,199.11488342285156,199.57000732421875,210.3000030517578,198.6999969482422,209.92999267578125,225239200
2026-05-01,197.99742126464844,198.4499969482422,203.0,197.1199951171875,201.27999877929688,128647000
2026-05-04,198.02734375,198.47999572753906,201.72999572753906,194.74000549316406,199.5,125368100
2026-05-05,196.05186462402344,196.5,200.24000549316406,196.02999877929688,199.3000030517578,113406600
2026-05-06,207.3560333251953,207.8300018310547,208.27000427246094,198.61000061035156,199.88999938964844,188362800
2026-05-07,211.01766967773438,211.5,214.1999969482422,206.5,208.33999633789062,168307900
2026-05-08,214.709228515625,215.1999969482422,217.8000030517578,212.88999938964844,213.02999877929688,136421400
2026-05-11,218.93955993652344,219.44000244140625,222.3000030517578,213.88999938964844,214.0399932861328,160685800
2026-05-12,220.27650451660156,220.77999877929688,223.75,214.9199981689453,218.5500030517578,159176600
2026-05-13,225.3149871826172,225.8300018310547,227.83999633789062,221.57000732421875,224.92999267578125,150405400
2026-05-14,235.202392578125,235.74000549316406,236.5399932861328,229.3000030517578,229.85000610351562,180782900
2026-05-15,224.80616760253906,225.32000732421875,231.5,224.24000549316406,229.75999450683594,180977600
2026-05-18,221.81300354003906,222.32000732421875,230.0,218.3699951171875,229.8699951171875,146280900
2026-05-19,220.1068878173828,220.61000061035156,224.47999572753906,217.91000366210938,219.6199951171875,140948200
2026-05-20,222.9603729248047,223.47000122070312,226.1300048828125,220.5,223.17999267578125,184201600
2026-05-21,219.0093994140625,219.50999450683594,227.39999389648438,217.92999267578125,222.2899932861328,203381800
2026-05-22,214.83892822265625,215.3300018310547,221.00999450683594,214.8000030517578,220.89999389648438,169275700
2026-05-26,214.37001037597656,214.86000061035156,218.17999267578125,212.0,216.5399932861328,187202600
2026-05-27,212.1151580810547,212.60000610351562,214.14999389648438,208.77999877929688,214.1199951171875,167601200
2026-05-28,213.76138305664062,214.25,215.52000427246094,211.22000122070312,211.27999877929688,143996000
2026-05-29,210.6584930419922,211.13999938964844,217.86000061035156,211.1300048828125,214.5800018310547,289410600
2026-06-01,223.8483428955078,224.36000061035156,224.8699951171875,215.6999969482422,215.72999572753906,212850700
2026-06-02,222.3118438720703,222.82000732421875,232.27999877929688,221.35000610351562,227.17999267578125,193362900
2026-06-03,214.26025390625,214.75,222.82000732421875,214.50999450683594,221.72000122070312,160907000
2026-06-04,218.4156036376953,218.66000366210938,221.60000610351562,210.97000122070312,213.91000366210938,169022200
2026-06-05,204.87075805664062,205.10000610351562,214.8699951171875,204.3300018310547,214.52999877929688,219655500
2026-06-08,208.40679931640625,208.63999938964844,210.47000122070312,206.0,210.17999267578125,138372800
2026-06-09,207.95730590820312,208.19000244140625,211.39999389648438,199.33999633789062,210.6199951171875,180962500
2026-06-10,200.19598388671875,200.4199981689453,207.22000122070312,199.9199981689453,204.42999267578125,161746600
2026-06-11,204.64100646972656,204.8699951171875,205.66000366210938,199.5399932861328,201.49000549316406,158643200
2026-06-12,204.96066284179688,205.19000244140625,207.07000732421875,203.44000244140625,204.86000061035156,112001800
2026-06-15,212.21253967285156,212.4499969482422,212.7100067138672,208.33999633789062,208.9199981689453,149936700
2026-06-16,207.1781768798828,207.41000366210938,211.49000549316406,207.2899932861328,211.17999267578125,125694100
2026-06-17,204.42124938964844,204.64999389648438,209.2100067138672,203.0800018310547,208.52999877929688,128363500
2026-06-18,210.4545135498047,210.69000244140625,211.38999938964844,206.5,207.3300018310547,241272000
2026-06-22,208.41677856445312,208.64999389648438,213.99000549316406,207.72000122070312,211.44000244140625,122041400
2026-06-23,199.81640625,200.0399932861328,203.77000427246094,200.0,202.1699981689453,153496200
2026-06-24,198.77757263183594,199.0,201.6699981689453,196.5800018310547,200.1199951171875,151810700
2026-06-25,195.52122497558594,195.74000549316406,200.8000030517578,192.1300048828125,200.0800018310547,149550000
2026-06-26,192.31480407714844,192.52999877929688,195.5500030517578,191.22000122070312,193.1199951171875,179304100
2026-06-29,194.7520751953125,194.97000122070312,196.17999267578125,189.8000030517578,193.85000610351562,148835700
2026-06-30,199.86634826660156,200.08999633789062,200.6300048828125,195.11000061035156,197.24000549316406,166476700
2026-07-01,197.35916137695312,197.5800018310547,199.85000610351562,193.4499969482422,196.1999969482422,146147600
2026-07-02,194.61224365234375,194.8300018310547,200.05999755859375,192.35000610351562,197.13999938964844,142068700
2026-07-06,195.33143615722656,195.5500030517578,197.5500030517578,193.99000549316406,194.4199981689453,108999000
2026-07-07,196.7098846435547,196.92999267578125,198.41000366210938,191.13999938964844,192.3699951171875,124154600
2026-07-08,203.891845703125,204.1199951171875,205.16000366210938,195.05999755859375,195.17999267578125,147419100
2026-07-09,202.5533447265625,202.77999877929688,204.58999633789062,198.9600067138672,204.4600067138672,132037400
2026-07-10,210.72421264648438,210.9600067138672,211.0,201.9199981689453,202.0,148421000
2026-07-13,203.30250549316406,203.52999877929688,210.57000732421875,203.0,208.5399932861328,121411000
2026-07-14,211.5632781982422,211.8000030517578,212.5500030517578,203.8000030517578,208.1999969482422,124379600
2026-07-15,212.26248168945312,212.5,213.80999755859375,206.0399932861328,211.9600067138672,124797200
2026-07-16,207.16818237304688,207.39999389648438,211.0800018310547,205.85000610351562,210.1699981689453,122986100
2026-07-17,202.58331298828125,202.80999755859375,206.64999389648438,197.97000122070312,202.63999938964844,144281900
2026-07-20,203.05279541015625,203.27999877929688,207.74000549316406,202.27999877929688,205.8699951171875,88701500
2026-07-21,207.0583038330078,207.2899932861328,208.64999389648438,204.00999450683594,207.5399932861328,108685600
2026-07-22,211.82298278808594,212.05999755859375,214.38999938964844,204.9499969482422,205.80999755859375,137645600
2026-07-23,208.5266571044922,208.75999450683594,210.8699951171875,205.9600067138672,209.4600067138672,110505300
2026-07-24,206.6088104248047,206.83999633789062,211.91000366210938,204.80999755859375,207.4499969482422,114836800
2026-07-27,196.2903594970703,196.50999450683594,208.75,195.44000244140625,208.1999969482422,154353700
2026-07-28,196.789794921875,197.00999450683594,198.6999969482422,192.74000549316406,195.0,134111500
2026-07-29,189.79762268066406,190.00999450683594,197.07000732421875,190.00999450683594,195.85000610351562,147680800
2026-07-30,194.82199096679688,195.0399932861328,197.25,191.52000427246094,193.4499969482422,129010200
2026-07-31,200.52561950683594,200.75,202.0,194.9499969482422,198.44000244140625,139961200
2026-08-03,206.40904235839844,206.63999938964844,208.74000549316406,196.85000610351562,197.69000244140625,128406900
2026-08-04,211.70310974121094,211.94000244140625,213.05999755859375,209.0500030517578,211.3000030517578,134922000
2026-08-05,218.9749755859375,219.22000122070312,222.22000122070312,216.39999389648438,216.86000061035156,158187400
2026-08-06,218.7452392578125,218.99000549316406,223.6300048828125,217.0,221.52999877929688,113940600
2026-08-07,223.70968627929688,223.9600067138672,224.75999450683594,220.66000366210938,221.5399932861328,105669400
2026-08-10,217.3068389892578,217.5500030517578,224.13999938964844,216.77000427246094,223.39999389648438,115846600
2026-08-11,217.25689697265625,217.5,222.1999969482422,216.1999969482422,222.1699981689453,101273100
2026-08-12,223.8395233154297,224.08999633789062,225.10000610351562,220.1999969482422,221.0399932861328,108783600
2026-08-13,225.04818725585938,225.3000030517578,227.22999572753906,223.7100067138672,225.05999755859375,98867200
2026-08-14,224.90834045410156,225.16000366210938,227.49000549316406,224.5,226.77000427246094,75680900
2026-08-17,224.7584991455078,225.00999450683594,227.9199981689453,224.86000061035156,225.97999572753906,93678700
2026-08-18,219.49440002441406,219.74000549316406,221.63999938964844,218.69000244140625,220.4499969482422,103128200
2026-08-19,217.31683349609375,217.55999755859375,222.8699951171875,216.75999450683594,221.6699981689453,96797300
2026-08-20,216.60763549804688,216.85000610351562,219.86000061035156,215.66000366210938,218.36000061035156,92457000
2026-08-21,214.48001098632812,214.72000122070312,218.74000549316406,214.5,218.4199981689453,98869300
2026-08-24,208.24697875976562,208.47999572753906,215.58999633789062,207.25,215.52999877929688,135187300
2026-08-25,212.81187438964844,213.0500030517578,214.72999572753906,210.11000061035156,211.02999877929688,122309000
2026-08-26,209.4256591796875,209.66000366210938,213.60000610351562,209.22999572753906,212.63999938964844,179900000
2026-08-27,227.7251739501953,227.97999572753906,230.47000122070312,220.89999389648438,222.86000061035156,298909800
2026-08-28,217.3068389892578,217.5500030517578,229.25999450683594,216.80999755859375,227.36000061035156,195116400
2026-08-31,220.53323364257812,220.77999877929688,221.3000030517578,216.2100067138672,218.8699951171875,124702700
2026-09-01,217.1969757080078,217.44000244140625,220.41000366210938,215.10000610351562,216.75,109756200
2026-09-02,224.1591796875,224.41000366210938,227.9499969482422,218.47999572753906,218.7899932861328,157104700
2026-09-03,228.1946563720703,228.4499969482422,230.39999389648438,224.75,226.02000427246094,134681600
2026-09-04,230.10252380371094,230.36000061035156,234.75999450683594,229.6300048828125,231.08999633789062,135352400
2026-09-08,225.47769165039062,225.72999572753906,233.7100067138672,224.85000610351562,233.11000061035156,122965600
2026-09-09,223.4199981689453,223.6699981689453,226.17999267578125,223.4600067138672,225.27999877929688,82955500
2026-09-10,218.36000061035156,218.36000061035156,220.99000549316406,217.1999969482422,220.52999877929688,105768000
2026-09-11,218.2899932861328,218.2899932861328,222.0,218.14999389648438,221.24000549316406,89060100
2026-09-14,210.9600067138672,210.9600067138672,212.77000427246094,208.92999267578125,211.24000549316406,132267200
2026-09-15,212.1699981689453,212.1699981689453,213.94000244140625,211.16000366210938,213.3800048828125,88059700
2026-09-16,213.89999389648438,213.89999389648438,216.75999450683594,212.5,214.13999938964844,96563600
2026-09-17,219.33999633789062,219.33999633789062,219.91000366210938,217.14999389648438,218.3800048828125,94191300
2026-09-18,222.27000427246094,222.27000427246094,222.72999572753906,218.02999877929688,219.35000610351562,190287400
2026-09-21,227.3800048828125,227.3800048828125,228.5,221.55999755859375,222.94000244140625,109806100
2026-09-22,228.8699951171875,228.8699951171875,229.97999572753906,226.5,226.85000610351562,95746700
2026-09-23,225.50999450683594,225.50999450683594,228.9499969482422,224.02000427246094,228.02999877929688,89547300
2026-09-24,224.5800018310547,224.5800018310547,224.94000244140625,221.08999633789062,222.0800018310547,77469900
2026-09-25,225.07000732421875,225.07000732421875,226.94000244140625,223.1300048828125,225.1300048828125,89947700
2026-09-28,228.86000061035156,228.86000061035156,233.2100067138672,228.0399932861328,229.75,142344300
2026-09-29,227.2100067138672,227.2100067138672,232.82000732421875,227.02999877929688,230.97000122070312,101494900
2026-09-30,228.3800048828125,228.3800048828125,232.3699951171875,228.1699981689453,229.27000427246094,121732200
2026-10-01,230.86000061035156,230.86000061035156,232.2899932861328,228.16000366210938,229.97999572753906,98591400
2026-10-02,233.9499969482422,233.9499969482422,237.8800048828125,233.60000610351562,236.05999755859375,135167800
2026-10-05,238.89999389648438,238.89999389648438,240.10000610351562,235.14999389648438,236.08999633789062,127171500
2026-10-06,239.24000549316406,239.24000549316406,243.3699951171875,238.92999267578125,242.10000610351562,101701900
2026-10-07,237.47000122070312,237.47000122070312,239.0800018310547,236.3800048828125,237.69000244140625,81485100
